{"type": "FeatureCollection", "features": [{"type": "Feature", "geometry": {"type": "Polygon", "coordinates": [[[2.224122, 48.854199], [2.2241686, 48.853442], [2.2395581, 48.8500379], [2.2424666, 48.847731], [2.2506759, 48.8456268], [2.2525351, 48.8455694], [2.2512224, 48.8428631], [2.2516489, 48.8389058], [2.2551536, 48.834805], [2.26296, 48.8338989], [2.2679483, 48.8345762], [2.2700296, 48.8330081], [2.2672998, 48.8315589], [2.2676048, 48.8279672], [2.2678061, 48.8278499], [2.2727442, 48.8279332], [2.2757908, 48.8297038], [2.2790539, 48.8324454], [2.2833629, 48.8308617], [2.2922207, 48.8271379], [2.3323719, 48.818207], [2.3317414, 48.8170263], [2.3416672, 48.8163437], [2.3444967, 48.8155755], [2.3444323, 48.8161064], [2.3469205, 48.8158654], [2.3523989, 48.8185339], [2.3559173, 48.8159723], [2.3634078, 48.8160593], [2.3807452, 48.8216877], [2.3815135, 48.8224129], [2.3888124, 48.825006], [2.3943522, 48.8275128], [2.3957464, 48.8277321], [2.4024879, 48.8296469], [2.4045837, 48.828725], [2.4087713, 48.8258283], [2.4108039, 48.8250515], [2.4126166, 48.8248159], [2.416708, 48.824794], [2.4202284, 48.8241207], [2.4259572, 48.824229], [2.4297508, 48.8235653], [2.4306911, 48.8232341], [2.4303863, 48.8228801], [2.4321897, 48.8216184], [2.432624, 48.8219016], [2.4328895, 48.8216904], [2.4324743, 48.82142], [2.4343025, 48.8201561], [2.43418, 48.8192814], [2.4351649, 48.8196495], [2.4369678, 48.8193634], [2.4374703, 48.8191048], [2.4373499, 48.8182191], [2.4397507, 48.8183664], [2.4421595, 48.8179762], [2.4496376, 48.8179621], [2.4545494, 48.817137], [2.4586327, 48.8170123], [2.4628033, 48.8190282], [2.4625235, 48.8192671], [2.4647171, 48.8232776], [2.4652474, 48.8244958], [2.4651007, 48.8249857], [2.465359, 48.8250035], [2.4661776, 48.8273334], [2.4652296, 48.8276698], [2.4646098, 48.8276268], [2.4646418, 48.8293648], [2.4652296, 48.8311514], [2.4664275, 48.8325223], [2.4689375, 48.8339906], [2.4697035, 48.8355556], [2.4697575, 48.8364455], [2.4695047, 48.8368914], [2.4663776, 48.840114], [2.4645546, 48.8415233], [2.4627326, 48.8423677], [2.4580645, 48.8434559], [2.4464103, 48.8449317], [2.4465262, 48.8457499], [2.4407662, 48.8459165], [2.4406948, 48.8452082], [2.4408738, 48.8452101], [2.4405117, 48.8443462], [2.4379406, 48.8445688], [2.4371919, 48.8408914], [2.4336793, 48.8411933], [2.4336379, 48.8409864], [2.4247605, 48.8417696], [2.4221064, 48.844498], [2.4199823, 48.8434672], [2.4194237, 48.8424867], [2.4195701, 48.8415358], [2.4208564, 48.8396534], [2.4216385, 48.8368104], [2.4221777, 48.8358143], [2.4188688, 48.8345183], [2.4161107, 48.833761], [2.4139056, 48.8335711], [2.4112276, 48.8338666], [2.4122756, 48.8345479], [2.413513, 48.8378838], [2.4156926, 48.845106], [2.4164374, 48.8487895], [2.4138599, 48.8640706], [2.4140042, 48.8689246], [2.4136461, 48.8724055], [2.4125003, 48.8763788], [2.409293, 48.8802781], [2.4071395, 48.8805138], [2.4037173, 48.8814851], [2.4014693, 48.8826113], [2.4000919, 48.8838165], [2.3992165, 48.8854211], [2.3991897, 48.8882343], [2.3977623, 48.8945923], [2.3955274, 48.8982617], [2.3906903, 48.900981], [2.3844292, 48.902156], [2.3203576, 48.9007571], [2.3185323, 48.8996333], [2.3123424, 48.8977601], [2.3075545, 48.8959598], [2.295047, 48.8898693], [2.2915043, 48.8894592], [2.2856609, 48.8865707], [2.2809934, 48.8829464], [2.2799643, 48.8787025], [2.2774903, 48.8779625], [2.2588875, 48.8802807], [2.2584073, 48.8800973], [2.2554112, 48.8742636], [2.2548149, 48.8740806], [2.2456228, 48.8763642], [2.2433602, 48.8741266], [2.2404626, 48.8718878], [2.2320761, 48.8695071], [2.2282436, 48.8651445], [2.2272919, 48.8625733], [2.225001, 48.85798], [2.224122, 48.854199]]]}, "properties": {"kind": "city", "name": "Paris"}}, {"type": "Feature", "geometry": {"type": "Polygon", "coordinates": [[[2.2241686, 48.853442], [2.224257, 48.855241], [2.225001, 48.85798], [2.2272919, 48.8625733], [2.2282436, 48.8651445], [2.2320761, 48.8695071], [2.2404626, 48.8718878], [2.2433602, 48.8741266], [2.2456228, 48.8763642], [2.2548149, 48.8740806], [2.2554112, 48.8742636], [2.2584073, 48.8800973], [2.2588875, 48.8802807], [2.2774903, 48.8779625], [2.2798011, 48.8786534], [2.2950398, 48.8737794], [2.2975047, 48.8709454], [2.2989165, 48.8685303], [2.2998989, 48.8653261], [2.3015172, 48.8645256], [2.301591, 48.8634737], [2.297978, 48.8629968], [2.2941941, 48.861522], [2.2891325, 48.8576672], [2.2881047, 48.8561213], [2.2788464, 48.8495391], [2.2757154, 48.8469628], [2.26296, 48.8338989], [2.2551536, 48.834805], [2.2516489, 48.8389058], [2.2512224, 48.8428631], [2.2525351, 48.8455694], [2.2506759, 48.8456268], [2.2424666, 48.847731], [2.2401177, 48.8497483], [2.2393245, 48.850107], [2.2241686, 48.853442]]]}, "properties": {"kind": "arrondissement", "name": "Paris 16e Arrondissement", "number": 16}}, {"type": "Feature", "geometry": {"type": "Polygon", "coordinates": [[[2.2798011, 48.8786534], [2.2799643, 48.8787025], [2.2809934, 48.8829464], [2.2856609, 48.8865707], [2.2915043, 48.8894592], [2.295047, 48.8898693], [2.3075545, 48.8959598], [2.3123424, 48.8977601], [2.3185323, 48.8996333], [2.3203576, 48.9007571], [2.3301825, 48.9010281], [2.3255905, 48.8874982], [2.3274282, 48.8835221], [2.3166579, 48.8813321], [2.3086047, 48.8803216], [2.2981575, 48.8780799], [2.2950398, 48.8737794], [2.2798011, 48.8786534]]]}, "properties": {"kind": "arrondissement", "name": "Paris 17e Arrondissement", "number": 17}}, {"type": "Feature", "geometry": {"type": "Polygon", "coordinates": [[[2.26296, 48.8338989], [2.2757154, 48.8469628], [2.2788464, 48.8495391], [2.2881047, 48.8561213], [2.2889428, 48.8574623], [2.2898239, 48.8582294], [2.3073513, 48.8471477], [2.3105263, 48.8479868], [2.3137235, 48.8459345], [2.3165728, 48.8468244], [2.3193293, 48.8454365], [2.3246896, 48.8436039], [2.3214904, 48.8410092], [2.3218365, 48.8401677], [2.321391, 48.83979], [2.3199478, 48.8405205], [2.3013179, 48.8251252], [2.2922207, 48.8271379], [2.2833629, 48.8308617], [2.2790539, 48.8324454], [2.2757908, 48.8297038], [2.2727442, 48.8279332], [2.2678061, 48.8278499], [2.2676048, 48.8279672], [2.2672998, 48.8315589], [2.2700296, 48.8330081], [2.2679483, 48.8345762], [2.26296, 48.8338989]]]}, "properties": {"kind": "arrondissement", "name": "Paris 15e Arrondissement", "number": 15}}, {"type": "Feature", "geometry": {"type": "Polygon", "coordinates": [[[2.2898239, 48.8582294], [2.2941941, 48.861522], [2.2963437, 48.8624958], [2.2989348, 48.8632107], [2.301591, 48.8634737], [2.318543, 48.8637782], [2.3298154, 48.8601611], [2.3329086, 48.8593502], [2.3324244, 48.8585113], [2.333288, 48.8582442], [2.3312157, 48.8557209], [2.3293603, 48.8526521], [2.3286248, 48.8518682], [2.3272655, 48.851641], [2.319092, 48.8477267], [2.3137235, 48.8459345], [2.3105263, 48.8479868], [2.3073513, 48.8471477], [2.2898239, 48.8582294]]]}, "properties": {"kind": "arrondissement", "name": "Paris 7e Arrondissement", "number": 7}}, {"type": "Feature", "geometry": {"type": "Polygon", "coordinates": [[[2.3013179, 48.8251252], [2.3199478, 48.8405205], [2.321391, 48.83979], [2.3218365, 48.8401677], [2.3214904, 48.8410092], [2.3246896, 48.8436039], [2.3367235, 48.8396568], [2.3420718, 48.8383635], [2.3411425, 48.8324916], [2.3416368, 48.8278033], [2.341692, 48.8260269], [2.3414359, 48.8236684], [2.341726, 48.8226959], [2.3426814, 48.8211928], [2.343877, 48.8203617], [2.3446265, 48.8195489], [2.3440905, 48.8175504], [2.343974, 48.8157662], [2.3416672, 48.8163437], [2.3317414, 48.8170263], [2.3323719, 48.818207], [2.3013179, 48.8251252]]]}, "properties": {"kind": "arrondissement", "name": "Paris 14e Arrondissement", "number": 14}}, {"type": "Feature", "geometry": {"type": "Polygon", "coordinates": [[[2.3644295, 48.8461402], [2.3665036, 48.8473711], [2.3691373, 48.8531618], [2.3697185, 48.8533012], [2.3702839, 48.8532818], [2.3717576, 48.8524739], [2.3731995, 48.8520371], [2.3789208, 48.8506093], [2.384171, 48.850152], [2.3959109, 48.8483861], [2.4159926, 48.8466141], [2.413513, 48.8378838], [2.4124881, 48.8351162], [2.4122756, 48.8345479], [2.4112276, 48.8338666], [2.4139056, 48.8335711], [2.4171163, 48.8339854], [2.4221777, 48.8358143], [2.4216385, 48.8368104], [2.4208564, 48.8396534], [2.4195701, 48.8415358], [2.4194237, 48.8424867], [2.4199823, 48.8434672], [2.4221064, 48.844498], [2.4247605, 48.8417696], [2.4336379, 48.8409864], [2.4336793, 48.8411933], [2.4371919, 48.8408914], [2.4379406, 48.8445688], [2.4405117, 48.8443462], [2.4408738, 48.8452101], [2.4406948, 48.8452082], [2.4407662, 48.8459165], [2.4465262, 48.8457499], [2.4464103, 48.8449317], [2.4580645, 48.8434559], [2.4617397, 48.8426945], [2.4638398, 48.841913], [2.4659365, 48.8405091], [2.469417, 48.8370044], [2.4697575, 48.8364455], [2.4697035, 48.8355556], [2.4689375, 48.8339906], [2.4664275, 48.8325223], [2.4652296, 48.8311514], [2.4646418, 48.8293648], [2.4646098, 48.8276268], [2.4652296, 48.8276698], [2.4661776, 48.8273334], [2.465359, 48.8250035], [2.4651007, 48.8249857], [2.4652474, 48.8244958], [2.4647171, 48.8232776], [2.4625235, 48.8192671], [2.4628033, 48.8190282], [2.4586327, 48.8170123], [2.4545494, 48.817137], [2.4496376, 48.8179621], [2.4421595, 48.8179762], [2.4397507, 48.8183664], [2.4373499, 48.8182191], [2.4374703, 48.8191048], [2.4369678, 48.8193634], [2.4351649, 48.8196495], [2.43418, 48.8192814], [2.4343025, 48.8201561], [2.4324743, 48.82142], [2.4328895, 48.8216904], [2.432624, 48.8219016], [2.4321897, 48.8216184], [2.4303863, 48.8228801], [2.4306911, 48.8232341], [2.4297508, 48.8235653], [2.4259572, 48.824229], [2.4202284, 48.8241207], [2.416708, 48.824794], [2.4126166, 48.8248159], [2.4108039, 48.8250515], [2.4087713, 48.8258283], [2.4045837, 48.828725], [2.4024879, 48.8296469], [2.3957464, 48.8277321], [2.3943522, 48.8275128], [2.3902559, 48.8257262], [2.3876315, 48.8275491], [2.3773363, 48.8357963], [2.3728942, 48.8398475], [2.3644295, 48.8461402]]]}, "properties": {"kind": "arrondissement", "name": "Paris 12e Arrondissement", "number": 12}}, {"type": "Feature", "geometry": {"type": "Polygon", "coordinates": [[[2.3165728, 48.8468244], [2.3196968, 48.8479902], [2.3272655, 48.851641], [2.3286248, 48.8518682], [2.3293603, 48.8526521], [2.3312157, 48.8557209], [2.333288, 48.8582442], [2.3324244, 48.8585113], [2.3329086, 48.8593502], [2.3374725, 48.8584003], [2.3376964, 48.8587001], [2.3399526, 48.858226], [2.3390034, 48.8575653], [2.3407331, 48.8566362], [2.3428419, 48.8548749], [2.3446193, 48.8540428], [2.3442926, 48.853791], [2.3426983, 48.8503513], [2.3373329, 48.8409799], [2.3367901, 48.8407021], [2.3367235, 48.8396568], [2.3202038, 48.8451133], [2.3165728, 48.8468244]]]}, "properties": {"kind": "arrondissement", "name": "Paris 6e Arrondissement", "number": 6}}, {"type": "Feature", "geometry": {"type": "Polygon", "coordinates": [[[2.3479102, 48.8706756], [2.3479115, 48.8740226], [2.3482123, 48.8757066], [2.3491191, 48.8774595], [2.3493379, 48.8792251], [2.3498597, 48.8806314], [2.3494912, 48.8837236], [2.359119, 48.8844235], [2.3647273, 48.884368], [2.3681102, 48.8841452], [2.3687369, 48.8839219], [2.3691785, 48.883251], [2.3701918, 48.8825918], [2.370278, 48.8779918], [2.3769705, 48.8720785], [2.3638178, 48.8675046], [2.363265, 48.8678433], [2.3563647, 48.8688385], [2.3479102, 48.8706756]]]}, "properties": {"kind": "arrondissement", "name": "Paris 10e Arrondissement", "number": 10}}, {"type": "Feature", "geometry": {"type": "Polygon", "coordinates": [[[2.3769705, 48.8720785], [2.3798108, 48.8728471], [2.3849376, 48.8737571], [2.3867572, 48.8745932], [2.3882723, 48.874712], [2.3899723, 48.8753683], [2.3920852, 48.8754712], [2.3952005, 48.8752443], [2.3989342, 48.8754807], [2.4025774, 48.8760093], [2.4108392, 48.878426], [2.4125003, 48.8763788], [2.4136461, 48.8724055], [2.4140042, 48.8689246], [2.4138599, 48.8640706], [2.4164374, 48.8487895], [2.4159926, 48.8466141], [2.399118, 48.8480978], [2.3992683, 48.8488571], [2.398433, 48.8513455], [2.3944695, 48.8565569], [2.3922729, 48.8576866], [2.389583, 48.8585322], [2.3872999, 48.8630846], [2.383458, 48.8664439], [2.3830805, 48.8671799], [2.3779767, 48.8710958], [2.3769705, 48.8720785]]]}, "properties": {"kind": "arrondissement", "name": "Paris 20e Arrondissement", "number": 20}}, {"type": "Feature", "geometry": {"type": "Polygon", "coordinates": [[[2.3411499, 48.8317895], [2.3420718, 48.8383635], [2.3470065, 48.8373203], [2.3518495, 48.836787], [2.3617986, 48.8399644], [2.3649446, 48.8442614], [2.3660287, 48.8449299], [2.3728942, 48.8398475], [2.3773363, 48.8357963], [2.3876315, 48.8275491], [2.3902559, 48.8257262], [2.3888124, 48.825006], [2.3815135, 48.8224129], [2.3807452, 48.8216877], [2.3634078, 48.8160593], [2.3559173, 48.8159723], [2.3523989, 48.8185339], [2.3469205, 48.8158654], [2.3444323, 48.8161064], [2.3444967, 48.8155755], [2.343974, 48.8157662], [2.3440905, 48.8175504], [2.3446265, 48.8195489], [2.343877, 48.8203617], [2.3426814, 48.8211928], [2.341726, 48.8226959], [2.3414359, 48.8236684], [2.341692, 48.8260269], [2.3416368, 48.8278033], [2.3411499, 48.8317895]]]}, "properties": {"kind": "arrondissement", "name": "Paris 13e Arrondissement", "number": 13}}, {"type": "Feature", "geometry": {"type": "Polygon", "coordinates": [[[2.3255905, 48.8874982], [2.3301825, 48.9010281], [2.3702923, 48.90186], [2.3703882, 48.8966334], [2.3717898, 48.895423], [2.3705195, 48.8946397], [2.3700445, 48.8940609], [2.3667219, 48.8866128], [2.3647273, 48.884368], [2.359119, 48.8844235], [2.3494912, 48.8837236], [2.3469464, 48.8834199], [2.3398156, 48.8820247], [2.3373029, 48.8823956], [2.3294434, 48.8845536], [2.3281428, 48.8837089], [2.3274282, 48.8835221], [2.3255905, 48.8874982]]]}, "properties": {"kind": "arrondissement", "name": "Paris 18e Arrondissement", "number": 18}}, {"type": "Feature", "geometry": {"type": "Polygon", "coordinates": [[[2.3638178, 48.8675046], [2.3769705, 48.8720785], [2.3779767, 48.8710958], [2.3830805, 48.8671799], [2.383458, 48.8664439], [2.3872999, 48.8630846], [2.389583, 48.8585322], [2.3922729, 48.8576866], [2.3944695, 48.8565569], [2.398433, 48.8513455], [2.3992683, 48.8488571], [2.399118, 48.8480978], [2.3959109, 48.8483861], [2.384171, 48.850152], [2.3789208, 48.8506093], [2.3720145, 48.8523841], [2.3702839, 48.8532818], [2.3691373, 48.8531618], [2.3667572, 48.8631062], [2.3648125, 48.8665296], [2.3638178, 48.8675046]]]}, "properties": {"kind": "arrondissement", "name": "Paris 11e Arrondissement", "number": 11}}, {"type": "Feature", "geometry": {"type": "Polygon", "coordinates": [[[2.3258699, 48.8695736], [2.3267544, 48.8731406], [2.3270795, 48.8736177], [2.3265745, 48.8755823], [2.3268459, 48.8756252], [2.3271851, 48.8834799], [2.3281428, 48.8837089], [2.3294434, 48.8845536], [2.3373029, 48.8823956], [2.3398156, 48.8820247], [2.3469464, 48.8834199], [2.3494912, 48.8837236], [2.3498597, 48.8806314], [2.3493379, 48.8792251], [2.3491191, 48.8774595], [2.3482123, 48.8757066], [2.3479115, 48.8740226], [2.3479102, 48.8706756], [2.3400527, 48.8719982], [2.3258699, 48.8695736]]]}, "properties": {"kind": "arrondissement", "name": "Paris 9e Arrondissement", "number": 9}}, {"type": "Feature", "geometry": {"type": "Polygon", "coordinates": [[[2.3279903, 48.8699258], [2.3400527, 48.8719982], [2.3480575, 48.8706528], [2.354263, 48.869314], [2.3509479, 48.8634066], [2.3304009, 48.8682774], [2.3279903, 48.8699258]]]}, "properties": {"kind": "arrondissement", "name": "Paris 2e Arrondissement", "number": 2}}, {"type": "Feature", "geometry": {"type": "Polygon", "coordinates": [[[2.3647273, 48.884368], [2.3667219, 48.8866128], [2.3700445, 48.8940609], [2.3705195, 48.8946397], [2.3717898, 48.895423], [2.3703882, 48.8966334], [2.3702923, 48.90186], [2.3844292, 48.902156], [2.3906903, 48.900981], [2.3955274, 48.8982617], [2.3977623, 48.8945923], [2.3991897, 48.8882343], [2.3992165, 48.8854211], [2.4000919, 48.8838165], [2.4014693, 48.8826113], [2.4037173, 48.8814851], [2.4071395, 48.8805138], [2.409293, 48.8802781], [2.4108392, 48.878426], [2.4025774, 48.8760093], [2.3989342, 48.8754807], [2.3952005, 48.8752443], [2.3920852, 48.8754712], [2.3899723, 48.8753683], [2.3882723, 48.874712], [2.3867572, 48.8745932], [2.3849376, 48.8737571], [2.3798108, 48.8728471], [2.3769705, 48.8720785], [2.370278, 48.8779918], [2.3702253, 48.8824197], [2.370048, 48.8828126], [2.3692523, 48.8831916], [2.3687881, 48.8838844], [2.3683338, 48.8840999], [2.3647273, 48.884368]]]}, "properties": {"kind": "arrondissement", "name": "Paris 19e Arrondissement", "number": 19}}, {"type": "Feature", "geometry": {"type": "Polygon", "coordinates": [[[2.3446193, 48.8540428], [2.3459066, 48.8553221], [2.3469886, 48.8570109], [2.3475606, 48.8573561], [2.3501363, 48.8619907], [2.3533369, 48.861274], [2.3567395, 48.8601355], [2.3592855, 48.8583761], [2.3618206, 48.8572282], [2.3644809, 48.8564037], [2.368498, 48.8557754], [2.3691373, 48.8531618], [2.3665036, 48.8473711], [2.3644295, 48.8461402], [2.3624885, 48.8476243], [2.3592303, 48.8494559], [2.3537055, 48.8512214], [2.3500573, 48.8519947], [2.3446193, 48.8540428]]]}, "properties": {"kind": "arrondissement", "name": "Paris 4e Arrondissement", "number": 4}}, {"type": "Feature", "geometry": {"type": "Polygon", "coordinates": [[[2.3209018, 48.8630569], [2.3253406, 48.8689559], [2.3251652, 48.8694567], [2.3279903, 48.8699258], [2.3304009, 48.8682774], [2.3509479, 48.8634066], [2.3475606, 48.8573561], [2.3469886, 48.8570109], [2.3459066, 48.8553221], [2.3446193, 48.8540428], [2.3428419, 48.8548749], [2.3407331, 48.8566362], [2.3390034, 48.8575653], [2.3399526, 48.858226], [2.3376964, 48.8587001], [2.3374725, 48.8584003], [2.3326977, 48.8593987], [2.3209018, 48.8630569]]]}, "properties": {"kind": "arrondissement", "name": "Paris 1er Arrondissement", "number": 1}}, {"type": "Feature", "geometry": {"type": "Polygon", "coordinates": [[[2.3501363, 48.8619907], [2.354263, 48.869314], [2.363265, 48.8678433], [2.3642476, 48.8672545], [2.3648125, 48.8665296], [2.3667572, 48.8631062], [2.368498, 48.8557754], [2.3644809, 48.8564037], [2.3618206, 48.8572282], [2.3592855, 48.8583761], [2.3567395, 48.8601355], [2.3533369, 48.861274], [2.3501363, 48.8619907]]]}, "properties": {"kind": "arrondissement", "name": "Paris 3e Arrondissement", "number": 3}}, {"type": "Feature", "geometry": {"type": "Polygon", "coordinates": [[[2.2950398, 48.8737794], [2.2981575, 48.8780799], [2.3086047, 48.8803216], [2.3166579, 48.8813321], [2.3271851, 48.8834799], [2.3268459, 48.8756252], [2.3265745, 48.8755823], [2.3270795, 48.8736177], [2.3267544, 48.8731406], [2.3258699, 48.8695736], [2.3251652, 48.8694567], [2.3253406, 48.8689559], [2.3209018, 48.8630569], [2.318543, 48.8637782], [2.301591, 48.8634737], [2.3015172, 48.8645256], [2.2998989, 48.8653261], [2.2989165, 48.8685303], [2.2975047, 48.8709454], [2.2950398, 48.8737794]]]}, "properties": {"kind": "arrondissement", "name": "Paris 8e Arrondissement", "number": 8}}, {"type": "Feature", "geometry": {"type": "Polygon", "coordinates": [[[2.3367235, 48.8396568], [2.3367901, 48.8407021], [2.3373329, 48.8409799], [2.3426983, 48.8503513], [2.3442926, 48.853791], [2.3446193, 48.8540428], [2.3500573, 48.8519947], [2.3537055, 48.8512214], [2.3592303, 48.8494559], [2.3624885, 48.8476243], [2.3660287, 48.8449299], [2.3649446, 48.8442614], [2.3617986, 48.8399644], [2.3518495, 48.836787], [2.3470065, 48.8373203], [2.3367235, 48.8396568]]]}, "properties": {"kind": "arrondissement", "name": "Paris 5e Arrondissement", "number": 5}}, {"type": "Feature", "geometry": {"type": "MultiLineString", "coordinates": [[[2.2228611, 48.838758], [2.22546, 48.847064], [2.225437, 48.849482], [2.2243349, 48.8529531], [2.2241497, 48.8549639], [2.224877, 48.857605], [2.2271885, 48.8623692], [2.2282705, 48.8651786], [2.2304637, 48.867857], [2.2327335, 48.8692462]], [[2.2327335, 48.8692462], [2.2342625, 48.8700605], [2.2396204, 48.8716963], [2.2410205, 48.8723808], [2.2428467, 48.8736705], [2.2478925, 48.8785389], [2.2515939, 48.8816504], [2.2544478, 48.884917], [2.2568346, 48.8882343]], [[2.2327335, 48.8692462], [2.2357699, 48.8727715], [2.2432511, 48.8778527], [2.2527784, 48.885783], [2.2544998, 48.8877883], [2.2568526, 48.8892414]], [[2.2609303, 48.8319847], [2.2602265, 48.8299851], [2.2597371, 48.8274437], [2.257543, 48.8255543], [2.2548233, 48.8239756], [2.2511755, 48.8224428], [2.2468517, 48.821136], [2.2442983, 48.820592], [2.2401999, 48.8204861], [2.2382043, 48.8208817], [2.236849, 48.8214292]], [[2.2609303, 48.8319847], [2.2521384, 48.8259939], [2.2501221, 48.824957], [2.2455044, 48.8234426], [2.2423802, 48.8226966]], [[2.2568346, 48.8882343], [2.2605576, 48.8905717], [2.2631703, 48.8916893], [2.269672, 48.8950469], [2.2727082, 48.8971277], [2.2782322, 48.8994235], [2.2806533, 48.9009284], [2.2751153, 48.899719], [2.268663, 48.89748], [2.2652418, 48.8959724], [2.2633586, 48.8949482], [2.2568526, 48.8892414]], [[2.2568346, 48.8882343], [2.2568526, 48.8892414]], [[2.2773364, 48.8483379], [2.2762135, 48.8475807], [2.2609303, 48.8319847]], [[2.2887373, 48.857206], [2.2883424, 48.8554663], [2.279738, 48.8495397], [2.2773364, 48.8483379]], [[2.2887373, 48.857206], [2.2796444, 48.8506161], [2.2781306, 48.8493335], [2.2773364, 48.8483379]], [[2.3240250618583587, 48.86210085590183], [2.3189937, 48.8635425], [2.3172781, 48.8637609], [2.3104059, 48.86375], [2.2994962, 48.8633434], [2.296866, 48.8626599], [2.2943487, 48.8615816], [2.2917578, 48.8600092], [2.2887373, 48.857206]], [[2.3209018, 48.8630569], [2.3240250618583587, 48.86210085590183]], [[2.3239841, 48.8618003], [2.3254411, 48.8613514]], [[2.3240250618583587, 48.86210085590183], [2.3251605422164574, 48.861753338384716]], [[2.3251605422164574, 48.861753338384716], [2.3247816, 48.8618826], [2.3240250618583587, 48.86210085590183]], [[2.3384698, 48.858236], [2.3299158, 48.8601124], [2.3302174, 48.8599488], [2.3251605422164574, 48.861753338384716]], [[2.3251605422164574, 48.861753338384716], [2.3261078, 48.8614751]], [[2.353857, 48.8511856], [2.350401, 48.8519243], [2.34403, 48.854294], [2.3428378, 48.8549503], [2.3408404, 48.8565711], [2.3385886, 48.8578267], [2.3384698, 48.858236]], [[2.3522295, 48.8546776], [2.3505914, 48.8554575], [2.3468041, 48.8567282], [2.3400898, 48.8581273], [2.3384698, 48.858236]], [[2.353857, 48.8511856], [2.3531932, 48.8517549], [2.3522295, 48.8546776]], [[2.3614016, 48.84847], [2.3609463, 48.8493101], [2.3602748, 48.8515891], [2.3522295, 48.8546776]], [[2.3614016, 48.84847], [2.353857, 48.8511856]], [[2.4093608, 48.8166335], [2.3990779, 48.820334], [2.3963742, 48.8215491], [2.3909926, 48.8251148], [2.3876423, 48.8275402], [2.3775206, 48.8358335], [2.3729029, 48.8400253], [2.3614016, 48.84847]], [[2.4089823, 48.8093613], [2.4102418, 48.8139333], [2.4101291, 48.8157023], [2.4093608, 48.8166335]], [[2.4699247, 48.8000878], [2.4684198, 48.8039552], [2.4676641, 48.8047382], [2.4627898, 48.808064], [2.4578058, 48.8105163], [2.4568295, 48.8111946], [2.4544691, 48.8134978], [2.45139, 48.8155961], [2.4452359, 48.8161314], [2.4414386, 48.8161491], [2.4381101, 48.8167797], [2.4359201, 48.8166739], [2.4333484, 48.8160565], [2.4273745, 48.8163343], [2.4229098, 48.8162444], [2.4197736, 48.8169015], [2.4149558, 48.8162349], [2.4093608, 48.8166335]], [[2.4910715, 48.831183], [2.4882777, 48.8310454], [2.4848445, 48.8315144], [2.4831451, 48.8315257], [2.475858, 48.8305934], [2.4729292, 48.8297969], [2.4716867, 48.8291922], [2.4706996, 48.8285424], [2.4690259, 48.8269603], [2.468365, 48.8259318]], [[2.468365, 48.8259318], [2.4673093, 48.8243496], [2.4669059, 48.8232647], [2.46785, 48.8199418], [2.4684165, 48.8192354], [2.4691676, 48.8188246]], [[2.468365, 48.8259318], [2.4687083, 48.8236263], [2.4693091, 48.8218067], [2.4691676, 48.8188246]], [[2.4691676, 48.8188246], [2.4706309, 48.8180203], [2.4729827, 48.8162909], [2.4751187, 48.8152252]]]}, "properties": {"kind": "river", "name": "La Seine"}}, {"type": "Feature", "geometry": {"type": "MultiPolygon", "coordinates": [[[[2.2571159, 48.83777], [2.2570061, 48.8377672], [2.2569321, 48.837841], [2.2571222, 48.8379001], [2.2571159, 48.83777]], [[2.2570623, 48.8378116], [2.2570662, 48.8378447], [2.2570352, 48.8378238], [2.2570623, 48.8378116]]], [[[2.2569058, 48.8381185], [2.2570255, 48.8380355], [2.256836, 48.8379755], [2.2568011, 48.8380723], [2.2569058, 48.8381185]], [[2.2569069, 48.8380323], [2.2569108, 48.8380653], [2.2568798, 48.8380445], [2.2569069, 48.8380323]]], [[[2.2577796, 48.8483532], [2.2576651, 48.8482811], [2.2576216, 48.8483557], [2.2577796, 48.8483532]]], [[[2.2568342, 48.8503148], [2.2568349, 48.850141], [2.2567164, 48.850189], [2.2568342, 48.8503148]]], [[[2.2575124, 48.8519761], [2.2567433, 48.8519766], [2.2563362, 48.8518623], [2.2567252, 48.8520057], [2.2575124, 48.8519761]]], [[[2.2563767, 48.8521619], [2.2560806, 48.8522823], [2.2564054, 48.8521948], [2.2563767, 48.8521619]]], [[[2.2582228, 48.8537576], [2.2585273, 48.8528875], [2.2582108, 48.8525928], [2.2579305, 48.8535423], [2.2582228, 48.8537576]]], [[[2.2429168, 48.8537871], [2.2425517, 48.8538129], [2.2433399, 48.8538469], [2.2429168, 48.8537871]]], [[[2.2589243, 48.853991], [2.2590517, 48.8537218], [2.2585622, 48.8539266], [2.2586212, 48.853961], [2.2589243, 48.853991]]], [[[2.2446224, 48.853871], [2.2443022, 48.8538465], [2.2437195, 48.8539014], [2.2446224, 48.853871]]], [[[2.2592327, 48.8541145], [2.2592569, 48.8538304], [2.2590584, 48.8540183], [2.2592327, 48.8541145]]], [[[2.2451659, 48.8541699], [2.2457321, 48.8542103], [2.2461227, 48.8543144], [2.2458458, 48.8542063], [2.2451286, 48.8541403], [2.2448799, 48.8539615], [2.2447461, 48.853908], [2.244678, 48.8539001], [2.2451659, 48.8541699]]], [[[2.2304425, 48.8553399], [2.2308791, 48.8542089], [2.2303604, 48.853257], [2.2300052, 48.8535179], [2.229888, 48.8539751], [2.230119, 48.8554393], [2.2297585, 48.8565053], [2.2296885, 48.8574233], [2.2290134, 48.8579623], [2.2296948, 48.8575421], [2.2300109, 48.8558078], [2.2304425, 48.8553399]]], [[[2.2462475, 48.854355], [2.2475899, 48.8548703], [2.2482336, 48.8550455], [2.2484502, 48.855169], [2.2489022, 48.8552427], [2.2462475, 48.854355]]], [[[2.2583111, 48.8580151], [2.2571598, 48.8565227], [2.2574276, 48.8561529], [2.2564799, 48.8551826], [2.2565894, 48.8546166], [2.2563402, 48.8545139], [2.2558402, 48.8554938], [2.2565336, 48.8566296], [2.2564875, 48.8576512], [2.2579413, 48.8583019], [2.2583111, 48.8580151]], [[2.2579922, 48.8582096], [2.257848, 48.858237], [2.2578453, 48.8581664], [2.2579922, 48.8582096]]], [[[2.2496016, 48.8557306], [2.2498409, 48.8558339], [2.2500227, 48.8560192], [2.2505779, 48.8564648], [2.2512913, 48.856962], [2.2522757, 48.8574526], [2.2526338, 48.8575647], [2.2512967, 48.8569426], [2.2498483, 48.8558096], [2.2495764, 48.8556889], [2.2492656, 48.8553962], [2.2490789, 48.8553055], [2.2496016, 48.8557306]]], [[[2.2278824, 48.8570052], [2.227871, 48.857097], [2.227934, 48.857063], [2.2278824, 48.8570052]]], [[[2.2526948, 48.8575955], [2.2545365, 48.8579915], [2.2547745, 48.8579772], [2.2526948, 48.8575955]]], [[[2.2290827, 48.8598867], [2.2283178, 48.8582288], [2.2286318, 48.858032], [2.2281127, 48.8581682], [2.2279359, 48.858743], [2.2282992, 48.8597589], [2.2294958, 48.8614182], [2.2290195, 48.8605279], [2.2290827, 48.8598867]]], [[[2.2296044, 48.8616007], [2.2296982, 48.8620522], [2.2297903, 48.8620351], [2.2296044, 48.8616007]]], [[[2.2269336, 48.8467445], [2.2239697, 48.8395366], [2.2238885, 48.8371487], [2.2241755, 48.8362499], [2.2266569, 48.8331534], [2.2282258, 48.8290244], [2.229428, 48.8277272], [2.234283, 48.8251449], [2.2387598, 48.8232529], [2.2404273, 48.8231437], [2.2442537, 48.8236138], [2.2499871, 48.8254427], [2.2537618, 48.8280284], [2.2539205, 48.8279467], [2.255381, 48.8290193], [2.2553022, 48.8291958], [2.2583985, 48.8309611], [2.26085, 48.8329754], [2.2616456, 48.8340561], [2.2620167, 48.8340108], [2.266188, 48.8381092], [2.2661167, 48.8383723], [2.2766001, 48.8490463], [2.2879846, 48.8573663], [2.2937656, 48.8621145], [2.2952271, 48.8627561], [2.2989473, 48.8637537], [2.3013505, 48.8640546], [2.3186946, 48.8643638], [2.3314435, 48.8602322], [2.3425005, 48.8582368], [2.3509358, 48.8557649], [2.3541647, 48.8542893], [2.3605076, 48.8519608], [2.3608919, 48.8515324], [2.3610591, 48.8500565], [2.3616931, 48.8489812], [2.3647487, 48.8469238], [2.3654719, 48.8468181], [2.366185, 48.8472257], [2.3660033, 48.8473628], [2.3681187, 48.8520242], [2.3685228, 48.8519448], [2.3723787, 48.8605289], [2.3724628, 48.8614484], [2.3718273, 48.8628453], [2.3630865, 48.8739831], [2.3630865, 48.8747606], [2.3710575, 48.8839088], [2.371048, 48.8841082], [2.3706123, 48.8838983], [2.3704763, 48.8840182], [2.3708997, 48.8842312], [2.3707933, 48.884478], [2.3782423, 48.8881799], [2.3784638, 48.8880647], [2.3792974, 48.888394], [2.3853779, 48.8914966], [2.3857471, 48.8925061], [2.3836204, 48.8962701], [2.3828648, 48.8971387], [2.3805001, 48.9010231], [2.3736201, 48.9022722], [2.3738978, 48.9024682], [2.3801518, 48.9012402], [2.3802602, 48.9013983], [2.3791444, 48.9031812], [2.3794925, 48.9033344], [2.3834444, 48.8971279], [2.3840225, 48.8958455], [2.3849535, 48.8948313], [2.3863329, 48.8926283], [2.3870406, 48.8924197], [2.3935432, 48.8956911], [2.3936848, 48.8954879], [2.3964724, 48.8962145], [2.3992547, 48.8962155], [2.4122755, 48.8950587], [2.4150665, 48.8953175], [2.4175858, 48.8959177], [2.4239803, 48.8962964], [2.4236664, 48.895945], [2.4129093, 48.8947665], [2.3990382, 48.8960586], [2.3948953, 48.8956806], [2.3931953, 48.8951291], [2.3866279, 48.8918748], [2.3865429, 48.8917122], [2.3879633, 48.8896224], [2.3877674, 48.8895673], [2.3863954, 48.8916674], [2.3796072, 48.8883837], [2.3786316, 48.8878116], [2.3788176, 48.8876785], [2.3712701, 48.8840017], [2.3656329, 48.8774637], [2.3633714, 48.8744761], [2.3633311, 48.8739708], [2.3719663, 48.8628921], [2.3726167, 48.8614562], [2.372347, 48.8600581], [2.3687479, 48.8519013], [2.3689929, 48.8518363], [2.3679385, 48.8506871], [2.3669178, 48.8471987], [2.3662484, 48.8471653], [2.3653487, 48.8465487], [2.3668161, 48.8452145], [2.3736481, 48.8402142], [2.3760265, 48.8380911], [2.3758723, 48.8379744], [2.388064, 48.8281806], [2.3935414, 48.8241644], [2.3976559, 48.8215826], [2.4114937, 48.8167443], [2.4156038, 48.8165925], [2.4200379, 48.8172242], [2.4221246, 48.8169584], [2.4226463, 48.8172008], [2.4226221, 48.81689], [2.4232675, 48.8167883], [2.4205915, 48.8164644], [2.4190427, 48.8165014], [2.4149518, 48.8159423], [2.4105329, 48.8161132], [2.4110766, 48.8143678], [2.4104886, 48.8115303], [2.4096812, 48.8090507], [2.4096242, 48.807865], [2.4100223, 48.8063001], [2.4108538, 48.8048941], [2.4174379, 48.7996882], [2.4167508, 48.7997015], [2.419471, 48.7975761], [2.4194255, 48.7979427], [2.4190985, 48.7982462], [2.4192216, 48.7983163], [2.4215407, 48.7965503], [2.4235539, 48.7922205], [2.4238062, 48.790816], [2.4237595, 48.790023], [2.4230101, 48.7876721], [2.4226709, 48.7876083], [2.4181694, 48.7801926], [2.4161313, 48.7776036], [2.413812, 48.7756632], [2.4129673, 48.7744927], [2.4123077, 48.7711727], [2.41246, 48.7680937], [2.4130581, 48.7665191], [2.4143042, 48.7651171], [2.4174077, 48.763413], [2.4206142, 48.7605986], [2.4206307, 48.7596457], [2.4222209, 48.7557968], [2.4235927, 48.7541272], [2.4248774, 48.7531927], [2.4281819, 48.7513818], [2.4327309, 48.7492596], [2.4370537, 48.7461035], [2.438144, 48.7447604], [2.4391253, 48.7430906], [2.4448345, 48.737541], [2.4456311, 48.7360957], [2.4459059, 48.7334111], [2.4456716, 48.7333176], [2.4456635, 48.7313092], [2.4452789, 48.7291403], [2.4446857, 48.7278835], [2.4433885, 48.7261676], [2.4412282, 48.7248905], [2.4370654, 48.7237864], [2.4322722, 48.7230465], [2.4299665, 48.7230134], [2.4233476, 48.7214692], [2.4223395, 48.7225514], [2.4277091, 48.7238888], [2.4326358, 48.7244468], [2.4384614, 48.725643], [2.4401702, 48.7261751], [2.4426721, 48.7273479], [2.4437901, 48.7306102], [2.4438614, 48.7345621], [2.4434431, 48.7358998], [2.4423838, 48.7378027], [2.4386797, 48.7409217], [2.4363891, 48.7444951], [2.4342494, 48.7462186], [2.4325722, 48.7471797], [2.4322277, 48.7476307], [2.4300656, 48.7487396], [2.4287188, 48.7497952], [2.4254142, 48.751212], [2.4226039, 48.753235], [2.4208358, 48.755406], [2.4196375, 48.7579557], [2.4176649, 48.760888], [2.4129088, 48.7643101], [2.4112738, 48.7665957], [2.4107113, 48.7727469], [2.4111093, 48.7741907], [2.4122177, 48.7759183], [2.4143271, 48.7779557], [2.4195433, 48.7854828], [2.4209004, 48.7878543], [2.4216858, 48.7898323], [2.4217226, 48.7896961], [2.4219511, 48.7912564], [2.4218406, 48.7911449], [2.4216876, 48.7923538], [2.4213063, 48.7933439], [2.420195, 48.7948812], [2.4176865, 48.7969231], [2.4184102, 48.7966927], [2.4182144, 48.7968888], [2.4141417, 48.7995743], [2.4092923, 48.8043162], [2.4093401, 48.8045387], [2.4082779, 48.806293], [2.4080013, 48.8077455], [2.4085669, 48.8102354], [2.4084055, 48.8103508], [2.408616, 48.8111038], [2.4088035, 48.8111615], [2.409423, 48.8139784], [2.4093693, 48.8152581], [2.4091229, 48.8156861], [2.4071592, 48.817018], [2.4034855, 48.8180159], [2.397663, 48.820132], [2.3932345, 48.8226839], [2.386037, 48.8277171], [2.3845156, 48.829137], [2.3768312, 48.8351576], [2.3721535, 48.8395146], [2.3618297, 48.84721], [2.3588494, 48.8491155], [2.3500556, 48.851834], [2.3470661, 48.8531307], [2.3442302, 48.8539555], [2.3425116, 48.8547895], [2.3408131, 48.8562408], [2.3380675, 48.8576749], [2.329908, 48.859477], [2.3266234, 48.8607719], [2.3181304, 48.8631859], [2.3020763, 48.8629914], [2.2988599, 48.8627061], [2.2956055, 48.8615611], [2.2918386, 48.8590536], [2.2897992, 48.8573936], [2.2884483, 48.8550142], [2.2756419, 48.8459145], [2.2691614, 48.8388232], [2.2652618, 48.8352099], [2.2614962, 48.8312456], [2.2605086, 48.8297242], [2.2598737, 48.8272138], [2.2575286, 48.8253138], [2.2548842, 48.8238199], [2.2511158, 48.8222605], [2.2468711, 48.8209692], [2.2436883, 48.8203203], [2.2404934, 48.8203127], [2.2380942, 48.8206509], [2.2331737, 48.8220607], [2.2300518, 48.8238684], [2.2275209, 48.826093], [2.2274252, 48.826462], [2.2256642, 48.8286211], [2.2246892, 48.8325299], [2.2223311, 48.8360281], [2.221832, 48.839111], [2.224126, 48.846694], [2.224102, 48.849426], [2.222804, 48.853753], [2.224042, 48.85864], [2.2261886, 48.8627148], [2.2271783, 48.8653968], [2.2295504, 48.8681453], [2.232002, 48.870378], [2.2323882, 48.8702081], [2.2316308, 48.8693991], [2.2336196, 48.8711298], [2.2340636, 48.8716111], [2.2338089, 48.8715041], [2.2337783, 48.8717195], [2.233455, 48.8716841], [2.2339686, 48.8721459], [2.2384091, 48.8749535], [2.2489553, 48.8830806], [2.2525387, 48.8862675], [2.2539313, 48.8879034], [2.2561508, 48.88965], [2.2580266, 48.8885603], [2.2561426, 48.8867091], [2.2545655, 48.8843881], [2.2520532, 48.8814634], [2.2477205, 48.8778476], [2.2455568, 48.8754303], [2.2436123, 48.8736687], [2.2410255, 48.8719471], [2.2392802, 48.8712255], [2.2357419, 48.8702663], [2.2331694, 48.8689713], [2.2317017, 48.8678873], [2.229643, 48.8654802], [2.2289694, 48.8642045], [2.2282989, 48.8621162], [2.2258419, 48.8572033], [2.22522, 48.8548871], [2.225365, 48.8534612], [2.2265057, 48.8506571], [2.2270368, 48.8481031], [2.2269336, 48.8467445]], [[2.2346706, 48.87181], [2.2313872, 48.8687138], [2.2347313, 48.8718005], [2.2346706, 48.87181]], [[2.2344755, 48.8705675], [2.2394112, 48.8719891], [2.2422463, 48.8737947], [2.2466302, 48.8780907], [2.2512732, 48.8820264], [2.252802, 48.8835746], [2.2564972, 48.8885961], [2.2552732, 48.8878737], [2.25299, 48.8852394], [2.2483808, 48.8816964], [2.2450063, 48.8787112], [2.2370769, 48.8731747], [2.2343619, 48.8707987], [2.2344755, 48.8705675]], [[2.2395788, 48.8221909], [2.2362931, 48.8231621], [2.2294239, 48.8265896], [2.2282504, 48.8274932], [2.2278804, 48.8273502], [2.2286554, 48.826276], [2.2302455, 48.824759], [2.2321651, 48.8234012], [2.2336873, 48.8226341], [2.2356057, 48.8219776], [2.2373276, 48.8217869], [2.238813, 48.8219127], [2.2395788, 48.8221909]], [[2.2483295, 48.8239775], [2.238221, 48.8211666], [2.2404049, 48.8206484], [2.2445655, 48.8207685], [2.2504915, 48.8224166], [2.2539155, 48.8237108], [2.2572161, 48.8255813], [2.2592627, 48.8272059], [2.2595978, 48.8279223], [2.2596378, 48.8291972], [2.2600213, 48.8303467], [2.257802, 48.8293543], [2.2527552, 48.8256038], [2.2493016, 48.8240759], [2.2483295, 48.8239775]], [[2.3532048, 48.8526705], [2.3539435, 48.8515784], [2.3554, 48.8512649], [2.3603788, 48.8494553], [2.3601002, 48.8502695], [2.3602082, 48.8510829], [2.3593128, 48.8517565], [2.3531043, 48.853793], [2.3529567, 48.8536802], [2.3532048, 48.8526705]], [[2.2876615, 48.8558094], [2.279552, 48.8499405], [2.2807669, 48.8505748], [2.2879643, 48.8557862], [2.2876615, 48.8558094]], [[2.352634, 48.8516091], [2.3518927, 48.8539994], [2.3504702, 48.8550929], [2.3454391, 48.8566246], [2.3393025, 48.857771], [2.3409312, 48.8568643], [2.3430304, 48.8550679], [2.343831, 48.854669], [2.3498997, 48.8522463], [2.352634, 48.8516091]], [[2.3853858, 48.8939175], [2.3849913, 48.8939407], [2.3853302, 48.8933478], [2.3857774, 48.8930722], [2.3853858, 48.8939175]]], [[[2.2300912, 48.86266], [2.230342, 48.8627085], [2.2299115, 48.8624562], [2.2300912, 48.86266]]], [[[2.2435766, 48.86278], [2.2436512, 48.862491], [2.2431808, 48.8624785], [2.2416231, 48.8631262], [2.2415602, 48.8634124], [2.2418163, 48.8635509], [2.242731, 48.8634252], [2.2429463, 48.8636433], [2.2428341, 48.8633542], [2.2435766, 48.86278]], [[2.2420142, 48.8633164], [2.2422439, 48.8633971], [2.2418965, 48.8633865], [2.2420142, 48.8633164]]], [[[2.2367938, 48.8632237], [2.2374717, 48.8631333], [2.2374931, 48.8631002], [2.2367938, 48.8632237]]], [[[2.2381711, 48.8631858], [2.2379579, 48.8632281], [2.2387934, 48.8633164], [2.2381711, 48.8631858]]], [[[2.2404782, 48.8634436], [2.2406326, 48.8637239], [2.2411684, 48.8636232], [2.2407463, 48.8632944], [2.2404782, 48.8634436]]], [[[2.261639, 48.8640314], [2.2615364, 48.8630694], [2.2597266, 48.8606641], [2.2587536, 48.8589287], [2.2581953, 48.8588442], [2.2585545, 48.8622165], [2.2583962, 48.8632625], [2.2588357, 48.864212], [2.2613844, 48.8663207], [2.2623417, 48.8666842], [2.262523, 48.8673784], [2.2629943, 48.8677868], [2.2639816, 48.8681748], [2.2652351, 48.8682158], [2.2653264, 48.8677315], [2.264485, 48.8674139], [2.2641492, 48.8668643], [2.2629533, 48.8659925], [2.2625311, 48.8647545], [2.261639, 48.8640314]], [[2.2588471, 48.8600462], [2.2591294, 48.8601402], [2.2596843, 48.8615134], [2.2603033, 48.8623436], [2.2601571, 48.8628116], [2.2595368, 48.862906], [2.2589836, 48.8626471], [2.258715, 48.8604294], [2.2588471, 48.8600462]], [[2.2620359, 48.865142], [2.262452, 48.8662282], [2.2619353, 48.8661495], [2.260271, 48.8648258], [2.259223, 48.8636943], [2.2591895, 48.8631628], [2.2598205, 48.8630423], [2.2605651, 48.8634393], [2.2620359, 48.865142]]], [[[2.2353973, 48.8636014], [2.2351424, 48.863579], [2.2348507, 48.8637215], [2.2349774, 48.8639111], [2.2353465, 48.8639545], [2.2355248, 48.8638048], [2.2353973, 48.8636014]], [[2.2353415, 48.8636469], [2.2353848, 48.8638837], [2.2350357, 48.8638635], [2.2350982, 48.8636469], [2.2353415, 48.8636469]]], [[[2.2302663, 48.862891], [2.2320929, 48.865203], [2.2327085, 48.8650823], [2.2323152, 48.8642371], [2.2324651, 48.8641356], [2.2330739, 48.8642405], [2.2337378, 48.864784], [2.2336426, 48.8651669], [2.2331316, 48.8653588], [2.2330853, 48.8654576], [2.2337029, 48.8651823], [2.2337928, 48.8647628], [2.2331403, 48.864188], [2.2320816, 48.8639913], [2.2308076, 48.8630111], [2.2302663, 48.862891]]], [[[2.2489167, 48.8650659], [2.2479172, 48.8647163], [2.2470388, 48.8647796], [2.2462181, 48.8651691], [2.2456374, 48.865151], [2.2462201, 48.8651925], [2.2470147, 48.8648045], [2.2478519, 48.8647348], [2.2481804, 48.8649159], [2.2489167, 48.8650659]]], [[[2.2375821, 48.8640753], [2.2367889, 48.8642994], [2.2361223, 48.8646713], [2.2361237, 48.8648561], [2.2363791, 48.8654172], [2.2366695, 48.8656254], [2.2363072, 48.8660361], [2.2368526, 48.8656426], [2.2379815, 48.8661696], [2.2383302, 48.8661696], [2.2385863, 48.8660249], [2.2386118, 48.8654691], [2.2391845, 48.8651541], [2.2400582, 48.8662086], [2.2401326, 48.8666888], [2.2381049, 48.86653], [2.2376268, 48.8660902], [2.2377542, 48.8663363], [2.238013, 48.8665326], [2.2387077, 48.8666795], [2.2401333, 48.8667545], [2.2405907, 48.8666401], [2.2406021, 48.8662116], [2.2399298, 48.8653383], [2.2382551, 48.864219], [2.2389344, 48.8649023], [2.238473, 48.8655397], [2.2384791, 48.8660765], [2.2379165, 48.8661087], [2.2364388, 48.8654194], [2.2361887, 48.8647052], [2.2373575, 48.8641711], [2.2382252, 48.8641618], [2.2375821, 48.8640753]]], [[[2.252712, 48.8658176], [2.251658, 48.8650881], [2.2515707, 48.8650762], [2.251353, 48.865102], [2.2511064, 48.8652542], [2.2516642, 48.865118], [2.252712, 48.8658176]]], [[[2.2518281, 48.8663519], [2.2514381, 48.8658384], [2.2506594, 48.8653699], [2.2497433, 48.8651524], [2.2495025, 48.8651188], [2.2506046, 48.8653643], [2.2512425, 48.8657438], [2.2514773, 48.8659059], [2.2513324, 48.866176], [2.2517648, 48.8663695], [2.2522677, 48.8664398], [2.2523915, 48.866715], [2.2526304, 48.8670046], [2.2530049, 48.8672404], [2.253779, 48.8674707], [2.2545641, 48.8675667], [2.2549013, 48.867832], [2.2555007, 48.8678422], [2.2562241, 48.8675963], [2.2564962, 48.8678986], [2.2569035, 48.8679355], [2.2570749, 48.8678867], [2.2574866, 48.8675755], [2.2579164, 48.8678894], [2.2572529, 48.868061], [2.2571838, 48.8682248], [2.2573592, 48.8683163], [2.2578839, 48.8681725], [2.2580532, 48.8680292], [2.2581819, 48.8681322], [2.2587244, 48.8682612], [2.2597876, 48.8681587], [2.260132, 48.8684173], [2.2605293, 48.8685478], [2.26109, 48.8684018], [2.2617669, 48.8685332], [2.2611643, 48.8683824], [2.2607242, 48.8684283], [2.2604025, 48.868228], [2.2597125, 48.8681183], [2.2587613, 48.8682361], [2.2580582, 48.8679994], [2.2573669, 48.8682861], [2.2573297, 48.8680585], [2.2579211, 48.8679566], [2.2579493, 48.8678349], [2.2578494, 48.8676463], [2.2574235, 48.8675539], [2.2568636, 48.8678995], [2.2562199, 48.8675597], [2.2537647, 48.8674379], [2.2526045, 48.8669021], [2.2522366, 48.8662884], [2.2524126, 48.8659169], [2.2522157, 48.8660021], [2.2522207, 48.8663504], [2.2518281, 48.8663519]], [[2.2546296, 48.8675706], [2.2553484, 48.8675664], [2.2558826, 48.8676856], [2.2550401, 48.8678201], [2.2546296, 48.8675706]], [[2.2602645, 48.8682162], [2.2606755, 48.8684848], [2.2599641, 48.8682389], [2.2602645, 48.8682162]]], [[[2.252614, 48.8658762], [2.252604, 48.865844], [2.2525641, 48.8658511], [2.252614, 48.8658762]]], [[[2.2354709, 48.8659491], [2.2349046, 48.8658658], [2.2345345, 48.8659055], [2.2354055, 48.8659801], [2.2358555, 48.8661592], [2.2360016, 48.8661508], [2.2354709, 48.8659491]]], [[[2.2337318, 48.8661084], [2.2331015, 48.8665808], [2.2327058, 48.8662955], [2.2324721, 48.8664502], [2.2327311, 48.86699], [2.2330193, 48.8670132], [2.2331264, 48.8666226], [2.234462, 48.8658486], [2.2338083, 48.8660493], [2.2335441, 48.8658177], [2.2337318, 48.8661084]]], [[[2.2432755, 48.8676061], [2.2432205, 48.8674989], [2.2431921, 48.8675095], [2.2432755, 48.8676061]]], [[[2.243455, 48.8678206], [2.2434016, 48.8677099], [2.2433709, 48.8677211], [2.243455, 48.8678206]]], [[[2.2454224, 48.8681665], [2.24544, 48.8681144], [2.2453916, 48.8681347], [2.2454224, 48.8681665]]], [[[2.2467146, 48.869103], [2.2468878, 48.8692567], [2.2470751, 48.8691972], [2.2469877, 48.8690521], [2.2467146, 48.869103]], [[2.2468981, 48.8691769], [2.2469172, 48.8691208], [2.2469445, 48.8691586], [2.2468981, 48.8691769]]], [[[2.2477565, 48.8704112], [2.2479129, 48.8700525], [2.2478568, 48.8697909], [2.2478321, 48.8700561], [2.2474769, 48.8700308], [2.2471535, 48.8703063], [2.2473062, 48.8704927], [2.2471498, 48.8707283], [2.2474098, 48.8710636], [2.2480934, 48.8710759], [2.2481192, 48.8712737], [2.2486574, 48.8713688], [2.2481928, 48.8709934], [2.2474839, 48.8710202], [2.247315, 48.8706556], [2.2477565, 48.8704112]], [[2.2476127, 48.8703653], [2.24737, 48.8703208], [2.2475814, 48.8702105], [2.2476127, 48.8703653]]], [[[2.2497933, 48.8703777], [2.2494151, 48.8702262], [2.2494937, 48.8704855], [2.2491289, 48.8704621], [2.2489243, 48.8705141], [2.248677, 48.8706972], [2.2486515, 48.870803], [2.2490894, 48.8704907], [2.2492723, 48.8705469], [2.2496951, 48.870516], [2.2497933, 48.8703777]], [[2.24934, 48.8705338], [2.2492561, 48.8704966], [2.2493999, 48.8705116], [2.24934, 48.8705338]]], [[[2.2475783, 48.8721853], [2.2474915, 48.8721599], [2.2475599, 48.8722126], [2.2475783, 48.8721853]]], [[[2.2500984, 48.8729936], [2.2500247, 48.8730306], [2.2500877, 48.8730368], [2.2500984, 48.8729936]]], [[[2.2623048, 48.8731292], [2.2621107, 48.8731321], [2.262098, 48.8731338], [2.2623048, 48.8731292]]], [[[2.2489002, 48.8733777], [2.2485543, 48.8731129], [2.248255, 48.8731835], [2.2486187, 48.8734668], [2.2489002, 48.8733777]]], [[[2.2589434, 48.8734872], [2.258513, 48.8734101], [2.2578149, 48.8728079], [2.257564, 48.8731886], [2.2580099, 48.8736833], [2.2594184, 48.8740581], [2.2589848, 48.8735967], [2.2593248, 48.8733885], [2.2598345, 48.8733462], [2.2601954, 48.8740068], [2.260707, 48.8737194], [2.2605492, 48.8732958], [2.2597852, 48.8728485], [2.2595349, 48.8729255], [2.2597397, 48.8732158], [2.2589434, 48.8734872]]], [[[2.2619541, 48.8731641], [2.2617023, 48.873118], [2.2612989, 48.8733008], [2.2610864, 48.8735081], [2.2608856, 48.8731241], [2.2610732, 48.8739012], [2.2610838, 48.8735601], [2.2619541, 48.8731641]], [[2.2613428, 48.8733129], [2.2614853, 48.8733125], [2.2612889, 48.8733489], [2.2613428, 48.8733129]]], [[[2.2610506, 48.8759465], [2.2586956, 48.875535], [2.2571982, 48.8756184], [2.2567939, 48.8759853], [2.2572653, 48.8764215], [2.2590798, 48.8762102], [2.2603163, 48.8763708], [2.260844, 48.8762407], [2.2614402, 48.875771], [2.2610506, 48.8759465]], [[2.2590806, 48.8758696], [2.2581257, 48.875732], [2.2591235, 48.8758166], [2.2590806, 48.8758696]], [[2.2606358, 48.8762177], [2.2600242, 48.8761516], [2.260842, 48.8760663], [2.2606358, 48.8762177]]], [[[2.2625767, 48.876644], [2.2630663, 48.8765096], [2.2631895, 48.8764137], [2.2623011, 48.876612], [2.2624162, 48.8769585], [2.2626564, 48.8769209], [2.2625767, 48.876644]]], [[[2.2609702, 48.8787699], [2.2610953, 48.8787976], [2.2611605, 48.8787484], [2.2609702, 48.8787699]]], [[[2.2608172, 48.8793691], [2.2617888, 48.8789414], [2.2604109, 48.8794304], [2.2608172, 48.8793691]]], [[[2.2594996, 48.8796778], [2.2596404, 48.8795045], [2.2591113, 48.8795574], [2.2589128, 48.879938], [2.2594996, 48.8796778]], [[2.2592884, 48.8795737], [2.259293, 48.8797506], [2.2591603, 48.8796222], [2.2592884, 48.8795737]]], [[[2.2690576, 48.828554], [2.2691393, 48.8287415], [2.2692607, 48.8287354], [2.2691988, 48.8286231], [2.2690576, 48.828554]]], [[[2.2786945, 48.8383503], [2.2785876, 48.8384269], [2.2787118, 48.8384075], [2.2786945, 48.8383503]]], [[[2.2812317, 48.8388672], [2.2809744, 48.8387266], [2.2806805, 48.8389617], [2.2809825, 48.8388224], [2.2812317, 48.8388672]]], [[[2.2813523, 48.8389306], [2.2813205, 48.8390759], [2.2814398, 48.8389787], [2.2813523, 48.8389306]]], [[[2.2806578, 48.8389821], [2.2807878, 48.8391141], [2.2808334, 48.8390776], [2.2806578, 48.8389821]]], [[[2.2809013, 48.8391753], [2.2808875, 48.839107], [2.2808421, 48.8391432], [2.2809013, 48.8391753]]], [[[2.2811265, 48.8392325], [2.281159, 48.8390932], [2.2810431, 48.8391869], [2.2811265, 48.8392325]]], [[[2.2766041, 48.8396876], [2.2762519, 48.8398273], [2.2767808, 48.8397618], [2.2766041, 48.8396876]]], [[[2.2754991, 48.8401945], [2.2750368, 48.8403106], [2.2744714, 48.8405418], [2.2744475, 48.8405738], [2.2746378, 48.8405698], [2.2746563, 48.8404737], [2.2748112, 48.840497], [2.2752695, 48.8403351], [2.2754991, 48.8401945]]], [[[2.2727027, 48.8412296], [2.2739557, 48.840851], [2.2743112, 48.8406589], [2.2739662, 48.8407375], [2.2727027, 48.8412296]]], [[[2.2737679, 48.8419061], [2.274205, 48.8417303], [2.2762454, 48.8409231], [2.2756464, 48.8402658], [2.2731672, 48.8412471], [2.2737679, 48.8419061]], [[2.2737853, 48.8418622], [2.2732341, 48.8412583], [2.2756303, 48.8403068], [2.2761802, 48.8409137], [2.2737853, 48.8418622]]], [[[2.2760223, 48.8410472], [2.2759525, 48.8410749], [2.2761115, 48.8411432], [2.2760223, 48.8410472]]], [[[2.2757274, 48.8411641], [2.2756546, 48.8411929], [2.2758143, 48.8412617], [2.2757274, 48.8411641]]], [[[2.2754266, 48.8412833], [2.2753556, 48.8413115], [2.275516, 48.8413794], [2.2754266, 48.8412833]]], [[[2.2761571, 48.8412369], [2.2761425, 48.8412439], [2.2764422, 48.8415619], [2.2761571, 48.8412369]]], [[[2.2752199, 48.841499], [2.2750973, 48.8414725], [2.2751473, 48.8415265], [2.2752199, 48.841499]]], [[[2.2758597, 48.8413556], [2.275844, 48.8413616], [2.276146, 48.8416799], [2.2758597, 48.8413556]]], [[[2.2748495, 48.8416439], [2.2749204, 48.841616], [2.2747617, 48.8415484], [2.2748495, 48.8416439]]], [[[2.2755623, 48.8414729], [2.2755465, 48.8414789], [2.2758484, 48.8417973], [2.2755623, 48.8414729]]], [[[2.2765082, 48.8416366], [2.2764936, 48.8416422], [2.2765377, 48.8416695], [2.2765082, 48.8416366]]], [[[2.274534, 48.8416365], [2.2744634, 48.8416638], [2.274621, 48.8417323], [2.274534, 48.8416365]]], [[[2.275264, 48.8415901], [2.2752494, 48.8415971], [2.2755491, 48.8419151], [2.275264, 48.8415901]]], [[[2.2762106, 48.8417561], [2.2761964, 48.8417618], [2.2762402, 48.8417897], [2.2762106, 48.8417561]]], [[[2.2746725, 48.841829], [2.2746548, 48.8418357], [2.274715, 48.8418766], [2.2746725, 48.841829]]], [[[2.2749669, 48.8417086], [2.2749523, 48.8417156], [2.275252, 48.8420337], [2.2749669, 48.8417086]]], [[[2.2759132, 48.8418731], [2.2758993, 48.841879], [2.275943, 48.8419062], [2.2759132, 48.8418731]]], [[[2.2756143, 48.8419923], [2.2756305, 48.8420309], [2.2756446, 48.8420252], [2.2756143, 48.8419923]]], [[[2.2748186, 48.8420013], [2.2748093, 48.8420048], [2.2749527, 48.842154], [2.2748186, 48.8420013]]], [[[2.2753164, 48.8421115], [2.2753025, 48.8421168], [2.275345, 48.8421433], [2.2753164, 48.8421115]]], [[[2.275016, 48.8422241], [2.2750225, 48.8422549], [2.2750389, 48.8422485], [2.275016, 48.8422241]]], [[[2.2673433, 48.8445465], [2.2674007, 48.8445068], [2.2673296, 48.8445156], [2.2673433, 48.8445465]]], [[[2.2875669, 48.8603586], [2.2878544, 48.8604877], [2.2880691, 48.8605194], [2.2875669, 48.8603586]]], [[[2.2869644, 48.8603267], [2.2864396, 48.860511], [2.286388, 48.8606542], [2.2869644, 48.8603267]]], [[[2.2881911, 48.8608197], [2.2884072, 48.8607701], [2.2880772, 48.860548], [2.2881911, 48.8608197]]], [[[2.2881067, 48.8608474], [2.2881182, 48.8608115], [2.2880829, 48.8608336], [2.2881067, 48.8608474]]], [[[2.289286, 48.8612296], [2.2890844, 48.861443], [2.2893758, 48.8614911], [2.2893681, 48.8614175], [2.2894016, 48.8613751], [2.2892812, 48.8612785], [2.2894203, 48.8613761], [2.2893935, 48.8614928], [2.2893468, 48.8615233], [2.2896357, 48.8615174], [2.2897785, 48.8616123], [2.2896371, 48.8615304], [2.2894566, 48.8615441], [2.289521, 48.8617364], [2.2897671, 48.8616622], [2.2898474, 48.8616113], [2.2896836, 48.861501], [2.2906078, 48.8608289], [2.2903532, 48.8607647], [2.2894523, 48.8613416], [2.289286, 48.8612296]]], [[[2.2798775, 48.8653933], [2.2798922, 48.8653291], [2.2798372, 48.8653528], [2.2798775, 48.8653933]]], [[[2.2727309, 48.8669899], [2.2728278, 48.8670552], [2.2727872, 48.8669772], [2.2727309, 48.8669899]]], [[[2.2704986, 48.8671919], [2.2706416, 48.8670334], [2.2704305, 48.8671128], [2.2704986, 48.8671919]]], [[[2.2641002, 48.8686685], [2.2619209, 48.8686694], [2.262967, 48.8687147], [2.2629476, 48.8688315], [2.2635403, 48.8692113], [2.263778, 48.8696257], [2.2637971, 48.8693994], [2.2639936, 48.8699585], [2.2641353, 48.8700246], [2.2638424, 48.8693871], [2.2629556, 48.8687892], [2.2641002, 48.8686685]]], [[[2.2852623, 48.8696133], [2.2854365, 48.8697172], [2.2854541, 48.8696443], [2.2852623, 48.8696133]]], [[[2.2893247, 48.869506], [2.2880062, 48.8696627], [2.2878123, 48.8697829], [2.2882418, 48.8700588], [2.2894207, 48.86986], [2.2893247, 48.869506]]], [[[2.2894819, 48.8698806], [2.2891484, 48.8699346], [2.2897073, 48.8702333], [2.2897793, 48.8701657], [2.2894819, 48.8698806]]], [[[2.263136, 48.8718491], [2.2635091, 48.8706785], [2.2638655, 48.8706739], [2.2640241, 48.8705722], [2.2637965, 48.8703665], [2.2637257, 48.8696846], [2.2636624, 48.8703303], [2.2639775, 48.8705841], [2.2634736, 48.8706531], [2.2631548, 48.8714396], [2.263136, 48.8718491]]], [[[2.266814, 48.8718131], [2.2656962, 48.8711079], [2.2651067, 48.8709107], [2.2651168, 48.8707233], [2.2648546, 48.8706404], [2.2647383, 48.8703182], [2.2646132, 48.8701497], [2.264469, 48.8700998], [2.2647922, 48.87083], [2.2656341, 48.8711207], [2.2661803, 48.871556], [2.2665773, 48.8717642], [2.266814, 48.8718131]], [[2.2650209, 48.8707131], [2.2649123, 48.8708402], [2.2648801, 48.8707184], [2.2650209, 48.8707131]]], [[[2.2681427, 48.872898], [2.2676362, 48.8725896], [2.2672843, 48.8720788], [2.2669093, 48.8718059], [2.2676119, 48.8726063], [2.2681427, 48.872898]]], [[[2.2623806, 48.873112], [2.2631356, 48.8729034], [2.2631588, 48.8727645], [2.2630538, 48.8721741], [2.2630723, 48.8728849], [2.2626901, 48.8729497], [2.2623806, 48.873112]]], [[[2.2681634, 48.8730679], [2.2699839, 48.8741302], [2.2708503, 48.8744808], [2.2681634, 48.8730679]]], [[[2.2676636, 48.8753388], [2.267931, 48.8750951], [2.2679569, 48.8748896], [2.2676134, 48.8744609], [2.2679363, 48.8742834], [2.2687279, 48.8749348], [2.270698, 48.8751706], [2.269398, 48.874836], [2.2687518, 48.8749021], [2.26814, 48.8742921], [2.2677712, 48.8742751], [2.2676273, 48.8743483], [2.2672012, 48.8742961], [2.2672595, 48.8741591], [2.2668224, 48.87394], [2.2666507, 48.8739411], [2.2664946, 48.8740192], [2.2663762, 48.8742496], [2.2669847, 48.875433], [2.2676636, 48.8753388]], [[2.267188, 48.8741538], [2.2671488, 48.8743243], [2.2675097, 48.8743841], [2.267896, 48.8748506], [2.267622, 48.8753245], [2.2670386, 48.8752545], [2.2664265, 48.8742496], [2.2667322, 48.8739624], [2.267188, 48.8741538]]], [[[2.2721429, 48.8746069], [2.2715453, 48.8745386], [2.2717813, 48.8748059], [2.2726238, 48.8749181], [2.2730052, 48.8752052], [2.2732177, 48.8752863], [2.2735275, 48.8753463], [2.273897, 48.8755849], [2.2742782, 48.8756874], [2.2735604, 48.8753176], [2.2729411, 48.8751359], [2.2726491, 48.8747489], [2.2721429, 48.8746069]], [[2.27271, 48.8748641], [2.2717922, 48.8747664], [2.2716339, 48.8745629], [2.27271, 48.8748641]]], [[[2.275037, 48.8754939], [2.2747338, 48.8755007], [2.2745939, 48.8755659], [2.275037, 48.8754939]]], [[[2.2722988, 48.8757657], [2.2716857, 48.8754223], [2.2711889, 48.8751765], [2.2717715, 48.8756585], [2.2721477, 48.8757551], [2.2727401, 48.8764024], [2.2730877, 48.8765023], [2.2722988, 48.8757657]]], [[[2.2676359, 48.8758357], [2.2669467, 48.8757472], [2.2664451, 48.8758475], [2.2664937, 48.8756017], [2.266904, 48.8754904], [2.2666853, 48.8754817], [2.2664606, 48.8755866], [2.2663645, 48.8758356], [2.266526, 48.8759152], [2.2675804, 48.8758473], [2.2679334, 48.8760664], [2.2677626, 48.8762749], [2.2679603, 48.8761873], [2.267968, 48.8760823], [2.2679098, 48.8759885], [2.2676359, 48.8758357]]], [[[2.2751403, 48.875532], [2.2754806, 48.8759058], [2.2753781, 48.8763408], [2.275534, 48.8757659], [2.2754272, 48.8755837], [2.2751403, 48.875532]]], [[[2.2750471, 48.8765461], [2.2739225, 48.8761711], [2.2734873, 48.8764978], [2.2748991, 48.8766284], [2.2750471, 48.8765461]]], [[[2.2734128, 48.8765031], [2.273146, 48.8764978], [2.2734168, 48.8765276], [2.2734128, 48.8765031]]], [[[2.2677558, 48.8763453], [2.2680887, 48.8766408], [2.268139, 48.8768504], [2.2681248, 48.8766134], [2.2677558, 48.8763453]]], [[[2.264454, 48.8765838], [2.264314, 48.876857], [2.2651313, 48.8769303], [2.2652212, 48.8767356], [2.264454, 48.8765838]]], [[[2.2661722, 48.8778371], [2.2667322, 48.8777326], [2.2670835, 48.8775513], [2.2665357, 48.8777635], [2.2661722, 48.8778371]]], [[[2.2653056, 48.8780536], [2.2671141, 48.8780698], [2.2672378, 48.877995], [2.2672498, 48.8779006], [2.2672076, 48.8777921], [2.2671399, 48.877756], [2.2670104, 48.8777299], [2.2665057, 48.877784], [2.2664431, 48.8778142], [2.266368, 48.8779385], [2.2662785, 48.8779368], [2.2661733, 48.8778786], [2.2660515, 48.877862], [2.265323, 48.8779114], [2.2652519, 48.8779654], [2.2653056, 48.8780536]], [[2.2663882, 48.8779681], [2.2652687, 48.8779791], [2.2663603, 48.8779546], [2.2665136, 48.8777948], [2.2666795, 48.8777694], [2.2669286, 48.8777789], [2.2670279, 48.8777432], [2.2672193, 48.8778658], [2.2669749, 48.8780212], [2.2666896, 48.8777714], [2.2665706, 48.8779297], [2.2663882, 48.8779681]]], [[[2.2652549, 48.8780757], [2.2645354, 48.8780497], [2.2645039, 48.878077], [2.2652549, 48.8780757]]], [[[2.2622329, 48.8785938], [2.2634305, 48.8781837], [2.2642559, 48.8781155], [2.264282, 48.8780431], [2.2640455, 48.8779691], [2.2635483, 48.8780672], [2.2630607, 48.8779144], [2.2627753, 48.8779637], [2.2622329, 48.8785938]], [[2.2641656, 48.8780771], [2.2640908, 48.8779958], [2.2641861, 48.878046], [2.2641656, 48.8780771]], [[2.2639581, 48.8780742], [2.2638347, 48.8780369], [2.2639573, 48.8780389], [2.2639581, 48.8780742]], [[2.2626544, 48.8782239], [2.2627437, 48.8782937], [2.2626231, 48.8782651], [2.2626544, 48.8782239]]], [[[2.2648399, 48.8789502], [2.2648032, 48.8790279], [2.2648961, 48.8789958], [2.2648399, 48.8789502]]], [[[2.2998554, 48.8311514], [2.299907, 48.8312044], [2.2999586, 48.8311792], [2.2998554, 48.8311514]]], [[[2.3003719, 48.83141], [2.2999087, 48.8318625], [2.3002046, 48.8318412], [2.3003756, 48.8319366], [2.3005647, 48.8319127], [2.3004623, 48.8317401], [2.3008275, 48.8317966], [2.3003719, 48.83141]]], [[[2.3002202, 48.8319147], [2.3001519, 48.8319452], [2.3002211, 48.8319407], [2.3002202, 48.8319147]]], [[[2.3015879, 48.8366397], [2.3010127, 48.8368542], [2.3013442, 48.8372253], [2.3019059, 48.8370178], [2.3015879, 48.8366397]]], [[[2.2967883, 48.8420512], [2.2965805, 48.8419436], [2.2964356, 48.8420648], [2.2966434, 48.8421724], [2.2967883, 48.8420512]]], [[[2.3037715, 48.8425238], [2.3038144, 48.8425061], [2.3037849, 48.8424991], [2.3037715, 48.8425238]]], [[[2.3035435, 48.8426808], [2.3036471, 48.8426534], [2.3035772, 48.8426322], [2.3035435, 48.8426808]]], [[[2.3099929, 48.8468577], [2.310052, 48.846906], [2.3100657, 48.8468773], [2.3099929, 48.8468577]]], [[[2.3118519, 48.8495633], [2.3119495, 48.849623], [2.3119405, 48.8495578], [2.3118519, 48.8495633]]], [[[2.3122718, 48.8523052], [2.3121696, 48.852421], [2.3122719, 48.8524381], [2.3122718, 48.8523052]]], [[[2.3137273, 48.8543271], [2.3136576, 48.8543778], [2.3137409, 48.8543668], [2.3137273, 48.8543271]]], [[[2.3115489, 48.8544086], [2.3110029, 48.8543807], [2.310907, 48.8544789], [2.3114792, 48.8545441], [2.3115489, 48.8544086]]], [[[2.3159516, 48.8548072], [2.3159527, 48.8548409], [2.3159799, 48.8548237], [2.3159516, 48.8548072]]], [[[2.3154936, 48.8548742], [2.3155394, 48.8548642], [2.3154994, 48.8548592], [2.3154936, 48.8548742]]], [[[2.2976771, 48.8559307], [2.2979695, 48.8562019], [2.2981349, 48.8562203], [2.2978336, 48.8559536], [2.2976771, 48.8559307]]], [[[2.3104246, 48.8562508], [2.3104336, 48.8562599], [2.3104371, 48.8562539], [2.3104246, 48.8562508]]], [[[2.3104509, 48.856342], [2.3104236, 48.8563264], [2.3104254, 48.8563432], [2.3104509, 48.856342]]], [[[2.3104643, 48.8563804], [2.3104248, 48.8564108], [2.3104672, 48.8564089], [2.3104643, 48.8563804]]], [[[2.293423, 48.8579345], [2.2939842, 48.8579058], [2.294188, 48.857715], [2.2934891, 48.8575593], [2.2931794, 48.8576993], [2.293423, 48.8579345]]], [[[2.2966728, 48.857858], [2.2966741, 48.8577867], [2.2966204, 48.8578179], [2.2966728, 48.857858]]], [[[2.3102735, 48.8578901], [2.3104131, 48.8578474], [2.3102833, 48.8578402], [2.3102735, 48.8578901]]], [[[2.2953774, 48.8585134], [2.2950459, 48.8588878], [2.295183, 48.8591689], [2.2956353, 48.8589028], [2.2953774, 48.8585134]]], [[[2.2905619, 48.8607653], [2.2906339, 48.8608516], [2.2905765, 48.8609457], [2.2906407, 48.8609869], [2.2906532, 48.8607387], [2.2902569, 48.8607277], [2.2905619, 48.8607653]]], [[[2.3000637, 48.8615588], [2.3000392, 48.8614747], [2.299986, 48.8615181], [2.3000637, 48.8615588]]], [[[2.3003371, 48.8615988], [2.3003126, 48.8615147], [2.3002595, 48.8615581], [2.3003371, 48.8615988]]], [[[2.299958, 48.8616162], [2.3000298, 48.8618023], [2.3000552, 48.8616082], [2.299958, 48.8616162]]], [[[2.3003475, 48.8616811], [2.300178, 48.8618209], [2.3002466, 48.8618584], [2.3003475, 48.8616811]]], [[[2.290377, 48.8621631], [2.290156, 48.8623014], [2.2901614, 48.8623667], [2.290377, 48.8621631]]], [[[2.2903457, 48.8626622], [2.2901726, 48.8624813], [2.2901722, 48.8625838], [2.2903116, 48.8627097], [2.290054, 48.8627721], [2.2903074, 48.8627582], [2.2903457, 48.8626622]]], [[[2.2970608, 48.864119], [2.2972636, 48.8641963], [2.2974775, 48.8638652], [2.2971836, 48.8638019], [2.2970608, 48.864119]]], [[[2.303003, 48.8649511], [2.3029904, 48.8649134], [2.3029685, 48.8649538], [2.303003, 48.8649511]]], [[[2.3133778, 48.8651527], [2.3134533, 48.8652037], [2.3134658, 48.8651623], [2.3133778, 48.8651527]]], [[[2.3139788, 48.8651663], [2.3140543, 48.8652173], [2.3140668, 48.8651759], [2.3139788, 48.8651663]]], [[[2.3106201, 48.8652258], [2.3106544, 48.8651871], [2.3106254, 48.8651674], [2.3106201, 48.8652258]]], [[[2.310708, 48.8653782], [2.3108915, 48.865345], [2.3107432, 48.8651563], [2.310708, 48.8653782]]], [[[2.2967292, 48.8653258], [2.2967135, 48.8652457], [2.296655, 48.8652906], [2.2967292, 48.8653258]]], [[[2.3148747, 48.8658787], [2.314902, 48.8659511], [2.3149576, 48.865923], [2.3148747, 48.8658787]]], [[[2.3150088, 48.8660923], [2.3149874, 48.8659527], [2.3149306, 48.8659839], [2.3150088, 48.8660923]]], [[[2.3149197, 48.8661027], [2.3148867, 48.8661832], [2.3149801, 48.8661255], [2.3149197, 48.8661027]]], [[[2.3077971, 48.8661793], [2.3078447, 48.8662186], [2.3078557, 48.8661952], [2.3077971, 48.8661793]]], [[[2.3116369, 48.8668508], [2.3116254, 48.86692], [2.3116949, 48.8668822], [2.3116369, 48.8668508]]], [[[2.3150659, 48.8669172], [2.3152058, 48.8669184], [2.3152155, 48.8668966], [2.3150659, 48.8669172]]], [[[2.3141781, 48.8669448], [2.314265, 48.8669866], [2.3142684, 48.8669415], [2.3141781, 48.8669448]]], [[[2.3136239, 48.8669822], [2.313643, 48.8670489], [2.3136817, 48.8670141], [2.3136239, 48.8669822]]], [[[2.3127894, 48.8676878], [2.3126528, 48.8676856], [2.3126433, 48.8677073], [2.3127894, 48.8676878]]], [[[2.3147668, 48.8684053], [2.3148087, 48.8683594], [2.3147461, 48.8683738], [2.3147668, 48.8684053]]], [[[2.3103145, 48.8686415], [2.310419, 48.868688], [2.3104199, 48.8686483], [2.3103145, 48.8686415]]], [[[2.3098788, 48.8686482], [2.309955, 48.8687144], [2.3099688, 48.868664], [2.3098788, 48.8686482]]], [[[2.3155526, 48.8686976], [2.3153948, 48.8688002], [2.31558, 48.8687857], [2.3155526, 48.8686976]]], [[[2.3095796, 48.8688707], [2.3096557, 48.8689369], [2.309676, 48.8688996], [2.3095796, 48.8688707]]], [[[2.3129153, 48.8689469], [2.3129742, 48.8689803], [2.3129803, 48.8689499], [2.3129153, 48.8689469]]], [[[2.3105943, 48.8690196], [2.3106705, 48.8690858], [2.3106843, 48.8690354], [2.3105943, 48.8690196]]], [[[2.3102841, 48.8692519], [2.3103757, 48.8693089], [2.3103895, 48.8692586], [2.3102841, 48.8692519]]], [[[2.3098487, 48.8692569], [2.3099248, 48.8693232], [2.3099387, 48.8692728], [2.3098487, 48.8692569]]], [[[2.2899818, 48.8695463], [2.2897825, 48.8692222], [2.28933, 48.8692978], [2.2895163, 48.869797], [2.2899818, 48.8695463]]], [[[2.3097837, 48.8793445], [2.3096369, 48.8792958], [2.3097937, 48.879443], [2.3097837, 48.8793445]]], [[[2.3097954, 48.8795657], [2.3107128, 48.8802341], [2.3109918, 48.8801785], [2.3104208, 48.8799032], [2.3103039, 48.8795846], [2.3102517, 48.8797635], [2.3097954, 48.8795657]]], [[[2.2933253, 48.8876642], [2.2933395, 48.8878316], [2.293477, 48.8877798], [2.2933253, 48.8876642]]], [[[2.2978855, 48.8891034], [2.2977791, 48.8890219], [2.2977557, 48.8890766], [2.2978855, 48.8891034]]], [[[2.3152654, 48.8889627], [2.3134924, 48.8912452], [2.3154797, 48.8888858], [2.3152654, 48.8889627]]], [[[2.3132783, 48.8911904], [2.3126782, 48.8915183], [2.3117047, 48.8914637], [2.3126254, 48.8915725], [2.3132783, 48.8911904]]], [[[2.312667, 48.8915859], [2.3136863, 48.89191], [2.3140596, 48.891716], [2.3132685, 48.8912628], [2.312667, 48.8915859]]], [[[2.3131927, 48.8919198], [2.311694, 48.8916094], [2.3115613, 48.8917937], [2.3126797, 48.8921526], [2.3131927, 48.8919198]]], [[[2.3129312, 48.8924466], [2.3130888, 48.8921274], [2.3127837, 48.8925348], [2.3129312, 48.8924466]]], [[[2.339769, 48.8219619], [2.3398384, 48.8219849], [2.3398686, 48.8219361], [2.339769, 48.8219619]]], [[[2.3398964, 48.8221285], [2.3398365, 48.8222554], [2.3398957, 48.8222616], [2.3398964, 48.8221285]]], [[[2.3398753, 48.8223275], [2.3383999, 48.8234819], [2.338438, 48.8239442], [2.3389883, 48.8240545], [2.3394488, 48.8237867], [2.3398753, 48.8223275]], [[2.33906, 48.8232657], [2.3387629, 48.8235928], [2.3385687, 48.8236039], [2.3387106, 48.8233265], [2.33906, 48.8232657]]], [[[2.3308985, 48.8267863], [2.3309422, 48.8268741], [2.3309913, 48.8268301], [2.3308985, 48.8267863]]], [[[2.3257638, 48.8318576], [2.3257489, 48.8318861], [2.3257762, 48.8318791], [2.3257638, 48.8318576]]], [[[2.3423888, 48.8345779], [2.3424357, 48.8345855], [2.3424278, 48.8345675], [2.3423888, 48.8345779]]], [[[2.3423094, 48.8353748], [2.3422336, 48.8354081], [2.3423307, 48.835391], [2.3423094, 48.8353748]]], [[[2.33672, 48.8410302], [2.3367605, 48.8413044], [2.3368954, 48.841301], [2.3369544, 48.8410839], [2.3368699, 48.8410093], [2.33672, 48.8410302]], [[2.3368629, 48.841098], [2.3367592, 48.8410829], [2.3368661, 48.8410751], [2.3368629, 48.841098]]], [[[2.3400197, 48.8434126], [2.3399764, 48.8433044], [2.3399175, 48.843369], [2.3400197, 48.8434126]]], [[[2.3231736, 48.8465864], [2.3232458, 48.846514], [2.3231188, 48.8465627], [2.3231736, 48.8465864]]], [[[2.3375251, 48.8467793], [2.3370558, 48.8466623], [2.336882, 48.8470494], [2.3373549, 48.8471644], [2.3375251, 48.8467793]]], [[[2.3405401, 48.847345], [2.3406432, 48.8474517], [2.3406799, 48.8473813], [2.3405401, 48.847345]]], [[[2.3394369, 48.848083], [2.339346, 48.8480078], [2.3393514, 48.8481063], [2.3394369, 48.848083]]], [[[2.3392801, 48.8480085], [2.338569, 48.8481164], [2.339296, 48.8481001], [2.3392801, 48.8480085]]], [[[2.3364233, 48.8481608], [2.3364976, 48.8481086], [2.3364207, 48.8481104], [2.3364233, 48.8481608]]], [[[2.3353391, 48.8484715], [2.3353412, 48.8485215], [2.3353789, 48.8484963], [2.3353391, 48.8484715]]], [[[2.3426951, 48.8484955], [2.342446, 48.8485828], [2.3427084, 48.8485162], [2.3426951, 48.8484955]]], [[[2.3427441, 48.8485789], [2.3424943, 48.8486669], [2.3427563, 48.8486011], [2.3427441, 48.8485789]]], [[[2.3424004, 48.8486574], [2.3423211, 48.8486296], [2.3423363, 48.8486613], [2.3424004, 48.8486574]]], [[[2.3175695, 48.8495024], [2.3176225, 48.8494635], [2.3175607, 48.8494699], [2.3175695, 48.8495024]]], [[[2.3404851, 48.8508828], [2.3405115, 48.850858], [2.3404766, 48.8508649], [2.3404851, 48.8508828]]], [[[2.3401764, 48.8510814], [2.3402028, 48.8510566], [2.3401679, 48.8510636], [2.3401764, 48.8510814]]], [[[2.3261163, 48.8515843], [2.3260613, 48.8515596], [2.3260479, 48.8515711], [2.3261163, 48.8515843]]], [[[2.3332782, 48.8535501], [2.3332054, 48.8535376], [2.333181, 48.853553], [2.3332782, 48.8535501]]], [[[2.3230174, 48.856737], [2.3230188, 48.8566899], [2.3229921, 48.8567131], [2.3230174, 48.856737]]], [[[2.3348332, 48.8602736], [2.3348889, 48.8602255], [2.3348071, 48.8602405], [2.3348332, 48.8602736]]], [[[2.3385094, 48.860285], [2.3385539, 48.8604429], [2.3386618, 48.8603515], [2.3385094, 48.860285]]], [[[2.3199395, 48.8604419], [2.319883, 48.8603831], [2.3198634, 48.8604189], [2.3199395, 48.8604419]]], [[[2.3363223, 48.8608706], [2.3361517, 48.8605755], [2.3356983, 48.8606881], [2.3363223, 48.8608706]]], [[[2.33519, 48.8608145], [2.3354996, 48.860907], [2.3356525, 48.8606988], [2.33519, 48.8608145]]], [[[2.3356835, 48.860708], [2.3355315, 48.8609153], [2.3359996, 48.8608014], [2.3356835, 48.860708]]], [[[2.3363178, 48.8608957], [2.3359996, 48.8608014], [2.3361775, 48.8611066], [2.3363178, 48.8608957]]], [[[2.3360581, 48.8613244], [2.3365143, 48.861207], [2.3363465, 48.8609126], [2.3360581, 48.8613244]]], [[[2.3360268, 48.8613158], [2.3361775, 48.8611066], [2.3357048, 48.861225], [2.3360268, 48.8613158]]], [[[2.3360124, 48.8613362], [2.3356925, 48.8612459], [2.33556, 48.8614527], [2.3360124, 48.8613362]]], [[[2.3160467, 48.8616505], [2.3160138, 48.8616961], [2.3160714, 48.861677], [2.3160467, 48.8616505]]], [[[2.3296726, 48.8619649], [2.3298893, 48.8621167], [2.329929, 48.862004], [2.3296726, 48.8619649]]], [[[2.317402, 48.8624432], [2.3173171, 48.8624955], [2.3174169, 48.8624853], [2.317402, 48.8624432]]], [[[2.3293032, 48.8626959], [2.3290463, 48.8628011], [2.3290989, 48.8629972], [2.3295296, 48.8629595], [2.3293032, 48.8626959]]], [[[2.3273241, 48.8632012], [2.32764, 48.8629631], [2.3272368, 48.8630784], [2.3273241, 48.8632012]]], [[[2.330406, 48.8631386], [2.3307071, 48.8630598], [2.3304564, 48.8630294], [2.330406, 48.8631386]]], [[[2.3349916, 48.8636192], [2.3350305, 48.8637179], [2.3350825, 48.8636645], [2.3349916, 48.8636192]]], [[[2.3277637, 48.8638056], [2.3280796, 48.8635674], [2.3276764, 48.8636827], [2.3277637, 48.8638056]]], [[[2.3355289, 48.8637279], [2.3355925, 48.8638215], [2.3356445, 48.8637686], [2.3355289, 48.8637279]]], [[[2.3241086, 48.8642158], [2.3236712, 48.8645395], [2.3241632, 48.8648273], [2.3244838, 48.864725], [2.3246006, 48.8645036], [2.3241086, 48.8642158]]], [[[2.3207722, 48.8650262], [2.3207171, 48.8648956], [2.3206491, 48.8649688], [2.3207722, 48.8650262]]], [[[2.3394766, 48.8650639], [2.3395, 48.8650891], [2.3395087, 48.8650715], [2.3394766, 48.8650639]]], [[[2.3165772, 48.8653999], [2.3165504, 48.8653603], [2.3165321, 48.8653841], [2.3165772, 48.8653999]]], [[[2.3169312, 48.8659045], [2.3169915, 48.8659434], [2.3169995, 48.8659169], [2.3169312, 48.8659045]]], [[[2.3215297, 48.8660598], [2.3214855, 48.8659243], [2.3214027, 48.8659983], [2.3215297, 48.8660598]]], [[[2.3387217, 48.8671187], [2.3387393, 48.8670683], [2.338689, 48.8670891], [2.3387217, 48.8671187]]], [[[2.3179893, 48.8673273], [2.3180106, 48.8673758], [2.3180394, 48.8673442], [2.3179893, 48.8673273]]], [[[2.3375342, 48.8680078], [2.3376628, 48.8679319], [2.3375133, 48.8679666], [2.3375342, 48.8680078]]], [[[2.3206942, 48.8719845], [2.3207439, 48.8721072], [2.3207817, 48.8721367], [2.3206942, 48.8719845]]], [[[2.3313922, 48.876827], [2.3317236, 48.8769258], [2.3317901, 48.876892], [2.3313922, 48.876827]]], [[[2.3360382, 48.8774031], [2.3360555, 48.8774536], [2.3360836, 48.8774273], [2.3360382, 48.8774031]]], [[[2.3372515, 48.8821824], [2.3372462, 48.8820892], [2.3371786, 48.8821295], [2.3372515, 48.8821824]]], [[[2.3167352, 48.8873117], [2.3166907, 48.8871059], [2.3167026, 48.8873007], [2.315769, 48.8877943], [2.3156688, 48.8879678], [2.3159822, 48.8879985], [2.3160228, 48.8877412], [2.3167352, 48.8873117]], [[2.3157927, 48.8879085], [2.3158522, 48.8878832], [2.3158489, 48.8879019], [2.3157927, 48.8879085]]], [[[2.3371993, 48.8881993], [2.3372542, 48.8882098], [2.337214, 48.888166], [2.3371993, 48.8881993]]], [[[2.3411534, 48.8882419], [2.3413277, 48.888211], [2.3411413, 48.8882251], [2.3411534, 48.8882419]]], [[[2.3386511, 48.8919656], [2.3386966, 48.891855], [2.3384312, 48.8919671], [2.3386511, 48.8919656]]], [[[2.3386265, 48.8920013], [2.3388045, 48.8919829], [2.3388026, 48.891962], [2.3386265, 48.8920013]]], [[[2.3387003, 48.8920234], [2.3387032, 48.8920657], [2.3387191, 48.8920619], [2.3387003, 48.8920234]]], [[[2.3387261, 48.8920774], [2.3387356, 48.8921295], [2.3387513, 48.892126], [2.3387261, 48.8920774]]], [[[2.3388876, 48.8922819], [2.3387989, 48.8923439], [2.338901, 48.892324], [2.3388876, 48.8922819]]], [[[2.3248163, 48.8942586], [2.3247519, 48.8940276], [2.3247144, 48.8940417], [2.3248163, 48.8942586]]], [[[2.3553493, 48.8177076], [2.3553564, 48.8177142], [2.3553585, 48.8177092], [2.3553493, 48.8177076]]], [[[2.35411, 48.8182229], [2.3543961, 48.8184299], [2.3549454, 48.8182022], [2.354521, 48.8180444], [2.35411, 48.8182229]]], [[[2.3548541, 48.8183272], [2.3551421, 48.8184632], [2.3551885, 48.8184237], [2.3548541, 48.8183272]]], [[[2.3553405, 48.8185448], [2.3553247, 48.8184287], [2.3552039, 48.8184687], [2.3553405, 48.8185448]]], [[[2.3602653, 48.8186069], [2.3602936, 48.8185523], [2.3602395, 48.8185757], [2.3602653, 48.8186069]]], [[[2.3555833, 48.8185494], [2.3556517, 48.8186376], [2.3556926, 48.8185752], [2.3555833, 48.8185494]]], [[[2.349085, 48.8220859], [2.3480192, 48.8220314], [2.3477211, 48.8220666], [2.349085, 48.8220859]]], [[[2.3640357, 48.8234496], [2.3641718, 48.8231994], [2.3639458, 48.8230621], [2.364111, 48.8232112], [2.3640357, 48.8234496]]], [[[2.3557222, 48.8314551], [2.3555989, 48.8313292], [2.3554271, 48.8314275], [2.3555707, 48.8315264], [2.3557222, 48.8314551]]], [[[2.3504894, 48.8387572], [2.3504718, 48.8388141], [2.3505254, 48.8387921], [2.3504894, 48.8387572]]], [[[2.3501092, 48.8393436], [2.3500354, 48.8393172], [2.3500378, 48.8393441], [2.3501092, 48.8393436]]], [[[2.3448451, 48.8419267], [2.3448123, 48.841881], [2.3447946, 48.8419099], [2.3448451, 48.8419267]]], [[[2.3543409, 48.8423285], [2.3543658, 48.8423162], [2.3543353, 48.8423132], [2.3543409, 48.8423285]]], [[[2.3548342, 48.8423916], [2.3548352, 48.8423886], [2.3547799, 48.8423839], [2.3548342, 48.8423916]]], [[[2.354996, 48.8423816], [2.3550029, 48.842394], [2.3550047, 48.8423804], [2.354996, 48.8423816]]], [[[2.3548778, 48.8424052], [2.354861, 48.8423863], [2.3548551, 48.8424016], [2.3548778, 48.8424052]]], [[[2.3549557, 48.8424086], [2.3549566, 48.8424056], [2.3549014, 48.8424009], [2.3549557, 48.8424086]]], [[[2.3550795, 48.8424271], [2.3550805, 48.8424241], [2.3550253, 48.8424194], [2.3550795, 48.8424271]]], [[[2.3551213, 48.8424406], [2.3551045, 48.8424217], [2.3550986, 48.8424371], [2.3551213, 48.8424406]]], [[[2.3549794, 48.8424315], [2.3549863, 48.842444], [2.354988, 48.8424304], [2.3549794, 48.8424315]]], [[[2.3551996, 48.8424455], [2.3552006, 48.8424425], [2.3551453, 48.8424377], [2.3551996, 48.8424455]]], [[[2.3585891, 48.8435555], [2.3585958, 48.8435023], [2.35857, 48.8435564], [2.3585891, 48.8435555]]], [[[2.3590162, 48.8436133], [2.3589686, 48.8436526], [2.3589713, 48.8436599], [2.3590162, 48.8436133]]], [[[2.3602752, 48.8438512], [2.3603047, 48.843736], [2.3602444, 48.8438514], [2.3602752, 48.8438512]]], [[[2.3598098, 48.8438715], [2.3598169, 48.8438174], [2.3597931, 48.8438723], [2.3598098, 48.8438715]]], [[[2.3601991, 48.8439681], [2.3602035, 48.843918], [2.3601783, 48.8439685], [2.3601991, 48.8439681]]], [[[2.3584306, 48.8439354], [2.3584422, 48.8439669], [2.3584554, 48.8439463], [2.3584306, 48.8439354]]], [[[2.3575976, 48.8443832], [2.3575939, 48.8442681], [2.3575288, 48.8443023], [2.3575976, 48.8443832]]], [[[2.3629888, 48.8445261], [2.3624562, 48.8442914], [2.3621349, 48.8443224], [2.3629888, 48.8445261]]], [[[2.362043, 48.8444044], [2.3620391, 48.8444951], [2.3621217, 48.8444605], [2.362043, 48.8444044]]], [[[2.3493928, 48.8444804], [2.3494343, 48.8444569], [2.3493945, 48.8444655], [2.3493928, 48.8444804]]], [[[2.3577667, 48.8444954], [2.3578092, 48.8445464], [2.3578668, 48.8445608], [2.3577667, 48.8444954]]], [[[2.3597959, 48.8445344], [2.3598131, 48.8445911], [2.359846, 48.8445576], [2.3597959, 48.8445344]]], [[[2.3584813, 48.8450082], [2.3585758, 48.8449944], [2.3584813, 48.8449779], [2.3584813, 48.8450082]]], [[[2.3587723, 48.8450546], [2.3587859, 48.8451088], [2.3588247, 48.8450642], [2.3587723, 48.8450546]]], [[[2.3448527, 48.8452501], [2.3448287, 48.8452187], [2.3448177, 48.8452359], [2.3448527, 48.8452501]]], [[[2.361624, 48.8460468], [2.3616032, 48.8458456], [2.3615871, 48.8460384], [2.361624, 48.8460468]]], [[[2.3608502, 48.8463223], [2.3609113, 48.8462893], [2.3608236, 48.8462917], [2.3608502, 48.8463223]]], [[[2.3496721, 48.8472978], [2.3496354, 48.8471128], [2.3493543, 48.8471369], [2.34938, 48.8473168], [2.3496721, 48.8472978]]], [[[2.3485188, 48.847301], [2.3484663, 48.8473355], [2.3485484, 48.8473239], [2.3485188, 48.847301]]], [[[2.3445204, 48.8479515], [2.3445573, 48.8479156], [2.3445008, 48.8479407], [2.3445204, 48.8479515]]], [[[2.3493778, 48.8482389], [2.3494937, 48.848245], [2.349479, 48.8482066], [2.3493778, 48.8482389]]], [[[2.3485829, 48.8502295], [2.3485574, 48.8502589], [2.3485963, 48.8502478], [2.3485829, 48.8502295]]], [[[2.3514134, 48.852605], [2.3513546, 48.852516], [2.3513108, 48.8525558], [2.3514134, 48.852605]]], [[[2.3436775, 48.8532537], [2.3437917, 48.8531538], [2.3436284, 48.8532239], [2.3436775, 48.8532537]]], [[[2.3472683, 48.8574373], [2.3473019, 48.8575624], [2.3473812, 48.8574946], [2.3472683, 48.8574373]]], [[[2.3517002, 48.8595876], [2.3514828, 48.8593075], [2.3512693, 48.8593775], [2.3514866, 48.8596553], [2.3517002, 48.8595876]]], [[[2.3579631, 48.8599476], [2.3580624, 48.8600661], [2.3580926, 48.8600608], [2.3579631, 48.8599476]]], [[[2.3479556, 48.8606995], [2.3480918, 48.8605747], [2.3479081, 48.8606235], [2.3479556, 48.8606995]]], [[[2.3458548, 48.8619723], [2.3458089, 48.8620607], [2.3458926, 48.8620408], [2.3458548, 48.8619723]]], [[[2.3460106, 48.862172], [2.345862, 48.8622541], [2.3460521, 48.8622245], [2.3460106, 48.862172]]], [[[2.3456812, 48.8624103], [2.3458285, 48.8623653], [2.3456306, 48.8623123], [2.3456812, 48.8624103]]], [[[2.3462412, 48.8624176], [2.3460052, 48.8624416], [2.3461988, 48.8625016], [2.3462412, 48.8624176]]], [[[2.3610304, 48.8643723], [2.3612918, 48.8642224], [2.3611252, 48.864149], [2.3610304, 48.8643723]]], [[[2.3538687, 48.8670474], [2.3536314, 48.8670441], [2.3536168, 48.8670735], [2.3538687, 48.8670474]]], [[[2.3540097, 48.8672809], [2.3537723, 48.8672776], [2.3537577, 48.867307], [2.3540097, 48.8672809]]], [[[2.3639465, 48.8675142], [2.3639245, 48.867456], [2.3638445, 48.8674239], [2.3637982, 48.8674251], [2.3637617, 48.8674351], [2.3637147, 48.8674707], [2.3637049, 48.8674953], [2.3637335, 48.8675549], [2.3638155, 48.8675827], [2.3639018, 48.8675656], [2.3639465, 48.8675142]], [[2.3637546, 48.8675418], [2.3638988, 48.8674672], [2.3639068, 48.8675342], [2.3637546, 48.8675418]]], [[[2.3631388, 48.8679795], [2.363369, 48.8678422], [2.363027, 48.8679026], [2.3631388, 48.8679795]]], [[[2.3430092, 48.8855863], [2.3434576, 48.8856764], [2.3434686, 48.8856308], [2.3430092, 48.8855863]]], [[[2.363557, 48.8870697], [2.3633773, 48.8870856], [2.3634336, 48.8875336], [2.363793, 48.8875336], [2.363557, 48.8870697]]], [[[2.3626612, 48.8878478], [2.3627501, 48.8881268], [2.3628272, 48.8881081], [2.3626612, 48.8878478]]], [[[2.3629364, 48.8882562], [2.3628806, 48.8880425], [2.3628173, 48.8880582], [2.3629364, 48.8882562]]], [[[2.3632153, 48.8887058], [2.3631582, 48.8885112], [2.3631065, 48.8885246], [2.3632153, 48.8887058]]], [[[2.3631297, 48.8886079], [2.3631693, 48.888776], [2.3632246, 48.8887642], [2.3631297, 48.8886079]]], [[[2.3632528, 48.8888141], [2.3632911, 48.8889974], [2.3633552, 48.8889806], [2.3632528, 48.8888141]]], [[[2.3752557, 48.8259308], [2.375246, 48.8259915], [2.3752936, 48.8259508], [2.3752557, 48.8259308]]], [[[2.3808506, 48.8287056], [2.3803945, 48.8292742], [2.3808902, 48.8287233], [2.3808506, 48.8287056]]], [[[2.3758681, 48.830809], [2.3760367, 48.8304929], [2.3756134, 48.830669], [2.3758681, 48.830809]]], [[[2.3853495, 48.8330909], [2.3853248, 48.8332697], [2.3855573, 48.8331421], [2.3853495, 48.8330909]]], [[[2.3854661, 48.8335851], [2.3851383, 48.8332147], [2.3847364, 48.8331856], [2.3854661, 48.8335851]]], [[[2.3843063, 48.8334837], [2.3844294, 48.8335737], [2.3848203, 48.8332632], [2.3845619, 48.8332396], [2.3843063, 48.8334837]]], [[[2.3850596, 48.8339278], [2.3853527, 48.8337962], [2.3854583, 48.8336129], [2.3849905, 48.8337706], [2.3850596, 48.8339278]]], [[[2.3842902, 48.8335393], [2.3845039, 48.8338647], [2.3850205, 48.8339384], [2.3842902, 48.8335393]]], [[[2.383935, 48.8343704], [2.3845219, 48.8339039], [2.3838443, 48.8343228], [2.383935, 48.8343704]]], [[[2.3829571, 48.8351544], [2.3836255, 48.8344879], [2.382855, 48.8350999], [2.3829571, 48.8351544]]], [[[2.3794677, 48.8374658], [2.3797967, 48.8377847], [2.3800546, 48.83778], [2.3800025, 48.8374312], [2.3794677, 48.8374658]]], [[[2.3846325, 48.8430793], [2.3842836, 48.8432508], [2.3846555, 48.8430996], [2.3846325, 48.8430793]]], [[[2.3842321, 48.8432752], [2.3838833, 48.8434467], [2.3842551, 48.8432955], [2.3842321, 48.8432752]]], [[[2.3832467, 48.8448806], [2.3833014, 48.8447768], [2.3831951, 48.8448217], [2.3832467, 48.8448806]]], [[[2.3858928, 48.8518883], [2.386169, 48.8518098], [2.3857546, 48.8517939], [2.3858928, 48.8518883]]], [[[2.3658255, 48.8553034], [2.3657888, 48.8553551], [2.3658482, 48.8553335], [2.3658255, 48.8553034]]], [[[2.3651229, 48.8554244], [2.3650716, 48.8554688], [2.3651394, 48.8554553], [2.3651229, 48.8554244]]], [[[2.3660187, 48.8557799], [2.3659568, 48.8558155], [2.3660231, 48.8558069], [2.3660187, 48.8557799]]], [[[2.3652985, 48.8558877], [2.3652585, 48.8559381], [2.3653206, 48.8559194], [2.3652985, 48.8558877]]], [[[2.3850632, 48.8594343], [2.3850386, 48.8592856], [2.3849279, 48.859398], [2.3850632, 48.8594343]]], [[[2.379468, 48.8616307], [2.3794135, 48.8615812], [2.3793905, 48.8616212], [2.379468, 48.8616307]]], [[[2.3837216, 48.8709189], [2.3838624, 48.8710806], [2.3838337, 48.8708537], [2.3837216, 48.8709189]]], [[[2.3836139, 48.8710167], [2.3835082, 48.8710128], [2.3835155, 48.8710873], [2.3836139, 48.8710167]]], [[[2.3837122, 48.8710775], [2.3838177, 48.87114], [2.3838321, 48.8711245], [2.3837122, 48.8710775]]], [[[2.3839198, 48.8711826], [2.3839373, 48.8711625], [2.3838559, 48.8711568], [2.3839198, 48.8711826]]], [[[2.3838001, 48.8711549], [2.3833752, 48.8711642], [2.3833684, 48.8712585], [2.3838001, 48.8711549]]], [[[2.3839755, 48.8711768], [2.3840132, 48.8712206], [2.3840312, 48.8711985], [2.3839755, 48.8711768]]], [[[2.3840603, 48.8712082], [2.3840905, 48.8712509], [2.3841108, 48.8712278], [2.3840603, 48.8712082]]], [[[2.3841731, 48.8712419], [2.3842268, 48.871306], [2.3842463, 48.8712837], [2.3841731, 48.8712419]]], [[[2.3843838, 48.8712576], [2.3844044, 48.8713369], [2.3845291, 48.8713748], [2.3843838, 48.8712576]]], [[[2.3843789, 48.8713631], [2.3842664, 48.87139], [2.3844971, 48.8714093], [2.3843789, 48.8713631]]], [[[2.3845485, 48.8714053], [2.3845351, 48.8714204], [2.3846788, 48.871456], [2.3845485, 48.8714053]]], [[[2.3847416, 48.8714631], [2.3848628, 48.8715224], [2.3848702, 48.8715136], [2.3847416, 48.8714631]]], [[[2.3847096, 48.8714981], [2.3848317, 48.8715566], [2.3848386, 48.8715486], [2.3847096, 48.8714981]]], [[[2.3819236, 48.8802462], [2.3816957, 48.8812605], [2.3822949, 48.8816097], [2.3833174, 48.8815791], [2.3839075, 48.8810825], [2.3836754, 48.8801907], [2.3819236, 48.8802462]], [[2.3833937, 48.8810716], [2.3830301, 48.8813213], [2.3819269, 48.8811502], [2.3825769, 48.8804498], [2.383067, 48.8803327], [2.383378, 48.8804984], [2.3833937, 48.8810716]]], [[[2.3771037, 48.8854597], [2.3771187, 48.8853713], [2.3770408, 48.885413], [2.3771037, 48.8854597]]], [[[2.3664164, 48.8872912], [2.3664444, 48.8872837], [2.3655512, 48.8858268], [2.3664164, 48.8872912]]], [[[2.3856152, 48.893386], [2.3851721, 48.8937034], [2.3851708, 48.8937951], [2.3856152, 48.893386]]], [[[2.3862359, 48.8949761], [2.3858767, 48.8952696], [2.3856881, 48.8954455], [2.3858634, 48.8955328], [2.3864141, 48.8950637], [2.3862359, 48.8949761]]], [[[2.3867207, 48.8956889], [2.3861797, 48.8953851], [2.3859054, 48.8955538], [2.3865797, 48.8958897], [2.3867207, 48.8956889]]], [[[2.3823289, 48.8970771], [2.3807936, 48.8968963], [2.380782, 48.8969886], [2.3823289, 48.8970771]]], [[[2.3787667, 48.9010645], [2.3789102, 48.9011835], [2.3792025, 48.9010742], [2.3791516, 48.9010292], [2.3787667, 48.9010645]]], [[[2.4240034, 48.8277846], [2.4245694, 48.8275051], [2.4246273, 48.8274553], [2.4240034, 48.8277846]]], [[[2.4204485, 48.8280451], [2.4196573, 48.8279298], [2.4208999, 48.828436], [2.4204485, 48.8280451]]], [[[2.4183028, 48.8285158], [2.4188873, 48.828255], [2.4168943, 48.828527], [2.4155803, 48.8296453], [2.4149835, 48.8297231], [2.4143818, 48.8295187], [2.4124114, 48.8300333], [2.4093333, 48.831651], [2.4091371, 48.8322495], [2.4098858, 48.8329542], [2.4108823, 48.8331767], [2.4132032, 48.8327956], [2.4149763, 48.8313104], [2.41636, 48.8306702], [2.4176562, 48.8297441], [2.4182067, 48.8291459], [2.4183028, 48.8285158]], [[2.4128421, 48.8318117], [2.4124981, 48.831346], [2.4126591, 48.8307969], [2.4130748, 48.8304266], [2.4149414, 48.8299073], [2.4156608, 48.8298823], [2.4158992, 48.8300653], [2.4132887, 48.8317243], [2.4128421, 48.8318117]], [[2.4110984, 48.8327894], [2.4101328, 48.8326998], [2.4097422, 48.8323752], [2.409774, 48.8321114], [2.4118549, 48.8307766], [2.4122152, 48.8307767], [2.4123955, 48.8309744], [2.411973, 48.8321033], [2.4110984, 48.8327894]]], [[[2.4222848, 48.8287132], [2.4212422, 48.8288206], [2.4219847, 48.8289287], [2.4235283, 48.8287912], [2.4222374, 48.8288108], [2.4237379, 48.8279434], [2.4222848, 48.8287132]]], [[[2.417617, 48.8316085], [2.4174241, 48.8317662], [2.417475, 48.8318153], [2.4176869, 48.8316553], [2.417617, 48.8316085]], [[2.4176318, 48.8316563], [2.4175968, 48.8316601], [2.4176376, 48.8316488], [2.4176318, 48.8316563]], [[2.4175063, 48.8317734], [2.4175007, 48.8317625], [2.4175144, 48.8317652], [2.4175063, 48.8317734]]], [[[2.4171922, 48.8321689], [2.417526, 48.8321484], [2.4173259, 48.8320739], [2.4174023, 48.8318822], [2.4171835, 48.8319271], [2.4171922, 48.8321689]]], [[[2.41638, 48.8326296], [2.4168253, 48.8328524], [2.4174814, 48.8328464], [2.4171234, 48.8326327], [2.416394, 48.832508], [2.41638, 48.8326296]], [[2.4164493, 48.8326337], [2.4166452, 48.8325627], [2.4167245, 48.8326674], [2.4164493, 48.8326337]], [[2.4167622, 48.8327045], [2.4170174, 48.8326866], [2.4168221, 48.8327977], [2.4167622, 48.8327045]], [[2.4174167, 48.8328182], [2.4172548, 48.83283], [2.4170563, 48.8327024], [2.4171139, 48.8326871], [2.4174167, 48.8328182]]], [[[2.4170706, 48.8332463], [2.4171595, 48.8332079], [2.4171324, 48.8330837], [2.4169512, 48.8330174], [2.4165356, 48.8329838], [2.4162777, 48.8330661], [2.4170706, 48.8332463]], [[2.4170125, 48.8332124], [2.4170768, 48.8331078], [2.417105, 48.8332075], [2.4170125, 48.8332124]]], [[[2.4190306, 48.832897], [2.4181227, 48.8329332], [2.418414, 48.833377], [2.4190349, 48.833323], [2.4188716, 48.8331134], [2.4190306, 48.832897]]], [[[2.4197567, 48.8332306], [2.4197339, 48.8331994], [2.4197328, 48.8332075], [2.4197567, 48.8332306]]], [[[2.4178488, 48.8333577], [2.4179229, 48.8332995], [2.4178076, 48.8333136], [2.4178488, 48.8333577]]], [[[2.4190255, 48.8334665], [2.419356, 48.8334378], [2.419409, 48.8333163], [2.4192284, 48.8331965], [2.4190255, 48.8334665]]], [[[2.4175598, 48.8333597], [2.4177435, 48.8334259], [2.4177036, 48.8333683], [2.4175598, 48.8333597]]], [[[2.4186602, 48.8336017], [2.418919, 48.833641], [2.4186141, 48.8335408], [2.4186602, 48.8336017]]], [[[2.4185665, 48.8337049], [2.4188704, 48.8336921], [2.4185387, 48.8335607], [2.4185665, 48.8337049]]], [[[2.4175602, 48.8337736], [2.4175167, 48.8337992], [2.4175704, 48.8337767], [2.4175602, 48.8337736]]], [[[2.4183334, 48.8339077], [2.4183891, 48.8339185], [2.4184069, 48.8338978], [2.4183475, 48.8338797], [2.4183334, 48.8339077]], [[2.4183794, 48.8338936], [2.4183693, 48.8339102], [2.4183549, 48.8338993], [2.4183794, 48.8338936]]], [[[2.4193103, 48.834276], [2.4192452, 48.8343043], [2.419319, 48.8343122], [2.4193103, 48.834276]]], [[[2.4079337, 48.8351144], [2.4070712, 48.8353327], [2.4070618, 48.835369], [2.4079337, 48.8351144]]], [[[2.406435, 48.8381824], [2.4065286, 48.8381943], [2.4065289, 48.8381294], [2.406435, 48.8381824]]], [[[2.3955971, 48.8395976], [2.3957923, 48.8397309], [2.396003, 48.8396082], [2.3958257, 48.8394644], [2.3955971, 48.8395976]]], [[[2.3930273, 48.8411196], [2.3930178, 48.8410341], [2.3929596, 48.8410806], [2.3930273, 48.8411196]]], [[[2.3876162, 48.8411543], [2.3876916, 48.8411728], [2.3876828, 48.8411386], [2.3876162, 48.8411543]]], [[[2.4209503, 48.8413075], [2.4205238, 48.8415118], [2.4200863, 48.8421266], [2.4205667, 48.8423006], [2.4232387, 48.8421645], [2.4237201, 48.8418505], [2.4234974, 48.8416534], [2.4209503, 48.8413075]], [[2.4208515, 48.8420772], [2.4205626, 48.8417373], [2.4210762, 48.8415346], [2.4229327, 48.8418168], [2.4224884, 48.8420172], [2.4208515, 48.8420772]]], [[[2.3882827, 48.8426177], [2.3883909, 48.8428089], [2.3885287, 48.8426799], [2.3882827, 48.8426177]]], [[[2.4022447, 48.8449867], [2.4022612, 48.8449344], [2.4022123, 48.8449564], [2.4022447, 48.8449867]]], [[[2.3991313, 48.8585727], [2.3991462, 48.8584521], [2.3989853, 48.858516], [2.3991313, 48.8585727]]], [[[2.4053222, 48.8606784], [2.4054071, 48.8607156], [2.4053702, 48.8606592], [2.4053222, 48.8606784]]], [[[2.4113897, 48.8612603], [2.4122467, 48.8612669], [2.4123023, 48.8611575], [2.4115949, 48.8611509], [2.4113897, 48.8612603]]], [[[2.4028502, 48.8617738], [2.4035979, 48.8610772], [2.4027634, 48.8608063], [2.4020758, 48.8613864], [2.4028502, 48.8617738]]], [[[2.3918487, 48.8637931], [2.3918335, 48.863695], [2.391727, 48.8636989], [2.3918487, 48.8637931]]], [[[2.3881474, 48.8660646], [2.3884336, 48.8659975], [2.3882453, 48.8659375], [2.3881474, 48.8660646]]], [[[2.4065968, 48.8672371], [2.4065442, 48.8673075], [2.4066036, 48.867304], [2.4065968, 48.8672371]]], [[[2.4040548, 48.8674611], [2.4040958, 48.8674628], [2.4040756, 48.8674383], [2.4040548, 48.8674611]]], [[[2.4039503, 48.8675365], [2.4039804, 48.867506], [2.4039199, 48.8675352], [2.4039503, 48.8675365]]], [[[2.4038948, 48.8681235], [2.403918, 48.8680584], [2.4038662, 48.8680996], [2.4038948, 48.8681235]]], [[[2.4007914, 48.8742833], [2.4009566, 48.8738872], [2.400248, 48.8737542], [2.4000784, 48.8741453], [2.4007914, 48.8742833]]], [[[2.4080498, 48.8787779], [2.4082924, 48.8788937], [2.4082989, 48.8787843], [2.4080498, 48.8787779]]], [[[2.3993264, 48.8823216], [2.3992204, 48.8824548], [2.399531, 48.8823906], [2.3993264, 48.8823216]]], [[[2.3870776, 48.8946089], [2.3876115, 48.8949184], [2.387978, 48.894674], [2.3870681, 48.8941294], [2.3864679, 48.8947755], [2.3870776, 48.8946089]]], [[[2.3890932, 48.8945284], [2.3885936, 48.8942795], [2.3882149, 48.894608], [2.3887146, 48.8948569], [2.3890932, 48.8945284]], [[2.3886408, 48.8947351], [2.3884199, 48.8945068], [2.3888417, 48.8944536], [2.3888795, 48.8946486], [2.3886408, 48.8947351]]], [[[2.3877899, 48.8949702], [2.3880109, 48.8950907], [2.3883034, 48.8948352], [2.3880149, 48.8946924], [2.3877899, 48.8949702]]], [[[2.3909319, 48.8954588], [2.3906514, 48.8951906], [2.3893264, 48.8946535], [2.3902787, 48.8951329], [2.3909319, 48.8954588]]], [[[2.3883956, 48.8952742], [2.3886846, 48.8950242], [2.3883918, 48.894879], [2.3881031, 48.8951361], [2.3883956, 48.8952742]]], [[[2.3884366, 48.8952941], [2.3891122, 48.8956343], [2.3894001, 48.895379], [2.3893172, 48.8952357], [2.3887247, 48.8950441], [2.3884366, 48.8952941]]], [[[2.3892213, 48.895688], [2.3899516, 48.8960559], [2.389543, 48.8963184], [2.3896956, 48.8963924], [2.3903274, 48.8958388], [2.3896636, 48.8954074], [2.3892213, 48.895688]]], [[[2.387332, 48.8962607], [2.3879964, 48.8965945], [2.3881877, 48.8964251], [2.3876184, 48.896106], [2.387332, 48.8962607]]], [[[2.3888971, 48.8967463], [2.3882318, 48.8964474], [2.388041, 48.8966173], [2.3887049, 48.896949], [2.3888971, 48.8967463]]], [[[2.3887532, 48.8969724], [2.3889367, 48.8970575], [2.3894637, 48.8965957], [2.3893121, 48.8965181], [2.3887532, 48.8969724]]], [[[2.449192, 48.8201435], [2.4501872, 48.8198827], [2.4505317, 48.8193567], [2.449946, 48.8192749], [2.4484723, 48.8197663], [2.4472569, 48.8196959], [2.4476436, 48.8200707], [2.449192, 48.8201435]]], [[[2.4532624, 48.8205299], [2.452336, 48.8201602], [2.4523202, 48.8199043], [2.4518052, 48.8195983], [2.4521828, 48.8200913], [2.4524994, 48.8202605], [2.4532624, 48.8205299]]], [[[2.4470068, 48.8198487], [2.4467614, 48.8200155], [2.4454715, 48.820332], [2.4467345, 48.8201281], [2.44698, 48.8198818], [2.4471188, 48.8200169], [2.4470068, 48.8198487]]], [[[2.4443105, 48.8205568], [2.4449489, 48.8203864], [2.4447088, 48.8203515], [2.4444459, 48.8203648], [2.4441375, 48.8206615], [2.4444392, 48.8207105], [2.4443105, 48.8205568]]], [[[2.4595052, 48.8211197], [2.4594274, 48.8208734], [2.459304, 48.8209688], [2.4595052, 48.8211197]]], [[[2.4551925, 48.8212167], [2.4551627, 48.8212548], [2.4552469, 48.8212816], [2.4551925, 48.8212167]]], [[[2.4439531, 48.8209926], [2.4428648, 48.821488], [2.4428091, 48.8216849], [2.4430988, 48.8216239], [2.4432001, 48.8213745], [2.4437439, 48.8212955], [2.4439135, 48.8210284], [2.444161, 48.8210381], [2.4453934, 48.8208063], [2.4449931, 48.8208147], [2.4439531, 48.8209926]], [[2.4429573, 48.8216001], [2.4429741, 48.821529], [2.4430069, 48.8215559], [2.4429573, 48.8216001]]], [[[2.44399, 48.8221985], [2.4439578, 48.8222612], [2.4440486, 48.8222577], [2.44399, 48.8221985]]], [[[2.4335243, 48.8232848], [2.4353609, 48.8225324], [2.4396035, 48.8222344], [2.4414441, 48.821929], [2.4417287, 48.8220835], [2.4419747, 48.8219736], [2.4420295, 48.8218527], [2.4351502, 48.8225076], [2.4337273, 48.8230854], [2.4329811, 48.8236183], [2.4327782, 48.8240087], [2.4335243, 48.8232848]], [[2.4416241, 48.8219425], [2.4419356, 48.8219305], [2.4416144, 48.8219843], [2.4416241, 48.8219425]]], [[[2.4590331, 48.8230517], [2.4593771, 48.8231082], [2.459591, 48.8230098], [2.4590834, 48.8228844], [2.4590331, 48.8230517]]], [[[2.4576434, 48.8231369], [2.45757, 48.8230541], [2.4575378, 48.8230775], [2.4576434, 48.8231369]]], [[[2.4448945, 48.823242], [2.4447423, 48.8231502], [2.4447551, 48.823231], [2.4448945, 48.823242]]], [[[2.457514, 48.8232031], [2.4576189, 48.8231983], [2.4576062, 48.8231789], [2.457514, 48.8232031]]], [[[2.4576918, 48.8232933], [2.4576561, 48.8232468], [2.457625, 48.8232762], [2.4576918, 48.8232933]]], [[[2.4602671, 48.8233979], [2.4605666, 48.8232182], [2.4605621, 48.8232066], [2.4602671, 48.8233979]]], [[[2.4578704, 48.823295], [2.4575576, 48.8234105], [2.4574815, 48.8234919], [2.4578219, 48.8235168], [2.4578704, 48.823295]], [[2.4577011, 48.8234568], [2.4577088, 48.8234327], [2.4577319, 48.8234468], [2.4577011, 48.8234568]]], [[[2.4613481, 48.823591], [2.4613857, 48.8236545], [2.4613867, 48.823596], [2.4613481, 48.823591]]], [[[2.4620339, 48.8238848], [2.4620784, 48.8237203], [2.4617653, 48.8237651], [2.4620339, 48.8238848]]], [[[2.4549265, 48.8238944], [2.4542453, 48.8240366], [2.4547465, 48.8246583], [2.4552283, 48.8246437], [2.4552588, 48.824139], [2.4549265, 48.8238944]]], [[[2.4286161, 48.826115], [2.4302737, 48.8244129], [2.4309057, 48.8241614], [2.431696, 48.8241994], [2.4309305, 48.8240585], [2.4317991, 48.8236706], [2.4326814, 48.8235976], [2.4316351, 48.8236599], [2.4298707, 48.8245796], [2.4286161, 48.826115]]], [[[2.4317776, 48.8249495], [2.4312827, 48.8258025], [2.4306829, 48.8269875], [2.4318599, 48.8249133], [2.4319131, 48.8241761], [2.4317642, 48.8241779], [2.4317776, 48.8249495]]], [[[2.4257232, 48.8269814], [2.4269148, 48.8264962], [2.4279894, 48.8264099], [2.4284954, 48.8262169], [2.426674, 48.8265259], [2.4257232, 48.8269814]]], [[[2.4640425, 48.8274016], [2.4638558, 48.8269852], [2.4636774, 48.8268325], [2.4639121, 48.8273397], [2.4640425, 48.8274016]]], [[[2.4462263, 48.8272492], [2.4462497, 48.8273127], [2.4462993, 48.8272929], [2.4462263, 48.8272492]]], [[[2.4496347, 48.8274297], [2.4459332, 48.8276509], [2.4499686, 48.827431], [2.4496347, 48.8274297]]], [[[2.4304069, 48.8273672], [2.4299365, 48.8282548], [2.4297059, 48.82843], [2.4300297, 48.8282764], [2.4304069, 48.8273672]]], [[[2.4239711, 48.8287844], [2.4247271, 48.8278161], [2.4254541, 48.8271467], [2.4249091, 48.8274234], [2.4250202, 48.8275066], [2.4243607, 48.8280863], [2.4240819, 48.8286332], [2.4237023, 48.8288216], [2.4239711, 48.8287844]]], [[[2.4643637, 48.8312377], [2.4648233, 48.830324], [2.4648287, 48.830148], [2.4641836, 48.8287156], [2.4644336, 48.8280386], [2.4644405, 48.8279089], [2.4643, 48.8275114], [2.464411, 48.8279519], [2.4641538, 48.8287273], [2.4648109, 48.8302966], [2.4644237, 48.8309227], [2.4643637, 48.8312377]]], [[[2.4295909, 48.8293337], [2.4290149, 48.8316207], [2.4291289, 48.8317567], [2.4296814, 48.8292998], [2.4293824, 48.8287956], [2.4295469, 48.8284435], [2.4292348, 48.8286563], [2.4295909, 48.8293337]]], [[[2.4259568, 48.8308322], [2.42594, 48.8309492], [2.4259964, 48.830902], [2.4259568, 48.8308322]]], [[[2.4643918, 48.8313679], [2.4648042, 48.8340198], [2.4631818, 48.8350268], [2.4625304, 48.8349416], [2.4630226, 48.8351493], [2.4648277, 48.8340196], [2.4643918, 48.8313679]], [[2.4630618, 48.8350575], [2.4630095, 48.835095], [2.4629844, 48.8350681], [2.4630618, 48.8350575]]], [[[2.4292257, 48.8327285], [2.4289166, 48.8317791], [2.4291989, 48.8328914], [2.4290936, 48.8340624], [2.4292257, 48.8327285]]], [[[2.4667651, 48.8337395], [2.4668091, 48.8338435], [2.4668532, 48.8337362], [2.4667651, 48.8337395]]], [[[2.4363524, 48.8340708], [2.4365589, 48.8341723], [2.4366273, 48.8338889], [2.43641, 48.833881], [2.4363524, 48.8340708]]], [[[2.4671019, 48.8344548], [2.4676075, 48.8345925], [2.4676551, 48.8345545], [2.4673828, 48.8343259], [2.4671019, 48.8344548]]], [[[2.461189, 48.8350599], [2.4617522, 48.8349734], [2.4622994, 48.8349196], [2.4617415, 48.8349516], [2.461189, 48.8350599]]], [[[2.4609382, 48.8351495], [2.4611105, 48.8350549], [2.4607785, 48.8349625], [2.4611348, 48.8345932], [2.4603697, 48.8339359], [2.4589184, 48.8336908], [2.4577981, 48.8340654], [2.4567022, 48.834773], [2.4560581, 48.8355233], [2.4562418, 48.8369513], [2.456906, 48.8377942], [2.4582214, 48.8386017], [2.4597488, 48.8386159], [2.4605144, 48.838168], [2.4597938, 48.8378545], [2.4593946, 48.8373797], [2.4592948, 48.8357817], [2.4600593, 48.8351605], [2.4605372, 48.8350104], [2.4606894, 48.8350877], [2.4609382, 48.8351495]], [[2.4610304, 48.8350791], [2.4608983, 48.8351186], [2.4605598, 48.8350064], [2.4607638, 48.8349654], [2.4610304, 48.8350791]], [[2.4606277, 48.8348374], [2.4575635, 48.8354595], [2.4571502, 48.8351032], [2.45806, 48.834188], [2.4590932, 48.833878], [2.4600515, 48.8340161], [2.4608293, 48.8344912], [2.4606277, 48.8348374]], [[2.4590078, 48.8355189], [2.4589355, 48.8373235], [2.4586094, 48.8375833], [2.4574713, 48.8373669], [2.4571843, 48.8369088], [2.4573133, 48.8358433], [2.4590078, 48.8355189]], [[2.4581681, 48.8381782], [2.4583237, 48.8379487], [2.4588588, 48.8378842], [2.4595763, 48.837984], [2.4600041, 48.8383114], [2.459709, 48.8385409], [2.4590626, 48.8385921], [2.4581681, 48.8381782]]], [[[2.4632546, 48.8352073], [2.4636848, 48.8354947], [2.4644133, 48.8356708], [2.4647375, 48.8356829], [2.4650047, 48.8355964], [2.465625, 48.8356315], [2.4660029, 48.8355518], [2.4650359, 48.8355732], [2.4646731, 48.8356706], [2.4637451, 48.8354956], [2.4633646, 48.8352018], [2.4630695, 48.8351974], [2.4628409, 48.8352786], [2.4632546, 48.8352073]]], [[[2.466087, 48.8355042], [2.4674117, 48.8356355], [2.4681848, 48.8356233], [2.4687203, 48.8358646], [2.4681255, 48.8355843], [2.466087, 48.8355042]]], [[[2.4625475, 48.8355205], [2.4622183, 48.8358961], [2.4626109, 48.8354945], [2.4625475, 48.8355205]]], [[[2.4270538, 48.8366321], [2.4286819, 48.8349037], [2.4290695, 48.8342588], [2.4273509, 48.836298], [2.425761, 48.8375903], [2.4270538, 48.8366321]]], [[[2.4621224, 48.8360071], [2.4622679, 48.8363064], [2.4622873, 48.8363227], [2.462231, 48.8359727], [2.4621224, 48.8360071]]], [[[2.4686173, 48.8363077], [2.4689456, 48.8362474], [2.4692762, 48.8361993], [2.4687759, 48.8359341], [2.4686173, 48.8363077]]], [[[2.4435312, 48.8362025], [2.4432506, 48.8366156], [2.4429272, 48.8365931], [2.4431559, 48.8366439], [2.44332, 48.8366081], [2.4435489, 48.8363797], [2.443569, 48.8362857], [2.4435312, 48.8362025]]], [[[2.462111, 48.8364792], [2.4620748, 48.8367241], [2.4622776, 48.8363739], [2.462111, 48.8364792]]], [[[2.4621432, 48.8367813], [2.4620801, 48.8370955], [2.4619956, 48.837163], [2.4622203, 48.8370439], [2.4621432, 48.8367813]]], [[[2.4499868, 48.8369342], [2.4499298, 48.8369834], [2.4499799, 48.836988], [2.4499868, 48.8369342]]], [[[2.4419324, 48.837674], [2.4418823, 48.83753], [2.4423022, 48.8376035], [2.4420887, 48.8373417], [2.4422455, 48.8372562], [2.4424834, 48.8376341], [2.4427212, 48.8376427], [2.4427242, 48.8374688], [2.4425474, 48.8372893], [2.4421769, 48.8372467], [2.4420819, 48.8373154], [2.4420716, 48.8373829], [2.4421874, 48.8375137], [2.4417796, 48.8375345], [2.4419324, 48.837674]]], [[[2.461376, 48.8378366], [2.461894, 48.8376353], [2.4619517, 48.8371273], [2.4618414, 48.8376309], [2.4614367, 48.8377452], [2.461376, 48.8378366]]], [[[2.4421189, 48.8377488], [2.4421953, 48.8377769], [2.4421699, 48.8377187], [2.4421189, 48.8377488]]], [[[2.4608751, 48.8380553], [2.461368, 48.8378723], [2.4605992, 48.8381223], [2.4608751, 48.8380553]]], [[[2.4254347, 48.8378483], [2.4250601, 48.8381213], [2.424796, 48.8386666], [2.4244675, 48.839854], [2.424959, 48.8399735], [2.4255647, 48.8403356], [2.4259103, 48.8404235], [2.4259798, 48.840647], [2.4262997, 48.8409037], [2.4259601, 48.8404249], [2.4250078, 48.8399322], [2.4247367, 48.83956], [2.4248581, 48.8387002], [2.4254347, 48.8378483]], [[2.4248868, 48.8399034], [2.4245663, 48.8398628], [2.4246843, 48.839733], [2.4248868, 48.8399034]]], [[[2.4422503, 48.8380365], [2.4418871, 48.8382521], [2.4420029, 48.8384119], [2.4424492, 48.8383183], [2.4422221, 48.8388966], [2.4428793, 48.8389226], [2.4427231, 48.8391922], [2.4432203, 48.8389913], [2.4428521, 48.8387407], [2.4426383, 48.8382184], [2.4422503, 48.8380365]]], [[[2.4441136, 48.8391284], [2.4438831, 48.8391433], [2.4440019, 48.839212], [2.4441136, 48.8391284]]], [[[2.4398435, 48.8392943], [2.4399696, 48.8393755], [2.4400313, 48.8393085], [2.4398435, 48.8392943]]], [[[2.4340257, 48.839623], [2.4336165, 48.8395824], [2.4336065, 48.839612], [2.4340257, 48.839623]]], [[[2.4327289, 48.8397458], [2.4334281, 48.8395847], [2.4326705, 48.8397077], [2.4327289, 48.8397458]]], [[[2.4290432, 48.8404488], [2.4296034, 48.8402902], [2.4298658, 48.8401958], [2.4305819, 48.8397442], [2.4296829, 48.8402351], [2.4289973, 48.840295], [2.4290432, 48.8404488]]], [[[2.4287644, 48.8407259], [2.428856, 48.8406091], [2.4287047, 48.8407125], [2.4287644, 48.8407259]]], [[[2.4280193, 48.8412345], [2.4284803, 48.8409729], [2.4287177, 48.840794], [2.4280193, 48.8412345]]], [[[2.4266646, 48.8414097], [2.4278453, 48.8412721], [2.4263088, 48.841354], [2.4266646, 48.8414097]]], [[[2.4250631, 48.8416245], [2.4262143, 48.8413201], [2.4262834, 48.8410637], [2.4259368, 48.8413917], [2.4250631, 48.8416245]]]]}, "properties": {"kind": "water", "name": "Seine (surface)"}}]}