{
 "type": "FeatureCollection",
 "features": [
  {
   "type": "Feature",
   "geometry": {
    "type": "Point",
    "coordinates": [
     2.350494,
     48.861071
    ]
   },
   "properties": {
    "id": "PA_0002",
    "codes": [
     "PA_0002"
    ],
    "city": "PA",
    "address": "45 rue Quincampoix",
    "in_paris": true,
    "excluded": false,
    "exclude_reason": "",
    "raw_name": "Space Invader PA_0002, 45 rue Quincampoix",
    "arrondissement": 4
   }
  },
  {
   "type": "Feature",
   "geometry": {
    "type": "Point",
    "coordinates": [
     2.348519,
     48.848851
    ]
   },
   "properties": {
    "id": "PA_0003",
    "codes": [
     "PA_0003"
    ],
    "city": "PA",
    "address": "14 rue de la Montagne Sainte-Geneviève",
    "in_paris": true,
    "excluded": false,
    "exclude_reason": "",
    "raw_name": "Space Invader PA_0003, 14 rue de la Montagne Sainte-Geneviève",
    "arrondissement": 5
   }
  },
  {
   "type": "Feature",
   "geometry": {
    "type": "Point",
    "coordinates": [
     2.351085,
     48.847105
    ]
   },
   "properties": {
    "id": "PA_0004",
    "codes": [
     "PA_0004"
    ],
    "city": "PA",
    "address": "22 rue Monge",
    "in_paris": true,
    "excluded": false,
    "exclude_reason": "",
    "raw_name": "Space Invader PA_0004, 22 rue Monge",
    "arrondissement": 5
   }
  },
  {
   "type": "Feature",
   "geometry": {
    "type": "Point",
    "coordinates": [
     2.33376,
     48.85181
    ]
   },
   "properties": {
    "id": "PA_0005",
    "codes": [
     "PA_0005"
    ],
    "city": "PA",
    "address": "25 rue Guisarde",
    "in_paris": true,
    "excluded": false,
    "exclude_reason": "",
    "raw_name": "Space Invader PA_0005, 25 rue Guisarde",
    "arrondissement": 6
   }
  },
  {
   "type": "Feature",
   "geometry": {
    "type": "Point",
    "coordinates": [
     2.336769,
     48.855063
    ]
   },
   "properties": {
    "id": "PA_0006",
    "codes": [
     "PA_0006"
    ],
    "city": "PA",
    "address": "40 rue de Seine",
    "in_paris": true,
    "excluded": false,
    "exclude_reason": "",
    "raw_name": "Space Invader PA_0006, 40 rue de Seine",
    "arrondissement": 6
   }
  },
  {
   "type": "Feature",
   "geometry": {
    "type": "Point",
    "coordinates": [
     2.363517,
     48.873073
    ]
   },
   "properties": {
    "id": "PA_0007",
    "codes": [
     "PA_0007"
    ],
    "city": "PA",
    "address": "89 quai de Valmy",
    "in_paris": true,
    "excluded": false,
    "exclude_reason": "",
    "raw_name": "Space Invader PA_0007, 89 quai de Valmy",
    "arrondissement": 10
   }
  },
  {
   "type": "Feature",
   "geometry": {
    "type": "Point",
    "coordinates": [
     2.397594,
     48.865787
    ]
   },
   "properties": {
    "id": "PA_0008",
    "codes": [
     "PA_0008",
     "PA_1083"
    ],
    "city": "PA",
    "address": "Impasse Cordon-Boussard",
    "in_paris": true,
    "excluded": false,
    "exclude_reason": "",
    "raw_name": "Space Invader PA_0008 & PA_1083, Impasse Cordon-Boussard",
    "arrondissement": 20
   }
  },
  {
   "type": "Feature",
   "geometry": {
    "type": "Point",
    "coordinates": [
     2.37574,
     48.85326
    ]
   },
   "properties": {
    "id": "PA_0010",
    "codes": [
     "PA_0010"
    ],
    "city": "PA",
    "address": "30 rue de Charonne",
    "in_paris": true,
    "excluded": false,
    "exclude_reason": "",
    "raw_name": "Space Invader PA_0010, 30 rue de Charonne",
    "arrondissement": 11
   }
  },
  {
   "type": "Feature",
   "geometry": {
    "type": "Point",
    "coordinates": [
     2.375463,
     48.847401
    ]
   },
   "properties": {
    "id": "PA_0013",
    "codes": [
     "PA_0013"
    ],
    "city": "PA",
    "address": "47 avenue Daumesnil",
    "in_paris": true,
    "excluded": false,
    "exclude_reason": "",
    "raw_name": "Space Invader PA_0013, 47 avenue Daumesnil",
    "arrondissement": 12
   }
  },
  {
   "type": "Feature",
   "geometry": {
    "type": "Point",
    "coordinates": [
     2.372716,
     48.848836
    ]
   },
   "properties": {
    "id": "PA_0014",
    "codes": [
     "PA_0014"
    ],
    "city": "PA",
    "address": "59 avenue Ledru-Rollin",
    "in_paris": true,
    "excluded": false,
    "exclude_reason": "",
    "raw_name": "Space Invader PA_0014, 59 avenue Ledru-Rollin",
    "arrondissement": 12
   }
  },
  {
   "type": "Feature",
   "geometry": {
    "type": "Point",
    "coordinates": [
     2.380831,
     48.848117
    ]
   },
   "properties": {
    "id": "PA_0015",
    "codes": [
     "PA_0015"
    ],
    "city": "PA",
    "address": "24 rue de Cîteaux",
    "in_paris": true,
    "excluded": false,
    "exclude_reason": "",
    "raw_name": "Space Invader PA_0015, 24 rue de Cîteaux",
    "arrondissement": 12
   }
  },
  {
   "type": "Feature",
   "geometry": {
    "type": "Point",
    "coordinates": [
     2.374375,
     48.84949
    ]
   },
   "properties": {
    "id": "PA_0016",
    "codes": [
     "PA_0016"
    ],
    "city": "PA",
    "address": "76 avenue Ledru-Rollin",
    "in_paris": true,
    "excluded": false,
    "exclude_reason": "",
    "raw_name": "Space Invader PA_0016, 76 avenue Ledru-Rollin",
    "arrondissement": 12
   }
  },
  {
   "type": "Feature",
   "geometry": {
    "type": "Point",
    "coordinates": [
     2.361939,
     48.815751
    ]
   },
   "properties": {
    "id": "PA_0017",
    "codes": [
     "PA_0017"
    ],
    "city": "PA",
    "address": "face à la rue Voltaire",
    "in_paris": false,
    "excluded": false,
    "exclude_reason": "",
    "raw_name": "Space Invader PA_0017, face à la rue Voltaire"
   }
  },
  {
   "type": "Feature",
   "geometry": {
    "type": "Point",
    "coordinates": [
     2.341277,
     48.888538
    ]
   },
   "properties": {
    "id": "PA_0018",
    "codes": [
     "PA_0018"
    ],
    "city": "PA",
    "address": "16 rue Saint-Vincent",
    "in_paris": true,
    "excluded": false,
    "exclude_reason": "",
    "raw_name": "Space Invader PA_0018, 16 rue Saint-Vincent",
    "arrondissement": 18
   }
  },
  {
   "type": "Feature",
   "geometry": {
    "type": "Point",
    "coordinates": [
     2.364043,
     48.873203
    ]
   },
   "properties": {
    "id": "PA_0019",
    "codes": [
     "PA_0019"
    ],
    "city": "PA",
    "address": "pont piéton de la Grange aux Belles",
    "in_paris": true,
    "excluded": false,
    "exclude_reason": "",
    "raw_name": "Space Invader PA_0019, pont piéton de la Grange aux Belles",
    "arrondissement": 10
   }
  },
  {
   "type": "Feature",
   "geometry": {
    "type": "Point",
    "coordinates": [
     2.345908,
     48.870718
    ]
   },
   "properties": {
    "id": "PA_0020",
    "codes": [
     "PA_0020"
    ],
    "city": "PA",
    "address": "20 rue Saint-Fiacre",
    "in_paris": true,
    "excluded": false,
    "exclude_reason": "",
    "raw_name": "Space Invader PA_0020, 20 rue Saint-Fiacre",
    "arrondissement": 2
   }
  },
  {
   "type": "Feature",
   "geometry": {
    "type": "Point",
    "coordinates": [
     2.345564,
     48.870137
    ]
   },
   "properties": {
    "id": "PA_0021",
    "codes": [
     "PA_0021"
    ],
    "city": "PA",
    "address": "12 rue Saint-Fiacre",
    "in_paris": true,
    "excluded": false,
    "exclude_reason": "",
    "raw_name": "Space Invader PA_0021, 12 rue Saint-Fiacre",
    "arrondissement": 2
   }
  },
  {
   "type": "Feature",
   "geometry": {
    "type": "Point",
    "coordinates": [
     2.364654,
     48.859843
    ]
   },
   "properties": {
    "id": "PA_0022",
    "codes": [
     "PA_0022"
    ],
    "city": "PA",
    "address": "68 rue de Turenne",
    "in_paris": true,
    "excluded": false,
    "exclude_reason": "",
    "raw_name": "Space Invader PA_0022, 68 rue de Turenne",
    "arrondissement": 3
   }
  },
  {
   "type": "Feature",
   "geometry": {
    "type": "Point",
    "coordinates": [
     2.35343,
     48.8622
    ]
   },
   "properties": {
    "id": "PA_0023",
    "codes": [
     "PA_0023"
    ],
    "city": "PA",
    "address": "5 impasse Beaubourg",
    "in_paris": true,
    "excluded": false,
    "exclude_reason": "",
    "raw_name": "Space Invader PA_0023, 5 impasse Beaubourg",
    "arrondissement": 3
   }
  },
  {
   "type": "Feature",
   "geometry": {
    "type": "Point",
    "coordinates": [
     2.354526,
     48.833385
    ]
   },
   "properties": {
    "id": "PA_0024",
    "codes": [
     "PA_0024"
    ],
    "city": "PA",
    "address": "73 avenue des Gobelins",
    "in_paris": true,
    "excluded": false,
    "exclude_reason": "",
    "raw_name": "Space Invader PA_0024, 73 avenue des Gobelins",
    "arrondissement": 13
   }
  },
  {
   "type": "Feature",
   "geometry": {
    "type": "Point",
    "coordinates": [
     2.363456,
     48.864634
    ]
   },
   "properties": {
    "id": "PA_0025",
    "codes": [
     "PA_0025"
    ],
    "city": "PA",
    "address": "2 rue de la Corderie",
    "in_paris": true,
    "excluded": false,
    "exclude_reason": "",
    "raw_name": "Space Invader PA_0025, 2 rue de la Corderie",
    "arrondissement": 3
   }
  },
  {
   "type": "Feature",
   "geometry": {
    "type": "Point",
    "coordinates": [
     2.357949,
     48.861207
    ]
   },
   "properties": {
    "id": "PA_0027",
    "codes": [
     "PA_0027"
    ],
    "city": "PA",
    "address": "fontaine des Haudriettes",
    "in_paris": true,
    "excluded": false,
    "exclude_reason": "",
    "raw_name": "Space Invader PA_0027, fontaine des Haudriettes",
    "arrondissement": 3
   }
  },
  {
   "type": "Feature",
   "geometry": {
    "type": "Point",
    "coordinates": [
     2.376619,
     48.853923
    ]
   },
   "properties": {
    "id": "PA_0028",
    "codes": [
     "PA_0028"
    ],
    "city": "PA",
    "address": "face au 5 rue Keller",
    "in_paris": true,
    "excluded": false,
    "exclude_reason": "",
    "raw_name": "Space Invader PA_0028, face au 5 rue Keller",
    "arrondissement": 11
   }
  },
  {
   "type": "Feature",
   "geometry": {
    "type": "Point",
    "coordinates": [
     2.359894,
     48.862597
    ]
   },
   "properties": {
    "id": "PA_0029",
    "codes": [
     "PA_0029"
    ],
    "city": "PA",
    "address": "21 rue Pastourelle",
    "in_paris": true,
    "excluded": false,
    "exclude_reason": "",
    "raw_name": "Space Invader PA_0029, 21 rue Pastourelle",
    "arrondissement": 3
   }
  },
  {
   "type": "Feature",
   "geometry": {
    "type": "Point",
    "coordinates": [
     2.350511,
     48.860959
    ]
   },
   "properties": {
    "id": "PA_0030",
    "codes": [
     "PA_0030"
    ],
    "city": "PA",
    "address": "44 rue Quincampoix",
    "in_paris": true,
    "excluded": false,
    "exclude_reason": "",
    "raw_name": "Space Invader PA_0030, 44 rue Quincampoix",
    "arrondissement": 4
   }
  },
  {
   "type": "Feature",
   "geometry": {
    "type": "Point",
    "coordinates": [
     2.35068,
     48.86125
    ]
   },
   "properties": {
    "id": "PA_0031",
    "codes": [
     "PA_0031"
    ],
    "city": "PA",
    "address": "30 rue de Venise",
    "in_paris": true,
    "excluded": false,
    "exclude_reason": "",
    "raw_name": "Space Invader PA_0031, 30 rue de Venise",
    "arrondissement": 4
   }
  },
  {
   "type": "Feature",
   "geometry": {
    "type": "Point",
    "coordinates": [
     2.36275,
     48.86096
    ]
   },
   "properties": {
    "id": "PA_0032",
    "codes": [
     "PA_0032"
    ],
    "city": "PA",
    "address": "108 rue Vieille du Temple",
    "in_paris": true,
    "excluded": false,
    "exclude_reason": "",
    "raw_name": "Space Invader PA_0032, 108 rue Vieille du Temple",
    "arrondissement": 3
   }
  },
  {
   "type": "Feature",
   "geometry": {
    "type": "Point",
    "coordinates": [
     2.358503,
     48.858645
    ]
   },
   "properties": {
    "id": "PA_0034",
    "codes": [
     "PA_0034"
    ],
    "city": "PA",
    "address": "61 rue Vieille du Temple",
    "in_paris": true,
    "excluded": false,
    "exclude_reason": "",
    "raw_name": "Space Invader PA_0034, 61 rue Vieille du Temple",
    "arrondissement": 4
   }
  },
  {
   "type": "Feature",
   "geometry": {
    "type": "Point",
    "coordinates": [
     2.361749,
     48.857217
    ]
   },
   "properties": {
    "id": "PA_0035",
    "codes": [
     "PA_0035",
     "PA_0482"
    ],
    "city": "PA",
    "address": "24 rue Pavée",
    "in_paris": true,
    "excluded": false,
    "exclude_reason": "",
    "raw_name": "Space Invader PA_0035 & PA_0482, 24 rue Pavée",
    "arrondissement": 4
   }
  },
  {
   "type": "Feature",
   "geometry": {
    "type": "Point",
    "coordinates": [
     2.373305,
     48.837191
    ]
   },
   "properties": {
    "id": "PA_0036",
    "codes": [
     "PA_0036"
    ],
    "city": "PA",
    "address": "face au 7 boulevard Vincent Auriol",
    "in_paris": true,
    "excluded": false,
    "exclude_reason": "",
    "raw_name": "Space Invader PA_0036, face au 7 boulevard Vincent Auriol",
    "arrondissement": 13
   }
  },
  {
   "type": "Feature",
   "geometry": {
    "type": "Point",
    "coordinates": [
     2.369763,
     48.85557
    ]
   },
   "properties": {
    "id": "PA_0037",
    "codes": [
     "PA_0037"
    ],
    "city": "PA",
    "address": "8 rue du Pasteur Wagner",
    "in_paris": true,
    "excluded": false,
    "exclude_reason": "",
    "raw_name": "Space Invader PA_0037, 8 rue du Pasteur Wagner",
    "arrondissement": 11
   }
  },
  {
   "type": "Feature",
   "geometry": {
    "type": "Point",
    "coordinates": [
     2.374937,
     48.853203
    ]
   },
   "properties": {
    "id": "PA_0038",
    "codes": [
     "PA_0038"
    ],
    "city": "PA",
    "address": "1 passage Thérié",
    "in_paris": true,
    "excluded": false,
    "exclude_reason": "",
    "raw_name": "Space Invader PA_0038, 1 passage Thérié",
    "arrondissement": 11
   }
  },
  {
   "type": "Feature",
   "geometry": {
    "type": "Point",
    "coordinates": [
     2.346597,
     48.848325
    ]
   },
   "properties": {
    "id": "PA_0039",
    "codes": [
     "PA_0039"
    ],
    "city": "PA",
    "address": "2 rue d'Écosse",
    "in_paris": true,
    "excluded": false,
    "exclude_reason": "",
    "raw_name": "Space Invader PA_0039, 2 rue d'Écosse",
    "arrondissement": 5
   }
  },
  {
   "type": "Feature",
   "geometry": {
    "type": "Point",
    "coordinates": [
     2.348168,
     48.847145
    ]
   },
   "properties": {
    "id": "PA_0040",
    "codes": [
     "PA_0040"
    ],
    "city": "PA",
    "address": "45 rue de la Montagne Sainte-Geneviève",
    "in_paris": true,
    "excluded": false,
    "exclude_reason": "",
    "raw_name": "Space Invader PA_0040, 45 rue de la Montagne Sainte-Geneviève",
    "arrondissement": 5
   }
  },
  {
   "type": "Feature",
   "geometry": {
    "type": "Point",
    "coordinates": [
     2.386005,
     48.89768
    ]
   },
   "properties": {
    "id": "PA_0041",
    "codes": [
     "PA_0041"
    ],
    "city": "PA",
    "address": "Porte de la Villette",
    "in_paris": true,
    "excluded": false,
    "exclude_reason": "",
    "raw_name": "Space Invader PA_0041, Porte de la Villette",
    "arrondissement": 19
   }
  },
  {
   "type": "Feature",
   "geometry": {
    "type": "Point",
    "coordinates": [
     2.34268,
     48.8537
    ]
   },
   "properties": {
    "id": "PA_0043",
    "codes": [
     "PA_0043"
    ],
    "city": "PA",
    "address": "26 rue de l'Hirondelle",
    "in_paris": true,
    "excluded": false,
    "exclude_reason": "",
    "raw_name": "Space Invader PA_0043, 26 rue de l'Hirondelle",
    "arrondissement": 6
   }
  },
  {
   "type": "Feature",
   "geometry": {
    "type": "Point",
    "coordinates": [
     2.338489,
     48.853573
    ]
   },
   "properties": {
    "id": "PA_0044",
    "codes": [
     "PA_0044"
    ],
    "city": "PA",
    "address": "2 rue de l'Ancienne Comédie",
    "in_paris": true,
    "excluded": false,
    "exclude_reason": "",
    "raw_name": "Space Invader PA_0044, 2 rue de l'Ancienne Comédie",
    "arrondissement": 6
   }
  },
  {
   "type": "Feature",
   "geometry": {
    "type": "Point",
    "coordinates": [
     2.339178,
     48.852267
    ]
   },
   "properties": {
    "id": "PA_0046",
    "codes": [
     "PA_0046"
    ],
    "city": "PA",
    "address": "statue de Danton",
    "in_paris": true,
    "excluded": false,
    "exclude_reason": "",
    "raw_name": "Space Invader PA_0046, statue de Danton",
    "arrondissement": 6
   }
  },
  {
   "type": "Feature",
   "geometry": {
    "type": "Point",
    "coordinates": [
     2.37796,
     48.8516
    ]
   },
   "properties": {
    "id": "PA_0047",
    "codes": [
     "PA_0047"
    ],
    "city": "PA",
    "address": "4bis passage de la Main d'Or",
    "in_paris": true,
    "excluded": false,
    "exclude_reason": "",
    "raw_name": "Space Invader PA_0047, 4bis passage de la Main d'Or",
    "arrondissement": 11
   }
  },
  {
   "type": "Feature",
   "geometry": {
    "type": "Point",
    "coordinates": [
     2.3693,
     48.85586
    ]
   },
   "properties": {
    "id": "PA_0048",
    "codes": [
     "PA_0048"
    ],
    "city": "PA",
    "address": "10 rue Amelot",
    "in_paris": true,
    "excluded": false,
    "exclude_reason": "",
    "raw_name": "Space Invader PA_0048, 10 rue Amelot",
    "arrondissement": 11
   }
  },
  {
   "type": "Feature",
   "geometry": {
    "type": "Point",
    "coordinates": [
     2.378379,
     48.865957
    ]
   },
   "properties": {
    "id": "PA_0049",
    "codes": [
     "PA_0049"
    ],
    "city": "PA",
    "address": "117 rue Oberkampf",
    "in_paris": true,
    "excluded": false,
    "exclude_reason": "",
    "raw_name": "Space Invader PA_0049, 117 rue Oberkampf",
    "arrondissement": 11
   }
  },
  {
   "type": "Feature",
   "geometry": {
    "type": "Point",
    "coordinates": [
     2.3744,
     48.85284
    ]
   },
   "properties": {
    "id": "PA_0051",
    "codes": [
     "PA_0051"
    ],
    "city": "PA",
    "address": "13 rue de Charonne",
    "in_paris": true,
    "excluded": false,
    "exclude_reason": "",
    "raw_name": "Space Invader PA_0051, 13 rue de Charonne",
    "arrondissement": 11
   }
  },
  {
   "type": "Feature",
   "geometry": {
    "type": "Point",
    "coordinates": [
     2.372367,
     48.836908
    ]
   },
   "properties": {
    "id": "PA_0053",
    "codes": [
     "PA_0053"
    ],
    "city": "PA",
    "address": "face au 16 boulevard Vincent Auriol",
    "in_paris": true,
    "excluded": false,
    "exclude_reason": "",
    "raw_name": "Space Invader PA_0053, face au 16 boulevard Vincent Auriol",
    "arrondissement": 13
   }
  },
  {
   "type": "Feature",
   "geometry": {
    "type": "Point",
    "coordinates": [
     2.352881,
     48.827765
    ]
   },
   "properties": {
    "id": "PA_0055",
    "codes": [
     "PA_0055"
    ],
    "city": "PA",
    "address": "43 rue du Moulin des Prés",
    "in_paris": true,
    "excluded": false,
    "exclude_reason": "",
    "raw_name": "Space Invader PA_0055, 43 rue du Moulin des Prés",
    "arrondissement": 13
   }
  },
  {
   "type": "Feature",
   "geometry": {
    "type": "Point",
    "coordinates": [
     2.351604,
     48.828724
    ]
   },
   "properties": {
    "id": "PA_0056",
    "codes": [
     "PA_0056"
    ],
    "city": "PA",
    "address": "10 rue Simonet",
    "in_paris": true,
    "excluded": false,
    "exclude_reason": "",
    "raw_name": "Space Invader PA_0056, 10 rue Simonet",
    "arrondissement": 13
   }
  },
  {
   "type": "Feature",
   "geometry": {
    "type": "Point",
    "coordinates": [
     2.369748,
     48.834487
    ]
   },
   "properties": {
    "id": "PA_0057",
    "codes": [
     "PA_0057"
    ],
    "city": "PA",
    "address": "34 rue Louise Weiss",
    "in_paris": true,
    "excluded": false,
    "exclude_reason": "",
    "raw_name": "Space Invader PA_0057, 34 rue Louise Weiss",
    "arrondissement": 13
   }
  },
  {
   "type": "Feature",
   "geometry": {
    "type": "Point",
    "coordinates": [
     2.370642,
     48.833443
    ]
   },
   "properties": {
    "id": "PA_0058",
    "codes": [
     "PA_0058"
    ],
    "city": "PA",
    "address": "14 rue Louise Weiss",
    "in_paris": true,
    "excluded": false,
    "exclude_reason": "",
    "raw_name": "Space Invader PA_0058, 14 rue Louise Weiss",
    "arrondissement": 13
   }
  },
  {
   "type": "Feature",
   "geometry": {
    "type": "Point",
    "coordinates": [
     2.284636,
     48.844321
    ]
   },
   "properties": {
    "id": "PA_0059",
    "codes": [
     "PA_0059"
    ],
    "city": "PA",
    "address": "1 rue Lacordaire",
    "in_paris": true,
    "excluded": false,
    "exclude_reason": "",
    "raw_name": "Space Invader PA_0059, 1 rue Lacordaire",
    "arrondissement": 15
   }
  },
  {
   "type": "Feature",
   "geometry": {
    "type": "Point",
    "coordinates": [
     2.344486,
     48.86361
    ]
   },
   "properties": {
    "id": "PA_0060",
    "codes": [
     "PA_0060"
    ],
    "city": "PA",
    "address": "église Saint-Eustache",
    "in_paris": true,
    "excluded": false,
    "exclude_reason": "",
    "raw_name": "Space Invader PA_0060, église Saint-Eustache",
    "arrondissement": 1
   }
  },
  {
   "type": "Feature",
   "geometry": {
    "type": "Point",
    "coordinates": [
     2.347259,
     48.866362
    ]
   },
   "properties": {
    "id": "PA_0061",
    "codes": [
     "PA_0061"
    ],
    "city": "PA",
    "address": "2 rue des Petits Carreaux",
    "in_paris": true,
    "excluded": false,
    "exclude_reason": "",
    "raw_name": "Space Invader PA_0061, 2 rue des Petits Carreaux",
    "arrondissement": 2
   }
  },
  {
   "type": "Feature",
   "geometry": {
    "type": "Point",
    "coordinates": [
     2.345456,
     48.867695
    ]
   },
   "properties": {
    "id": "PA_0062",
    "codes": [
     "PA_0062",
     "PA_1078"
    ],
    "city": "PA",
    "address": "99 rue de Réaumur",
    "in_paris": true,
    "excluded": false,
    "exclude_reason": "",
    "raw_name": "Space Invader PA_0062 & PA_1078, 99 rue de Réaumur",
    "arrondissement": 2
   }
  },
  {
   "type": "Feature",
   "geometry": {
    "type": "Point",
    "coordinates": [
     2.379863,
     48.853421
    ]
   },
   "properties": {
    "id": "PA_0063",
    "codes": [
     "PA_0063"
    ],
    "city": "PA",
    "address": "74 rue de Charonne",
    "in_paris": true,
    "excluded": false,
    "exclude_reason": "",
    "raw_name": "Space Invader PA_0063, 74 rue de Charonne",
    "arrondissement": 11
   }
  },
  {
   "type": "Feature",
   "geometry": {
    "type": "Point",
    "coordinates": [
     2.297397,
     48.864766
    ]
   },
   "properties": {
    "id": "PA_0064",
    "codes": [
     "PA_0064"
    ],
    "city": "PA",
    "address": "devant le Musée d'Art Moderne",
    "in_paris": true,
    "excluded": false,
    "exclude_reason": "",
    "raw_name": "Space Invader PA_0064, devant le Musée d'Art Moderne",
    "arrondissement": 16
   }
  },
  {
   "type": "Feature",
   "geometry": {
    "type": "Point",
    "coordinates": [
     2.373914,
     48.853092
    ]
   },
   "properties": {
    "id": "PA_0065",
    "codes": [
     "PA_0065"
    ],
    "city": "PA",
    "address": "30 rue de Lappe",
    "in_paris": true,
    "excluded": false,
    "exclude_reason": "",
    "raw_name": "Space Invader PA_0065, 30 rue de Lappe",
    "arrondissement": 11
   }
  },
  {
   "type": "Feature",
   "geometry": {
    "type": "Point",
    "coordinates": [
     2.33807,
     48.885639
    ]
   },
   "properties": {
    "id": "PA_0066",
    "codes": [
     "PA_0066",
     "PA_0067",
     "PA_0068"
    ],
    "city": "PA",
    "address": "63 rue des Trois Frères",
    "in_paris": true,
    "excluded": false,
    "exclude_reason": "",
    "raw_name": "Space Invader PA_0066, PA_0067 & PA_0068, 63 rue des Trois Frères",
    "arrondissement": 18
   }
  },
  {
   "type": "Feature",
   "geometry": {
    "type": "Point",
    "coordinates": [
     2.354171,
     48.834656
    ]
   },
   "properties": {
    "id": "PA_0069",
    "codes": [
     "PA_0069"
    ],
    "city": "PA",
    "address": "40 rue du Banquier",
    "in_paris": true,
    "excluded": false,
    "exclude_reason": "",
    "raw_name": "Space Invader PA_0069, 40 rue du Banquier",
    "arrondissement": 13
   }
  },
  {
   "type": "Feature",
   "geometry": {
    "type": "Point",
    "coordinates": [
     2.355465,
     48.856829
    ]
   },
   "properties": {
    "id": "PA_0070",
    "codes": [
     "PA_0070"
    ],
    "city": "PA",
    "address": "1 rue de la Verrerie",
    "in_paris": true,
    "excluded": false,
    "exclude_reason": "",
    "raw_name": "Space Invader PA_0070, 1 rue de la Verrerie",
    "arrondissement": 4
   }
  },
  {
   "type": "Feature",
   "geometry": {
    "type": "Point",
    "coordinates": [
     2.35902,
     48.854802
    ]
   },
   "properties": {
    "id": "PA_0071",
    "codes": [
     "PA_0071"
    ],
    "city": "PA",
    "address": "5 rue de Fourcy",
    "in_paris": true,
    "excluded": false,
    "exclude_reason": "",
    "raw_name": "Space Invader PA_0071, 5 rue de Fourcy",
    "arrondissement": 4
   }
  },
  {
   "type": "Feature",
   "geometry": {
    "type": "Point",
    "coordinates": [
     2.367487,
     48.8616
    ]
   },
   "properties": {
    "id": "PA_0072",
    "codes": [
     "PA_0072"
    ],
    "city": "PA",
    "address": "rue Charles Luizet",
    "in_paris": true,
    "excluded": false,
    "exclude_reason": "",
    "raw_name": "Space Invader PA_0072, rue Charles Luizet",
    "arrondissement": 11
   }
  },
  {
   "type": "Feature",
   "geometry": {
    "type": "Point",
    "coordinates": [
     2.379376,
     48.8684
    ]
   },
   "properties": {
    "id": "PA_0073",
    "codes": [
     "PA_0073"
    ],
    "city": "PA",
    "address": "93 rue Jean-Pierre Timbaud",
    "in_paris": true,
    "excluded": false,
    "exclude_reason": "",
    "raw_name": "Space Invader PA_0073, 93 rue Jean-Pierre Timbaud",
    "arrondissement": 11
   }
  },
  {
   "type": "Feature",
   "geometry": {
    "type": "Point",
    "coordinates": [
     2.332466,
     48.834295
    ]
   },
   "properties": {
    "id": "PA_0075",
    "codes": [
     "PA_0075"
    ],
    "city": "PA",
    "address": "sur le piédestal du lion",
    "in_paris": true,
    "excluded": false,
    "exclude_reason": "",
    "raw_name": "Space Invader PA_0075, sur le piédestal du lion",
    "arrondissement": 14
   }
  },
  {
   "type": "Feature",
   "geometry": {
    "type": "Point",
    "coordinates": [
     2.357013,
     48.83833
    ]
   },
   "properties": {
    "id": "PA_0076",
    "codes": [
     "PA_0076"
    ],
    "city": "PA",
    "address": "statue de Jeanne \"au secours\" d'Arc",
    "in_paris": true,
    "excluded": false,
    "exclude_reason": "",
    "raw_name": "Space Invader PA_0076, statue de Jeanne \"au secours\" d'Arc",
    "arrondissement": 13
   }
  },
  {
   "type": "Feature",
   "geometry": {
    "type": "Point",
    "coordinates": [
     2.331439,
     48.847133
    ]
   },
   "properties": {
    "id": "PA_0077",
    "codes": [
     "PA_0077"
    ],
    "city": "PA",
    "address": "10 rue de Fleurus",
    "in_paris": true,
    "excluded": false,
    "exclude_reason": "",
    "raw_name": "Space Invader PA_0077, 10 rue de Fleurus",
    "arrondissement": 6
   }
  },
  {
   "type": "Feature",
   "geometry": {
    "type": "Point",
    "coordinates": [
     2.352885,
     48.828953
    ]
   },
   "properties": {
    "id": "PA_0078",
    "codes": [
     "PA_0078"
    ],
    "city": "PA",
    "address": "21 passage du Moulin des Prés",
    "in_paris": true,
    "excluded": false,
    "exclude_reason": "",
    "raw_name": "Space Invader PA_0078, 21 passage du Moulin des Prés",
    "arrondissement": 13
   }
  },
  {
   "type": "Feature",
   "geometry": {
    "type": "Point",
    "coordinates": [
     2.35146,
     48.82788
    ]
   },
   "properties": {
    "id": "PA_0079",
    "codes": [
     "PA_0079"
    ],
    "city": "PA",
    "address": "5 rue Chéreau",
    "in_paris": true,
    "excluded": false,
    "exclude_reason": "",
    "raw_name": "Space Invader PA_0079, 5 rue Chéreau",
    "arrondissement": 13
   }
  },
  {
   "type": "Feature",
   "geometry": {
    "type": "Point",
    "coordinates": [
     2.330889,
     48.881628
    ]
   },
   "properties": {
    "id": "PA_0080",
    "codes": [
     "PA_0080"
    ],
    "city": "PA",
    "address": "5 rue Ballu",
    "in_paris": true,
    "excluded": false,
    "exclude_reason": "",
    "raw_name": "Space Invader PA_0080, 5 rue Ballu",
    "arrondissement": 9
   }
  },
  {
   "type": "Feature",
   "geometry": {
    "type": "Point",
    "coordinates": [
     2.377955,
     48.864884
    ]
   },
   "properties": {
    "id": "PA_0081",
    "codes": [
     "PA_0081"
    ],
    "city": "PA",
    "address": "88 rue Saint-Maur",
    "in_paris": true,
    "excluded": false,
    "exclude_reason": "",
    "raw_name": "Space Invader PA_0081, 88 rue Saint-Maur",
    "arrondissement": 11
   }
  },
  {
   "type": "Feature",
   "geometry": {
    "type": "Point",
    "coordinates": [
     2.408596,
     48.846892
    ]
   },
   "properties": {
    "id": "PA_0082",
    "codes": [
     "PA_0082"
    ],
    "city": "PA",
    "address": "pasage de la Voûte",
    "in_paris": true,
    "excluded": false,
    "exclude_reason": "",
    "raw_name": "Space Invader PA_0082, pasage de la Voûte",
    "arrondissement": 12
   }
  },
  {
   "type": "Feature",
   "geometry": {
    "type": "Point",
    "coordinates": [
     2.364555,
     48.864552
    ]
   },
   "properties": {
    "id": "PA_0083",
    "codes": [
     "PA_0083"
    ],
    "city": "PA",
    "address": "fontaine Boucherat",
    "in_paris": true,
    "excluded": false,
    "exclude_reason": "",
    "raw_name": "Space Invader PA_0083, fontaine Boucherat",
    "arrondissement": 3
   }
  },
  {
   "type": "Feature",
   "geometry": {
    "type": "Point",
    "coordinates": [
     2.366677,
     48.856007
    ]
   },
   "properties": {
    "id": "PA_0084",
    "codes": [
     "PA_0084"
    ],
    "city": "PA",
    "address": "15 rue du Pas de la Mule",
    "in_paris": true,
    "excluded": false,
    "exclude_reason": "",
    "raw_name": "Space Invader PA_0084, 15 rue du Pas de la Mule",
    "arrondissement": 4
   }
  },
  {
   "type": "Feature",
   "geometry": {
    "type": "Point",
    "coordinates": [
     2.378192,
     48.853194
    ]
   },
   "properties": {
    "id": "PA_0085",
    "codes": [
     "PA_0085"
    ],
    "city": "PA",
    "address": "58 rue de Charonne",
    "in_paris": true,
    "excluded": false,
    "exclude_reason": "",
    "raw_name": "Space Invader PA_0085, 58 rue de Charonne",
    "arrondissement": 11
   }
  },
  {
   "type": "Feature",
   "geometry": {
    "type": "Point",
    "coordinates": [
     2.360204,
     48.850563
    ]
   },
   "properties": {
    "id": "PA_0086",
    "codes": [
     "PA_0086"
    ],
    "city": "PA",
    "address": "pont de Sully",
    "in_paris": true,
    "excluded": false,
    "exclude_reason": "",
    "raw_name": "Space Invader PA_0086, pont de Sully",
    "arrondissement": 4
   }
  },
  {
   "type": "Feature",
   "geometry": {
    "type": "Point",
    "coordinates": [
     2.374162,
     48.837394
    ]
   },
   "properties": {
    "id": "PA_0087",
    "codes": [
     "PA_0087"
    ],
    "city": "PA",
    "address": "escalier du port de la Gare",
    "in_paris": true,
    "excluded": false,
    "exclude_reason": "",
    "raw_name": "Space Invader PA_0087, escalier du port de la Gare",
    "arrondissement": 13
   }
  },
  {
   "type": "Feature",
   "geometry": {
    "type": "Point",
    "coordinates": [
     2.335168,
     48.862666
    ]
   },
   "properties": {
    "id": "PA_0088",
    "codes": [
     "PA_0088"
    ],
    "city": "PA",
    "address": "sortie nord du Carrousel",
    "in_paris": true,
    "excluded": false,
    "exclude_reason": "",
    "raw_name": "Space Invader PA_0088, sortie nord du Carrousel",
    "arrondissement": 1
   }
  },
  {
   "type": "Feature",
   "geometry": {
    "type": "Point",
    "coordinates": [
     2.346483,
     48.862751
    ]
   },
   "properties": {
    "id": "PA_0089",
    "codes": [
     "PA_0089"
    ],
    "city": "PA",
    "address": "1 rue Baltard",
    "in_paris": true,
    "excluded": false,
    "exclude_reason": "",
    "raw_name": "Space Invader PA_0089, 1 rue Baltard",
    "arrondissement": 1
   }
  },
  {
   "type": "Feature",
   "geometry": {
    "type": "Point",
    "coordinates": [
     2.34899,
     48.86372
    ]
   },
   "properties": {
    "id": "PA_0090",
    "codes": [
     "PA_0090"
    ],
    "city": "PA",
    "address": "métro Etienne Marcel",
    "in_paris": true,
    "excluded": false,
    "exclude_reason": "",
    "raw_name": "Space Invader PA_0090, métro Etienne Marcel",
    "arrondissement": 1
   }
  },
  {
   "type": "Feature",
   "geometry": {
    "type": "Point",
    "coordinates": [
     2.347383,
     48.86031
    ]
   },
   "properties": {
    "id": "PA_0092",
    "codes": [
     "PA_0092"
    ],
    "city": "PA",
    "address": "8 rue de la Ferronnerie",
    "in_paris": true,
    "excluded": false,
    "exclude_reason": "",
    "raw_name": "Space Invader PA_0092, 8 rue de la Ferronnerie",
    "arrondissement": 1
   }
  },
  {
   "type": "Feature",
   "geometry": {
    "type": "Point",
    "coordinates": [
     2.333481,
     48.859832
    ]
   },
   "properties": {
    "id": "PA_0093",
    "codes": [
     "PA_0093"
    ],
    "city": "PA",
    "address": "pont du Carroussel",
    "in_paris": true,
    "excluded": false,
    "exclude_reason": "",
    "raw_name": "Space Invader PA_0093, pont du Carroussel",
    "arrondissement": 1
   }
  },
  {
   "type": "Feature",
   "geometry": {
    "type": "Point",
    "coordinates": [
     2.33263,
     48.84704
    ]
   },
   "properties": {
    "id": "PA_0094",
    "codes": [
     "PA_0094"
    ],
    "city": "PA",
    "address": "porte Fleurus du jardin du Luxembourg",
    "in_paris": true,
    "excluded": false,
    "exclude_reason": "",
    "raw_name": "Space Invader PA_0094, porte Fleurus du jardin du Luxembourg",
    "arrondissement": 6
   }
  },
  {
   "type": "Feature",
   "geometry": {
    "type": "Point",
    "coordinates": [
     2.337616,
     48.867242
    ]
   },
   "properties": {
    "id": "PA_0095",
    "codes": [
     "PA_0095"
    ],
    "city": "PA",
    "address": "65 rue Richelieu",
    "in_paris": true,
    "excluded": false,
    "exclude_reason": "",
    "raw_name": "Space Invader PA_0095, 65 rue Richelieu",
    "arrondissement": 2
   }
  },
  {
   "type": "Feature",
   "geometry": {
    "type": "Point",
    "coordinates": [
     2.389005,
     48.83944
    ]
   },
   "properties": {
    "id": "PA_0097",
    "codes": [
     "PA_0097"
    ],
    "city": "PA",
    "address": "205 rue de Charenton",
    "in_paris": true,
    "excluded": false,
    "exclude_reason": "",
    "raw_name": "Space Invader PA_0097, 205 rue de Charenton",
    "arrondissement": 12
   }
  },
  {
   "type": "Feature",
   "geometry": {
    "type": "Point",
    "coordinates": [
     2.343702,
     48.853192
    ]
   },
   "properties": {
    "id": "PA_0098",
    "codes": [
     "PA_0098",
     "PA_0099"
    ],
    "city": "PA",
    "address": "sur la fontaine Saint-Michel",
    "in_paris": true,
    "excluded": false,
    "exclude_reason": "",
    "raw_name": "Space Invader PA_0098 & PA_0099, sur la fontaine Saint-Michel",
    "arrondissement": 6
   }
  },
  {
   "type": "Feature",
   "geometry": {
    "type": "Point",
    "coordinates": [
     2.361975,
     48.839907
    ]
   },
   "properties": {
    "id": "PA_0102",
    "codes": [
     "PA_0102",
     "PA_0564"
    ],
    "city": "PA",
    "address": "42 boulevard de l'Hôpital",
    "in_paris": true,
    "excluded": false,
    "exclude_reason": "",
    "raw_name": "Space Invader PA_0102 & PA_0564, 42 boulevard de l'Hôpital",
    "arrondissement": 13
   }
  },
  {
   "type": "Feature",
   "geometry": {
    "type": "Point",
    "coordinates": [
     2.354045,
     48.859253
    ]
   },
   "properties": {
    "id": "PA_0103",
    "codes": [
     "PA_0103"
    ],
    "city": "PA",
    "address": "30 rue du Temple, dans la cour",
    "in_paris": true,
    "excluded": false,
    "exclude_reason": "",
    "raw_name": "Space Invader PA_0103, 30 rue du Temple, dans la cour",
    "arrondissement": 4
   }
  },
  {
   "type": "Feature",
   "geometry": {
    "type": "Point",
    "coordinates": [
     2.414337,
     48.853403
    ]
   },
   "properties": {
    "id": "PA_0104",
    "codes": [
     "PA_0104"
    ],
    "city": "PA",
    "address": "sud de la place de la Porte de Montreuil",
    "in_paris": true,
    "excluded": false,
    "exclude_reason": "",
    "raw_name": "Space Invader PA_0104, sud de la place de la Porte de Montreuil",
    "arrondissement": 20
   }
  },
  {
   "type": "Feature",
   "geometry": {
    "type": "Point",
    "coordinates": [
     2.3638,
     48.86744
    ]
   },
   "properties": {
    "id": "PA_0105",
    "codes": [
     "PA_0105"
    ],
    "city": "PA",
    "address": "à droite du lion de la statue",
    "in_paris": true,
    "excluded": false,
    "exclude_reason": "",
    "raw_name": "Space Invader PA_0105, à droite du lion de la statue",
    "arrondissement": 3
   }
  },
  {
   "type": "Feature",
   "geometry": {
    "type": "Point",
    "coordinates": [
     2.361889,
     48.853901
    ]
   },
   "properties": {
    "id": "PA_0106",
    "codes": [
     "PA_0106"
    ],
    "city": "PA",
    "address": "2 rue Charlemagne",
    "in_paris": true,
    "excluded": false,
    "exclude_reason": "",
    "raw_name": "Space Invader PA_0106, 2 rue Charlemagne",
    "arrondissement": 4
   }
  },
  {
   "type": "Feature",
   "geometry": {
    "type": "Point",
    "coordinates": [
     2.292935,
     48.859382
    ]
   },
   "properties": {
    "id": "PA_0107",
    "codes": [
     "PA_0107"
    ],
    "city": "PA",
    "address": "pont d'Iéna, rive gauche nord",
    "in_paris": true,
    "excluded": false,
    "exclude_reason": "",
    "raw_name": "Space Invader PA_0107, pont d'Iéna, rive gauche nord",
    "arrondissement": 7
   }
  },
  {
   "type": "Feature",
   "geometry": {
    "type": "Point",
    "coordinates": [
     2.29058,
     48.859936
    ]
   },
   "properties": {
    "id": "PA_0108",
    "codes": [
     "PA_0108"
    ],
    "city": "PA",
    "address": "tunnel de l'avenue de New York",
    "in_paris": true,
    "excluded": false,
    "exclude_reason": "",
    "raw_name": "Space Invader PA_0108, tunnel de l'avenue de New York",
    "arrondissement": 16
   }
  },
  {
   "type": "Feature",
   "geometry": {
    "type": "Point",
    "coordinates": [
     2.352534,
     48.859764
    ]
   },
   "properties": {
    "id": "PA_0109",
    "codes": [
     "PA_0109",
     "PA_0587",
     "PA_1081"
    ],
    "city": "PA",
    "address": "tuyaux d'évacuation du Centre Pompidou",
    "in_paris": true,
    "excluded": false,
    "exclude_reason": "",
    "raw_name": "Space Invader PA_0109, 587 & 1081, tuyaux d'évacuation du Centre Pompidou",
    "arrondissement": 4
   }
  },
  {
   "type": "Feature",
   "geometry": {
    "type": "Point",
    "coordinates": [
     2.35125,
     48.86263
    ]
   },
   "properties": {
    "id": "PA_0110",
    "codes": [
     "PA_0110"
    ],
    "city": "PA",
    "address": "91 rue Quincampoix",
    "in_paris": true,
    "excluded": false,
    "exclude_reason": "",
    "raw_name": "Space Invader PA_0110, 91 rue Quincampoix",
    "arrondissement": 3
   }
  },
  {
   "type": "Feature",
   "geometry": {
    "type": "Point",
    "coordinates": [
     2.344664,
     48.891598
    ]
   },
   "properties": {
    "id": "PA_0111",
    "codes": [
     "PA_0111"
    ],
    "city": "PA",
    "address": "20 rue Hermel",
    "in_paris": true,
    "excluded": false,
    "exclude_reason": "",
    "raw_name": "Space Invader PA_0111, 20 rue Hermel",
    "arrondissement": 18
   }
  },
  {
   "type": "Feature",
   "geometry": {
    "type": "Point",
    "coordinates": [
     2.326943,
     48.835
    ]
   },
   "properties": {
    "id": "PA_0112",
    "codes": [
     "PA_0112"
    ],
    "city": "PA",
    "address": "19 rue Gassendi",
    "in_paris": true,
    "excluded": false,
    "exclude_reason": "",
    "raw_name": "Space Invader PA_0112, 19 rue Gassendi",
    "arrondissement": 14
   }
  },
  {
   "type": "Feature",
   "geometry": {
    "type": "Point",
    "coordinates": [
     2.351423,
     48.846596
    ]
   },
   "properties": {
    "id": "PA_0113",
    "codes": [
     "PA_0113"
    ],
    "city": "PA",
    "address": "46 rue du Cardinal Lemoine",
    "in_paris": true,
    "excluded": false,
    "exclude_reason": "",
    "raw_name": "Space Invader PA_0113, 46 rue du Cardinal Lemoine",
    "arrondissement": 5
   }
  },
  {
   "type": "Feature",
   "geometry": {
    "type": "Point",
    "coordinates": [
     2.357275,
     48.857153
    ]
   },
   "properties": {
    "id": "PA_0114",
    "codes": [
     "PA_0114",
     "PA_1023"
    ],
    "city": "PA",
    "address": "26 rue Vieille du Temple",
    "in_paris": true,
    "excluded": false,
    "exclude_reason": "",
    "raw_name": "Space Invader PA_0114 & PA_1023, 26 rue Vieille du Temple",
    "arrondissement": 4
   }
  },
  {
   "type": "Feature",
   "geometry": {
    "type": "Point",
    "coordinates": [
     2.359639,
     48.858572
    ]
   },
   "properties": {
    "id": "PA_0115",
    "codes": [
     "PA_0115"
    ],
    "city": "PA",
    "address": "impasse des Arbalétriers",
    "in_paris": true,
    "excluded": false,
    "exclude_reason": "",
    "raw_name": "Space Invader PA_0115, impasse des Arbalétriers",
    "arrondissement": 3
   }
  },
  {
   "type": "Feature",
   "geometry": {
    "type": "Point",
    "coordinates": [
     2.372764,
     48.854719
    ]
   },
   "properties": {
    "id": "PA_0116",
    "codes": [
     "PA_0116"
    ],
    "city": "PA",
    "address": "45 passage Thiéré",
    "in_paris": true,
    "excluded": false,
    "exclude_reason": "",
    "raw_name": "Space Invader PA_0116, 45 passage Thiéré",
    "arrondissement": 11
   }
  },
  {
   "type": "Feature",
   "geometry": {
    "type": "Point",
    "coordinates": [
     2.373113,
     48.854414
    ]
   },
   "properties": {
    "id": "PA_0117",
    "codes": [
     "PA_0117"
    ],
    "city": "PA",
    "address": "31 passage Thiéré sur le trottoir",
    "in_paris": true,
    "excluded": false,
    "exclude_reason": "",
    "raw_name": "Space Invader PA_0117, 31 passage Thiéré sur le trottoir",
    "arrondissement": 11
   }
  },
  {
   "type": "Feature",
   "geometry": {
    "type": "Point",
    "coordinates": [
     2.375347,
     48.835576
    ]
   },
   "properties": {
    "id": "PA_0118",
    "codes": [
     "PA_0118"
    ],
    "city": "PA",
    "address": "1 rue Raymond Ayron",
    "in_paris": true,
    "excluded": false,
    "exclude_reason": "",
    "raw_name": "Space Invader PA_0118, 1 rue Raymond Ayron",
    "arrondissement": 13
   }
  },
  {
   "type": "Feature",
   "geometry": {
    "type": "Point",
    "coordinates": [
     2.402789,
     48.859426
    ]
   },
   "properties": {
    "id": "PA_0119",
    "codes": [
     "PA_0119",
     "PA_0824"
    ],
    "city": "PA",
    "address": "102 rue de Bagnolet",
    "in_paris": true,
    "excluded": false,
    "exclude_reason": "",
    "raw_name": "Space Invader PA_0119 & PA_0824, 102 rue de Bagnolet",
    "arrondissement": 20
   }
  },
  {
   "type": "Feature",
   "geometry": {
    "type": "Point",
    "coordinates": [
     2.367228,
     48.869474
    ]
   },
   "properties": {
    "id": "PA_0120",
    "codes": [
     "PA_0120"
    ],
    "city": "PA",
    "address": "44 quai de Jemmapes",
    "in_paris": true,
    "excluded": false,
    "exclude_reason": "",
    "raw_name": "Space Invader PA_0120, 44 quai de Jemmapes",
    "arrondissement": 10
   }
  },
  {
   "type": "Feature",
   "geometry": {
    "type": "Point",
    "coordinates": [
     2.332797,
     48.857629
    ]
   },
   "properties": {
    "id": "PA_0121",
    "codes": [
     "PA_0121"
    ],
    "city": "PA",
    "address": "7 rue des Saints-Pères",
    "in_paris": true,
    "excluded": false,
    "exclude_reason": "",
    "raw_name": "Space Invader PA_0121, 7 rue des Saints-Pères",
    "arrondissement": 6
   }
  },
  {
   "type": "Feature",
   "geometry": {
    "type": "Point",
    "coordinates": [
     2.353132,
     48.840487
    ]
   },
   "properties": {
    "id": "PA_0122",
    "codes": [
     "PA_0122"
    ],
    "city": "PA",
    "address": "rue de la Clef, sous le lierre",
    "in_paris": true,
    "excluded": false,
    "exclude_reason": "",
    "raw_name": "Space Invader PA_0122, rue de la Clef, sous le lierre",
    "arrondissement": 5
   }
  },
  {
   "type": "Feature",
   "geometry": {
    "type": "Point",
    "coordinates": [
     2.324385,
     48.873356
    ]
   },
   "properties": {
    "id": "PA_0124",
    "codes": [
     "PA_0124"
    ],
    "city": "PA",
    "address": "40 rue de l'Arcade",
    "in_paris": true,
    "excluded": false,
    "exclude_reason": "",
    "raw_name": "Space Invader PA_0124, 40 rue de l'Arcade",
    "arrondissement": 8
   }
  },
  {
   "type": "Feature",
   "geometry": {
    "type": "Point",
    "coordinates": [
     2.39581,
     48.83954
    ]
   },
   "properties": {
    "id": "PA_0125",
    "codes": [
     "PA_0125"
    ],
    "city": "PA",
    "address": "sud de la Fontaine aux Lions",
    "in_paris": true,
    "excluded": false,
    "exclude_reason": "",
    "raw_name": "Space Invader PA_0125, sud de la Fontaine aux Lions",
    "arrondissement": 12
   }
  },
  {
   "type": "Feature",
   "geometry": {
    "type": "Point",
    "coordinates": [
     2.292681,
     48.859222
    ]
   },
   "properties": {
    "id": "PA_0126",
    "codes": [
     "PA_0126"
    ],
    "city": "PA",
    "address": "pont d'Iéna (rive gauche)",
    "in_paris": true,
    "excluded": false,
    "exclude_reason": "",
    "raw_name": "Space Invader PA_0126, pont d'Iéna (rive gauche)",
    "arrondissement": 7
   }
  },
  {
   "type": "Feature",
   "geometry": {
    "type": "Point",
    "coordinates": [
     2.37376,
     48.852
    ]
   },
   "properties": {
    "id": "PA_0128",
    "codes": [
     "PA_0128"
    ],
    "city": "PA",
    "address": "1 rue de Charonne",
    "in_paris": true,
    "excluded": false,
    "exclude_reason": "",
    "raw_name": "Space Invader PA_0128, 1 rue de Charonne",
    "arrondissement": 11
   }
  },
  {
   "type": "Feature",
   "geometry": {
    "type": "Point",
    "coordinates": [
     2.403152,
     48.856488
    ]
   },
   "properties": {
    "id": "PA_0131",
    "codes": [
     "PA_0131"
    ],
    "city": "PA",
    "address": "53 rue des Orteaux",
    "in_paris": true,
    "excluded": false,
    "exclude_reason": "",
    "raw_name": "Space Invader PA_0131, 53 rue des Orteaux",
    "arrondissement": 20
   }
  },
  {
   "type": "Feature",
   "geometry": {
    "type": "Point",
    "coordinates": [
     2.405541,
     48.856255
    ]
   },
   "properties": {
    "id": "PA_0132",
    "codes": [
     "PA_0132"
    ],
    "city": "PA",
    "address": "97 rue des Maraîchers",
    "in_paris": true,
    "excluded": false,
    "exclude_reason": "",
    "raw_name": "Space Invader PA_0132, 97 rue des Maraîchers",
    "arrondissement": 20
   }
  },
  {
   "type": "Feature",
   "geometry": {
    "type": "Point",
    "coordinates": [
     2.3779,
     48.851674
    ]
   },
   "properties": {
    "id": "PA_0133",
    "codes": [
     "PA_0133"
    ],
    "city": "PA",
    "address": "7 passage de la Main d'Or",
    "in_paris": true,
    "excluded": false,
    "exclude_reason": "",
    "raw_name": "Space Invader PA_0133, 7 passage de la Main d'Or",
    "arrondissement": 11
   }
  },
  {
   "type": "Feature",
   "geometry": {
    "type": "Point",
    "coordinates": [
     2.333511,
     48.860367
    ]
   },
   "properties": {
    "id": "PA_0135",
    "codes": [
     "PA_0135"
    ],
    "city": "PA",
    "address": "entrée sud du Carrousel",
    "in_paris": true,
    "excluded": false,
    "exclude_reason": "",
    "raw_name": "Space Invader PA_0135, entrée sud du Carrousel",
    "arrondissement": 1
   }
  },
  {
   "type": "Feature",
   "geometry": {
    "type": "Point",
    "coordinates": [
     2.347233,
     48.857374
    ]
   },
   "properties": {
    "id": "PA_0143",
    "codes": [
     "PA_0143"
    ],
    "city": "PA",
    "address": "place du Châtelet",
    "in_paris": true,
    "excluded": false,
    "exclude_reason": "",
    "raw_name": "Space Invader PA_0143, place du Châtelet",
    "arrondissement": 1
   }
  },
  {
   "type": "Feature",
   "geometry": {
    "type": "Point",
    "coordinates": [
     2.35078,
     48.86014
    ]
   },
   "properties": {
    "id": "PA_0144",
    "codes": [
     "PA_0144"
    ],
    "city": "PA",
    "address": "face au 49 rue Saint-Merri",
    "in_paris": true,
    "excluded": false,
    "exclude_reason": "",
    "raw_name": "Space Invader PA_0144, face au 49 rue Saint-Merri",
    "arrondissement": 4
   }
  },
  {
   "type": "Feature",
   "geometry": {
    "type": "Point",
    "coordinates": [
     2.353009,
     48.8593
    ]
   },
   "properties": {
    "id": "PA_0145",
    "codes": [
     "PA_0145"
    ],
    "city": "PA",
    "address": "9 rue Saint-Merri",
    "in_paris": true,
    "excluded": false,
    "exclude_reason": "",
    "raw_name": "Space Invader PA_0145, 9 rue Saint-Merri",
    "arrondissement": 4
   }
  },
  {
   "type": "Feature",
   "geometry": {
    "type": "Point",
    "coordinates": [
     2.355438,
     48.834234
    ]
   },
   "properties": {
    "id": "PA_0146",
    "codes": [
     "PA_0146"
    ],
    "city": "PA",
    "address": "2 rue Véronèse",
    "in_paris": true,
    "excluded": false,
    "exclude_reason": "",
    "raw_name": "Space Invader PA_0146, 2 rue Véronèse",
    "arrondissement": 13
   }
  },
  {
   "type": "Feature",
   "geometry": {
    "type": "Point",
    "coordinates": [
     2.365852,
     48.842848
    ]
   },
   "properties": {
    "id": "PA_0147",
    "codes": [
     "PA_0147"
    ],
    "city": "PA",
    "address": "gare d'Austerlitz",
    "in_paris": true,
    "excluded": false,
    "exclude_reason": "",
    "raw_name": "Space Invader PA_0147, gare d'Austerlitz",
    "arrondissement": 13
   }
  },
  {
   "type": "Feature",
   "geometry": {
    "type": "Point",
    "coordinates": [
     2.35063,
     48.85593
    ]
   },
   "properties": {
    "id": "PA_0148",
    "codes": [
     "PA_0148"
    ],
    "city": "PA",
    "address": "sur le pont d'Arcole",
    "in_paris": true,
    "excluded": false,
    "exclude_reason": "",
    "raw_name": "Space Invader PA_0148, sur le pont d'Arcole",
    "arrondissement": 4
   }
  },
  {
   "type": "Feature",
   "geometry": {
    "type": "Point",
    "coordinates": [
     2.362911,
     48.854717
    ]
   },
   "properties": {
    "id": "PA_0149",
    "codes": [
     "PA_0149"
    ],
    "city": "PA",
    "address": "1 rue de Turenne",
    "in_paris": true,
    "excluded": false,
    "exclude_reason": "",
    "raw_name": "Space Invader PA_0149, 1 rue de Turenne",
    "arrondissement": 4
   }
  },
  {
   "type": "Feature",
   "geometry": {
    "type": "Point",
    "coordinates": [
     2.34358,
     48.84745
    ]
   },
   "properties": {
    "id": "PA_0150",
    "codes": [
     "PA_0150"
    ],
    "city": "PA",
    "address": "angle de la Sorbonne",
    "in_paris": true,
    "excluded": false,
    "exclude_reason": "",
    "raw_name": "Space Invader PA_0150, angle de la Sorbonne",
    "arrondissement": 5
   }
  },
  {
   "type": "Feature",
   "geometry": {
    "type": "Point",
    "coordinates": [
     2.346784,
     48.843051
    ]
   },
   "properties": {
    "id": "PA_0151",
    "codes": [
     "PA_0151"
    ],
    "city": "PA",
    "address": "28 rue Lhomond",
    "in_paris": true,
    "excluded": false,
    "exclude_reason": "",
    "raw_name": "Space Invader PA_0151, 28 rue Lhomond",
    "arrondissement": 5
   }
  },
  {
   "type": "Feature",
   "geometry": {
    "type": "Point",
    "coordinates": [
     2.323337,
     48.86619
    ]
   },
   "properties": {
    "id": "PA_0152",
    "codes": [
     "PA_0152"
    ],
    "city": "PA",
    "address": "place de la Concorde",
    "in_paris": true,
    "excluded": false,
    "exclude_reason": "",
    "raw_name": "Space Invader PA_0152, place de la Concorde",
    "arrondissement": 1
   }
  },
  {
   "type": "Feature",
   "geometry": {
    "type": "Point",
    "coordinates": [
     2.400953,
     48.841734
    ]
   },
   "properties": {
    "id": "PA_0154",
    "codes": [
     "PA_0154"
    ],
    "city": "PA",
    "address": "métro de Bel-Air",
    "in_paris": true,
    "excluded": false,
    "exclude_reason": "",
    "raw_name": "Space Invader PA_0154, métro de Bel-Air",
    "arrondissement": 12
   }
  },
  {
   "type": "Feature",
   "geometry": {
    "type": "Point",
    "coordinates": [
     2.348257,
     48.851375
    ]
   },
   "properties": {
    "id": "PA_0155",
    "codes": [
     "PA_0155"
    ],
    "city": "PA",
    "address": "16 rue des Trois Portes",
    "in_paris": true,
    "excluded": false,
    "exclude_reason": "",
    "raw_name": "Space Invader PA_0155, 16 rue des Trois Portes",
    "arrondissement": 5
   }
  },
  {
   "type": "Feature",
   "geometry": {
    "type": "Point",
    "coordinates": [
     2.354299,
     48.85991
    ]
   },
   "properties": {
    "id": "PA_0156",
    "codes": [
     "PA_0156"
    ],
    "city": "PA",
    "address": "2 rue Simon le Franc",
    "in_paris": true,
    "excluded": false,
    "exclude_reason": "",
    "raw_name": "Space Invader PA_0156, 2 rue Simon le Franc",
    "arrondissement": 4
   }
  },
  {
   "type": "Feature",
   "geometry": {
    "type": "Point",
    "coordinates": [
     2.348976,
     48.846242
    ]
   },
   "properties": {
    "id": "PA_0157",
    "codes": [
     "PA_0157"
    ],
    "city": "PA",
    "address": "10 rue Clovis",
    "in_paris": true,
    "excluded": false,
    "exclude_reason": "",
    "raw_name": "Space Invader PA_0157, 10 rue Clovis",
    "arrondissement": 5
   }
  },
  {
   "type": "Feature",
   "geometry": {
    "type": "Point",
    "coordinates": [
     2.363722,
     48.8607
    ]
   },
   "properties": {
    "id": "PA_0158",
    "codes": [
     "PA_0158"
    ],
    "city": "PA",
    "address": "7 rue Debelleyme.",
    "in_paris": true,
    "excluded": false,
    "exclude_reason": "",
    "raw_name": "Space Invader PA_0158, 7 rue Debelleyme.",
    "arrondissement": 3
   }
  },
  {
   "type": "Feature",
   "geometry": {
    "type": "Point",
    "coordinates": [
     2.351035,
     48.876025
    ]
   },
   "properties": {
    "id": "PA_0159",
    "codes": [
     "PA_0159"
    ],
    "city": "PA",
    "address": "69 rue d'Hauteville",
    "in_paris": true,
    "excluded": false,
    "exclude_reason": "",
    "raw_name": "Space Invader PA_0159, 69 rue d'Hauteville",
    "arrondissement": 10
   }
  },
  {
   "type": "Feature",
   "geometry": {
    "type": "Point",
    "coordinates": [
     2.340677,
     48.885374
    ]
   },
   "properties": {
    "id": "PA_0160",
    "codes": [
     "PA_0160"
    ],
    "city": "PA",
    "address": "16 rue André Barsacq",
    "in_paris": true,
    "excluded": false,
    "exclude_reason": "",
    "raw_name": "Space Invader PA_0160, 16 rue André Barsacq",
    "arrondissement": 18
   }
  },
  {
   "type": "Feature",
   "geometry": {
    "type": "Point",
    "coordinates": [
     2.339665,
     48.884163
    ]
   },
   "properties": {
    "id": "PA_0161",
    "codes": [
     "PA_0161"
    ],
    "city": "PA",
    "address": "17 rue Yvonne Le Tac",
    "in_paris": true,
    "excluded": false,
    "exclude_reason": "",
    "raw_name": "Space Invader PA_0161, 17 rue Yvonne Le Tac",
    "arrondissement": 18
   }
  },
  {
   "type": "Feature",
   "geometry": {
    "type": "Point",
    "coordinates": [
     2.370559,
     48.884617
    ]
   },
   "properties": {
    "id": "PA_0162",
    "codes": [
     "PA_0162"
    ],
    "city": "PA",
    "address": "8 quai de la Seine",
    "in_paris": true,
    "excluded": false,
    "exclude_reason": "",
    "raw_name": "Space Invader PA_0162, 8 quai de la Seine",
    "arrondissement": 19
   }
  },
  {
   "type": "Feature",
   "geometry": {
    "type": "Point",
    "coordinates": [
     2.34355,
     48.84691
    ]
   },
   "properties": {
    "id": "PA_0163",
    "codes": [
     "PA_0163"
    ],
    "city": "PA",
    "address": "133 rue Saint-Jacques",
    "in_paris": true,
    "excluded": false,
    "exclude_reason": "",
    "raw_name": "Space Invader PA_0163, 133 rue Saint-Jacques",
    "arrondissement": 5
   }
  },
  {
   "type": "Feature",
   "geometry": {
    "type": "Point",
    "coordinates": [
     2.340567,
     48.887647
    ]
   },
   "properties": {
    "id": "PA_0165",
    "codes": [
     "PA_0165"
    ],
    "city": "PA",
    "address": "5 rue Cortot",
    "in_paris": true,
    "excluded": false,
    "exclude_reason": "",
    "raw_name": "Space Invader PA_0165, 5 rue Cortot",
    "arrondissement": 18
   }
  },
  {
   "type": "Feature",
   "geometry": {
    "type": "Point",
    "coordinates": [
     2.38531,
     48.885298
    ]
   },
   "properties": {
    "id": "PA_0166",
    "codes": [
     "PA_0166"
    ],
    "city": "PA",
    "address": "face au 21 rue Georges Auric",
    "in_paris": true,
    "excluded": false,
    "exclude_reason": "",
    "raw_name": "Space Invader PA_0166, face au 21 rue Georges Auric",
    "arrondissement": 19
   }
  },
  {
   "type": "Feature",
   "geometry": {
    "type": "Point",
    "coordinates": [
     2.336674,
     48.865523
    ]
   },
   "properties": {
    "id": "PA_0167",
    "codes": [
     "PA_0167",
     "PA_0168"
    ],
    "city": "PA",
    "address": "37 rue Richelieu",
    "in_paris": true,
    "excluded": false,
    "exclude_reason": "",
    "raw_name": "Space Invader PA_0167 & PA_0168, 37 rue Richelieu",
    "arrondissement": 1
   }
  },
  {
   "type": "Feature",
   "geometry": {
    "type": "Point",
    "coordinates": [
     2.341469,
     48.886355
    ]
   },
   "properties": {
    "id": "PA_0169",
    "codes": [
     "PA_0169"
    ],
    "city": "PA",
    "address": "2 rue du Mont Cenis",
    "in_paris": true,
    "excluded": false,
    "exclude_reason": "",
    "raw_name": "Space Invader PA_0169, 2 rue du Mont Cenis",
    "arrondissement": 18
   }
  },
  {
   "type": "Feature",
   "geometry": {
    "type": "Point",
    "coordinates": [
     2.3318,
     48.89119
    ]
   },
   "properties": {
    "id": "PA_0172",
    "codes": [
     "PA_0172"
    ],
    "city": "PA",
    "address": "21 rue Carpeaux",
    "in_paris": true,
    "excluded": false,
    "exclude_reason": "",
    "raw_name": "Space Invader PA_0172, 21 rue Carpeaux",
    "arrondissement": 18
   }
  },
  {
   "type": "Feature",
   "geometry": {
    "type": "Point",
    "coordinates": [
     2.373552,
     48.851599
    ]
   },
   "properties": {
    "id": "PA_0175",
    "codes": [
     "PA_0175"
    ],
    "city": "PA",
    "address": "18 passage du Chantier",
    "in_paris": true,
    "excluded": false,
    "exclude_reason": "",
    "raw_name": "Space Invader PA_0175, 18 passage du Chantier",
    "arrondissement": 12
   }
  },
  {
   "type": "Feature",
   "geometry": {
    "type": "Point",
    "coordinates": [
     2.33077,
     48.849961
    ]
   },
   "properties": {
    "id": "PA_0176",
    "codes": [
     "PA_0176"
    ],
    "city": "PA",
    "address": "12 rue Cassette",
    "in_paris": true,
    "excluded": false,
    "exclude_reason": "",
    "raw_name": "Space Invader PA_0176, 12 rue Cassette",
    "arrondissement": 6
   }
  },
  {
   "type": "Feature",
   "geometry": {
    "type": "Point",
    "coordinates": [
     2.33081,
     48.865373
    ]
   },
   "properties": {
    "id": "PA_0177",
    "codes": [
     "PA_0177"
    ],
    "city": "PA",
    "address": "12 rue du 29 Juillet",
    "in_paris": true,
    "excluded": false,
    "exclude_reason": "",
    "raw_name": "Space Invader PA_0177, 12 rue du 29 Juillet",
    "arrondissement": 1
   }
  },
  {
   "type": "Feature",
   "geometry": {
    "type": "Point",
    "coordinates": [
     2.305926,
     48.874702
    ]
   },
   "properties": {
    "id": "PA_0178",
    "codes": [
     "PA_0178"
    ],
    "city": "PA",
    "address": "165 rue du Faubourg Saint-Honoré",
    "in_paris": true,
    "excluded": false,
    "exclude_reason": "",
    "raw_name": "Space Invader PA_0178, 165 rue du Faubourg Saint-Honoré",
    "arrondissement": 8
   }
  },
  {
   "type": "Feature",
   "geometry": {
    "type": "Point",
    "coordinates": [
     2.50721,
     48.82725
    ]
   },
   "properties": {
    "id": "PA_0179",
    "codes": [
     "PA_0179"
    ],
    "city": "PA",
    "address": "entrée du tunnel de Champigny",
    "in_paris": false,
    "excluded": false,
    "exclude_reason": "",
    "raw_name": "Space Invader PA_0179, entrée du tunnel de Champigny"
   }
  },
  {
   "type": "Feature",
   "geometry": {
    "type": "Point",
    "coordinates": [
     2.331925,
     48.851063
    ]
   },
   "properties": {
    "id": "PA_0180",
    "codes": [
     "PA_0180"
    ],
    "city": "PA",
    "address": "14 rue Madame",
    "in_paris": true,
    "excluded": false,
    "exclude_reason": "",
    "raw_name": "Space Invader PA_0180, 14 rue Madame",
    "arrondissement": 6
   }
  },
  {
   "type": "Feature",
   "geometry": {
    "type": "Point",
    "coordinates": [
     2.331768,
     48.850645
    ]
   },
   "properties": {
    "id": "PA_0181",
    "codes": [
     "PA_0181"
    ],
    "city": "PA",
    "address": "20-24 rue Madame",
    "in_paris": true,
    "excluded": false,
    "exclude_reason": "",
    "raw_name": "Space Invader PA_0181, 20-24 rue Madame",
    "arrondissement": 6
   }
  },
  {
   "type": "Feature",
   "geometry": {
    "type": "Point",
    "coordinates": [
     2.331918,
     48.850962
    ]
   },
   "properties": {
    "id": "PA_0182",
    "codes": [
     "PA_0182"
    ],
    "city": "PA",
    "address": "18 rue Madame",
    "in_paris": true,
    "excluded": false,
    "exclude_reason": "",
    "raw_name": "Space Invader PA_0182, 18 rue Madame",
    "arrondissement": 6
   }
  },
  {
   "type": "Feature",
   "geometry": {
    "type": "Point",
    "coordinates": [
     2.331885,
     48.85035
    ]
   },
   "properties": {
    "id": "PA_0183",
    "codes": [
     "PA_0183"
    ],
    "city": "PA",
    "address": "19 rue de Mézières",
    "in_paris": true,
    "excluded": false,
    "exclude_reason": "",
    "raw_name": "Space Invader PA_0183, 19 rue de Mézières",
    "arrondissement": 6
   }
  },
  {
   "type": "Feature",
   "geometry": {
    "type": "Point",
    "coordinates": [
     2.341737,
     48.852326
    ]
   },
   "properties": {
    "id": "PA_0184",
    "codes": [
     "PA_0184"
    ],
    "city": "PA",
    "address": "2 rue Mignon",
    "in_paris": true,
    "excluded": false,
    "exclude_reason": "",
    "raw_name": "Space Invader PA_0184, 2 rue Mignon",
    "arrondissement": 6
   }
  },
  {
   "type": "Feature",
   "geometry": {
    "type": "Point",
    "coordinates": [
     2.33117,
     48.872642
    ]
   },
   "properties": {
    "id": "PA_0185",
    "codes": [
     "PA_0185"
    ],
    "city": "PA",
    "address": "8 rue Scribe",
    "in_paris": true,
    "excluded": false,
    "exclude_reason": "",
    "raw_name": "Space Invader PA_0185, 8 rue Scribe",
    "arrondissement": 9
   }
  },
  {
   "type": "Feature",
   "geometry": {
    "type": "Point",
    "coordinates": [
     2.354711,
     48.846366
    ]
   },
   "properties": {
    "id": "PA_0187",
    "codes": [
     "PA_0187"
    ],
    "city": "PA",
    "address": "fontaine Jussieu",
    "in_paris": true,
    "excluded": false,
    "exclude_reason": "",
    "raw_name": "Space Invader PA_0187, fontaine Jussieu",
    "arrondissement": 5
   }
  },
  {
   "type": "Feature",
   "geometry": {
    "type": "Point",
    "coordinates": [
     2.36018,
     48.85788
    ]
   },
   "properties": {
    "id": "PA_0188",
    "codes": [
     "PA_0188"
    ],
    "city": "PA",
    "address": "39 rue des Francs-Bourgeois",
    "in_paris": true,
    "excluded": false,
    "exclude_reason": "",
    "raw_name": "Space Invader PA_0188, 39 rue des Francs-Bourgeois",
    "arrondissement": 4
   }
  },
  {
   "type": "Feature",
   "geometry": {
    "type": "Point",
    "coordinates": [
     2.354532,
     48.860515
    ]
   },
   "properties": {
    "id": "PA_0189",
    "codes": [
     "PA_0189"
    ],
    "city": "PA",
    "address": "3 rue Geoffroy Langevin",
    "in_paris": true,
    "excluded": false,
    "exclude_reason": "",
    "raw_name": "Space Invader PA_0189, 3 rue Geoffroy Langevin",
    "arrondissement": 4
   }
  },
  {
   "type": "Feature",
   "geometry": {
    "type": "Point",
    "coordinates": [
     2.403704,
     48.860208
    ]
   },
   "properties": {
    "id": "PA_0190",
    "codes": [
     "PA_0190"
    ],
    "city": "PA",
    "address": "1 rue Stendhal",
    "in_paris": true,
    "excluded": false,
    "exclude_reason": "",
    "raw_name": "Space Invader PA_0190, 1 rue Stendhal",
    "arrondissement": 20
   }
  },
  {
   "type": "Feature",
   "geometry": {
    "type": "Point",
    "coordinates": [
     2.402905,
     48.86068
    ]
   },
   "properties": {
    "id": "PA_0191",
    "codes": [
     "PA_0191"
    ],
    "city": "PA",
    "address": "21 chemin du Parc de Charonne",
    "in_paris": true,
    "excluded": false,
    "exclude_reason": "",
    "raw_name": "Space Invader PA_0191, 21 chemin du Parc de Charonne",
    "arrondissement": 20
   }
  },
  {
   "type": "Feature",
   "geometry": {
    "type": "Point",
    "coordinates": [
     2.404965,
     48.860974
    ]
   },
   "properties": {
    "id": "PA_0192",
    "codes": [
     "PA_0192",
     "PA_0785"
    ],
    "city": "PA",
    "address": "face au 130 rue de Bagnolet",
    "in_paris": true,
    "excluded": false,
    "exclude_reason": "",
    "raw_name": "Space Invader PA_0192 & PA_0785, face au 130 rue de Bagnolet",
    "arrondissement": 20
   }
  },
  {
   "type": "Feature",
   "geometry": {
    "type": "Point",
    "coordinates": [
     2.356472,
     48.865294
    ]
   },
   "properties": {
    "id": "PA_0193",
    "codes": [
     "PA_0193"
    ],
    "city": "PA",
    "address": "29 rue de Réaumur",
    "in_paris": true,
    "excluded": false,
    "exclude_reason": "",
    "raw_name": "Space Invader PA_0193, 29 rue de Réaumur",
    "arrondissement": 3
   }
  },
  {
   "type": "Feature",
   "geometry": {
    "type": "Point",
    "coordinates": [
     2.377448,
     48.859993
    ]
   },
   "properties": {
    "id": "PA_0194",
    "codes": [
     "PA_0194"
    ],
    "city": "PA",
    "address": "61 rue du Chemin Vert",
    "in_paris": true,
    "excluded": false,
    "exclude_reason": "",
    "raw_name": "Space Invader PA_0194, 61 rue du Chemin Vert",
    "arrondissement": 11
   }
  },
  {
   "type": "Feature",
   "geometry": {
    "type": "Point",
    "coordinates": [
     2.344819,
     48.900821
    ]
   },
   "properties": {
    "id": "PA_0195",
    "codes": [
     "PA_0195"
    ],
    "city": "PA",
    "address": "avenue de la porte Clignancourt",
    "in_paris": true,
    "excluded": false,
    "exclude_reason": "",
    "raw_name": "Space Invader PA_0195, avenue de la porte Clignancourt",
    "arrondissement": 18
   }
  },
  {
   "type": "Feature",
   "geometry": {
    "type": "Point",
    "coordinates": [
     2.368895,
     48.883703
    ]
   },
   "properties": {
    "id": "PA_0196",
    "codes": [
     "PA_0196"
    ],
    "city": "PA",
    "address": "place de la Bataille de Stalingrad",
    "in_paris": true,
    "excluded": false,
    "exclude_reason": "",
    "raw_name": "Space Invader PA_0196, place de la Bataille de Stalingrad"
   }
  },
  {
   "type": "Feature",
   "geometry": {
    "type": "Point",
    "coordinates": [
     2.33238,
     48.886559
    ]
   },
   "properties": {
    "id": "PA_0197",
    "codes": [
     "PA_0197"
    ],
    "city": "PA",
    "address": "cimetière de Montmartre",
    "in_paris": true,
    "excluded": false,
    "exclude_reason": "",
    "raw_name": "Space Invader PA_0197, cimetière de Montmartre",
    "arrondissement": 18
   }
  },
  {
   "type": "Feature",
   "geometry": {
    "type": "Point",
    "coordinates": [
     2.372611,
     48.874305
    ]
   },
   "properties": {
    "id": "PA_0198",
    "codes": [
     "PA_0198"
    ],
    "city": "PA",
    "address": "27 rue Sainte-Marthe",
    "in_paris": true,
    "excluded": false,
    "exclude_reason": "",
    "raw_name": "Space Invader PA_0198, 27 rue Sainte-Marthe",
    "arrondissement": 10
   }
  },
  {
   "type": "Feature",
   "geometry": {
    "type": "Point",
    "coordinates": [
     2.37238,
     48.844506
    ]
   },
   "properties": {
    "id": "PA_0200",
    "codes": [
     "PA_0200"
    ],
    "city": "PA",
    "address": "face au 194 rue de Bercy",
    "in_paris": true,
    "excluded": false,
    "exclude_reason": "",
    "raw_name": "Space Invader PA_0200, face au 194 rue de Bercy",
    "arrondissement": 12
   }
  },
  {
   "type": "Feature",
   "geometry": {
    "type": "Point",
    "coordinates": [
     2.37682,
     48.87801
    ]
   },
   "properties": {
    "id": "PA_0201",
    "codes": [
     "PA_0201"
    ],
    "city": "PA",
    "address": "19 rue Georges Lardennois",
    "in_paris": true,
    "excluded": false,
    "exclude_reason": "",
    "raw_name": "Space Invader PA_0201, 19 rue Georges Lardennois",
    "arrondissement": 19
   }
  },
  {
   "type": "Feature",
   "geometry": {
    "type": "Point",
    "coordinates": [
     2.395975,
     48.889956
    ]
   },
   "properties": {
    "id": "PA_0204",
    "codes": [
     "PA_0204"
    ],
    "city": "PA",
    "address": "place de la porte de Pantin",
    "in_paris": true,
    "excluded": false,
    "exclude_reason": "",
    "raw_name": "Space Invader PA_0204, place de la porte de Pantin",
    "arrondissement": 19
   }
  },
  {
   "type": "Feature",
   "geometry": {
    "type": "Point",
    "coordinates": [
     2.35168,
     48.878073
    ]
   },
   "properties": {
    "id": "PA_0205",
    "codes": [
     "PA_0205"
    ],
    "city": "PA",
    "address": "parvis de Saint-Vincent-de-Paul",
    "in_paris": true,
    "excluded": false,
    "exclude_reason": "",
    "raw_name": "Space Invader PA_0205, parvis de Saint-Vincent-de-Paul",
    "arrondissement": 10
   }
  },
  {
   "type": "Feature",
   "geometry": {
    "type": "Point",
    "coordinates": [
     2.327428,
     48.883508
    ]
   },
   "properties": {
    "id": "PA_0206",
    "codes": [
     "PA_0206"
    ],
    "city": "PA",
    "address": "place de Clichy",
    "in_paris": true,
    "excluded": false,
    "exclude_reason": "",
    "raw_name": "Space Invader PA_0206, place de Clichy",
    "arrondissement": 9
   }
  },
  {
   "type": "Feature",
   "geometry": {
    "type": "Point",
    "coordinates": [
     2.332576,
     48.887721
    ]
   },
   "properties": {
    "id": "PA_0207",
    "codes": [
     "PA_0207"
    ],
    "city": "PA",
    "address": "7 rue Damrémont",
    "in_paris": true,
    "excluded": false,
    "exclude_reason": "",
    "raw_name": "Space Invader PA_0207, 7 rue Damrémont",
    "arrondissement": 18
   }
  },
  {
   "type": "Feature",
   "geometry": {
    "type": "Point",
    "coordinates": [
     2.331491,
     48.837428
    ]
   },
   "properties": {
    "id": "PA_0208",
    "codes": [
     "PA_0208"
    ],
    "city": "PA",
    "address": "métro Raspail",
    "in_paris": true,
    "excluded": false,
    "exclude_reason": "",
    "raw_name": "Space Invader PA_0208, métro Raspail",
    "arrondissement": 14
   }
  },
  {
   "type": "Feature",
   "geometry": {
    "type": "Point",
    "coordinates": [
     2.379387,
     48.833351
    ]
   },
   "properties": {
    "id": "PA_0209",
    "codes": [
     "PA_0209"
    ],
    "city": "PA",
    "address": "sur la coque du Batofar",
    "in_paris": true,
    "excluded": false,
    "exclude_reason": "",
    "raw_name": "Space Invader PA_0209, sur la coque du Batofar",
    "arrondissement": 13
   }
  },
  {
   "type": "Feature",
   "geometry": {
    "type": "Point",
    "coordinates": [
     2.359571,
     48.885295
    ]
   },
   "properties": {
    "id": "PA_0210",
    "codes": [
     "PA_0210"
    ],
    "city": "PA",
    "address": "6 rue Marx Dormoy",
    "in_paris": true,
    "excluded": false,
    "exclude_reason": "",
    "raw_name": "Space Invader PA_0210, 6 rue Marx Dormoy",
    "arrondissement": 18
   }
  },
  {
   "type": "Feature",
   "geometry": {
    "type": "Point",
    "coordinates": [
     2.371607,
     48.852441
    ]
   },
   "properties": {
    "id": "PA_0211",
    "codes": [
     "PA_0211"
    ],
    "city": "PA",
    "address": "30 rue du Faubourg Saint-Antoine",
    "in_paris": true,
    "excluded": false,
    "exclude_reason": "",
    "raw_name": "Space Invader PA_0211, 30 rue du Faubourg Saint-Antoine",
    "arrondissement": 12
   }
  },
  {
   "type": "Feature",
   "geometry": {
    "type": "Point",
    "coordinates": [
     2.39305,
     48.85705
    ]
   },
   "properties": {
    "id": "PA_0212",
    "codes": [
     "PA_0212"
    ],
    "city": "PA",
    "address": "123 boulevard de Charonne",
    "in_paris": true,
    "excluded": false,
    "exclude_reason": "",
    "raw_name": "Space Invader PA_0212, 123 boulevard de Charonne",
    "arrondissement": 11
   }
  },
  {
   "type": "Feature",
   "geometry": {
    "type": "Point",
    "coordinates": [
     2.349683,
     48.842099
    ]
   },
   "properties": {
    "id": "PA_0213",
    "codes": [
     "PA_0213"
    ],
    "city": "PA",
    "address": "84 rue Mouffetard",
    "in_paris": true,
    "excluded": false,
    "exclude_reason": "",
    "raw_name": "Space Invader PA_0213, 84 rue Mouffetard",
    "arrondissement": 5
   }
  },
  {
   "type": "Feature",
   "geometry": {
    "type": "Point",
    "coordinates": [
     2.386157,
     48.842592
    ]
   },
   "properties": {
    "id": "PA_0215",
    "codes": [
     "PA_0215",
     "PA_1056"
    ],
    "city": "PA",
    "address": "0 rue Montgallet",
    "in_paris": true,
    "excluded": false,
    "exclude_reason": "",
    "raw_name": "Space Invader PA_0215 & PA_1056, 0 rue Montgallet",
    "arrondissement": 12
   }
  },
  {
   "type": "Feature",
   "geometry": {
    "type": "Point",
    "coordinates": [
     2.342467,
     48.821572
    ]
   },
   "properties": {
    "id": "PA_0216",
    "codes": [
     "PA_0216"
    ],
    "city": "PA",
    "address": "67 rue de l'Amiral Mouchez",
    "in_paris": true,
    "excluded": false,
    "exclude_reason": "",
    "raw_name": "Space Invader PA_0216, 67 rue de l'Amiral Mouchez",
    "arrondissement": 13
   }
  },
  {
   "type": "Feature",
   "geometry": {
    "type": "Point",
    "coordinates": [
     2.37204,
     48.84423
    ]
   },
   "properties": {
    "id": "PA_0218",
    "codes": [
     "PA_0218"
    ],
    "city": "PA",
    "address": "Tunnel Van-Gogh",
    "in_paris": true,
    "excluded": false,
    "exclude_reason": "",
    "raw_name": "Space Invader PA_0218, Tunnel Van-Gogh",
    "arrondissement": 12
   }
  },
  {
   "type": "Feature",
   "geometry": {
    "type": "Point",
    "coordinates": [
     2.37367,
     48.81957
    ]
   },
   "properties": {
    "id": "PA_0219",
    "codes": [
     "PA_0219"
    ],
    "city": "PA",
    "address": "face au 8 rue André Voguet",
    "in_paris": true,
    "excluded": false,
    "exclude_reason": "",
    "raw_name": "Space Invader PA_0219, face au 8 rue André Voguet",
    "arrondissement": 13
   }
  },
  {
   "type": "Feature",
   "geometry": {
    "type": "Point",
    "coordinates": [
     2.373523,
     48.837396
    ]
   },
   "properties": {
    "id": "PA_0220",
    "codes": [
     "PA_0220"
    ],
    "city": "PA",
    "address": "métro Quai de la Gare",
    "in_paris": true,
    "excluded": false,
    "exclude_reason": "",
    "raw_name": "Space Invader PA_0220, métro Quai de la Gare",
    "arrondissement": 13
   }
  },
  {
   "type": "Feature",
   "geometry": {
    "type": "Point",
    "coordinates": [
     2.382938,
     48.873796
    ]
   },
   "properties": {
    "id": "PA_0221",
    "codes": [
     "PA_0221"
    ],
    "city": "PA",
    "address": "91 rue Rebeval",
    "in_paris": true,
    "excluded": false,
    "exclude_reason": "",
    "raw_name": "Space Invader PA_0221, 91 rue Rebeval",
    "arrondissement": 19
   }
  },
  {
   "type": "Feature",
   "geometry": {
    "type": "Point",
    "coordinates": [
     2.374427,
     48.871109
    ]
   },
   "properties": {
    "id": "PA_0222",
    "codes": [
     "PA_0222"
    ],
    "city": "PA",
    "address": "94 rue du Faubourg du Temple",
    "in_paris": true,
    "excluded": false,
    "exclude_reason": "",
    "raw_name": "Space Invader PA_0222, 94 rue du Faubourg du Temple",
    "arrondissement": 11
   }
  },
  {
   "type": "Feature",
   "geometry": {
    "type": "Point",
    "coordinates": [
     2.376069,
     48.848217
    ]
   },
   "properties": {
    "id": "PA_0223",
    "codes": [
     "PA_0223"
    ],
    "city": "PA",
    "address": "20 rue Abel",
    "in_paris": true,
    "excluded": false,
    "exclude_reason": "",
    "raw_name": "Space Invader PA_0223, 20 rue Abel",
    "arrondissement": 12
   }
  },
  {
   "type": "Feature",
   "geometry": {
    "type": "Point",
    "coordinates": [
     2.373607,
     48.819874
    ]
   },
   "properties": {
    "id": "PA_0224",
    "codes": [
     "PA_0224"
    ],
    "city": "PA",
    "address": "sur les panneaux d'information du périph'",
    "in_paris": true,
    "excluded": false,
    "exclude_reason": "",
    "raw_name": "Space Invader PA_0224, sur les panneaux d'information du périph'",
    "arrondissement": 13
   }
  },
  {
   "type": "Feature",
   "geometry": {
    "type": "Point",
    "coordinates": [
     2.373015,
     48.819453
    ]
   },
   "properties": {
    "id": "PA_0225",
    "codes": [
     "PA_0225"
    ],
    "city": "PA",
    "address": "sur le pont du periph' porte d'Ivry",
    "in_paris": true,
    "excluded": false,
    "exclude_reason": "",
    "raw_name": "Space Invader PA_0225, sur le pont du periph' porte d'Ivry",
    "arrondissement": 13
   }
  },
  {
   "type": "Feature",
   "geometry": {
    "type": "Point",
    "coordinates": [
     2.351173,
     48.876749
    ]
   },
   "properties": {
    "id": "PA_0226",
    "codes": [
     "PA_0226"
    ],
    "city": "PA",
    "address": "83 rue d'Hauteville",
    "in_paris": true,
    "excluded": false,
    "exclude_reason": "",
    "raw_name": "Space Invader PA_0226, 83 rue d'Hauteville",
    "arrondissement": 10
   }
  },
  {
   "type": "Feature",
   "geometry": {
    "type": "Point",
    "coordinates": [
     2.353033,
     48.87415
    ]
   },
   "properties": {
    "id": "PA_0227",
    "codes": [
     "PA_0227"
    ],
    "city": "PA",
    "address": "15 rue Martel",
    "in_paris": true,
    "excluded": false,
    "exclude_reason": "",
    "raw_name": "Space Invader, PA_0227, 15 rue Martel",
    "arrondissement": 10
   }
  },
  {
   "type": "Feature",
   "geometry": {
    "type": "Point",
    "coordinates": [
     2.38295,
     48.88991
    ]
   },
   "properties": {
    "id": "PA_0228",
    "codes": [
     "PA_0228"
    ],
    "city": "PA",
    "address": "pont de la rue de l'Ourcq",
    "in_paris": true,
    "excluded": false,
    "exclude_reason": "",
    "raw_name": "Space Invader PA_0228, pont de la rue de l'Ourcq",
    "arrondissement": 19
   }
  },
  {
   "type": "Feature",
   "geometry": {
    "type": "Point",
    "coordinates": [
     2.339681,
     48.851027
    ]
   },
   "properties": {
    "id": "PA_0229",
    "codes": [
     "PA_0229"
    ],
    "city": "PA",
    "address": "rue Antoine Dubois",
    "in_paris": true,
    "excluded": false,
    "exclude_reason": "",
    "raw_name": "Space Invader PA_0229, rue Antoine Dubois",
    "arrondissement": 6
   }
  },
  {
   "type": "Feature",
   "geometry": {
    "type": "Point",
    "coordinates": [
     2.349905,
     48.864322
    ]
   },
   "properties": {
    "id": "PA_0231",
    "codes": [
     "PA_0231"
    ],
    "city": "PA",
    "address": "1 rue Tiquetonne",
    "in_paris": true,
    "excluded": false,
    "exclude_reason": "",
    "raw_name": "Space Invader PA_0231, 1 rue Tiquetonne",
    "arrondissement": 2
   }
  },
  {
   "type": "Feature",
   "geometry": {
    "type": "Point",
    "coordinates": [
     2.347672,
     48.864543
    ]
   },
   "properties": {
    "id": "PA_0232",
    "codes": [
     "PA_0232"
    ],
    "city": "PA",
    "address": "11 rue Française",
    "in_paris": true,
    "excluded": false,
    "exclude_reason": "",
    "raw_name": "Space Invader PA_0232, 11 rue Française",
    "arrondissement": 2
   }
  },
  {
   "type": "Feature",
   "geometry": {
    "type": "Point",
    "coordinates": [
     2.276331,
     48.844456
    ]
   },
   "properties": {
    "id": "PA_0233",
    "codes": [
     "PA_0233"
    ],
    "city": "PA",
    "address": "1 rue des Cévennes",
    "in_paris": true,
    "excluded": false,
    "exclude_reason": "",
    "raw_name": "Space Invader PA_0233, 1 rue des Cévennes",
    "arrondissement": 15
   }
  },
  {
   "type": "Feature",
   "geometry": {
    "type": "Point",
    "coordinates": [
     2.29964,
     48.87095
    ]
   },
   "properties": {
    "id": "PA_0236",
    "codes": [
     "PA_0236"
    ],
    "city": "PA",
    "address": "16 rue Magellan",
    "in_paris": true,
    "excluded": false,
    "exclude_reason": "",
    "raw_name": "Space Invader PA_0236, 16 rue Magellan",
    "arrondissement": 8
   }
  },
  {
   "type": "Feature",
   "geometry": {
    "type": "Point",
    "coordinates": [
     2.297074,
     48.873433
    ]
   },
   "properties": {
    "id": "PA_0237",
    "codes": [
     "PA_0237"
    ],
    "city": "PA",
    "address": "156 avenue des Champs Élysées",
    "in_paris": true,
    "excluded": false,
    "exclude_reason": "",
    "raw_name": "Space Invader PA_0237, 156 avenue des Champs Élysées",
    "arrondissement": 8
   }
  },
  {
   "type": "Feature",
   "geometry": {
    "type": "Point",
    "coordinates": [
     2.307521,
     48.866054
    ]
   },
   "properties": {
    "id": "PA_0238",
    "codes": [
     "PA_0238"
    ],
    "city": "PA",
    "address": "8 rue François 1er",
    "in_paris": true,
    "excluded": false,
    "exclude_reason": "",
    "raw_name": "Space Invader PA_0238, 8 rue François 1er",
    "arrondissement": 8
   }
  },
  {
   "type": "Feature",
   "geometry": {
    "type": "Point",
    "coordinates": [
     2.373868,
     48.845741
    ]
   },
   "properties": {
    "id": "PA_0240",
    "codes": [
     "PA_0240"
    ],
    "city": "PA",
    "address": "face au 23 boulevard Diderot",
    "in_paris": true,
    "excluded": false,
    "exclude_reason": "",
    "raw_name": "Space Invader PA_0240, face au 23 boulevard Diderot",
    "arrondissement": 12
   }
  },
  {
   "type": "Feature",
   "geometry": {
    "type": "Point",
    "coordinates": [
     2.400885,
     48.841006
    ]
   },
   "properties": {
    "id": "PA_0241",
    "codes": [
     "PA_0241"
    ],
    "city": "PA",
    "address": "métro Bel-Air face sud",
    "in_paris": true,
    "excluded": false,
    "exclude_reason": "",
    "raw_name": "Space Invader PA_0241, métro Bel-Air face sud",
    "arrondissement": 12
   }
  },
  {
   "type": "Feature",
   "geometry": {
    "type": "Point",
    "coordinates": [
     2.406932,
     48.844487
    ]
   },
   "properties": {
    "id": "PA_0242",
    "codes": [
     "PA_0242"
    ],
    "city": "PA",
    "address": "94-100 avenue Saint-Mandé",
    "in_paris": true,
    "excluded": false,
    "exclude_reason": "",
    "raw_name": "Space Invader PA_0242, 94-100 avenue Saint-Mandé",
    "arrondissement": 12
   }
  },
  {
   "type": "Feature",
   "geometry": {
    "type": "Point",
    "coordinates": [
     2.375117,
     48.846819
    ]
   },
   "properties": {
    "id": "PA_0243",
    "codes": [
     "PA_0243"
    ],
    "city": "PA",
    "address": "8bis rue Abel",
    "in_paris": true,
    "excluded": false,
    "exclude_reason": "",
    "raw_name": "Space Invader PA_0243, 8bis rue Abel",
    "arrondissement": 12
   }
  },
  {
   "type": "Feature",
   "geometry": {
    "type": "Point",
    "coordinates": [
     2.371976,
     48.864602
    ]
   },
   "properties": {
    "id": "PA_0245",
    "codes": [
     "PA_0245"
    ],
    "city": "PA",
    "address": "47 rue Oberkampf",
    "in_paris": true,
    "excluded": false,
    "exclude_reason": "",
    "raw_name": "Space Invader PA_0245, 47 rue Oberkampf",
    "arrondissement": 11
   }
  },
  {
   "type": "Feature",
   "geometry": {
    "type": "Point",
    "coordinates": [
     2.289533,
     48.833349
    ]
   },
   "properties": {
    "id": "PA_0247",
    "codes": [
     "PA_0247"
    ],
    "city": "PA",
    "address": "1 rue Firmin Gillot",
    "in_paris": true,
    "excluded": false,
    "exclude_reason": "",
    "raw_name": "Space Invader PA_0247, 1 rue Firmin Gillot",
    "arrondissement": 15
   }
  },
  {
   "type": "Feature",
   "geometry": {
    "type": "Point",
    "coordinates": [
     2.374516,
     48.868299
    ]
   },
   "properties": {
    "id": "PA_0248",
    "codes": [
     "PA_0248"
    ],
    "city": "PA",
    "address": "64 rue de la Fontaine au Roi",
    "in_paris": true,
    "excluded": false,
    "exclude_reason": "",
    "raw_name": "Space Invader PA_0248, 64 rue de la Fontaine au Roi",
    "arrondissement": 11
   }
  },
  {
   "type": "Feature",
   "geometry": {
    "type": "Point",
    "coordinates": [
     2.367355,
     48.868861
    ]
   },
   "properties": {
    "id": "PA_0250",
    "codes": [
     "PA_0250"
    ],
    "city": "PA",
    "address": "entrée du mini-square de Jemmapes",
    "in_paris": true,
    "excluded": false,
    "exclude_reason": "",
    "raw_name": "Space Invader PA_0250, entrée du mini-square de Jemmapes",
    "arrondissement": 10
   }
  },
  {
   "type": "Feature",
   "geometry": {
    "type": "Point",
    "coordinates": [
     2.348006,
     48.860668
    ]
   },
   "properties": {
    "id": "PA_0251",
    "codes": [
     "PA_0251"
    ],
    "city": "PA",
    "address": "à l'ouest de la fontaine des Innocents",
    "in_paris": true,
    "excluded": false,
    "exclude_reason": "",
    "raw_name": "Space Invader PA_0251, à l'ouest de la fontaine des Innocents",
    "arrondissement": 1
   }
  },
  {
   "type": "Feature",
   "geometry": {
    "type": "Point",
    "coordinates": [
     2.301387,
     48.864059
    ]
   },
   "properties": {
    "id": "PA_0253",
    "codes": [
     "PA_0253"
    ],
    "city": "PA",
    "address": "pont de l'Alma côté rive droite",
    "in_paris": true,
    "excluded": false,
    "exclude_reason": "",
    "raw_name": "Space Invader PA_0253, pont de l'Alma côté rive droite",
    "arrondissement": 16
   }
  },
  {
   "type": "Feature",
   "geometry": {
    "type": "Point",
    "coordinates": [
     2.300541,
     48.871809
    ]
   },
   "properties": {
    "id": "PA_0254",
    "codes": [
     "PA_0254"
    ],
    "city": "PA",
    "address": "101 avenue des Champs-Élysées",
    "in_paris": true,
    "excluded": false,
    "exclude_reason": "",
    "raw_name": "Space Invader PA_0254, 101 avenue des Champs-Élysées",
    "arrondissement": 8
   }
  },
  {
   "type": "Feature",
   "geometry": {
    "type": "Point",
    "coordinates": [
     2.291354,
     48.861297
    ]
   },
   "properties": {
    "id": "PA_0255",
    "codes": [
     "PA_0255"
    ],
    "city": "PA",
    "address": "sous le banc face à l'arrêt de bus Varsovie",
    "in_paris": true,
    "excluded": false,
    "exclude_reason": "",
    "raw_name": "Space Invader PA_0255, sous le banc face à l'arrêt de bus Varsovie",
    "arrondissement": 16
   }
  },
  {
   "type": "Feature",
   "geometry": {
    "type": "Point",
    "coordinates": [
     2.291805,
     48.860866
    ]
   },
   "properties": {
    "id": "PA_0256",
    "codes": [
     "PA_0256"
    ],
    "city": "PA",
    "address": "place de Varsovie",
    "in_paris": true,
    "excluded": false,
    "exclude_reason": "",
    "raw_name": "Space Invader PA_0256, place de Varsovie",
    "arrondissement": 16
   }
  },
  {
   "type": "Feature",
   "geometry": {
    "type": "Point",
    "coordinates": [
     2.285713,
     48.857696
    ]
   },
   "properties": {
    "id": "PA_0257",
    "codes": [
     "PA_0257"
    ],
    "city": "PA",
    "address": "métro Passy",
    "in_paris": true,
    "excluded": false,
    "exclude_reason": "",
    "raw_name": "Space Invader PA_0257, métro Passy",
    "arrondissement": 16
   }
  },
  {
   "type": "Feature",
   "geometry": {
    "type": "Point",
    "coordinates": [
     2.278808,
     48.854483
    ]
   },
   "properties": {
    "id": "PA_0258",
    "codes": [
     "PA_0258"
    ],
    "city": "PA",
    "address": "29 avenue de Lamballe",
    "in_paris": true,
    "excluded": false,
    "exclude_reason": "",
    "raw_name": "Space Invader PA_0258, 29 avenue de Lamballe",
    "arrondissement": 16
   }
  },
  {
   "type": "Feature",
   "geometry": {
    "type": "Point",
    "coordinates": [
     2.259879,
     48.84826
    ]
   },
   "properties": {
    "id": "PA_0259",
    "codes": [
     "PA_0259"
    ],
    "city": "PA",
    "address": "78 rue d'Auteuil",
    "in_paris": true,
    "excluded": false,
    "exclude_reason": "",
    "raw_name": "Space Invader PA_0259, 78 rue d'Auteuil",
    "arrondissement": 16
   }
  },
  {
   "type": "Feature",
   "geometry": {
    "type": "Point",
    "coordinates": [
     2.268704,
     48.847438
    ]
   },
   "properties": {
    "id": "PA_0260",
    "codes": [
     "PA_0260"
    ],
    "city": "PA",
    "address": "place de l'Église d'Auteuil",
    "in_paris": true,
    "excluded": false,
    "exclude_reason": "",
    "raw_name": "Space Invader PA_0260, place de l'Église d'Auteuil",
    "arrondissement": 16
   }
  },
  {
   "type": "Feature",
   "geometry": {
    "type": "Point",
    "coordinates": [
     2.397285,
     48.848006
    ]
   },
   "properties": {
    "id": "PA_0262",
    "codes": [
     "PA_0262"
    ],
    "city": "PA",
    "address": "place de la Nation (côté avenue du Trône)",
    "in_paris": true,
    "excluded": false,
    "exclude_reason": "",
    "raw_name": "Space Invader PA_0262, place de la Nation (côté avenue du Trône)",
    "arrondissement": 12
   }
  },
  {
   "type": "Feature",
   "geometry": {
    "type": "Point",
    "coordinates": [
     2.285663,
     48.86995
    ]
   },
   "properties": {
    "id": "PA_0263",
    "codes": [
     "PA_0263"
    ],
    "city": "PA",
    "address": "sur les marches du métro Victor Hugo",
    "in_paris": true,
    "excluded": false,
    "exclude_reason": "",
    "raw_name": "Space Invader PA_0263, sur les marches du métro Victor Hugo",
    "arrondissement": 16
   }
  },
  {
   "type": "Feature",
   "geometry": {
    "type": "Point",
    "coordinates": [
     2.275514,
     48.862998
    ]
   },
   "properties": {
    "id": "PA_0264",
    "codes": [
     "PA_0264"
    ],
    "city": "PA",
    "address": "115 rue de la Tour",
    "in_paris": true,
    "excluded": false,
    "exclude_reason": "",
    "raw_name": "Space Invader PA_0264, 115 rue de la Tour",
    "arrondissement": 16
   }
  },
  {
   "type": "Feature",
   "geometry": {
    "type": "Point",
    "coordinates": [
     2.272269,
     48.862923
    ]
   },
   "properties": {
    "id": "PA_0265",
    "codes": [
     "PA_0265"
    ],
    "city": "PA",
    "address": "face au 27 boulevard Jules Sandeau",
    "in_paris": true,
    "excluded": false,
    "exclude_reason": "",
    "raw_name": "Space Invader PA_0265, face au 27 boulevard Jules Sandeau",
    "arrondissement": 16
   }
  },
  {
   "type": "Feature",
   "geometry": {
    "type": "Point",
    "coordinates": [
     2.29564,
     48.864649
    ]
   },
   "properties": {
    "id": "PA_0266",
    "codes": [
     "PA_0266"
    ],
    "city": "PA",
    "address": "11 rue de la Manutention",
    "in_paris": true,
    "excluded": false,
    "exclude_reason": "",
    "raw_name": "Space Invader PA_0266, 11 rue de la Manutention",
    "arrondissement": 16
   }
  },
  {
   "type": "Feature",
   "geometry": {
    "type": "Point",
    "coordinates": [
     2.290235,
     48.864144
    ]
   },
   "properties": {
    "id": "PA_0267",
    "codes": [
     "PA_0267"
    ],
    "city": "PA",
    "address": "10 rue de Magdebourg",
    "in_paris": true,
    "excluded": false,
    "exclude_reason": "",
    "raw_name": "Space Invader PA_0267, 10 rue de Magdebourg",
    "arrondissement": 16
   }
  },
  {
   "type": "Feature",
   "geometry": {
    "type": "Point",
    "coordinates": [
     2.303607,
     48.879002
    ]
   },
   "properties": {
    "id": "PA_0268",
    "codes": [
     "PA_0268"
    ],
    "city": "PA",
    "address": "96 rue de Courcelles",
    "in_paris": true,
    "excluded": false,
    "exclude_reason": "",
    "raw_name": "Space Invader PA_0268, 96 rue de Courcelles",
    "arrondissement": 8
   }
  },
  {
   "type": "Feature",
   "geometry": {
    "type": "Point",
    "coordinates": [
     2.45549,
     48.818166
    ]
   },
   "properties": {
    "id": "PA_0269",
    "codes": [
     "PA_0269"
    ],
    "city": "PA",
    "address": "sur le Chasseur à pied de la Redoute de Gravelle",
    "in_paris": true,
    "excluded": false,
    "exclude_reason": "",
    "raw_name": "Space Invader PA_0269, sur le Chasseur à pied de la Redoute de Gravelle",
    "arrondissement": 12
   }
  },
  {
   "type": "Feature",
   "geometry": {
    "type": "Point",
    "coordinates": [
     2.36524,
     48.86818
    ]
   },
   "properties": {
    "id": "PA_0270",
    "codes": [
     "PA_0270"
    ],
    "city": "PA",
    "address": "2 rue Yves Toudic",
    "in_paris": true,
    "excluded": false,
    "exclude_reason": "",
    "raw_name": "Space Invader PA_0270, 2 rue Yves Toudic",
    "arrondissement": 10
   }
  },
  {
   "type": "Feature",
   "geometry": {
    "type": "Point",
    "coordinates": [
     2.377477,
     48.869135
    ]
   },
   "properties": {
    "id": "PA_0271",
    "codes": [
     "PA_0271"
    ],
    "city": "PA",
    "address": "7 rue Vancouleurs",
    "in_paris": true,
    "excluded": false,
    "exclude_reason": "",
    "raw_name": "Space Invader PA_0271, 7 rue Vancouleurs",
    "arrondissement": 11
   }
  },
  {
   "type": "Feature",
   "geometry": {
    "type": "Point",
    "coordinates": [
     2.364164,
     48.8268
    ]
   },
   "properties": {
    "id": "PA_0272",
    "codes": [
     "PA_0272"
    ],
    "city": "PA",
    "address": "96 rue de Tolbiac",
    "in_paris": true,
    "excluded": false,
    "exclude_reason": "",
    "raw_name": "Space Invader PA_0272, 96 rue de Tolbiac",
    "arrondissement": 13
   }
  },
  {
   "type": "Feature",
   "geometry": {
    "type": "Point",
    "coordinates": [
     2.350215,
     48.860374
    ]
   },
   "properties": {
    "id": "PA_0273",
    "codes": [
     "PA_0273"
    ],
    "city": "PA",
    "address": "21 rue Aubry le Boucher",
    "in_paris": true,
    "excluded": false,
    "exclude_reason": "",
    "raw_name": "Space Invader PA_0273, 21 rue Aubry le Boucher",
    "arrondissement": 4
   }
  },
  {
   "type": "Feature",
   "geometry": {
    "type": "Point",
    "coordinates": [
     2.365226,
     48.879429
    ]
   },
   "properties": {
    "id": "PA_0275",
    "codes": [
     "PA_0275"
    ],
    "city": "PA",
    "address": "14 rue Pierre Dupont",
    "in_paris": true,
    "excluded": false,
    "exclude_reason": "",
    "raw_name": "Space Invader PA_0275, 14 rue Pierre Dupont",
    "arrondissement": 10
   }
  },
  {
   "type": "Feature",
   "geometry": {
    "type": "Point",
    "coordinates": [
     2.375826,
     48.853336
    ]
   },
   "properties": {
    "id": "PA_0277",
    "codes": [
     "PA_0277"
    ],
    "city": "PA",
    "address": "31 rue de Charonne",
    "in_paris": true,
    "excluded": false,
    "exclude_reason": "",
    "raw_name": "Space Invader PA_0277, 31 rue de Charonne",
    "arrondissement": 11
   }
  },
  {
   "type": "Feature",
   "geometry": {
    "type": "Point",
    "coordinates": [
     2.40656,
     48.85287
    ]
   },
   "properties": {
    "id": "PA_0278",
    "codes": [
     "PA_0278"
    ],
    "city": "PA",
    "address": "53 rue des Maraîchers",
    "in_paris": true,
    "excluded": false,
    "exclude_reason": "",
    "raw_name": "Space Invader PA_0278, 53 rue des Maraîchers",
    "arrondissement": 20
   }
  },
  {
   "type": "Feature",
   "geometry": {
    "type": "Point",
    "coordinates": [
     2.37615,
     48.87163
    ]
   },
   "properties": {
    "id": "PA_0279",
    "codes": [
     "PA_0279"
    ],
    "city": "PA",
    "address": "116 rue du Faubourg du Temple",
    "in_paris": true,
    "excluded": false,
    "exclude_reason": "",
    "raw_name": "Space Invader PA_0279, 116 rue du Faubourg du Temple",
    "arrondissement": 11
   }
  },
  {
   "type": "Feature",
   "geometry": {
    "type": "Point",
    "coordinates": [
     2.385976,
     48.863872
    ]
   },
   "properties": {
    "id": "PA_0280",
    "codes": [
     "PA_0280"
    ],
    "city": "PA",
    "address": "8 rue Spinoza",
    "in_paris": true,
    "excluded": false,
    "exclude_reason": "",
    "raw_name": "Space Invader PA_0280, 8 rue Spinoza",
    "arrondissement": 11
   }
  },
  {
   "type": "Feature",
   "geometry": {
    "type": "Point",
    "coordinates": [
     2.352673,
     48.858056
    ]
   },
   "properties": {
    "id": "PA_0282",
    "codes": [
     "PA_0282"
    ],
    "city": "PA",
    "address": "61 rue de la Verrerie",
    "in_paris": true,
    "excluded": false,
    "exclude_reason": "",
    "raw_name": "Space Invader PA_0282, 61 rue de la Verrerie",
    "arrondissement": 4
   }
  },
  {
   "type": "Feature",
   "geometry": {
    "type": "Point",
    "coordinates": [
     2.37355,
     48.87084
    ]
   },
   "properties": {
    "id": "PA_0283",
    "codes": [
     "PA_0283"
    ],
    "city": "PA",
    "address": "101 rue du Faubourg du Temple",
    "in_paris": true,
    "excluded": false,
    "exclude_reason": "",
    "raw_name": "Space Invader PA_0283, 101 rue du Faubourg du Temple",
    "arrondissement": 11
   }
  },
  {
   "type": "Feature",
   "geometry": {
    "type": "Point",
    "coordinates": [
     2.34607,
     48.86603
    ]
   },
   "properties": {
    "id": "PA_0285",
    "codes": [
     "PA_0285"
    ],
    "city": "PA",
    "address": "passage Ben Aiad",
    "in_paris": true,
    "excluded": false,
    "exclude_reason": "",
    "raw_name": "Space Invader PA_0285, passage Ben Aiad",
    "arrondissement": 2
   }
  },
  {
   "type": "Feature",
   "geometry": {
    "type": "Point",
    "coordinates": [
     2.344445,
     48.887508
    ]
   },
   "properties": {
    "id": "PA_0286",
    "codes": [
     "PA_0286"
    ],
    "city": "PA",
    "address": "28 rue du Chevalier de la Barre",
    "in_paris": true,
    "excluded": false,
    "exclude_reason": "",
    "raw_name": "Space Invader PA_0286, 28 rue du Chevalier de la Barre",
    "arrondissement": 18
   }
  },
  {
   "type": "Feature",
   "geometry": {
    "type": "Point",
    "coordinates": [
     2.37815,
     48.865889
    ]
   },
   "properties": {
    "id": "PA_0290",
    "codes": [
     "PA_0290",
     "PA_0532"
    ],
    "city": "PA",
    "address": "113 rue Oberkampf",
    "in_paris": true,
    "excluded": false,
    "exclude_reason": "",
    "raw_name": "Space Invader PA__0290 & PA_0532, 113 rue Oberkampf",
    "arrondissement": 11
   }
  },
  {
   "type": "Feature",
   "geometry": {
    "type": "Point",
    "coordinates": [
     2.390122,
     48.867868
    ]
   },
   "properties": {
    "id": "PA_0291",
    "codes": [
     "PA_0291"
    ],
    "city": "PA",
    "address": "15 rue des Plâtrières",
    "in_paris": true,
    "excluded": false,
    "exclude_reason": "",
    "raw_name": "Space Invader PA_0291, 15 rue des Plâtrières",
    "arrondissement": 20
   }
  },
  {
   "type": "Feature",
   "geometry": {
    "type": "Point",
    "coordinates": [
     2.37335,
     48.870664
    ]
   },
   "properties": {
    "id": "PA_0293",
    "codes": [
     "PA_0293"
    ],
    "city": "PA",
    "address": "84 rue du Faubourg du Temple",
    "in_paris": true,
    "excluded": false,
    "exclude_reason": "",
    "raw_name": "Space Invader PA_0293, 84 rue du Faubourg du Temple",
    "arrondissement": 11
   }
  },
  {
   "type": "Feature",
   "geometry": {
    "type": "Point",
    "coordinates": [
     2.35607,
     48.85821
    ]
   },
   "properties": {
    "id": "PA_0294",
    "codes": [
     "PA_0294"
    ],
    "city": "PA",
    "address": "14 rue de Moussy",
    "in_paris": true,
    "excluded": false,
    "exclude_reason": "",
    "raw_name": "Space Invader PA_0294, 14 rue de Moussy",
    "arrondissement": 4
   }
  },
  {
   "type": "Feature",
   "geometry": {
    "type": "Point",
    "coordinates": [
     2.344822,
     48.863788
    ]
   },
   "properties": {
    "id": "PA_0295",
    "codes": [
     "PA_0295"
    ],
    "city": "PA",
    "address": "4 rue du Jour",
    "in_paris": true,
    "excluded": false,
    "exclude_reason": "",
    "raw_name": "Space Invader PA_0295, 4 rue du Jour",
    "arrondissement": 1
   }
  },
  {
   "type": "Feature",
   "geometry": {
    "type": "Point",
    "coordinates": [
     2.373484,
     48.850261
    ]
   },
   "properties": {
    "id": "PA_0301",
    "codes": [
     "PA_0301"
    ],
    "city": "PA",
    "address": "44 rue de Charenton",
    "in_paris": true,
    "excluded": false,
    "exclude_reason": "",
    "raw_name": "Space Invader PA_0301, 44 rue de Charenton",
    "arrondissement": 12
   }
  },
  {
   "type": "Feature",
   "geometry": {
    "type": "Point",
    "coordinates": [
     2.389857,
     48.879066
    ]
   },
   "properties": {
    "id": "PA_0302",
    "codes": [
     "PA_0302"
    ],
    "city": "PA",
    "address": "37 rue de Belleville",
    "in_paris": true,
    "excluded": false,
    "exclude_reason": "",
    "raw_name": "Space Invader PA_0302, 37 rue de Belleville",
    "arrondissement": 19
   }
  },
  {
   "type": "Feature",
   "geometry": {
    "type": "Point",
    "coordinates": [
     2.35075,
     48.82682
    ]
   },
   "properties": {
    "id": "PA_0303",
    "codes": [
     "PA_0303"
    ],
    "city": "PA",
    "address": "24 passage Boiton",
    "in_paris": true,
    "excluded": false,
    "exclude_reason": "",
    "raw_name": "Space Invader PA_0303, 24 passage Boiton",
    "arrondissement": 13
   }
  },
  {
   "type": "Feature",
   "geometry": {
    "type": "Point",
    "coordinates": [
     2.35551,
     48.84271
    ]
   },
   "properties": {
    "id": "PA_0305",
    "codes": [
     "PA_0305"
    ],
    "city": "PA",
    "address": "face au 49 rue Geoffroy-Saint-Hilaire",
    "in_paris": true,
    "excluded": false,
    "exclude_reason": "",
    "raw_name": "Space Invader PA_0305, face au 49 rue Geoffroy-Saint-Hilaire",
    "arrondissement": 5
   }
  },
  {
   "type": "Feature",
   "geometry": {
    "type": "Point",
    "coordinates": [
     2.389394,
     48.868685
    ]
   },
   "properties": {
    "id": "PA_0307",
    "codes": [
     "PA_0307"
    ],
    "city": "PA",
    "address": "77 rue de Ménilmontant",
    "in_paris": true,
    "excluded": false,
    "exclude_reason": "",
    "raw_name": "Space Invader PA_0307, 77 rue de Ménilmontant",
    "arrondissement": 20
   }
  },
  {
   "type": "Feature",
   "geometry": {
    "type": "Point",
    "coordinates": [
     2.225299,
     48.841443
    ]
   },
   "properties": {
    "id": "PA_0308",
    "codes": [
     "PA_0308"
    ],
    "city": "PA",
    "address": "2 quai du 4 septembre",
    "in_paris": false,
    "excluded": false,
    "exclude_reason": "",
    "raw_name": "Space Invader PA_0308, 2 quai du 4 septembre"
   }
  },
  {
   "type": "Feature",
   "geometry": {
    "type": "Point",
    "coordinates": [
     2.282737,
     48.876904
    ]
   },
   "properties": {
    "id": "PA_0309",
    "codes": [
     "PA_0309"
    ],
    "city": "PA",
    "address": "1 boulevard de l'Amiral Bruix",
    "in_paris": true,
    "excluded": false,
    "exclude_reason": "",
    "raw_name": "Space Invader PA_0309, 1 boulevard de l'Amiral Bruix",
    "arrondissement": 16
   }
  },
  {
   "type": "Feature",
   "geometry": {
    "type": "Point",
    "coordinates": [
     2.255328,
     48.83748
    ]
   },
   "properties": {
    "id": "PA_0310",
    "codes": [
     "PA_0310",
     "PA_1335"
    ],
    "city": "PA",
    "address": "passerelle de la Porte de Saint-Cloud",
    "in_paris": true,
    "excluded": false,
    "exclude_reason": "",
    "raw_name": "Space Invader PA_0310 & PA_1335, passerelle de la Porte de Saint-Cloud",
    "arrondissement": 16
   }
  },
  {
   "type": "Feature",
   "geometry": {
    "type": "Point",
    "coordinates": [
     2.330293,
     48.843579
    ]
   },
   "properties": {
    "id": "PA_0311",
    "codes": [
     "PA_0311"
    ],
    "city": "PA",
    "address": "face au 5 rue Bréa",
    "in_paris": true,
    "excluded": false,
    "exclude_reason": "",
    "raw_name": "Space Invader PA_0311, face au 5 rue Bréa",
    "arrondissement": 6
   }
  },
  {
   "type": "Feature",
   "geometry": {
    "type": "Point",
    "coordinates": [
     2.327061,
     48.828366
    ]
   },
   "properties": {
    "id": "PA_0312",
    "codes": [
     "PA_0312"
    ],
    "city": "PA",
    "address": "parvis de Saint-Pierre de Montrouge",
    "in_paris": true,
    "excluded": false,
    "exclude_reason": "",
    "raw_name": "Space Invader PA_0312, parvis de Saint-Pierre de Montrouge",
    "arrondissement": 14
   }
  },
  {
   "type": "Feature",
   "geometry": {
    "type": "Point",
    "coordinates": [
     2.351154,
     48.830074
    ]
   },
   "properties": {
    "id": "PA_0315",
    "codes": [
     "PA_0315"
    ],
    "city": "PA",
    "address": "face au 32 boulevard Auguste Blanqui",
    "in_paris": true,
    "excluded": false,
    "exclude_reason": "",
    "raw_name": "Space Invader PA_0315, face au 32 boulevard Auguste Blanqui",
    "arrondissement": 13
   }
  },
  {
   "type": "Feature",
   "geometry": {
    "type": "Point",
    "coordinates": [
     2.334741,
     48.827372
    ]
   },
   "properties": {
    "id": "PA_0316",
    "codes": [
     "PA_0316",
     "PA_0940"
    ],
    "city": "PA",
    "address": "rue des Artistes",
    "in_paris": true,
    "excluded": false,
    "exclude_reason": "",
    "raw_name": "Space Invader PA_0316 & PA_0940, rue des Artistes",
    "arrondissement": 14
   }
  },
  {
   "type": "Feature",
   "geometry": {
    "type": "Point",
    "coordinates": [
     2.33168,
     48.83667
    ]
   },
   "properties": {
    "id": "PA_0317",
    "codes": [
     "PA_0317"
    ],
    "city": "PA",
    "address": "devant la Fondation Cartier",
    "in_paris": true,
    "excluded": false,
    "exclude_reason": "",
    "raw_name": "Space Invader PA_0317, devant la Fondation Cartier",
    "arrondissement": 14
   }
  },
  {
   "type": "Feature",
   "geometry": {
    "type": "Point",
    "coordinates": [
     2.338129,
     48.836622
    ]
   },
   "properties": {
    "id": "PA_0320",
    "codes": [
     "PA_0320"
    ],
    "city": "PA",
    "address": "34 rue du Faubourg Saint-Jacques",
    "in_paris": true,
    "excluded": false,
    "exclude_reason": "",
    "raw_name": "Space Invader PA_0320, 34 rue du Faubourg Saint-Jacques",
    "arrondissement": 14
   }
  },
  {
   "type": "Feature",
   "geometry": {
    "type": "Point",
    "coordinates": [
     2.342015,
     48.846537
    ]
   },
   "properties": {
    "id": "PA_0321",
    "codes": [
     "PA_0321"
    ],
    "city": "PA",
    "address": "17 rue Malebranche",
    "in_paris": true,
    "excluded": false,
    "exclude_reason": "",
    "raw_name": "Space Invader PA_0321, 17 rue Malebranche",
    "arrondissement": 5
   }
  },
  {
   "type": "Feature",
   "geometry": {
    "type": "Point",
    "coordinates": [
     2.332883,
     48.848861
    ]
   },
   "properties": {
    "id": "PA_0322",
    "codes": [
     "PA_0322"
    ],
    "city": "PA",
    "address": "77 allée du Séminaire",
    "in_paris": true,
    "excluded": false,
    "exclude_reason": "",
    "raw_name": "Space Invader PA_0322, 77 allée du Séminaire",
    "arrondissement": 6
   }
  },
  {
   "type": "Feature",
   "geometry": {
    "type": "Point",
    "coordinates": [
     2.384158,
     48.85437
    ]
   },
   "properties": {
    "id": "PA_0323",
    "codes": [
     "PA_0323"
    ],
    "city": "PA",
    "address": "102 rue de Charonne",
    "in_paris": true,
    "excluded": false,
    "exclude_reason": "",
    "raw_name": "Space Invader PA_0323, 102 rue de Charonne",
    "arrondissement": 11
   }
  },
  {
   "type": "Feature",
   "geometry": {
    "type": "Point",
    "coordinates": [
     2.39397,
     48.86496
    ]
   },
   "properties": {
    "id": "PA_0325",
    "codes": [
     "PA_0325"
    ],
    "city": "PA",
    "address": "17 rue Robineau",
    "in_paris": true,
    "excluded": false,
    "exclude_reason": "",
    "raw_name": "Space Invader PA_0325, 17 rue Robineau",
    "arrondissement": 20
   }
  },
  {
   "type": "Feature",
   "geometry": {
    "type": "Point",
    "coordinates": [
     2.39293,
     48.84783
    ]
   },
   "properties": {
    "id": "PA_0326",
    "codes": [
     "PA_0326"
    ],
    "city": "PA",
    "address": "10 rue de Picpus",
    "in_paris": true,
    "excluded": false,
    "exclude_reason": "",
    "raw_name": "Space Invader PA_0326, 10 rue de Picpus",
    "arrondissement": 12
   }
  },
  {
   "type": "Feature",
   "geometry": {
    "type": "Point",
    "coordinates": [
     2.34781,
     48.87301
    ]
   },
   "properties": {
    "id": "PA_0327",
    "codes": [
     "PA_0327"
    ],
    "city": "PA",
    "address": "29 rue du Faubourg Poissonnière",
    "in_paris": true,
    "excluded": false,
    "exclude_reason": "",
    "raw_name": "Space Invader PA_0327, 29 rue du Faubourg Poissonnière",
    "arrondissement": 9
   }
  },
  {
   "type": "Feature",
   "geometry": {
    "type": "Point",
    "coordinates": [
     2.344234,
     48.865113
    ]
   },
   "properties": {
    "id": "PA_0328",
    "codes": [
     "PA_0328"
    ],
    "city": "PA",
    "address": "40 rue Étienne Marcel",
    "in_paris": true,
    "excluded": false,
    "exclude_reason": "",
    "raw_name": "Space Invader PA_0328, 40 rue Étienne Marcel",
    "arrondissement": 2
   }
  },
  {
   "type": "Feature",
   "geometry": {
    "type": "Point",
    "coordinates": [
     2.36116,
     48.88652
    ]
   },
   "properties": {
    "id": "PA_0329",
    "codes": [
     "PA_0329"
    ],
    "city": "PA",
    "address": "14 rue Pajol",
    "in_paris": true,
    "excluded": false,
    "exclude_reason": "",
    "raw_name": "Space Invader PA_0329, 14 rue Pajol",
    "arrondissement": 18
   }
  },
  {
   "type": "Feature",
   "geometry": {
    "type": "Point",
    "coordinates": [
     2.349266,
     48.878407
    ]
   },
   "properties": {
    "id": "PA_0330",
    "codes": [
     "PA_0330"
    ],
    "city": "PA",
    "address": "102 rue du Faubourg Poissonnière",
    "in_paris": true,
    "excluded": false,
    "exclude_reason": "",
    "raw_name": "Space Invader PA_0330, 102 rue du Faubourg Poissonnière",
    "arrondissement": 10
   }
  },
  {
   "type": "Feature",
   "geometry": {
    "type": "Point",
    "coordinates": [
     2.353003,
     48.859389
    ]
   },
   "properties": {
    "id": "PA_0331",
    "codes": [
     "PA_0331"
    ],
    "city": "PA",
    "address": "2 rue Pierre au Lard",
    "in_paris": true,
    "excluded": false,
    "exclude_reason": "",
    "raw_name": "Space Invader PA_0331, 2 rue Pierre au Lard",
    "arrondissement": 4
   }
  },
  {
   "type": "Feature",
   "geometry": {
    "type": "Point",
    "coordinates": [
     2.38935,
     48.859626
    ]
   },
   "properties": {
    "id": "PA_0332",
    "codes": [
     "PA_0332"
    ],
    "city": "PA",
    "address": "41 rue du Repos sous la plaque du cimètière",
    "in_paris": true,
    "excluded": false,
    "exclude_reason": "",
    "raw_name": "Space Invader PA_0332, 41 rue du Repos sous la plaque du cimètière",
    "arrondissement": 20
   }
  },
  {
   "type": "Feature",
   "geometry": {
    "type": "Point",
    "coordinates": [
     2.344263,
     48.880004
    ]
   },
   "properties": {
    "id": "PA_0333",
    "codes": [
     "PA_0333"
    ],
    "city": "PA",
    "address": "39 rue Condorcet",
    "in_paris": true,
    "excluded": false,
    "exclude_reason": "",
    "raw_name": "Space Invader PA_0333, 39 rue Condorcet",
    "arrondissement": 9
   }
  },
  {
   "type": "Feature",
   "geometry": {
    "type": "Point",
    "coordinates": [
     2.363976,
     48.84398
    ]
   },
   "properties": {
    "id": "PA_0334",
    "codes": [
     "PA_0334"
    ],
    "city": "PA",
    "address": "7-13 Place Valhubert",
    "in_paris": true,
    "excluded": false,
    "exclude_reason": "",
    "raw_name": "Space Invader PA_0334, 7-13 Place Valhubert",
    "arrondissement": 5
   }
  },
  {
   "type": "Feature",
   "geometry": {
    "type": "Point",
    "coordinates": [
     2.369949,
     48.882124
    ]
   },
   "properties": {
    "id": "PA_0335",
    "codes": [
     "PA_0335"
    ],
    "city": "PA",
    "address": "135 boulevard de la Villette",
    "in_paris": true,
    "excluded": false,
    "exclude_reason": "",
    "raw_name": "Space Invader PA_0335, 135 boulevard de la Villette",
    "arrondissement": 10
   }
  },
  {
   "type": "Feature",
   "geometry": {
    "type": "Point",
    "coordinates": [
     2.353239,
     48.890439
    ]
   },
   "properties": {
    "id": "PA_0336",
    "codes": [
     "PA_0336"
    ],
    "city": "PA",
    "address": "centre d'Hygiène Sociale",
    "in_paris": true,
    "excluded": false,
    "exclude_reason": "",
    "raw_name": "Space Invader PA_0336, centre d'Hygiène Sociale",
    "arrondissement": 18
   }
  },
  {
   "type": "Feature",
   "geometry": {
    "type": "Point",
    "coordinates": [
     2.39475,
     48.86541
    ]
   },
   "properties": {
    "id": "PA_0339",
    "codes": [
     "PA_0339"
    ],
    "city": "PA",
    "address": "square du Docteur-Grancher",
    "in_paris": true,
    "excluded": false,
    "exclude_reason": "",
    "raw_name": "Space Invader PA_0339, square du Docteur-Grancher",
    "arrondissement": 20
   }
  },
  {
   "type": "Feature",
   "geometry": {
    "type": "Point",
    "coordinates": [
     2.35363,
     48.85356
    ]
   },
   "properties": {
    "id": "PA_0340",
    "codes": [
     "PA_0340"
    ],
    "city": "PA",
    "address": "45 quai de Bourbon",
    "in_paris": true,
    "excluded": false,
    "exclude_reason": "",
    "raw_name": "Space Invader PA_0340, 45 quai de Bourbon",
    "arrondissement": 4
   }
  },
  {
   "type": "Feature",
   "geometry": {
    "type": "Point",
    "coordinates": [
     2.336928,
     48.879075
    ]
   },
   "properties": {
    "id": "PA_0342",
    "codes": [
     "PA_0342"
    ],
    "city": "PA",
    "address": "19 rue Laferrière",
    "in_paris": true,
    "excluded": false,
    "exclude_reason": "",
    "raw_name": "Space Invader PA_0342, 19 rue Laferrière",
    "arrondissement": 9
   }
  },
  {
   "type": "Feature",
   "geometry": {
    "type": "Point",
    "coordinates": [
     2.291105,
     48.860173
    ]
   },
   "properties": {
    "id": "PA_0343",
    "codes": [
     "PA_0343"
    ],
    "city": "PA",
    "address": "pont d'Iéna (rive droite)",
    "in_paris": true,
    "excluded": false,
    "exclude_reason": "",
    "raw_name": "Space Invader PA_0343, pont d'Iéna (rive droite)",
    "arrondissement": 16
   }
  },
  {
   "type": "Feature",
   "geometry": {
    "type": "Point",
    "coordinates": [
     2.293519,
     48.859365
    ]
   },
   "properties": {
    "id": "PA_0344",
    "codes": [
     "PA_0344"
    ],
    "city": "PA",
    "address": "tunnel du quai Branly",
    "in_paris": true,
    "excluded": false,
    "exclude_reason": "",
    "raw_name": "Space Invader PA_0344, tunnel du quai Branly",
    "arrondissement": 7
   }
  },
  {
   "type": "Feature",
   "geometry": {
    "type": "Point",
    "coordinates": [
     2.32166,
     48.84892
    ]
   },
   "properties": {
    "id": "PA_0345",
    "codes": [
     "PA_0345"
    ],
    "city": "PA",
    "address": "95 rue de Sèvres",
    "in_paris": true,
    "excluded": false,
    "exclude_reason": "",
    "raw_name": "Space Invader PA_0345, 95 rue de Sèvres",
    "arrondissement": 6
   }
  },
  {
   "type": "Feature",
   "geometry": {
    "type": "Point",
    "coordinates": [
     2.312245,
     48.842905
    ]
   },
   "properties": {
    "id": "PA_0346",
    "codes": [
     "PA_0346"
    ],
    "city": "PA",
    "address": "16 boulevard Pasteur",
    "in_paris": true,
    "excluded": false,
    "exclude_reason": "",
    "raw_name": "Space Invader PA_0346, 16 boulevard Pasteur",
    "arrondissement": 15
   }
  },
  {
   "type": "Feature",
   "geometry": {
    "type": "Point",
    "coordinates": [
     2.325474,
     48.843163
    ]
   },
   "properties": {
    "id": "PA_0347",
    "codes": [
     "PA_0347"
    ],
    "city": "PA",
    "address": "passage des Épinettes",
    "in_paris": true,
    "excluded": false,
    "exclude_reason": "",
    "raw_name": "Space Invader PA_0347, passage des Épinettes",
    "arrondissement": 14
   }
  },
  {
   "type": "Feature",
   "geometry": {
    "type": "Point",
    "coordinates": [
     2.356254,
     48.884037
    ]
   },
   "properties": {
    "id": "PA_0348",
    "codes": [
     "PA_0348"
    ],
    "city": "PA",
    "address": "39bis boulevard de la Chapelle",
    "in_paris": true,
    "excluded": false,
    "exclude_reason": "",
    "raw_name": "Space Invader PA_0348, 39bis boulevard de la Chapelle",
    "arrondissement": 10
   }
  },
  {
   "type": "Feature",
   "geometry": {
    "type": "Point",
    "coordinates": [
     2.302593,
     48.861245
    ]
   },
   "properties": {
    "id": "PA_0349",
    "codes": [
     "PA_0349"
    ],
    "city": "PA",
    "address": "7 avenue Bosquet",
    "in_paris": true,
    "excluded": false,
    "exclude_reason": "",
    "raw_name": "Space Invader PA_0349, 7 avenue Bosquet",
    "arrondissement": 7
   }
  },
  {
   "type": "Feature",
   "geometry": {
    "type": "Point",
    "coordinates": [
     2.365082,
     48.822933
    ]
   },
   "properties": {
    "id": "PA_0350",
    "codes": [
     "PA_0350"
    ],
    "city": "PA",
    "address": "école primaire de l'avenue d'Ivry",
    "in_paris": true,
    "excluded": false,
    "exclude_reason": "",
    "raw_name": "Space Invader PA_0350, école primaire de l'avenue d'Ivry",
    "arrondissement": 13
   }
  },
  {
   "type": "Feature",
   "geometry": {
    "type": "Point",
    "coordinates": [
     2.394195,
     48.870021
    ]
   },
   "properties": {
    "id": "PA_0351",
    "codes": [
     "PA_0351"
    ],
    "city": "PA",
    "address": "121 rue de Ménilmontant",
    "in_paris": true,
    "excluded": false,
    "exclude_reason": "",
    "raw_name": "Space Invader PA_0351, 121 rue de Ménilmontant",
    "arrondissement": 20
   }
  },
  {
   "type": "Feature",
   "geometry": {
    "type": "Point",
    "coordinates": [
     2.358214,
     48.877675
    ]
   },
   "properties": {
    "id": "PA_0352",
    "codes": [
     "PA_0352"
    ],
    "city": "PA",
    "address": "21 rue d'Alsace",
    "in_paris": true,
    "excluded": false,
    "exclude_reason": "",
    "raw_name": "Space Invader PA_0352, 21 rue d'Alsace",
    "arrondissement": 10
   }
  },
  {
   "type": "Feature",
   "geometry": {
    "type": "Point",
    "coordinates": [
     2.32475,
     48.86946
    ]
   },
   "properties": {
    "id": "PA_0353",
    "codes": [
     "PA_0353"
    ],
    "city": "PA",
    "address": "sortie de métro face au 27 boulevard de la Madeleine",
    "in_paris": true,
    "excluded": false,
    "exclude_reason": "",
    "raw_name": "Space Invader PA_0353, sortie de métro face au 27 boulevard de la Madeleine",
    "arrondissement": 8
   }
  },
  {
   "type": "Feature",
   "geometry": {
    "type": "Point",
    "coordinates": [
     2.345915,
     48.858659
    ]
   },
   "properties": {
    "id": "PA_0354",
    "codes": [
     "PA_0354"
    ],
    "city": "PA",
    "address": "13 rue Jean Lantier",
    "in_paris": true,
    "excluded": false,
    "exclude_reason": "",
    "raw_name": "Space Invader PA_0354, 13 rue Jean Lantier",
    "arrondissement": 1
   }
  },
  {
   "type": "Feature",
   "geometry": {
    "type": "Point",
    "coordinates": [
     2.349708,
     48.862629
    ]
   },
   "properties": {
    "id": "PA_0355",
    "codes": [
     "PA_0355"
    ],
    "city": "PA",
    "address": "4 rue de la Grande Truanderie",
    "in_paris": true,
    "excluded": false,
    "exclude_reason": "",
    "raw_name": "Space Invader PA_0355, 4 rue de la Grande Truanderie",
    "arrondissement": 1
   }
  },
  {
   "type": "Feature",
   "geometry": {
    "type": "Point",
    "coordinates": [
     2.290355,
     48.832037
    ]
   },
   "properties": {
    "id": "PA_0357",
    "codes": [
     "PA_0357"
    ],
    "city": "PA",
    "address": "21 boulevard Lefebvre",
    "in_paris": true,
    "excluded": false,
    "exclude_reason": "",
    "raw_name": "Space Invader PA_0357, 21 boulevard Lefebvre",
    "arrondissement": 15
   }
  },
  {
   "type": "Feature",
   "geometry": {
    "type": "Point",
    "coordinates": [
     2.391285,
     48.871463
    ]
   },
   "properties": {
    "id": "PA_0358",
    "codes": [
     "PA_0358"
    ],
    "city": "PA",
    "address": "14 rue de Savies",
    "in_paris": true,
    "excluded": false,
    "exclude_reason": "",
    "raw_name": "Space Invader PA_0358, 14 rue de Savies",
    "arrondissement": 20
   }
  },
  {
   "type": "Feature",
   "geometry": {
    "type": "Point",
    "coordinates": [
     2.332864,
     48.866424
    ]
   },
   "properties": {
    "id": "PA_0359",
    "codes": [
     "PA_0359"
    ],
    "city": "PA",
    "address": "45 rue Saint-Roch",
    "in_paris": true,
    "excluded": false,
    "exclude_reason": "",
    "raw_name": "Space Invader PA_0359, 45 rue Saint-Roch",
    "arrondissement": 1
   }
  },
  {
   "type": "Feature",
   "geometry": {
    "type": "Point",
    "coordinates": [
     2.331188,
     48.863935
    ]
   },
   "properties": {
    "id": "PA_0360",
    "codes": [
     "PA_0360"
    ],
    "city": "PA",
    "address": "0 rue Saint-Roch",
    "in_paris": true,
    "excluded": false,
    "exclude_reason": "",
    "raw_name": "Space Invader PA_0360, 0 rue Saint-Roch",
    "arrondissement": 1
   }
  },
  {
   "type": "Feature",
   "geometry": {
    "type": "Point",
    "coordinates": [
     2.364704,
     48.871724
    ]
   },
   "properties": {
    "id": "PA_0362",
    "codes": [
     "PA_0362"
    ],
    "city": "PA",
    "address": "en face de Chez Prune",
    "in_paris": true,
    "excluded": false,
    "exclude_reason": "",
    "raw_name": "Space Invader PA_0362, en face de Chez Prune",
    "arrondissement": 10
   }
  },
  {
   "type": "Feature",
   "geometry": {
    "type": "Point",
    "coordinates": [
     2.360009,
     48.826298
    ]
   },
   "properties": {
    "id": "PA_0363",
    "codes": [
     "PA_0363"
    ],
    "city": "PA",
    "address": "116 avenue de Choisy",
    "in_paris": true,
    "excluded": false,
    "exclude_reason": "",
    "raw_name": "Space Invader PA_0363, 116 avenue de Choisy",
    "arrondissement": 13
   }
  },
  {
   "type": "Feature",
   "geometry": {
    "type": "Point",
    "coordinates": [
     2.29638,
     48.83711
    ]
   },
   "properties": {
    "id": "PA_0364",
    "codes": [
     "PA_0364"
    ],
    "city": "PA",
    "address": "347 rue de Vaugirard",
    "in_paris": true,
    "excluded": false,
    "exclude_reason": "",
    "raw_name": "Space Invader PA_0364, 347 rue de Vaugirard",
    "arrondissement": 15
   }
  },
  {
   "type": "Feature",
   "geometry": {
    "type": "Point",
    "coordinates": [
     2.300281,
     48.839249
    ]
   },
   "properties": {
    "id": "PA_0365",
    "codes": [
     "PA_0365"
    ],
    "city": "PA",
    "address": "268 rue de Vaugirard",
    "in_paris": true,
    "excluded": false,
    "exclude_reason": "",
    "raw_name": "Space Invader PA_0365, 268 rue de Vaugirard",
    "arrondissement": 15
   }
  },
  {
   "type": "Feature",
   "geometry": {
    "type": "Point",
    "coordinates": [
     2.30356,
     48.8299
    ]
   },
   "properties": {
    "id": "PA_0366",
    "codes": [
     "PA_0366"
    ],
    "city": "PA",
    "address": "127 rue Castagnary",
    "in_paris": true,
    "excluded": false,
    "exclude_reason": "",
    "raw_name": "Space Invader PA_0366, 127 rue Castagnary",
    "arrondissement": 15
   }
  },
  {
   "type": "Feature",
   "geometry": {
    "type": "Point",
    "coordinates": [
     2.3017,
     48.82981
    ]
   },
   "properties": {
    "id": "PA_0367",
    "codes": [
     "PA_0367"
    ],
    "city": "PA",
    "address": "108 rue Brancion",
    "in_paris": true,
    "excluded": false,
    "exclude_reason": "",
    "raw_name": "Space Invader PA_0367, 108 rue Brancion",
    "arrondissement": 15
   }
  },
  {
   "type": "Feature",
   "geometry": {
    "type": "Point",
    "coordinates": [
     2.385082,
     48.853404
    ]
   },
   "properties": {
    "id": "PA_0369",
    "codes": [
     "PA_0369"
    ],
    "city": "PA",
    "address": "7 rue Jules Vallès",
    "in_paris": true,
    "excluded": false,
    "exclude_reason": "",
    "raw_name": "Space Invader PA_0369, 7 rue Jules Vallès",
    "arrondissement": 11
   }
  },
  {
   "type": "Feature",
   "geometry": {
    "type": "Point",
    "coordinates": [
     2.38316,
     48.85037
    ]
   },
   "properties": {
    "id": "PA_0371",
    "codes": [
     "PA_0371"
    ],
    "city": "PA",
    "address": "Ouest de la fontaine de Montreuil",
    "in_paris": true,
    "excluded": false,
    "exclude_reason": "",
    "raw_name": "Space Invader PA_0371, Ouest de la fontaine de Montreuil",
    "arrondissement": 11
   }
  },
  {
   "type": "Feature",
   "geometry": {
    "type": "Point",
    "coordinates": [
     2.37404,
     48.85191
    ]
   },
   "properties": {
    "id": "PA_0372",
    "codes": [
     "PA_0372"
    ],
    "city": "PA",
    "address": "63 rue du Faubourg Saint-Antoine",
    "in_paris": true,
    "excluded": false,
    "exclude_reason": "",
    "raw_name": "Space Invader PA_0372, 63 rue du Faubourg Saint-Antoine",
    "arrondissement": 11
   }
  },
  {
   "type": "Feature",
   "geometry": {
    "type": "Point",
    "coordinates": [
     2.378809,
     48.866061
    ]
   },
   "properties": {
    "id": "PA_0373",
    "codes": [
     "PA_0373"
    ],
    "city": "PA",
    "address": "121 rue Oberkampf",
    "in_paris": true,
    "excluded": false,
    "exclude_reason": "",
    "raw_name": "Space Invader PA_0373, 121 rue Oberkampf",
    "arrondissement": 11
   }
  },
  {
   "type": "Feature",
   "geometry": {
    "type": "Point",
    "coordinates": [
     2.326541,
     48.853198
    ]
   },
   "properties": {
    "id": "PA_0374",
    "codes": [
     "PA_0374"
    ],
    "city": "PA",
    "address": "29 boulevard Raspail",
    "in_paris": true,
    "excluded": false,
    "exclude_reason": "",
    "raw_name": "Space Invader PA_0374, 29 boulevard Raspail",
    "arrondissement": 7
   }
  },
  {
   "type": "Feature",
   "geometry": {
    "type": "Point",
    "coordinates": [
     2.395388,
     48.870922
    ]
   },
   "properties": {
    "id": "PA_0375",
    "codes": [
     "PA_0375"
    ],
    "city": "PA",
    "address": "2 rue de l'Est",
    "in_paris": true,
    "excluded": false,
    "exclude_reason": "",
    "raw_name": "Space Invader PA_0375, 2 rue de l'Est",
    "arrondissement": 20
   }
  },
  {
   "type": "Feature",
   "geometry": {
    "type": "Point",
    "coordinates": [
     2.362442,
     48.86167
    ]
   },
   "properties": {
    "id": "PA_0376",
    "codes": [
     "PA_0376"
    ],
    "city": "PA",
    "address": "28 rue de Poitou",
    "in_paris": true,
    "excluded": false,
    "exclude_reason": "",
    "raw_name": "Space Invader PA_0376, 28 rue de Poitou",
    "arrondissement": 3
   }
  },
  {
   "type": "Feature",
   "geometry": {
    "type": "Point",
    "coordinates": [
     2.37105,
     48.86302
    ]
   },
   "properties": {
    "id": "PA_0377",
    "codes": [
     "PA_0377"
    ],
    "city": "PA",
    "address": "52 boulevard Voltaire",
    "in_paris": true,
    "excluded": false,
    "exclude_reason": "",
    "raw_name": "Space Invader PA_0377, 52 boulevard Voltaire",
    "arrondissement": 11
   }
  },
  {
   "type": "Feature",
   "geometry": {
    "type": "Point",
    "coordinates": [
     2.36131,
     48.86174
    ]
   },
   "properties": {
    "id": "PA_0378",
    "codes": [
     "PA_0378"
    ],
    "city": "PA",
    "address": "45 rue de Poitou",
    "in_paris": true,
    "excluded": false,
    "exclude_reason": "",
    "raw_name": "Space Invader PA_0378, 45 rue de Poitou",
    "arrondissement": 3
   }
  },
  {
   "type": "Feature",
   "geometry": {
    "type": "Point",
    "coordinates": [
     2.35731,
     48.85881
    ]
   },
   "properties": {
    "id": "PA_0379",
    "codes": [
     "PA_0379"
    ],
    "city": "PA",
    "address": "17 rue des Blancs-Manteaux",
    "in_paris": true,
    "excluded": false,
    "exclude_reason": "",
    "raw_name": "Space Invader PA_0379, 17 rue des Blancs-Manteaux",
    "arrondissement": 4
   }
  },
  {
   "type": "Feature",
   "geometry": {
    "type": "Point",
    "coordinates": [
     2.309289,
     48.862947
    ]
   },
   "properties": {
    "id": "PA_0380",
    "codes": [
     "PA_0380"
    ],
    "city": "PA",
    "address": "port du Gros-caillou",
    "in_paris": true,
    "excluded": false,
    "exclude_reason": "",
    "raw_name": "Space Invader PA_0380, port du Gros-caillou",
    "arrondissement": 7
   }
  },
  {
   "type": "Feature",
   "geometry": {
    "type": "Point",
    "coordinates": [
     2.301291,
     48.852271
    ]
   },
   "properties": {
    "id": "PA_0381",
    "codes": [
     "PA_0381"
    ],
    "city": "PA",
    "address": "place Joffre, allée Thomy Thierry",
    "in_paris": true,
    "excluded": false,
    "exclude_reason": "",
    "raw_name": "Space Invader PA_0381, place Joffre, allée Thomy Thierry",
    "arrondissement": 7
   }
  },
  {
   "type": "Feature",
   "geometry": {
    "type": "Point",
    "coordinates": [
     2.378334,
     48.869815
    ]
   },
   "properties": {
    "id": "PA_0384",
    "codes": [
     "PA_0384"
    ],
    "city": "PA",
    "address": "26 rue du Moulin Joly",
    "in_paris": true,
    "excluded": false,
    "exclude_reason": "",
    "raw_name": "Space Invader PA_0384, 26 rue du Moulin Joly",
    "arrondissement": 11
   }
  },
  {
   "type": "Feature",
   "geometry": {
    "type": "Point",
    "coordinates": [
     2.36856,
     48.83149
    ]
   },
   "properties": {
    "id": "PA_0385",
    "codes": [
     "PA_0385"
    ],
    "city": "PA",
    "address": "41 rue Dunois",
    "in_paris": true,
    "excluded": false,
    "exclude_reason": "",
    "raw_name": "Space Invader PA_0385, 41 rue Dunois",
    "arrondissement": 13
   }
  },
  {
   "type": "Feature",
   "geometry": {
    "type": "Point",
    "coordinates": [
     2.32087,
     48.881849
    ]
   },
   "properties": {
    "id": "PA_0386",
    "codes": [
     "PA_0386"
    ],
    "city": "PA",
    "address": "croisement rue de Rome/bvd des Batignolles",
    "in_paris": true,
    "excluded": false,
    "exclude_reason": "",
    "raw_name": "Space Invader PA_0386, croisement rue de Rome/bvd des Batignolles",
    "arrondissement": 8
   }
  },
  {
   "type": "Feature",
   "geometry": {
    "type": "Point",
    "coordinates": [
     2.320092,
     48.841083
    ]
   },
   "properties": {
    "id": "PA_0388",
    "codes": [
     "PA_0388"
    ],
    "city": "PA",
    "address": "Gare Montparnasse",
    "in_paris": true,
    "excluded": false,
    "exclude_reason": "",
    "raw_name": "Space Invader PA_0388, Gare Montparnasse",
    "arrondissement": 15
   }
  },
  {
   "type": "Feature",
   "geometry": {
    "type": "Point",
    "coordinates": [
     2.389352,
     48.879467
    ]
   },
   "properties": {
    "id": "PA_0389",
    "codes": [
     "PA_0389"
    ],
    "city": "PA",
    "address": "86 rue de Botzaris",
    "in_paris": true,
    "excluded": false,
    "exclude_reason": "",
    "raw_name": "Space Invader PA_0389, 86 rue de Botzaris",
    "arrondissement": 19
   }
  },
  {
   "type": "Feature",
   "geometry": {
    "type": "Point",
    "coordinates": [
     2.386367,
     48.856021
    ]
   },
   "properties": {
    "id": "PA_0390",
    "codes": [
     "PA_0390"
    ],
    "city": "PA",
    "address": "1 passage Gustave Lepeu",
    "in_paris": true,
    "excluded": false,
    "exclude_reason": "",
    "raw_name": "Space Invader PA_0390, 1 passage Gustave Lepeu",
    "arrondissement": 11
   }
  },
  {
   "type": "Feature",
   "geometry": {
    "type": "Point",
    "coordinates": [
     2.385019,
     48.83174
    ]
   },
   "properties": {
    "id": "PA_0391",
    "codes": [
     "PA_0391"
    ],
    "city": "PA",
    "address": "114 quai de Bercy",
    "in_paris": true,
    "excluded": false,
    "exclude_reason": "",
    "raw_name": "Space Invader PA_0391, 114 quai de Bercy",
    "arrondissement": 12
   }
  },
  {
   "type": "Feature",
   "geometry": {
    "type": "Point",
    "coordinates": [
     2.342448,
     48.854565
    ]
   },
   "properties": {
    "id": "PA_0392",
    "codes": [
     "PA_0392"
    ],
    "city": "PA",
    "address": "35 quai des Grands Augustins",
    "in_paris": true,
    "excluded": false,
    "exclude_reason": "",
    "raw_name": "Space Invader PA_0392, 35 quai des Grands Augustins",
    "arrondissement": 6
   }
  },
  {
   "type": "Feature",
   "geometry": {
    "type": "Point",
    "coordinates": [
     2.344578,
     48.854351
    ]
   },
   "properties": {
    "id": "PA_0394",
    "codes": [
     "PA_0394"
    ],
    "city": "PA",
    "address": "pont Saint-Michel",
    "in_paris": true,
    "excluded": false,
    "exclude_reason": "",
    "raw_name": "Space Invader PA_0394, pont Saint-Michel",
    "arrondissement": 1
   }
  },
  {
   "type": "Feature",
   "geometry": {
    "type": "Point",
    "coordinates": [
     2.32449,
     48.85182
    ]
   },
   "properties": {
    "id": "PA_0395",
    "codes": [
     "PA_0395"
    ],
    "city": "PA",
    "address": "14 rue Chomel",
    "in_paris": true,
    "excluded": false,
    "exclude_reason": "",
    "raw_name": "Space Invader PA_0395, 14 rue Chomel",
    "arrondissement": 7
   }
  },
  {
   "type": "Feature",
   "geometry": {
    "type": "Point",
    "coordinates": [
     2.35441,
     48.862668
    ]
   },
   "properties": {
    "id": "PA_0396",
    "codes": [
     "PA_0396"
    ],
    "city": "PA",
    "address": "49 rue de Beaubourg",
    "in_paris": true,
    "excluded": false,
    "exclude_reason": "",
    "raw_name": "Space Invader PA_0396, 49 rue de Beaubourg",
    "arrondissement": 3
   }
  },
  {
   "type": "Feature",
   "geometry": {
    "type": "Point",
    "coordinates": [
     2.365655,
     48.84742
    ]
   },
   "properties": {
    "id": "PA_0398",
    "codes": [
     "PA_0398"
    ],
    "city": "PA",
    "address": "1 pont Morland",
    "in_paris": true,
    "excluded": false,
    "exclude_reason": "",
    "raw_name": "Space Invader PA_0398, 1 pont Morland",
    "arrondissement": 4
   }
  },
  {
   "type": "Feature",
   "geometry": {
    "type": "Point",
    "coordinates": [
     2.302184,
     48.862586
    ]
   },
   "properties": {
    "id": "PA_0399",
    "codes": [
     "PA_0399"
    ],
    "city": "PA",
    "address": "pont de l'Alma",
    "in_paris": true,
    "excluded": false,
    "exclude_reason": "",
    "raw_name": "Space Invader PA_0399, pont de l'Alma",
    "arrondissement": 7
   }
  },
  {
   "type": "Feature",
   "geometry": {
    "type": "Point",
    "coordinates": [
     2.302284,
     48.862166
    ]
   },
   "properties": {
    "id": "PA_0400",
    "codes": [
     "PA_0400"
    ],
    "city": "PA",
    "address": "93 quai d'Orsay",
    "in_paris": true,
    "excluded": false,
    "exclude_reason": "",
    "raw_name": "Space Invader PA_0400, 93 quai d'Orsay",
    "arrondissement": 7
   }
  },
  {
   "type": "Feature",
   "geometry": {
    "type": "Point",
    "coordinates": [
     2.354947,
     48.843999
    ]
   },
   "properties": {
    "id": "PA_0401",
    "codes": [
     "PA_0401"
    ],
    "city": "PA",
    "address": "fontaine de Cuvier",
    "in_paris": true,
    "excluded": false,
    "exclude_reason": "",
    "raw_name": "Space Invader PA_0401, fontaine de Cuvier",
    "arrondissement": 5
   }
  },
  {
   "type": "Feature",
   "geometry": {
    "type": "Point",
    "coordinates": [
     2.32015,
     48.86244
    ]
   },
   "properties": {
    "id": "PA_0402",
    "codes": [
     "PA_0402"
    ],
    "city": "PA",
    "address": "quai Anantole France",
    "in_paris": true,
    "excluded": false,
    "exclude_reason": "",
    "raw_name": "Space Invader PA_0402, quai Anantole France",
    "arrondissement": 7
   }
  },
  {
   "type": "Feature",
   "geometry": {
    "type": "Point",
    "coordinates": [
     2.30289,
     48.83208
    ]
   },
   "properties": {
    "id": "PA_0403",
    "codes": [
     "PA_0403"
    ],
    "city": "PA",
    "address": "porte N-E du parc George Brassens",
    "in_paris": true,
    "excluded": false,
    "exclude_reason": "",
    "raw_name": "Space Invader PA_0403, porte N-E du parc George Brassens",
    "arrondissement": 15
   }
  },
  {
   "type": "Feature",
   "geometry": {
    "type": "Point",
    "coordinates": [
     2.342066,
     48.869401
    ]
   },
   "properties": {
    "id": "PA_0404",
    "codes": [
     "PA_0404"
    ],
    "city": "PA",
    "address": "face au 2 place de la Bourse",
    "in_paris": true,
    "excluded": false,
    "exclude_reason": "",
    "raw_name": "Space Invader PA_0404, face au 2 place de la Bourse",
    "arrondissement": 2
   }
  },
  {
   "type": "Feature",
   "geometry": {
    "type": "Point",
    "coordinates": [
     2.305931,
     48.830168
    ]
   },
   "properties": {
    "id": "PA_0405",
    "codes": [
     "PA_0405"
    ],
    "city": "PA",
    "address": "face au 110 rue Castagnary",
    "in_paris": true,
    "excluded": false,
    "exclude_reason": "",
    "raw_name": "Space Invader PA_0405, face au 110 rue Castagnary",
    "arrondissement": 15
   }
  },
  {
   "type": "Feature",
   "geometry": {
    "type": "Point",
    "coordinates": [
     2.357133,
     48.860747
    ]
   },
   "properties": {
    "id": "PA_0406",
    "codes": [
     "PA_0406"
    ],
    "city": "PA",
    "address": "4 rue de Braque",
    "in_paris": true,
    "excluded": false,
    "exclude_reason": "",
    "raw_name": "Space Invader PA_0406, 4 rue de Braque",
    "arrondissement": 3
   }
  },
  {
   "type": "Feature",
   "geometry": {
    "type": "Point",
    "coordinates": [
     2.360883,
     48.860102
    ]
   },
   "properties": {
    "id": "PA_0407",
    "codes": [
     "PA_0407"
    ],
    "city": "PA",
    "address": "93 rue Vieille du Temple",
    "in_paris": true,
    "excluded": false,
    "exclude_reason": "",
    "raw_name": "Space Invader PA_0407, 93 rue Vieille du Temple",
    "arrondissement": 3
   }
  },
  {
   "type": "Feature",
   "geometry": {
    "type": "Point",
    "coordinates": [
     2.38822,
     48.868393
    ]
   },
   "properties": {
    "id": "PA_0410",
    "codes": [
     "PA_0410"
    ],
    "city": "PA",
    "address": "0 rue de la Mare",
    "in_paris": true,
    "excluded": false,
    "exclude_reason": "",
    "raw_name": "Space Invader PA_0410, 0 rue de la Mare",
    "arrondissement": 20
   }
  },
  {
   "type": "Feature",
   "geometry": {
    "type": "Point",
    "coordinates": [
     2.397994,
     48.867053
    ]
   },
   "properties": {
    "id": "PA_0411",
    "codes": [
     "PA_0411"
    ],
    "city": "PA",
    "address": "68 rue Orfila",
    "in_paris": true,
    "excluded": false,
    "exclude_reason": "",
    "raw_name": "Space Invader PA_0411, 68 rue Orfila",
    "arrondissement": 20
   }
  },
  {
   "type": "Feature",
   "geometry": {
    "type": "Point",
    "coordinates": [
     2.393552,
     48.864799
    ]
   },
   "properties": {
    "id": "PA_0412",
    "codes": [
     "PA_0412"
    ],
    "city": "PA",
    "address": "15 rue Robineau",
    "in_paris": true,
    "excluded": false,
    "exclude_reason": "",
    "raw_name": "Space Invader PA_0412, 15 rue Robineau",
    "arrondissement": 20
   }
  },
  {
   "type": "Feature",
   "geometry": {
    "type": "Point",
    "coordinates": [
     2.323209,
     48.869917
    ]
   },
   "properties": {
    "id": "PA_0413",
    "codes": [
     "PA_0413"
    ],
    "city": "PA",
    "address": "3 boulevard Malsherbes",
    "in_paris": true,
    "excluded": false,
    "exclude_reason": "",
    "raw_name": "Space Invader PA_0413, 3 boulevard Malsherbes",
    "arrondissement": 8
   }
  },
  {
   "type": "Feature",
   "geometry": {
    "type": "Point",
    "coordinates": [
     2.410014,
     48.891977
    ]
   },
   "properties": {
    "id": "PA_0414",
    "codes": [
     "PA_0414"
    ],
    "city": "PA",
    "address": "2 rue du 11 Novembre 1918",
    "in_paris": false,
    "excluded": false,
    "exclude_reason": "",
    "raw_name": "Space Invader PA_0414, 2 rue du 11 Novembre 1918"
   }
  },
  {
   "type": "Feature",
   "geometry": {
    "type": "Point",
    "coordinates": [
     2.386345,
     48.852895
    ]
   },
   "properties": {
    "id": "PA_0415",
    "codes": [
     "PA_0415"
    ],
    "city": "PA",
    "address": "34 rue Titon",
    "in_paris": true,
    "excluded": false,
    "exclude_reason": "",
    "raw_name": "Space Invader PA_0415, 34 rue Titon",
    "arrondissement": 11
   }
  },
  {
   "type": "Feature",
   "geometry": {
    "type": "Point",
    "coordinates": [
     2.363221,
     48.871537
    ]
   },
   "properties": {
    "id": "PA_0416",
    "codes": [
     "PA_0416"
    ],
    "city": "PA",
    "address": "9 rue de Marseille",
    "in_paris": true,
    "excluded": false,
    "exclude_reason": "",
    "raw_name": "Space Invader PA_0416, 9 rue de Marseille",
    "arrondissement": 10
   }
  },
  {
   "type": "Feature",
   "geometry": {
    "type": "Point",
    "coordinates": [
     2.344331,
     48.901461
    ]
   },
   "properties": {
    "id": "PA_0418",
    "codes": [
     "PA_0418"
    ],
    "city": "PA",
    "address": "139 avenue Michelet",
    "in_paris": false,
    "excluded": false,
    "exclude_reason": "",
    "raw_name": "Space Invader PA_0418, 139 avenue Michelet"
   }
  },
  {
   "type": "Feature",
   "geometry": {
    "type": "Point",
    "coordinates": [
     2.336024,
     48.909131
    ]
   },
   "properties": {
    "id": "PA_0420",
    "codes": [
     "PA_0420"
    ],
    "city": "PA",
    "address": "45 rue Anselme",
    "in_paris": false,
    "excluded": false,
    "exclude_reason": "",
    "raw_name": "Space Invader PA_0420, 45 rue Anselme"
   }
  },
  {
   "type": "Feature",
   "geometry": {
    "type": "Point",
    "coordinates": [
     2.39571,
     48.86476
    ]
   },
   "properties": {
    "id": "PA_0421",
    "codes": [
     "PA_0421"
    ],
    "city": "PA",
    "address": "71 rue des Rondeaux",
    "in_paris": true,
    "excluded": false,
    "exclude_reason": "",
    "raw_name": "Space Invader PA_0421, 71 rue des Rondeaux",
    "arrondissement": 20
   }
  },
  {
   "type": "Feature",
   "geometry": {
    "type": "Point",
    "coordinates": [
     2.36918,
     48.83124
    ]
   },
   "properties": {
    "id": "PA_0422",
    "codes": [
     "PA_0422"
    ],
    "city": "PA",
    "address": "32 rue Dunois",
    "in_paris": true,
    "excluded": false,
    "exclude_reason": "",
    "raw_name": "Space Invader PA_0422, 32 rue Dunois",
    "arrondissement": 13
   }
  },
  {
   "type": "Feature",
   "geometry": {
    "type": "Point",
    "coordinates": [
     2.309915,
     48.871812
    ]
   },
   "properties": {
    "id": "PA_0423",
    "codes": [
     "PA_0423"
    ],
    "city": "PA",
    "address": "63 avenue Franklin Delano Roosevelt",
    "in_paris": true,
    "excluded": false,
    "exclude_reason": "",
    "raw_name": "Space Invader PA_0423, 63 avenue Franklin Delano Roosevelt",
    "arrondissement": 8
   }
  },
  {
   "type": "Feature",
   "geometry": {
    "type": "Point",
    "coordinates": [
     2.295582,
     48.864665
    ]
   },
   "properties": {
    "id": "PA_0424",
    "codes": [
     "PA_0424"
    ],
    "city": "PA",
    "address": "13 rue de la Manutention",
    "in_paris": true,
    "excluded": false,
    "exclude_reason": "",
    "raw_name": "Space Invader PA_0424, 13 rue de la Manutention",
    "arrondissement": 16
   }
  },
  {
   "type": "Feature",
   "geometry": {
    "type": "Point",
    "coordinates": [
     2.357022,
     48.816064
    ]
   },
   "properties": {
    "id": "PA_0426",
    "codes": [
     "PA_0426"
    ],
    "city": "PA",
    "address": "face au pavillon d'Italie",
    "in_paris": true,
    "excluded": false,
    "exclude_reason": "",
    "raw_name": "Space Invader PA_0426, face au pavillon d'Italie",
    "arrondissement": 13
   }
  },
  {
   "type": "Feature",
   "geometry": {
    "type": "Point",
    "coordinates": [
     2.375363,
     48.829912
    ]
   },
   "properties": {
    "id": "PA_0427",
    "codes": [
     "PA_0427"
    ],
    "city": "PA",
    "address": "10 rue de Tolbiac",
    "in_paris": true,
    "excluded": false,
    "exclude_reason": "",
    "raw_name": "Space Invader PA_0427, 10 rue de Tolbiac",
    "arrondissement": 13
   }
  },
  {
   "type": "Feature",
   "geometry": {
    "type": "Point",
    "coordinates": [
     2.292356,
     48.874504
    ]
   },
   "properties": {
    "id": "PA_0428",
    "codes": [
     "PA_0428"
    ],
    "city": "PA",
    "address": "7 avenue de la Grande Armée",
    "in_paris": true,
    "excluded": false,
    "exclude_reason": "",
    "raw_name": "Space Invader PA_0428, 7 avenue de la Grande Armée",
    "arrondissement": 16
   }
  },
  {
   "type": "Feature",
   "geometry": {
    "type": "Point",
    "coordinates": [
     2.292479,
     48.876277
    ]
   },
   "properties": {
    "id": "PA_0429",
    "codes": [
     "PA_0429"
    ],
    "city": "PA",
    "address": "22 avenue Carnot",
    "in_paris": true,
    "excluded": false,
    "exclude_reason": "",
    "raw_name": "Space Invader PA_0429, 22 avenue Carnot",
    "arrondissement": 17
   }
  },
  {
   "type": "Feature",
   "geometry": {
    "type": "Point",
    "coordinates": [
     2.36513,
     48.872183
    ]
   },
   "properties": {
    "id": "PA_0430",
    "codes": [
     "PA_0430"
    ],
    "city": "PA",
    "address": "le Comptoire Général",
    "in_paris": true,
    "excluded": false,
    "exclude_reason": "",
    "raw_name": "Space Invader PA_0430, le Comptoire Général",
    "arrondissement": 10
   }
  },
  {
   "type": "Feature",
   "geometry": {
    "type": "Point",
    "coordinates": [
     2.414288,
     48.847269
    ]
   },
   "properties": {
    "id": "PA_0431",
    "codes": [
     "PA_0431"
    ],
    "city": "PA",
    "address": "rond-point de la porte de Vincennes",
    "in_paris": true,
    "excluded": false,
    "exclude_reason": "",
    "raw_name": "Space Invader PA_0431, rond-point de la porte de Vincennes",
    "arrondissement": 20
   }
  },
  {
   "type": "Feature",
   "geometry": {
    "type": "Point",
    "coordinates": [
     2.393294,
     48.871131
    ]
   },
   "properties": {
    "id": "PA_0432",
    "codes": [
     "PA_0432",
     "PA_0573"
    ],
    "city": "PA",
    "address": "24 rue de l'Est",
    "in_paris": true,
    "excluded": false,
    "exclude_reason": "",
    "raw_name": "Space Invader PA_0432 & 573, 24 rue de l'Est",
    "arrondissement": 20
   }
  },
  {
   "type": "Feature",
   "geometry": {
    "type": "Point",
    "coordinates": [
     2.402278,
     48.843322
    ]
   },
   "properties": {
    "id": "PA_0433",
    "codes": [
     "PA_0433"
    ],
    "city": "PA",
    "address": "33 rue de Sibuet",
    "in_paris": true,
    "excluded": false,
    "exclude_reason": "",
    "raw_name": "Space Invader PA_0433, 33 rue de Sibuet",
    "arrondissement": 12
   }
  },
  {
   "type": "Feature",
   "geometry": {
    "type": "Point",
    "coordinates": [
     2.39799,
     48.840725
    ]
   },
   "properties": {
    "id": "PA_0434",
    "codes": [
     "PA_0434"
    ],
    "city": "PA",
    "address": "19 rue Lamblardie",
    "in_paris": true,
    "excluded": false,
    "exclude_reason": "",
    "raw_name": "Space Invader PA_0434, 19 rue Lamblardie",
    "arrondissement": 12
   }
  },
  {
   "type": "Feature",
   "geometry": {
    "type": "Point",
    "coordinates": [
     2.350814,
     48.860945
    ]
   },
   "properties": {
    "id": "PA_0436",
    "codes": [
     "PA_0436"
    ],
    "city": "PA",
    "address": "Centre culturel de Serbie",
    "in_paris": true,
    "excluded": false,
    "exclude_reason": "",
    "raw_name": "Space Invader PA_0436, Centre culturel de Serbie",
    "arrondissement": 4
   }
  },
  {
   "type": "Feature",
   "geometry": {
    "type": "Point",
    "coordinates": [
     2.370595,
     48.877651
    ]
   },
   "properties": {
    "id": "PA_0437",
    "codes": [
     "PA_0437"
    ],
    "city": "PA",
    "address": "place du Colonel Fabien",
    "in_paris": true,
    "excluded": false,
    "exclude_reason": "",
    "raw_name": "Space Invader PA_0437, place du Colonel Fabien",
    "arrondissement": 10
   }
  },
  {
   "type": "Feature",
   "geometry": {
    "type": "Point",
    "coordinates": [
     2.385862,
     48.882949
    ]
   },
   "properties": {
    "id": "PA_0438",
    "codes": [
     "PA_0438"
    ],
    "city": "PA",
    "address": "petite ceinture pont de la rue Manin",
    "in_paris": true,
    "excluded": false,
    "exclude_reason": "",
    "raw_name": "Space Invader PA_0438, petite ceinture pont de la rue Manin",
    "arrondissement": 19
   }
  },
  {
   "type": "Feature",
   "geometry": {
    "type": "Point",
    "coordinates": [
     2.32822,
     48.884036
    ]
   },
   "properties": {
    "id": "PA_0439",
    "codes": [
     "PA_0439"
    ],
    "city": "PA",
    "address": "134 boulevard de Clichy",
    "in_paris": true,
    "excluded": false,
    "exclude_reason": "",
    "raw_name": "Space Invader PA_0439, 134 boulevard de Clichy",
    "arrondissement": 18
   }
  },
  {
   "type": "Feature",
   "geometry": {
    "type": "Point",
    "coordinates": [
     2.356289,
     48.815533
    ]
   },
   "properties": {
    "id": "PA_0441",
    "codes": [
     "PA_0441"
    ],
    "city": "PA",
    "address": "7 rue Gabriel Péri",
    "in_paris": false,
    "excluded": false,
    "exclude_reason": "",
    "raw_name": "Space Invader PA_0441, 7 rue Gabriel Péri"
   }
  },
  {
   "type": "Feature",
   "geometry": {
    "type": "Point",
    "coordinates": [
     2.393054,
     48.87446
    ]
   },
   "properties": {
    "id": "PA_0442",
    "codes": [
     "PA_0442"
    ],
    "city": "PA",
    "address": "46 Olivier Métra",
    "in_paris": true,
    "excluded": false,
    "exclude_reason": "",
    "raw_name": "Space Invader PA_0442, 46 Olivier Métra",
    "arrondissement": 20
   }
  },
  {
   "type": "Feature",
   "geometry": {
    "type": "Point",
    "coordinates": [
     2.381094,
     48.87615
    ]
   },
   "properties": {
    "id": "PA_0443",
    "codes": [
     "PA_0443"
    ],
    "city": "PA",
    "address": "entrée sud des Buttes Chaumont",
    "in_paris": true,
    "excluded": false,
    "exclude_reason": "",
    "raw_name": "Space Invader PA_0443, entrée sud des Buttes Chaumont",
    "arrondissement": 19
   }
  },
  {
   "type": "Feature",
   "geometry": {
    "type": "Point",
    "coordinates": [
     2.365842,
     48.883149
    ]
   },
   "properties": {
    "id": "PA_0444",
    "codes": [
     "PA_0444"
    ],
    "city": "PA",
    "address": "14 rue Chaudron",
    "in_paris": true,
    "excluded": false,
    "exclude_reason": "",
    "raw_name": "Space Invader PA_0444, 14 rue Chaudron",
    "arrondissement": 10
   }
  },
  {
   "type": "Feature",
   "geometry": {
    "type": "Point",
    "coordinates": [
     2.360816,
     48.880303
    ]
   },
   "properties": {
    "id": "PA_0445",
    "codes": [
     "PA_0445"
    ],
    "city": "PA",
    "address": "181 rue Lafayette",
    "in_paris": true,
    "excluded": false,
    "exclude_reason": "",
    "raw_name": "Space Invader PA_0445, 181 rue Lafayette",
    "arrondissement": 10
   }
  },
  {
   "type": "Feature",
   "geometry": {
    "type": "Point",
    "coordinates": [
     2.373237,
     48.870261
    ]
   },
   "properties": {
    "id": "PA_0446",
    "codes": [
     "PA_0446"
    ],
    "city": "PA",
    "address": "174 rue Saint-Maur",
    "in_paris": true,
    "excluded": false,
    "exclude_reason": "",
    "raw_name": "Space Invader PA_0446, 174 rue Saint-Maur",
    "arrondissement": 11
   }
  },
  {
   "type": "Feature",
   "geometry": {
    "type": "Point",
    "coordinates": [
     2.36377,
     48.87265
    ]
   },
   "properties": {
    "id": "PA_0447",
    "codes": [
     "PA_0447"
    ],
    "city": "PA",
    "address": "à l'intérieur d'Artazart",
    "in_paris": true,
    "excluded": false,
    "exclude_reason": "",
    "raw_name": "Space Invader PA_0447, à l'intérieur d'Artazart",
    "arrondissement": 10
   }
  },
  {
   "type": "Feature",
   "geometry": {
    "type": "Point",
    "coordinates": [
     2.365148,
     48.872148
    ]
   },
   "properties": {
    "id": "PA_0448",
    "codes": [
     "PA_0448"
    ],
    "city": "PA",
    "address": "80 quai Jemmapes",
    "in_paris": true,
    "excluded": false,
    "exclude_reason": "",
    "raw_name": "Space Invader PA_0448, 80 quai Jemmapes",
    "arrondissement": 10
   }
  },
  {
   "type": "Feature",
   "geometry": {
    "type": "Point",
    "coordinates": [
     2.314716,
     48.871552
    ]
   },
   "properties": {
    "id": "PA_0449",
    "codes": [
     "PA_0449"
    ],
    "city": "PA",
    "address": "73 rue du Faubourg Saint-Honoré",
    "in_paris": true,
    "excluded": false,
    "exclude_reason": "",
    "raw_name": "Space Invader PA_0449, 73 rue du Faubourg Saint-Honoré",
    "arrondissement": 8
   }
  },
  {
   "type": "Feature",
   "geometry": {
    "type": "Point",
    "coordinates": [
     2.356862,
     48.86477
    ]
   },
   "properties": {
    "id": "PA_0450",
    "codes": [
     "PA_0450"
    ],
    "city": "PA",
    "address": "5 rue Volta",
    "in_paris": true,
    "excluded": false,
    "exclude_reason": "",
    "raw_name": "Space Invader PA_0450, 5 rue Volta",
    "arrondissement": 3
   }
  },
  {
   "type": "Feature",
   "geometry": {
    "type": "Point",
    "coordinates": [
     2.376638,
     48.853334
    ]
   },
   "properties": {
    "id": "PA_0451",
    "codes": [
     "PA_0451",
     "PA_0654"
    ],
    "city": "PA",
    "address": "39 rue de Charonne",
    "in_paris": true,
    "excluded": false,
    "exclude_reason": "",
    "raw_name": "Space Invader PA_0451 & PA_0654, 39 rue de Charonne",
    "arrondissement": 11
   }
  },
  {
   "type": "Feature",
   "geometry": {
    "type": "Point",
    "coordinates": [
     2.376367,
     48.852811
    ]
   },
   "properties": {
    "id": "PA_0452",
    "codes": [
     "PA_0452"
    ],
    "city": "PA",
    "address": "5 passage Saint-Antoine",
    "in_paris": true,
    "excluded": false,
    "exclude_reason": "",
    "raw_name": "Space Invader PA_0452, 5 passage Saint-Antoine",
    "arrondissement": 11
   }
  },
  {
   "type": "Feature",
   "geometry": {
    "type": "Point",
    "coordinates": [
     2.389631,
     48.864562
    ]
   },
   "properties": {
    "id": "PA_0453",
    "codes": [
     "PA_0453"
    ],
    "city": "PA",
    "address": "24 à 32 rue des Amandiers",
    "in_paris": true,
    "excluded": false,
    "exclude_reason": "",
    "raw_name": "Space Invader PA_0453, 24 à 32 rue des Amandiers",
    "arrondissement": 20
   }
  },
  {
   "type": "Feature",
   "geometry": {
    "type": "Point",
    "coordinates": [
     2.363638,
     48.873127
    ]
   },
   "properties": {
    "id": "PA_0454",
    "codes": [
     "PA_0454"
    ],
    "city": "PA",
    "address": "Assainissement de Valmy",
    "in_paris": true,
    "excluded": false,
    "exclude_reason": "",
    "raw_name": "Space Invader PA_0454, Assainissement de Valmy",
    "arrondissement": 10
   }
  },
  {
   "type": "Feature",
   "geometry": {
    "type": "Point",
    "coordinates": [
     2.337721,
     48.855155
    ]
   },
   "properties": {
    "id": "PA_0455",
    "codes": [
     "PA_0455"
    ],
    "city": "PA",
    "address": "48 rue Mazarine",
    "in_paris": true,
    "excluded": false,
    "exclude_reason": "",
    "raw_name": "Space Invader PA_0455, 48 rue Mazarine",
    "arrondissement": 6
   }
  },
  {
   "type": "Feature",
   "geometry": {
    "type": "Point",
    "coordinates": [
     2.294413,
     48.8646
    ]
   },
   "properties": {
    "id": "PA_0456",
    "codes": [
     "PA_0456"
    ],
    "city": "PA",
    "address": "1 place d'Iéna",
    "in_paris": true,
    "excluded": false,
    "exclude_reason": "",
    "raw_name": "Space Invader PA_0456, 1 place d'Iéna",
    "arrondissement": 16
   }
  },
  {
   "type": "Feature",
   "geometry": {
    "type": "Point",
    "coordinates": [
     2.390936,
     48.866403
    ]
   },
   "properties": {
    "id": "PA_0458",
    "codes": [
     "PA_0458"
    ],
    "city": "PA",
    "address": "16 rue Elise Borey",
    "in_paris": true,
    "excluded": false,
    "exclude_reason": "",
    "raw_name": "Space Invader PA_0458, 16 rue Elise Borey",
    "arrondissement": 20
   }
  },
  {
   "type": "Feature",
   "geometry": {
    "type": "Point",
    "coordinates": [
     2.36825,
     48.834914
    ]
   },
   "properties": {
    "id": "PA_0459",
    "codes": [
     "PA_0459"
    ],
    "city": "PA",
    "address": "métro Chevaleret",
    "in_paris": true,
    "excluded": false,
    "exclude_reason": "",
    "raw_name": "Space Invader PA_0459, métro Chevaleret",
    "arrondissement": 13
   }
  },
  {
   "type": "Feature",
   "geometry": {
    "type": "Point",
    "coordinates": [
     2.369952,
     48.834395
    ]
   },
   "properties": {
    "id": "PA_0460",
    "codes": [
     "PA_0460"
    ],
    "city": "PA",
    "address": "39P rue Louise Weiss",
    "in_paris": true,
    "excluded": false,
    "exclude_reason": "",
    "raw_name": "Space Invader PA_0460, 39P rue Louise Weiss",
    "arrondissement": 13
   }
  },
  {
   "type": "Feature",
   "geometry": {
    "type": "Point",
    "coordinates": [
     2.400009,
     48.861765
    ]
   },
   "properties": {
    "id": "PA_0461",
    "codes": [
     "PA_0461"
    ],
    "city": "PA",
    "address": "5-7 rue Charles Renouvier",
    "in_paris": true,
    "excluded": false,
    "exclude_reason": "",
    "raw_name": "Space Invader PA_0461, 5-7 rue Charles Renouvier",
    "arrondissement": 20
   }
  },
  {
   "type": "Feature",
   "geometry": {
    "type": "Point",
    "coordinates": [
     2.347578,
     48.868378
    ]
   },
   "properties": {
    "id": "PA_0462",
    "codes": [
     "PA_0462"
    ],
    "city": "PA",
    "address": "44 rue de Cléry",
    "in_paris": true,
    "excluded": false,
    "exclude_reason": "",
    "raw_name": "Space Invader PA_0462, 44 rue de Cléry",
    "arrondissement": 2
   }
  },
  {
   "type": "Feature",
   "geometry": {
    "type": "Point",
    "coordinates": [
     2.355457,
     48.857053
    ]
   },
   "properties": {
    "id": "PA_0464",
    "codes": [
     "PA_0464"
    ],
    "city": "PA",
    "address": "6 rue de la Verrerie",
    "in_paris": true,
    "excluded": false,
    "exclude_reason": "",
    "raw_name": "Space Invader PA_0464, 6 rue de la Verrerie",
    "arrondissement": 4
   }
  },
  {
   "type": "Feature",
   "geometry": {
    "type": "Point",
    "coordinates": [
     2.378546,
     48.856977
    ]
   },
   "properties": {
    "id": "PA_0465",
    "codes": [
     "PA_0465"
    ],
    "city": "PA",
    "address": "114 rue de la Roquette",
    "in_paris": true,
    "excluded": false,
    "exclude_reason": "",
    "raw_name": "Space Invader PA_0465, 114 rue de la Roquette",
    "arrondissement": 11
   }
  },
  {
   "type": "Feature",
   "geometry": {
    "type": "Point",
    "coordinates": [
     2.373402,
     48.868146
    ]
   },
   "properties": {
    "id": "PA_0466",
    "codes": [
     "PA_0466"
    ],
    "city": "PA",
    "address": "51 rue de la Fontaine au Roi",
    "in_paris": true,
    "excluded": false,
    "exclude_reason": "",
    "raw_name": "Space Invader PA_0466, 51 rue de la Fontaine au Roi",
    "arrondissement": 11
   }
  },
  {
   "type": "Feature",
   "geometry": {
    "type": "Point",
    "coordinates": [
     2.384969,
     48.871567
    ]
   },
   "properties": {
    "id": "PA_0467",
    "codes": [
     "PA_0467"
    ],
    "city": "PA",
    "address": "parc de Belleville",
    "in_paris": true,
    "excluded": false,
    "exclude_reason": "",
    "raw_name": "Space Invader PA_0467, parc de Belleville",
    "arrondissement": 20
   }
  },
  {
   "type": "Feature",
   "geometry": {
    "type": "Point",
    "coordinates": [
     2.34698,
     48.86592
    ]
   },
   "properties": {
    "id": "PA_0468",
    "codes": [
     "PA_0468"
    ],
    "city": "PA",
    "address": "65 rue Montorgueil",
    "in_paris": true,
    "excluded": false,
    "exclude_reason": "",
    "raw_name": "Space Invader PA_0468, 65 rue Montorgueil",
    "arrondissement": 2
   }
  },
  {
   "type": "Feature",
   "geometry": {
    "type": "Point",
    "coordinates": [
     2.345683,
     48.864784
    ]
   },
   "properties": {
    "id": "PA_0470",
    "codes": [
     "PA_0470",
     "PA_1057",
     "PA_1062"
    ],
    "city": "PA",
    "address": "64 rue Tiquetonne",
    "in_paris": true,
    "excluded": false,
    "exclude_reason": "",
    "raw_name": "Space Invader PA_0470, 1057 & 1062, 64 rue Tiquetonne",
    "arrondissement": 2
   }
  },
  {
   "type": "Feature",
   "geometry": {
    "type": "Point",
    "coordinates": [
     2.390091,
     48.868821
    ]
   },
   "properties": {
    "id": "PA_0471",
    "codes": [
     "PA_0471"
    ],
    "city": "PA",
    "address": "83 rue de Ménilmontant",
    "in_paris": true,
    "excluded": false,
    "exclude_reason": "",
    "raw_name": "Space Invader PA_0471, 83 rue de Ménilmontant",
    "arrondissement": 20
   }
  },
  {
   "type": "Feature",
   "geometry": {
    "type": "Point",
    "coordinates": [
     2.371362,
     48.85904
    ]
   },
   "properties": {
    "id": "PA_0472",
    "codes": [
     "PA_0472"
    ],
    "city": "PA",
    "address": "11Z rue Gaby Sylvia",
    "in_paris": true,
    "excluded": false,
    "exclude_reason": "",
    "raw_name": "Space Invader PA_0472, 11Z rue Gaby Sylvia",
    "arrondissement": 11
   }
  },
  {
   "type": "Feature",
   "geometry": {
    "type": "Point",
    "coordinates": [
     2.338006,
     48.851471
    ]
   },
   "properties": {
    "id": "PA_0473",
    "codes": [
     "PA_0473"
    ],
    "city": "PA",
    "address": "3 rue Saint-Sulpice",
    "in_paris": true,
    "excluded": false,
    "exclude_reason": "",
    "raw_name": "Space Invader PA_0473, 3 rue Saint-Sulpice",
    "arrondissement": 6
   }
  },
  {
   "type": "Feature",
   "geometry": {
    "type": "Point",
    "coordinates": [
     2.308577,
     48.880578
    ]
   },
   "properties": {
    "id": "PA_0474",
    "codes": [
     "PA_0474"
    ],
    "city": "PA",
    "address": "2 rue de Prony",
    "in_paris": true,
    "excluded": false,
    "exclude_reason": "",
    "raw_name": "Space Invader PA_0474, 2 rue de Prony",
    "arrondissement": 17
   }
  },
  {
   "type": "Feature",
   "geometry": {
    "type": "Point",
    "coordinates": [
     2.293325,
     48.874673
    ]
   },
   "properties": {
    "id": "PA_0475",
    "codes": [
     "PA_0475"
    ],
    "city": "PA",
    "address": "2 avenue de la Grande Armée",
    "in_paris": true,
    "excluded": false,
    "exclude_reason": "",
    "raw_name": "Space Invader PA_0475, 2 avenue de la Grande Armée",
    "arrondissement": 17
   }
  },
  {
   "type": "Feature",
   "geometry": {
    "type": "Point",
    "coordinates": [
     2.306088,
     48.87181
    ]
   },
   "properties": {
    "id": "PA_0476",
    "codes": [
     "PA_0476"
    ],
    "city": "PA",
    "address": "1 rue Paul Baudry",
    "in_paris": true,
    "excluded": false,
    "exclude_reason": "",
    "raw_name": "Space Invader PA_0476, 1 rue Paul Baudry",
    "arrondissement": 8
   }
  },
  {
   "type": "Feature",
   "geometry": {
    "type": "Point",
    "coordinates": [
     2.415553,
     48.854338
    ]
   },
   "properties": {
    "id": "PA_0477",
    "codes": [
     "PA_0477"
    ],
    "city": "PA",
    "address": "267b rue de Paris",
    "in_paris": false,
    "excluded": false,
    "exclude_reason": "",
    "raw_name": "Space Invader PA_0477, 267b rue de Paris"
   }
  },
  {
   "type": "Feature",
   "geometry": {
    "type": "Point",
    "coordinates": [
     2.281438,
     48.852616
    ]
   },
   "properties": {
    "id": "PA_0478",
    "codes": [
     "PA_0478"
    ],
    "city": "PA",
    "address": "pont du Rouelle",
    "in_paris": true,
    "excluded": false,
    "exclude_reason": "",
    "raw_name": "Space Invader PA_0478, pont du Rouelle",
    "arrondissement": 16
   }
  },
  {
   "type": "Feature",
   "geometry": {
    "type": "Point",
    "coordinates": [
     2.359774,
     48.85587
    ]
   },
   "properties": {
    "id": "PA_0480",
    "codes": [
     "PA_0480"
    ],
    "city": "PA",
    "address": "14 rue du Roi de Sicile",
    "in_paris": true,
    "excluded": false,
    "exclude_reason": "",
    "raw_name": "Space Invader PA_0480, 14 rue du Roi de Sicile",
    "arrondissement": 4
   }
  },
  {
   "type": "Feature",
   "geometry": {
    "type": "Point",
    "coordinates": [
     2.332482,
     48.844974
    ]
   },
   "properties": {
    "id": "PA_0481",
    "codes": [
     "PA_0481"
    ],
    "city": "PA",
    "address": "sous la plaque de rue du coin du parc",
    "in_paris": true,
    "excluded": false,
    "exclude_reason": "",
    "raw_name": "Space Invader PA_0481, sous la plaque de rue du coin du parc",
    "arrondissement": 6
   }
  },
  {
   "type": "Feature",
   "geometry": {
    "type": "Point",
    "coordinates": [
     2.352013,
     48.863924
    ]
   },
   "properties": {
    "id": "PA_0483",
    "codes": [
     "PA_0483"
    ],
    "city": "PA",
    "address": "7 rue du Bourg l'Abbé",
    "in_paris": true,
    "excluded": false,
    "exclude_reason": "",
    "raw_name": "Space Invader PA_0483, 7 rue du Bourg l'Abbé",
    "arrondissement": 3
   }
  },
  {
   "type": "Feature",
   "geometry": {
    "type": "Point",
    "coordinates": [
     2.323006,
     48.878388
    ]
   },
   "properties": {
    "id": "PA_0484",
    "codes": [
     "PA_0484"
    ],
    "city": "PA",
    "address": "24 rue de Vienne",
    "in_paris": true,
    "excluded": false,
    "exclude_reason": "",
    "raw_name": "Space Invader PA_0484, 24 rue de Vienne",
    "arrondissement": 8
   }
  },
  {
   "type": "Feature",
   "geometry": {
    "type": "Point",
    "coordinates": [
     2.289909,
     48.870264
    ]
   },
   "properties": {
    "id": "PA_0485",
    "codes": [
     "PA_0485"
    ],
    "city": "PA",
    "address": "15 rue Paul Valérie",
    "in_paris": true,
    "excluded": false,
    "exclude_reason": "",
    "raw_name": "Space Invader PA_0485, 15 rue Paul Valérie",
    "arrondissement": 16
   }
  },
  {
   "type": "Feature",
   "geometry": {
    "type": "Point",
    "coordinates": [
     2.31909,
     48.852909
    ]
   },
   "properties": {
    "id": "PA_0486",
    "codes": [
     "PA_0486"
    ],
    "city": "PA",
    "address": "26 rue Vaneau",
    "in_paris": true,
    "excluded": false,
    "exclude_reason": "",
    "raw_name": "Space Invader PA_0486, 26 rue Vaneau",
    "arrondissement": 7
   }
  },
  {
   "type": "Feature",
   "geometry": {
    "type": "Point",
    "coordinates": [
     2.40039,
     48.83484
    ]
   },
   "properties": {
    "id": "PA_0488",
    "codes": [
     "PA_0488"
    ],
    "city": "PA",
    "address": "79 rue de Wattignies",
    "in_paris": true,
    "excluded": false,
    "exclude_reason": "",
    "raw_name": "Space Invader PA_0488, 79 rue de Wattignies",
    "arrondissement": 12
   }
  },
  {
   "type": "Feature",
   "geometry": {
    "type": "Point",
    "coordinates": [
     2.385594,
     48.874111
    ]
   },
   "properties": {
    "id": "PA_0489",
    "codes": [
     "PA_0489"
    ],
    "city": "PA",
    "address": "1 rue Clavel",
    "in_paris": true,
    "excluded": false,
    "exclude_reason": "",
    "raw_name": "Space Invader PA_0489, 1 rue Clavel",
    "arrondissement": 19
   }
  },
  {
   "type": "Feature",
   "geometry": {
    "type": "Point",
    "coordinates": [
     2.391981,
     48.899579
    ]
   },
   "properties": {
    "id": "PA_0490",
    "codes": [
     "PA_0490"
    ],
    "city": "PA",
    "address": "10 rue du Chemin de Fer",
    "in_paris": true,
    "excluded": false,
    "exclude_reason": "",
    "raw_name": "Space Invader PA_0490, 10 rue du Chemin de Fer",
    "arrondissement": 19
   }
  },
  {
   "type": "Feature",
   "geometry": {
    "type": "Point",
    "coordinates": [
     2.39531,
     48.87388
    ]
   },
   "properties": {
    "id": "PA_0492",
    "codes": [
     "PA_0492"
    ],
    "city": "PA",
    "address": "36 rue du Soleil",
    "in_paris": true,
    "excluded": false,
    "exclude_reason": "",
    "raw_name": "Space Invader PA_0492, 36 rue du Soleil",
    "arrondissement": 20
   }
  },
  {
   "type": "Feature",
   "geometry": {
    "type": "Point",
    "coordinates": [
     2.3435,
     48.86124
    ]
   },
   "properties": {
    "id": "PA_0493",
    "codes": [
     "PA_0493"
    ],
    "city": "PA",
    "address": "87 rue Saint-Honoré",
    "in_paris": true,
    "excluded": false,
    "exclude_reason": "",
    "raw_name": "Space Invader PA_0493, 87 rue Saint-Honoré",
    "arrondissement": 1
   }
  },
  {
   "type": "Feature",
   "geometry": {
    "type": "Point",
    "coordinates": [
     2.325149,
     48.841328
    ]
   },
   "properties": {
    "id": "PA_0494",
    "codes": [
     "PA_0494"
    ],
    "city": "PA",
    "address": "41 rue Delambre",
    "in_paris": true,
    "excluded": false,
    "exclude_reason": "",
    "raw_name": "Space Invader PA_0494, 41 rue Delambre",
    "arrondissement": 14
   }
  },
  {
   "type": "Feature",
   "geometry": {
    "type": "Point",
    "coordinates": [
     2.352557,
     48.844497
    ]
   },
   "properties": {
    "id": "PA_0495",
    "codes": [
     "PA_0495"
    ],
    "city": "PA",
    "address": "17 rue de Navarre",
    "in_paris": true,
    "excluded": false,
    "exclude_reason": "",
    "raw_name": "Space Invader PA_0495, 17 rue de Navarre",
    "arrondissement": 5
   }
  },
  {
   "type": "Feature",
   "geometry": {
    "type": "Point",
    "coordinates": [
     2.356291,
     48.868789
    ]
   },
   "properties": {
    "id": "PA_0496",
    "codes": [
     "PA_0496"
    ],
    "city": "PA",
    "address": "51 boulevard Saint-Martin",
    "in_paris": true,
    "excluded": false,
    "exclude_reason": "",
    "raw_name": "Space Invader PA_0496, 51 boulevard Saint-Martin",
    "arrondissement": 3
   }
  },
  {
   "type": "Feature",
   "geometry": {
    "type": "Point",
    "coordinates": [
     2.528152,
     49.006762
    ]
   },
   "properties": {
    "id": "PA_0497",
    "codes": [
     "PA_0497"
    ],
    "city": "PA",
    "address": "sortie routière de Roissy-Charles-de-Gaulle",
    "in_paris": false,
    "excluded": false,
    "exclude_reason": "",
    "raw_name": "Space Invader PA_0497, sortie routière de Roissy-Charles-de-Gaulle"
   }
  },
  {
   "type": "Feature",
   "geometry": {
    "type": "Point",
    "coordinates": [
     2.33573,
     48.880778
    ]
   },
   "properties": {
    "id": "PA_0498",
    "codes": [
     "PA_0498"
    ],
    "city": "PA",
    "address": "64 rue de la Rochefoucauld",
    "in_paris": true,
    "excluded": false,
    "exclude_reason": "",
    "raw_name": "Space Invader PA_0498, 64 rue de la Rochefoucauld",
    "arrondissement": 9
   }
  },
  {
   "type": "Feature",
   "geometry": {
    "type": "Point",
    "coordinates": [
     2.365507,
     48.877519
    ]
   },
   "properties": {
    "id": "PA_0499",
    "codes": [
     "PA_0499"
    ],
    "city": "PA",
    "address": "pont Eugène-Varlin",
    "in_paris": true,
    "excluded": false,
    "exclude_reason": "",
    "raw_name": "Space Invader PA_0499, pont Eugène-Varlin",
    "arrondissement": 10
   }
  },
  {
   "type": "Feature",
   "geometry": {
    "type": "Point",
    "coordinates": [
     2.364673,
     48.866361
    ]
   },
   "properties": {
    "id": "PA_0501",
    "codes": [
     "PA_0501"
    ],
    "city": "PA",
    "address": "au pied des escaliers du boulevard du Temple",
    "in_paris": true,
    "excluded": false,
    "exclude_reason": "",
    "raw_name": "Space Invader PA_0501, au pied des escaliers du boulevard du Temple",
    "arrondissement": 3
   }
  },
  {
   "type": "Feature",
   "geometry": {
    "type": "Point",
    "coordinates": [
     2.353,
     48.840414
    ]
   },
   "properties": {
    "id": "PA_0502",
    "codes": [
     "PA_0502"
    ],
    "city": "PA",
    "address": "29 rue Censier",
    "in_paris": true,
    "excluded": false,
    "exclude_reason": "",
    "raw_name": "Space Invader PA_0502, 29 rue Censier",
    "arrondissement": 5
   }
  },
  {
   "type": "Feature",
   "geometry": {
    "type": "Point",
    "coordinates": [
     2.364672,
     48.860382
    ]
   },
   "properties": {
    "id": "PA_0503",
    "codes": [
     "PA_0503"
    ],
    "city": "PA",
    "address": "74 rue de Turenne",
    "in_paris": true,
    "excluded": false,
    "exclude_reason": "",
    "raw_name": "Space Invader PA_0503, 74 rue de Turenne",
    "arrondissement": 3
   }
  },
  {
   "type": "Feature",
   "geometry": {
    "type": "Point",
    "coordinates": [
     2.35837,
     48.857714
    ]
   },
   "properties": {
    "id": "PA_0504",
    "codes": [
     "PA_0504"
    ],
    "city": "PA",
    "address": "52 rue des Rosiers",
    "in_paris": true,
    "excluded": false,
    "exclude_reason": "",
    "raw_name": "Space Invader PA_0504, 52 rue des Rosiers",
    "arrondissement": 4
   }
  },
  {
   "type": "Feature",
   "geometry": {
    "type": "Point",
    "coordinates": [
     2.362908,
     48.859788
    ]
   },
   "properties": {
    "id": "PA_0505",
    "codes": [
     "PA_0505"
    ],
    "city": "PA",
    "address": "12 rue de Thorigny",
    "in_paris": true,
    "excluded": false,
    "exclude_reason": "",
    "raw_name": "Space Invader PA_0505, 12 rue de Thorigny",
    "arrondissement": 3
   }
  },
  {
   "type": "Feature",
   "geometry": {
    "type": "Point",
    "coordinates": [
     2.349292,
     48.866887
    ]
   },
   "properties": {
    "id": "PA_0506",
    "codes": [
     "PA_0506"
    ],
    "city": "PA",
    "address": "square Pierre Lazareff",
    "in_paris": true,
    "excluded": false,
    "exclude_reason": "",
    "raw_name": "Space Invader PA_0506, square Pierre Lazareff",
    "arrondissement": 2
   }
  },
  {
   "type": "Feature",
   "geometry": {
    "type": "Point",
    "coordinates": [
     2.369037,
     48.875379
    ]
   },
   "properties": {
    "id": "PA_0507",
    "codes": [
     "PA_0507"
    ],
    "city": "PA",
    "address": "21 rue Juliette Dodu",
    "in_paris": true,
    "excluded": false,
    "exclude_reason": "",
    "raw_name": "Space Invader PA_0507, 21 rue Juliette Dodu",
    "arrondissement": 10
   }
  },
  {
   "type": "Feature",
   "geometry": {
    "type": "Point",
    "coordinates": [
     2.344175,
     48.861702
    ]
   },
   "properties": {
    "id": "PA_0508",
    "codes": [
     "PA_0508"
    ],
    "city": "PA",
    "address": "9 rue des Prouvaires",
    "in_paris": true,
    "excluded": false,
    "exclude_reason": "",
    "raw_name": "Space Invader PA_0508, 9 rue des Prouvaires",
    "arrondissement": 1
   }
  },
  {
   "type": "Feature",
   "geometry": {
    "type": "Point",
    "coordinates": [
     2.370649,
     48.853266
    ]
   },
   "properties": {
    "id": "PA_0510",
    "codes": [
     "PA_0510"
    ],
    "city": "PA",
    "address": "place de la Bastille",
    "in_paris": true,
    "excluded": false,
    "exclude_reason": "",
    "raw_name": "Space Invader PA_0510, place de la Bastille",
    "arrondissement": 11
   }
  },
  {
   "type": "Feature",
   "geometry": {
    "type": "Point",
    "coordinates": [
     2.296905,
     48.864153
    ]
   },
   "properties": {
    "id": "PA_0514",
    "codes": [
     "PA_0514"
    ],
    "city": "PA",
    "address": "Palais de Tokyo",
    "in_paris": true,
    "excluded": false,
    "exclude_reason": "",
    "raw_name": "Space Invader PA_0514, Palais de Tokyo",
    "arrondissement": 16
   }
  },
  {
   "type": "Feature",
   "geometry": {
    "type": "Point",
    "coordinates": [
     2.393914,
     48.848534
    ]
   },
   "properties": {
    "id": "PA_0515",
    "codes": [
     "PA_0515"
    ],
    "city": "PA",
    "address": "278 rue du Faubourg Saint-Antoine",
    "in_paris": true,
    "excluded": false,
    "exclude_reason": "",
    "raw_name": "Space Invader PA_0515, 278 rue du Faubourg Saint-Antoine",
    "arrondissement": 12
   }
  },
  {
   "type": "Feature",
   "geometry": {
    "type": "Point",
    "coordinates": [
     2.395543,
     48.870172
    ]
   },
   "properties": {
    "id": "PA_0516",
    "codes": [
     "PA_0516"
    ],
    "city": "PA",
    "address": "129-133 rue de Ménilmontant",
    "in_paris": true,
    "excluded": false,
    "exclude_reason": "",
    "raw_name": "Space Invader PA_0516, 129-133 rue de Ménilmontant",
    "arrondissement": 20
   }
  },
  {
   "type": "Feature",
   "geometry": {
    "type": "Point",
    "coordinates": [
     2.36546,
     48.86167
    ]
   },
   "properties": {
    "id": "PA_0517",
    "codes": [
     "PA_0517"
    ],
    "city": "PA",
    "address": "13 rue Froissart",
    "in_paris": true,
    "excluded": false,
    "exclude_reason": "",
    "raw_name": "Space Invader PA_0517, 13 rue Froissart",
    "arrondissement": 3
   }
  },
  {
   "type": "Feature",
   "geometry": {
    "type": "Point",
    "coordinates": [
     2.494696,
     48.835546
    ]
   },
   "properties": {
    "id": "PA_0520",
    "codes": [
     "PA_0520"
    ],
    "city": "PA",
    "address": "viaduc rue Jacques Kablé",
    "in_paris": false,
    "excluded": false,
    "exclude_reason": "",
    "raw_name": "Space Invader PA_0520, viaduc rue Jacques Kablé"
   }
  },
  {
   "type": "Feature",
   "geometry": {
    "type": "Point",
    "coordinates": [
     2.399825,
     48.875538
    ]
   },
   "properties": {
    "id": "PA_0521",
    "codes": [
     "PA_0521"
    ],
    "city": "PA",
    "address": "cimetière de Belleville",
    "in_paris": true,
    "excluded": false,
    "exclude_reason": "",
    "raw_name": "Space Invader PA_0521, cimetière de Belleville",
    "arrondissement": 20
   }
  },
  {
   "type": "Feature",
   "geometry": {
    "type": "Point",
    "coordinates": [
     2.369036,
     48.866379
    ]
   },
   "properties": {
    "id": "PA_0522",
    "codes": [
     "PA_0522"
    ],
    "city": "PA",
    "address": "Square Jules Ferry",
    "in_paris": true,
    "excluded": false,
    "exclude_reason": "",
    "raw_name": "Space Invader PA_0522, Square Jules Ferry",
    "arrondissement": 11
   }
  },
  {
   "type": "Feature",
   "geometry": {
    "type": "Point",
    "coordinates": [
     2.353224,
     48.852787
    ]
   },
   "properties": {
    "id": "PA_0523",
    "codes": [
     "PA_0523"
    ],
    "city": "PA",
    "address": "face au 4 rue Jean du Bellay",
    "in_paris": true,
    "excluded": false,
    "exclude_reason": "",
    "raw_name": "Space Invader PA_0523, face au 4 rue Jean du Bellay",
    "arrondissement": 4
   }
  },
  {
   "type": "Feature",
   "geometry": {
    "type": "Point",
    "coordinates": [
     2.508885,
     48.826905
    ]
   },
   "properties": {
    "id": "PA_0524",
    "codes": [
     "PA_0524"
    ],
    "city": "PA",
    "address": "244 avenue du Général de Gaulle",
    "in_paris": false,
    "excluded": false,
    "exclude_reason": "",
    "raw_name": "Space Invader PA_0524, 244 avenue du Général de Gaulle"
   }
  },
  {
   "type": "Feature",
   "geometry": {
    "type": "Point",
    "coordinates": [
     2.352759,
     48.859482
    ]
   },
   "properties": {
    "id": "PA_0525",
    "codes": [
     "PA_0525"
    ],
    "city": "PA",
    "address": "16 rue Saint-Merri",
    "in_paris": true,
    "excluded": false,
    "exclude_reason": "",
    "raw_name": "Space Invader PA_0525, 16 rue Saint-Merri",
    "arrondissement": 4
   }
  },
  {
   "type": "Feature",
   "geometry": {
    "type": "Point",
    "coordinates": [
     2.487126,
     48.860432
    ]
   },
   "properties": {
    "id": "PA_0526",
    "codes": [
     "PA_0526"
    ],
    "city": "PA",
    "address": "au croisement de l'A86 et de la ligne de RER E",
    "in_paris": false,
    "excluded": false,
    "exclude_reason": "",
    "raw_name": "Space Invader PA_0526, au croisement de l'A86 et de la ligne de RER E"
   }
  },
  {
   "type": "Feature",
   "geometry": {
    "type": "Point",
    "coordinates": [
     2.366221,
     48.833181
    ]
   },
   "properties": {
    "id": "PA_0527",
    "codes": [
     "PA_0527"
    ],
    "city": "PA",
    "address": "74 rue Dunois",
    "in_paris": true,
    "excluded": false,
    "exclude_reason": "",
    "raw_name": "Space Invader PA_0527, 74 rue Dunois",
    "arrondissement": 13
   }
  },
  {
   "type": "Feature",
   "geometry": {
    "type": "Point",
    "coordinates": [
     2.34756,
     48.850632
    ]
   },
   "properties": {
    "id": "PA_0528",
    "codes": [
     "PA_0528"
    ],
    "city": "PA",
    "address": "13 rue des Anglais",
    "in_paris": true,
    "excluded": false,
    "exclude_reason": "",
    "raw_name": "Space Invader PA_0528, 13 rue des Anglais",
    "arrondissement": 5
   }
  },
  {
   "type": "Feature",
   "geometry": {
    "type": "Point",
    "coordinates": [
     2.351715,
     48.849394
    ]
   },
   "properties": {
    "id": "PA_0529",
    "codes": [
     "PA_0529"
    ],
    "city": "PA",
    "address": "15 rue de Pontoise",
    "in_paris": true,
    "excluded": false,
    "exclude_reason": "",
    "raw_name": "Space Invader PA_0529, 15 rue de Pontoise",
    "arrondissement": 5
   }
  },
  {
   "type": "Feature",
   "geometry": {
    "type": "Point",
    "coordinates": [
     2.388421,
     48.873512
    ]
   },
   "properties": {
    "id": "PA_0530",
    "codes": [
     "PA_0530"
    ],
    "city": "PA",
    "address": "83 rue de la Mare",
    "in_paris": true,
    "excluded": false,
    "exclude_reason": "",
    "raw_name": "Space Invader PA_0530, 83 rue de la Mare",
    "arrondissement": 20
   }
  },
  {
   "type": "Feature",
   "geometry": {
    "type": "Point",
    "coordinates": [
     2.395348,
     48.87015
    ]
   },
   "properties": {
    "id": "PA_0531",
    "codes": [
     "PA_0531"
    ],
    "city": "PA",
    "address": "129 rue de Ménilmontant",
    "in_paris": true,
    "excluded": false,
    "exclude_reason": "",
    "raw_name": "Space Invader PA_0531, 129 rue de Ménilmontant",
    "arrondissement": 20
   }
  },
  {
   "type": "Feature",
   "geometry": {
    "type": "Point",
    "coordinates": [
     2.343811,
     48.900816
    ]
   },
   "properties": {
    "id": "PA_0533",
    "codes": [
     "PA_0533"
    ],
    "city": "PA",
    "address": "sous le périph' porte de Cligancourt",
    "in_paris": true,
    "excluded": false,
    "exclude_reason": "",
    "raw_name": "Space Invader PA_0533, sous le périph' porte de Cligancourt",
    "arrondissement": 18
   }
  },
  {
   "type": "Feature",
   "geometry": {
    "type": "Point",
    "coordinates": [
     2.2967,
     48.8646
    ]
   },
   "properties": {
    "id": "PA_0534",
    "codes": [
     "PA_0534"
    ],
    "city": "PA",
    "address": "entrée du Palais de Tokyo",
    "in_paris": true,
    "excluded": false,
    "exclude_reason": "",
    "raw_name": "Space Invader PA_0534, entrée du Palais de Tokyo",
    "arrondissement": 16
   }
  },
  {
   "type": "Feature",
   "geometry": {
    "type": "Point",
    "coordinates": [
     2.39992,
     48.855303
    ]
   },
   "properties": {
    "id": "PA_0535",
    "codes": [
     "PA_0535"
    ],
    "city": "PA",
    "address": "37 rue de Terre Neuve",
    "in_paris": true,
    "excluded": false,
    "exclude_reason": "",
    "raw_name": "Space Invader PA_0535, 37 rue de Terre Neuve",
    "arrondissement": 20
   }
  },
  {
   "type": "Feature",
   "geometry": {
    "type": "Point",
    "coordinates": [
     2.38871,
     48.83952
    ]
   },
   "properties": {
    "id": "PA_0536",
    "codes": [
     "PA_0536"
    ],
    "city": "PA",
    "address": "7 rue de la Planchette",
    "in_paris": true,
    "excluded": false,
    "exclude_reason": "",
    "raw_name": "Space Invader PA_0536, 7 rue de la Planchette",
    "arrondissement": 12
   }
  },
  {
   "type": "Feature",
   "geometry": {
    "type": "Point",
    "coordinates": [
     2.38281,
     48.86626
    ]
   },
   "properties": {
    "id": "PA_0537",
    "codes": [
     "PA_0537"
    ],
    "city": "PA",
    "address": "160 rue Oberkampf, piscine de l'Espace Form",
    "in_paris": true,
    "excluded": false,
    "exclude_reason": "",
    "raw_name": "Space Invader PA_0537, 160 rue Oberkampf, piscine de l'Espace Form",
    "arrondissement": 11
   }
  },
  {
   "type": "Feature",
   "geometry": {
    "type": "Point",
    "coordinates": [
     2.354191,
     48.862014
    ]
   },
   "properties": {
    "id": "PA_0539",
    "codes": [
     "PA_0539"
    ],
    "city": "PA",
    "address": "30 rue Beaubourg dans la cour",
    "in_paris": true,
    "excluded": false,
    "exclude_reason": "",
    "raw_name": "Space Invader PA_0539, 30 rue Beaubourg dans la cour",
    "arrondissement": 3
   }
  },
  {
   "type": "Feature",
   "geometry": {
    "type": "Point",
    "coordinates": [
     2.38131,
     48.8682
    ]
   },
   "properties": {
    "id": "PA_0540",
    "codes": [
     "PA_0540"
    ],
    "city": "PA",
    "address": "impasse Questre",
    "in_paris": true,
    "excluded": false,
    "exclude_reason": "",
    "raw_name": "Space Invader PA_0540, impasse Questre",
    "arrondissement": 11
   }
  },
  {
   "type": "Feature",
   "geometry": {
    "type": "Point",
    "coordinates": [
     2.379208,
     48.843367
    ]
   },
   "properties": {
    "id": "PA_0542",
    "codes": [
     "PA_0542"
    ],
    "city": "PA",
    "address": "5 rue de Rambouillet",
    "in_paris": true,
    "excluded": false,
    "exclude_reason": "",
    "raw_name": "Space Invader PA_0542, 5 rue de Rambouillet",
    "arrondissement": 12
   }
  },
  {
   "type": "Feature",
   "geometry": {
    "type": "Point",
    "coordinates": [
     2.370989,
     48.832575
    ]
   },
   "properties": {
    "id": "PA_0543",
    "codes": [
     "PA_0543"
    ],
    "city": "PA",
    "address": "1 rue Duchefdelaville",
    "in_paris": true,
    "excluded": false,
    "exclude_reason": "",
    "raw_name": "Space Invader PA_0543, 1 rue Duchefdelaville",
    "arrondissement": 13
   }
  },
  {
   "type": "Feature",
   "geometry": {
    "type": "Point",
    "coordinates": [
     2.39659,
     48.86761
    ]
   },
   "properties": {
    "id": "PA_0545",
    "codes": [
     "PA_0545"
    ],
    "city": "PA",
    "address": "62 rue Villiers de l'Isle Adam",
    "in_paris": true,
    "excluded": false,
    "exclude_reason": "",
    "raw_name": "Space Invader PA_0545, 62 rue Villiers de l'Isle Adam",
    "arrondissement": 20
   }
  },
  {
   "type": "Feature",
   "geometry": {
    "type": "Point",
    "coordinates": [
     2.39717,
     48.831983
    ]
   },
   "properties": {
    "id": "PA_0546",
    "codes": [
     "PA_0546"
    ],
    "city": "PA",
    "address": "320bis rue de Charenton",
    "in_paris": true,
    "excluded": false,
    "exclude_reason": "",
    "raw_name": "Space Invader PA_0546, 320bis rue de Charenton",
    "arrondissement": 12
   }
  },
  {
   "type": "Feature",
   "geometry": {
    "type": "Point",
    "coordinates": [
     2.381651,
     48.873155
    ]
   },
   "properties": {
    "id": "PA_0547",
    "codes": [
     "PA_0547"
    ],
    "city": "PA",
    "address": "place Fréhel",
    "in_paris": true,
    "excluded": false,
    "exclude_reason": "",
    "raw_name": "Space Invader PA_0547, place Fréhel",
    "arrondissement": 20
   }
  },
  {
   "type": "Feature",
   "geometry": {
    "type": "Point",
    "coordinates": [
     2.373844,
     48.870979
    ]
   },
   "properties": {
    "id": "PA_0548",
    "codes": [
     "PA_0548"
    ],
    "city": "PA",
    "address": "103 rue du Faubourg du Temple",
    "in_paris": true,
    "excluded": false,
    "exclude_reason": "",
    "raw_name": "Space Invader PA_0548, 103 rue du Faubourg du Temple",
    "arrondissement": 11
   }
  },
  {
   "type": "Feature",
   "geometry": {
    "type": "Point",
    "coordinates": [
     2.358945,
     48.873262
    ]
   },
   "properties": {
    "id": "PA_0549",
    "codes": [
     "PA_0549"
    ],
    "city": "PA",
    "address": "54 rue des Vinaigriers",
    "in_paris": true,
    "excluded": false,
    "exclude_reason": "",
    "raw_name": "Space Invader PA_0549, 54 rue des Vinaigriers",
    "arrondissement": 10
   }
  },
  {
   "type": "Feature",
   "geometry": {
    "type": "Point",
    "coordinates": [
     2.3366,
     48.85482
    ]
   },
   "properties": {
    "id": "PA_0550",
    "codes": [
     "PA_0550"
    ],
    "city": "PA",
    "address": "8 rue de l'Échaudé",
    "in_paris": true,
    "excluded": false,
    "exclude_reason": "",
    "raw_name": "Space Invader PA_0550, 8 rue de l'Échaudé",
    "arrondissement": 6
   }
  },
  {
   "type": "Feature",
   "geometry": {
    "type": "Point",
    "coordinates": [
     2.411501,
     48.865235
    ]
   },
   "properties": {
    "id": "PA_0551",
    "codes": [
     "PA_0551"
    ],
    "city": "PA",
    "address": "1 avenue Ibsen",
    "in_paris": true,
    "excluded": false,
    "exclude_reason": "",
    "raw_name": "Space Invader PA_0551, 1 avenue Ibsen",
    "arrondissement": 20
   }
  },
  {
   "type": "Feature",
   "geometry": {
    "type": "Point",
    "coordinates": [
     2.330301,
     48.871768
    ]
   },
   "properties": {
    "id": "PA_0552",
    "codes": [
     "PA_0552"
    ],
    "city": "PA",
    "address": "3 rue Auber",
    "in_paris": true,
    "excluded": false,
    "exclude_reason": "",
    "raw_name": "Space Invader PA_0552, 3 rue Auber",
    "arrondissement": 9
   }
  },
  {
   "type": "Feature",
   "geometry": {
    "type": "Point",
    "coordinates": [
     2.339937,
     48.881482
    ]
   },
   "properties": {
    "id": "PA_0553",
    "codes": [
     "PA_0553"
    ],
    "city": "PA",
    "address": "74 rue des Martyrs",
    "in_paris": true,
    "excluded": false,
    "exclude_reason": "",
    "raw_name": "Space Invader PA_0553, 74 rue des Martyrs",
    "arrondissement": 9
   }
  },
  {
   "type": "Feature",
   "geometry": {
    "type": "Point",
    "coordinates": [
     2.391561,
     48.843257
    ]
   },
   "properties": {
    "id": "PA_0554",
    "codes": [
     "PA_0554"
    ],
    "city": "PA",
    "address": "101 rue de Reuilly",
    "in_paris": true,
    "excluded": false,
    "exclude_reason": "",
    "raw_name": "Space Invader PA_0554, 101 rue de Reuilly",
    "arrondissement": 12
   }
  },
  {
   "type": "Feature",
   "geometry": {
    "type": "Point",
    "coordinates": [
     2.368784,
     48.854589
    ]
   },
   "properties": {
    "id": "PA_0555",
    "codes": [
     "PA_0555"
    ],
    "city": "PA",
    "address": "11 boulevard Beaumarchais",
    "in_paris": true,
    "excluded": false,
    "exclude_reason": "",
    "raw_name": "Space Invader PA_0555, 11 boulevard Beaumarchais",
    "arrondissement": 4
   }
  },
  {
   "type": "Feature",
   "geometry": {
    "type": "Point",
    "coordinates": [
     2.349057,
     48.851905
    ]
   },
   "properties": {
    "id": "PA_0556",
    "codes": [
     "PA_0556"
    ],
    "city": "PA",
    "address": "2 rue de l'Hôtel Colbert",
    "in_paris": true,
    "excluded": false,
    "exclude_reason": "",
    "raw_name": "Space Invader PA_0556, 2 rue de l'Hôtel Colbert",
    "arrondissement": 5
   }
  },
  {
   "type": "Feature",
   "geometry": {
    "type": "Point",
    "coordinates": [
     2.341198,
     48.841544
    ]
   },
   "properties": {
    "id": "PA_0557",
    "codes": [
     "PA_0557"
    ],
    "city": "PA",
    "address": "282 rue Saint-Jacques",
    "in_paris": true,
    "excluded": false,
    "exclude_reason": "",
    "raw_name": "Space Invader PA_0557, 282 rue Saint-Jacques",
    "arrondissement": 5
   }
  },
  {
   "type": "Feature",
   "geometry": {
    "type": "Point",
    "coordinates": [
     2.39589,
     48.838579
    ]
   },
   "properties": {
    "id": "PA_0558",
    "codes": [
     "PA_0558"
    ],
    "city": "PA",
    "address": "45 rue de la Brèche aux Loups",
    "in_paris": true,
    "excluded": false,
    "exclude_reason": "",
    "raw_name": "Space Invader PA_0558, 45 rue de la Brèche aux Loups",
    "arrondissement": 12
   }
  },
  {
   "type": "Feature",
   "geometry": {
    "type": "Point",
    "coordinates": [
     2.396419,
     48.83874
    ]
   },
   "properties": {
    "id": "PA_0559",
    "codes": [
     "PA_0559"
    ],
    "city": "PA",
    "address": "1 rue Raoul",
    "in_paris": true,
    "excluded": false,
    "exclude_reason": "",
    "raw_name": "Space Invader PA_0559, 1 rue Raoul",
    "arrondissement": 12
   }
  },
  {
   "type": "Feature",
   "geometry": {
    "type": "Point",
    "coordinates": [
     2.27404,
     48.86858
    ]
   },
   "properties": {
    "id": "PA_0560",
    "codes": [
     "PA_0560"
    ],
    "city": "PA",
    "address": "65 boulevard Flandrin",
    "in_paris": true,
    "excluded": false,
    "exclude_reason": "",
    "raw_name": "Space Invader PA_0560, 65 boulevard Flandrin",
    "arrondissement": 16
   }
  },
  {
   "type": "Feature",
   "geometry": {
    "type": "Point",
    "coordinates": [
     2.339938,
     48.892412
    ]
   },
   "properties": {
    "id": "PA_0562",
    "codes": [
     "PA_0562"
    ],
    "city": "PA",
    "address": "27 rue du Ruisseau",
    "in_paris": true,
    "excluded": false,
    "exclude_reason": "",
    "raw_name": "Space Invader PA_0562, 27 rue du Ruisseau",
    "arrondissement": 18
   }
  },
  {
   "type": "Feature",
   "geometry": {
    "type": "Point",
    "coordinates": [
     2.337129,
     48.862193
    ]
   },
   "properties": {
    "id": "PA_0563",
    "codes": [
     "PA_0563"
    ],
    "city": "PA",
    "address": "2 place du Palais Royal",
    "in_paris": true,
    "excluded": false,
    "exclude_reason": "",
    "raw_name": "Space Invader PA_0563, 2 place du Palais Royal",
    "arrondissement": 1
   }
  },
  {
   "type": "Feature",
   "geometry": {
    "type": "Point",
    "coordinates": [
     2.361865,
     48.881076
    ]
   },
   "properties": {
    "id": "PA_0565",
    "codes": [
     "PA_0565"
    ],
    "city": "PA",
    "address": "3 rue Philippe de Girard",
    "in_paris": true,
    "excluded": false,
    "exclude_reason": "",
    "raw_name": "Space Invader PA_0565, 3 rue Philippe de Girard",
    "arrondissement": 10
   }
  },
  {
   "type": "Feature",
   "geometry": {
    "type": "Point",
    "coordinates": [
     2.388514,
     48.859867
    ]
   },
   "properties": {
    "id": "PA_0566",
    "codes": [
     "PA_0566"
    ],
    "city": "PA",
    "address": "181 rue de la Roquette",
    "in_paris": true,
    "excluded": false,
    "exclude_reason": "",
    "raw_name": "Space Invader PA_0566, 181 rue de la Roquette",
    "arrondissement": 11
   }
  },
  {
   "type": "Feature",
   "geometry": {
    "type": "Point",
    "coordinates": [
     2.402223,
     48.876023
    ]
   },
   "properties": {
    "id": "PA_0567",
    "codes": [
     "PA_0567"
    ],
    "city": "PA",
    "address": "117 rue Haxo",
    "in_paris": true,
    "excluded": false,
    "exclude_reason": "",
    "raw_name": "Space Invader PA_0567, 117 rue Haxo",
    "arrondissement": 19
   }
  },
  {
   "type": "Feature",
   "geometry": {
    "type": "Point",
    "coordinates": [
     2.35878,
     48.879885
    ]
   },
   "properties": {
    "id": "PA_0568",
    "codes": [
     "PA_0568"
    ],
    "city": "PA",
    "address": "2 rue de l'Aqueduc",
    "in_paris": true,
    "excluded": false,
    "exclude_reason": "",
    "raw_name": "Space Invader PA_0568, 2 rue de l'Aqueduc",
    "arrondissement": 10
   }
  },
  {
   "type": "Feature",
   "geometry": {
    "type": "Point",
    "coordinates": [
     2.442683,
     48.816851
    ]
   },
   "properties": {
    "id": "PA_0569",
    "codes": [
     "PA_0569"
    ],
    "city": "PA",
    "address": "passerelle de Charentonneau",
    "in_paris": false,
    "excluded": false,
    "exclude_reason": "",
    "raw_name": "Space Invader PA_0569, passerelle de Charentonneau"
   }
  },
  {
   "type": "Feature",
   "geometry": {
    "type": "Point",
    "coordinates": [
     2.3595,
     48.8553
    ]
   },
   "properties": {
    "id": "PA_0570",
    "codes": [
     "PA_0570"
    ],
    "city": "PA",
    "address": "82 rue François Miron",
    "in_paris": true,
    "excluded": false,
    "exclude_reason": "",
    "raw_name": "Space Invader PA_0570, 82 rue François Miron",
    "arrondissement": 4
   }
  },
  {
   "type": "Feature",
   "geometry": {
    "type": "Point",
    "coordinates": [
     2.36746,
     48.84726
    ]
   },
   "properties": {
    "id": "PA_0571",
    "codes": [
     "PA_0571"
    ],
    "city": "PA",
    "address": "10 boulevard de la Bastille",
    "in_paris": true,
    "excluded": false,
    "exclude_reason": "",
    "raw_name": "Space Invader PA_0571, 10 boulevard de la Bastille",
    "arrondissement": 12
   }
  },
  {
   "type": "Feature",
   "geometry": {
    "type": "Point",
    "coordinates": [
     2.357385,
     48.856483
    ]
   },
   "properties": {
    "id": "PA_0572",
    "codes": [
     "PA_0572"
    ],
    "city": "PA",
    "address": "27 rue du Roi de Sicile",
    "in_paris": true,
    "excluded": false,
    "exclude_reason": "",
    "raw_name": "Space Invader PA_0572, 27 rue du Roi de Sicile",
    "arrondissement": 4
   }
  },
  {
   "type": "Feature",
   "geometry": {
    "type": "Point",
    "coordinates": [
     2.493827,
     48.829989
    ]
   },
   "properties": {
    "id": "PA_0574",
    "codes": [
     "PA_0574"
    ],
    "city": "PA",
    "address": "avenue Pierre Brossolette",
    "in_paris": false,
    "excluded": false,
    "exclude_reason": "",
    "raw_name": "Space Invader PA_0574, avenue Pierre Brossolette"
   }
  },
  {
   "type": "Feature",
   "geometry": {
    "type": "Point",
    "coordinates": [
     2.363004,
     48.861596
    ]
   },
   "properties": {
    "id": "PA_0575",
    "codes": [
     "PA_0575"
    ],
    "city": "PA",
    "address": "22 rue de Poitou",
    "in_paris": true,
    "excluded": false,
    "exclude_reason": "",
    "raw_name": "Space Invader PA_0575, 22 rue de Poitou",
    "arrondissement": 3
   }
  },
  {
   "type": "Feature",
   "geometry": {
    "type": "Point",
    "coordinates": [
     2.335272,
     48.862441
    ]
   },
   "properties": {
    "id": "PA_0576",
    "codes": [
     "PA_0576"
    ],
    "city": "PA",
    "address": "2 place du Carrousel",
    "in_paris": true,
    "excluded": false,
    "exclude_reason": "",
    "raw_name": "Space Invader PA_0576, 2 place du Carrousel",
    "arrondissement": 1
   }
  },
  {
   "type": "Feature",
   "geometry": {
    "type": "Point",
    "coordinates": [
     2.389838,
     48.873222
    ]
   },
   "properties": {
    "id": "PA_0577",
    "codes": [
     "PA_0577"
    ],
    "city": "PA",
    "address": "5 rue Levert",
    "in_paris": true,
    "excluded": false,
    "exclude_reason": "",
    "raw_name": "Space Invader PA_0577, 5 rue Levert",
    "arrondissement": 20
   }
  },
  {
   "type": "Feature",
   "geometry": {
    "type": "Point",
    "coordinates": [
     2.311836,
     48.845263
    ]
   },
   "properties": {
    "id": "PA_0578",
    "codes": [
     "PA_0578"
    ],
    "city": "PA",
    "address": "3 place Henri Queuille",
    "in_paris": true,
    "excluded": false,
    "exclude_reason": "",
    "raw_name": "Space Invader PA_0578, 3 place Henri Queuille",
    "arrondissement": 15
   }
  },
  {
   "type": "Feature",
   "geometry": {
    "type": "Point",
    "coordinates": [
     2.334869,
     48.862527
    ]
   },
   "properties": {
    "id": "PA_0579",
    "codes": [
     "PA_0579"
    ],
    "city": "PA",
    "address": "entrée nord-ouest du Carrousel",
    "in_paris": true,
    "excluded": false,
    "exclude_reason": "",
    "raw_name": "Space Invader PA_0579, entrée nord-ouest du Carrousel",
    "arrondissement": 1
   }
  },
  {
   "type": "Feature",
   "geometry": {
    "type": "Point",
    "coordinates": [
     2.35288,
     48.85795
    ]
   },
   "properties": {
    "id": "PA_0580",
    "codes": [
     "PA_0580"
    ],
    "city": "PA",
    "address": "59 rue de la Verrerie",
    "in_paris": true,
    "excluded": false,
    "exclude_reason": "",
    "raw_name": "Space Invader PA_0580, 59 rue de la Verrerie",
    "arrondissement": 4
   }
  },
  {
   "type": "Feature",
   "geometry": {
    "type": "Point",
    "coordinates": [
     2.335164,
     48.862465
    ]
   },
   "properties": {
    "id": "PA_0581",
    "codes": [
     "PA_0581"
    ],
    "city": "PA",
    "address": "entrée nord-est du Carrousel",
    "in_paris": true,
    "excluded": false,
    "exclude_reason": "",
    "raw_name": "Space Invader PA_0581, entrée nord-est du Carrousel",
    "arrondissement": 1
   }
  },
  {
   "type": "Feature",
   "geometry": {
    "type": "Point",
    "coordinates": [
     2.3357,
     48.866571
    ]
   },
   "properties": {
    "id": "PA_0582",
    "codes": [
     "PA_0582"
    ],
    "city": "PA",
    "address": "14 rue Villedo",
    "in_paris": true,
    "excluded": false,
    "exclude_reason": "",
    "raw_name": "Space Invader PA_0582, 14 rue Villedo",
    "arrondissement": 1
   }
  },
  {
   "type": "Feature",
   "geometry": {
    "type": "Point",
    "coordinates": [
     2.326297,
     48.877746
    ]
   },
   "properties": {
    "id": "PA_0583",
    "codes": [
     "PA_0583"
    ],
    "city": "PA",
    "address": "2 impasse d'Amsterdam",
    "in_paris": true,
    "excluded": false,
    "exclude_reason": "",
    "raw_name": "Space Invader PA_0583, 2 impasse d'Amsterdam",
    "arrondissement": 8
   }
  },
  {
   "type": "Feature",
   "geometry": {
    "type": "Point",
    "coordinates": [
     2.326795,
     48.877251
    ]
   },
   "properties": {
    "id": "PA_0584",
    "codes": [
     "PA_0584"
    ],
    "city": "PA",
    "address": "17 rue d'Amsterdam",
    "in_paris": true,
    "excluded": false,
    "exclude_reason": "",
    "raw_name": "Space Invader PA_0584, 17 rue d'Amsterdam",
    "arrondissement": 8
   }
  },
  {
   "type": "Feature",
   "geometry": {
    "type": "Point",
    "coordinates": [
     2.353407,
     48.861338
    ]
   },
   "properties": {
    "id": "PA_0585",
    "codes": [
     "PA_0585"
    ],
    "city": "PA",
    "address": "métro Rambuteau",
    "in_paris": true,
    "excluded": false,
    "exclude_reason": "",
    "raw_name": "Space Invader PA_0585, métro Rambuteau",
    "arrondissement": 3
   }
  },
  {
   "type": "Feature",
   "geometry": {
    "type": "Point",
    "coordinates": [
     2.367439,
     48.859193
    ]
   },
   "properties": {
    "id": "PA_0586",
    "codes": [
     "PA_0586"
    ],
    "city": "PA",
    "address": "89 boulevard Beaumarchais",
    "in_paris": true,
    "excluded": false,
    "exclude_reason": "",
    "raw_name": "Space Invader PA_0586, 89 boulevard Beaumarchais",
    "arrondissement": 3
   }
  },
  {
   "type": "Feature",
   "geometry": {
    "type": "Point",
    "coordinates": [
     2.363238,
     48.852634
    ]
   },
   "properties": {
    "id": "PA_0588",
    "codes": [
     "PA_0588"
    ],
    "city": "PA",
    "address": "5 rue Charles V",
    "in_paris": true,
    "excluded": false,
    "exclude_reason": "",
    "raw_name": "Space Invader PA_0588, 5 rue Charles V",
    "arrondissement": 4
   }
  },
  {
   "type": "Feature",
   "geometry": {
    "type": "Point",
    "coordinates": [
     2.386179,
     48.874413
    ]
   },
   "properties": {
    "id": "PA_0589",
    "codes": [
     "PA_0589"
    ],
    "city": "PA",
    "address": "1 rue Melingue",
    "in_paris": true,
    "excluded": false,
    "exclude_reason": "",
    "raw_name": "Space Invader PA_0589, 1 rue Melingue",
    "arrondissement": 19
   }
  },
  {
   "type": "Feature",
   "geometry": {
    "type": "Point",
    "coordinates": [
     2.349401,
     48.863723
    ]
   },
   "properties": {
    "id": "PA_0590",
    "codes": [
     "PA_0590"
    ],
    "city": "PA",
    "address": "17 rue Étienne Marcel",
    "in_paris": true,
    "excluded": false,
    "exclude_reason": "",
    "raw_name": "Space Invader PA_0590, 17 rue Étienne Marcel",
    "arrondissement": 1
   }
  },
  {
   "type": "Feature",
   "geometry": {
    "type": "Point",
    "coordinates": [
     2.372997,
     48.869106
    ]
   },
   "properties": {
    "id": "PA_0591",
    "codes": [
     "PA_0591"
    ],
    "city": "PA",
    "address": "villa du Clos de Malvert",
    "in_paris": true,
    "excluded": false,
    "exclude_reason": "",
    "raw_name": "Space Invader PA_0591, villa du Clos de Malvert",
    "arrondissement": 11
   }
  },
  {
   "type": "Feature",
   "geometry": {
    "type": "Point",
    "coordinates": [
     2.33412,
     48.84908
    ]
   },
   "properties": {
    "id": "PA_0592",
    "codes": [
     "PA_0592"
    ],
    "city": "PA",
    "address": "19 rue Férou",
    "in_paris": true,
    "excluded": false,
    "exclude_reason": "",
    "raw_name": "Space Invader PA_0592, 19 rue Férou",
    "arrondissement": 6
   }
  },
  {
   "type": "Feature",
   "geometry": {
    "type": "Point",
    "coordinates": [
     2.278256,
     48.836438
    ]
   },
   "properties": {
    "id": "PA_0593",
    "codes": [
     "PA_0593"
    ],
    "city": "PA",
    "address": "place Balard sous la Petite Ceinture",
    "in_paris": true,
    "excluded": false,
    "exclude_reason": "",
    "raw_name": "Space Invader PA_0593, place Balard sous la Petite Ceinture",
    "arrondissement": 15
   }
  },
  {
   "type": "Feature",
   "geometry": {
    "type": "Point",
    "coordinates": [
     2.278782,
     48.836677
    ]
   },
   "properties": {
    "id": "PA_0594",
    "codes": [
     "PA_0594"
    ],
    "city": "PA",
    "address": "place Balard",
    "in_paris": true,
    "excluded": false,
    "exclude_reason": "",
    "raw_name": "Space Invader PA_0594, place Balard",
    "arrondissement": 15
   }
  },
  {
   "type": "Feature",
   "geometry": {
    "type": "Point",
    "coordinates": [
     2.281867,
     48.837935
    ]
   },
   "properties": {
    "id": "PA_0595",
    "codes": [
     "PA_0595"
    ],
    "city": "PA",
    "address": "183 rue de Lourmel",
    "in_paris": true,
    "excluded": false,
    "exclude_reason": "",
    "raw_name": "Space Invader PA_0595, 183 rue de Lourmel",
    "arrondissement": 15
   }
  },
  {
   "type": "Feature",
   "geometry": {
    "type": "Point",
    "coordinates": [
     2.295586,
     48.843339
    ]
   },
   "properties": {
    "id": "PA_0596",
    "codes": [
     "PA_0596"
    ],
    "city": "PA",
    "address": "85 rue de la Croix Nivert",
    "in_paris": true,
    "excluded": false,
    "exclude_reason": "",
    "raw_name": "Space Invader PA_0596, 85 rue de la Croix Nivert",
    "arrondissement": 15
   }
  },
  {
   "type": "Feature",
   "geometry": {
    "type": "Point",
    "coordinates": [
     2.297638,
     48.849209
    ]
   },
   "properties": {
    "id": "PA_0597",
    "codes": [
     "PA_0597"
    ],
    "city": "PA",
    "address": "métro La Motte-Picquet-Grenelle",
    "in_paris": true,
    "excluded": false,
    "exclude_reason": "",
    "raw_name": "Space Invader PA_0597, métro La Motte-Picquet-Grenelle",
    "arrondissement": 15
   }
  },
  {
   "type": "Feature",
   "geometry": {
    "type": "Point",
    "coordinates": [
     2.310167,
     48.8572
    ]
   },
   "properties": {
    "id": "PA_0598",
    "codes": [
     "PA_0598"
    ],
    "city": "PA",
    "address": "1 avenue de la Motte-Picquet",
    "in_paris": true,
    "excluded": false,
    "exclude_reason": "",
    "raw_name": "Space Invader PA_0598, 1 avenue de la Motte-Picquet",
    "arrondissement": 7
   }
  },
  {
   "type": "Feature",
   "geometry": {
    "type": "Point",
    "coordinates": [
     2.384861,
     48.886784
    ]
   },
   "properties": {
    "id": "PA_0599",
    "codes": [
     "PA_0599"
    ],
    "city": "PA",
    "address": "2 rue de l'Ourcq",
    "in_paris": true,
    "excluded": false,
    "exclude_reason": "",
    "raw_name": "Space Invader PA_0599, 2 rue de l'Ourcq",
    "arrondissement": 19
   }
  },
  {
   "type": "Feature",
   "geometry": {
    "type": "Point",
    "coordinates": [
     2.396877,
     48.886487
    ]
   },
   "properties": {
    "id": "PA_0600",
    "codes": [
     "PA_0600"
    ],
    "city": "PA",
    "address": "entrée du tunnel de la porte Chaumont",
    "in_paris": true,
    "excluded": false,
    "exclude_reason": "",
    "raw_name": "Space Invader PA_0600, entrée du tunnel de la porte Chaumont",
    "arrondissement": 19
   }
  },
  {
   "type": "Feature",
   "geometry": {
    "type": "Point",
    "coordinates": [
     2.485377,
     48.859886
    ]
   },
   "properties": {
    "id": "PA_0601",
    "codes": [
     "PA_0601"
    ],
    "city": "PA",
    "address": "A86 à l'angle du stade Pierre de Coubertin",
    "in_paris": false,
    "excluded": false,
    "exclude_reason": "",
    "raw_name": "Space Invader PA_0601, A86 à l'angle du stade Pierre de Coubertin"
   }
  },
  {
   "type": "Feature",
   "geometry": {
    "type": "Point",
    "coordinates": [
     2.385557,
     48.873826
    ]
   },
   "properties": {
    "id": "PA_0602",
    "codes": [
     "PA_0602"
    ],
    "city": "PA",
    "address": "cour de la Métairie",
    "in_paris": true,
    "excluded": false,
    "exclude_reason": "",
    "raw_name": "Space Invader PA_0602, cour de la Métairie",
    "arrondissement": 20
   }
  },
  {
   "type": "Feature",
   "geometry": {
    "type": "Point",
    "coordinates": [
     2.387123,
     48.846707
    ]
   },
   "properties": {
    "id": "PA_0604",
    "codes": [
     "PA_0604"
    ],
    "city": "PA",
    "address": "36 rue Erard",
    "in_paris": true,
    "excluded": false,
    "exclude_reason": "",
    "raw_name": "Space Invader PA_0604, 36 rue Erard",
    "arrondissement": 12
   }
  },
  {
   "type": "Feature",
   "geometry": {
    "type": "Point",
    "coordinates": [
     2.34245,
     48.884387
    ]
   },
   "properties": {
    "id": "PA_0605",
    "codes": [
     "PA_0605"
    ],
    "city": "PA",
    "address": "1 place Suzanne Valadon",
    "in_paris": true,
    "excluded": false,
    "exclude_reason": "",
    "raw_name": "Space Invader PA_0605, 1 place Suzanne Valadon",
    "arrondissement": 18
   }
  },
  {
   "type": "Feature",
   "geometry": {
    "type": "Point",
    "coordinates": [
     2.344938,
     48.867182
    ]
   },
   "properties": {
    "id": "PA_0606",
    "codes": [
     "PA_0606"
    ],
    "city": "PA",
    "address": "39 rue d'Aboukir",
    "in_paris": true,
    "excluded": false,
    "exclude_reason": "",
    "raw_name": "Space Invader PA_0606, 39 rue d'Aboukir",
    "arrondissement": 2
   }
  },
  {
   "type": "Feature",
   "geometry": {
    "type": "Point",
    "coordinates": [
     2.341899,
     48.883487
    ]
   },
   "properties": {
    "id": "PA_0607",
    "codes": [
     "PA_0607"
    ],
    "city": "PA",
    "address": "48 rue d'Orsel",
    "in_paris": true,
    "excluded": false,
    "exclude_reason": "",
    "raw_name": "Space Invader PA_0607, 48 rue d'Orsel",
    "arrondissement": 18
   }
  },
  {
   "type": "Feature",
   "geometry": {
    "type": "Point",
    "coordinates": [
     2.484218,
     48.820142
    ]
   },
   "properties": {
    "id": "PA_0608",
    "codes": [
     "PA_0608"
    ],
    "city": "PA",
    "address": "1 avenue du Général de Gaulle",
    "in_paris": false,
    "excluded": false,
    "exclude_reason": "",
    "raw_name": "Space Invader PA_0608, 1 avenue du Général de Gaulle"
   }
  },
  {
   "type": "Feature",
   "geometry": {
    "type": "Point",
    "coordinates": [
     2.359716,
     48.884224
    ]
   },
   "properties": {
    "id": "PA_0609",
    "codes": [
     "PA_0609"
    ],
    "city": "PA",
    "address": "35 boulevard de la Chapelle",
    "in_paris": true,
    "excluded": false,
    "exclude_reason": "",
    "raw_name": "Space Invader PA_0609, 35 boulevard de la Chapelle",
    "arrondissement": 10
   }
  },
  {
   "type": "Feature",
   "geometry": {
    "type": "Point",
    "coordinates": [
     2.400375,
     48.861698
    ]
   },
   "properties": {
    "id": "PA_0610",
    "codes": [
     "PA_0610"
    ],
    "city": "PA",
    "address": "passage Stendhal",
    "in_paris": true,
    "excluded": false,
    "exclude_reason": "",
    "raw_name": "Space Invader PA_0610, passage Stendhal",
    "arrondissement": 20
   }
  },
  {
   "type": "Feature",
   "geometry": {
    "type": "Point",
    "coordinates": [
     2.473746,
     48.961187
    ]
   },
   "properties": {
    "id": "PA_0611",
    "codes": [
     "PA_0611"
    ],
    "city": "PA",
    "address": "boulevard Georges Braque",
    "in_paris": false,
    "excluded": false,
    "exclude_reason": "",
    "raw_name": "Space Invader PA_0611, boulevard Georges Braque"
   }
  },
  {
   "type": "Feature",
   "geometry": {
    "type": "Point",
    "coordinates": [
     2.352351,
     48.858923
    ]
   },
   "properties": {
    "id": "PA_0612",
    "codes": [
     "PA_0612"
    ],
    "city": "PA",
    "address": "14 rue du Renard",
    "in_paris": true,
    "excluded": false,
    "exclude_reason": "",
    "raw_name": "Space Invader PA_0612, 14 rue du Renard",
    "arrondissement": 4
   }
  },
  {
   "type": "Feature",
   "geometry": {
    "type": "Point",
    "coordinates": [
     2.361211,
     48.816267
    ]
   },
   "properties": {
    "id": "PA_0613",
    "codes": [
     "PA_0613"
    ],
    "city": "PA",
    "address": "derrière un poteau à l'entrée d'un tunnel",
    "in_paris": true,
    "excluded": false,
    "exclude_reason": "",
    "raw_name": "Space Invader PA_0613, derrière un poteau à l'entrée d'un tunnel",
    "arrondissement": 13
   }
  },
  {
   "type": "Feature",
   "geometry": {
    "type": "Point",
    "coordinates": [
     2.298492,
     48.826254
    ]
   },
   "properties": {
    "id": "PA_0614",
    "codes": [
     "PA_0614"
    ],
    "city": "PA",
    "address": "bretelle de périphérique Porte Brancion",
    "in_paris": true,
    "excluded": false,
    "exclude_reason": "",
    "raw_name": "Space Invader PA_0614, bretelle de périphérique Porte Brancion",
    "arrondissement": 15
   }
  },
  {
   "type": "Feature",
   "geometry": {
    "type": "Point",
    "coordinates": [
     2.376714,
     48.85257
    ]
   },
   "properties": {
    "id": "PA_0615",
    "codes": [
     "PA_0615"
    ],
    "city": "PA",
    "address": "17 passage de la Bonne Graine",
    "in_paris": true,
    "excluded": false,
    "exclude_reason": "",
    "raw_name": "Space Invader PA_0615, 17 passage de la Bonne Graine",
    "arrondissement": 11
   }
  },
  {
   "type": "Feature",
   "geometry": {
    "type": "Point",
    "coordinates": [
     2.288333,
     48.877728
    ]
   },
   "properties": {
    "id": "PA_0616",
    "codes": [
     "PA_0616"
    ],
    "city": "PA",
    "address": "31 place Saint-Ferdinand",
    "in_paris": true,
    "excluded": false,
    "exclude_reason": "",
    "raw_name": "Space Invader PA_0616, 31 place Saint-Ferdinand",
    "arrondissement": 17
   }
  },
  {
   "type": "Feature",
   "geometry": {
    "type": "Point",
    "coordinates": [
     2.292817,
     48.880365
    ]
   },
   "properties": {
    "id": "PA_0617",
    "codes": [
     "PA_0617"
    ],
    "city": "PA",
    "address": "14 rue Pierre Demours",
    "in_paris": true,
    "excluded": false,
    "exclude_reason": "",
    "raw_name": "Space Invader PA_0617, 14 rue Pierre Demours",
    "arrondissement": 17
   }
  },
  {
   "type": "Feature",
   "geometry": {
    "type": "Point",
    "coordinates": [
     2.29294,
     48.880564
    ]
   },
   "properties": {
    "id": "PA_0618",
    "codes": [
     "PA_0618"
    ],
    "city": "PA",
    "address": "15 rue Pierre Demours",
    "in_paris": true,
    "excluded": false,
    "exclude_reason": "",
    "raw_name": "Space Invader PA_0618, 15 rue Pierre Demours",
    "arrondissement": 17
   }
  },
  {
   "type": "Feature",
   "geometry": {
    "type": "Point",
    "coordinates": [
     2.30578,
     48.882618
    ]
   },
   "properties": {
    "id": "PA_0619",
    "codes": [
     "PA_0619"
    ],
    "city": "PA",
    "address": "47 rue Cardinet",
    "in_paris": true,
    "excluded": false,
    "exclude_reason": "",
    "raw_name": "Space Invader PA_0619, 47 rue Cardinet",
    "arrondissement": 17
   }
  },
  {
   "type": "Feature",
   "geometry": {
    "type": "Point",
    "coordinates": [
     2.38677,
     48.87046
    ]
   },
   "properties": {
    "id": "PA_0620",
    "codes": [
     "PA_0620"
    ],
    "city": "PA",
    "address": "escalier menant vers le passage Piat",
    "in_paris": true,
    "excluded": false,
    "exclude_reason": "",
    "raw_name": "Space Invader PA_0620, escalier menant vers le passage Piat",
    "arrondissement": 20
   }
  },
  {
   "type": "Feature",
   "geometry": {
    "type": "Point",
    "coordinates": [
     2.396147,
     48.888993
    ]
   },
   "properties": {
    "id": "PA_0621",
    "codes": [
     "PA_0621"
    ],
    "city": "PA",
    "address": "porte de Pantin",
    "in_paris": true,
    "excluded": false,
    "exclude_reason": "",
    "raw_name": "Space Invader PA_0621, porte de Pantin",
    "arrondissement": 19
   }
  },
  {
   "type": "Feature",
   "geometry": {
    "type": "Point",
    "coordinates": [
     2.412255,
     48.835582
    ]
   },
   "properties": {
    "id": "PA_0622",
    "codes": [
     "PA_0622"
    ],
    "city": "PA",
    "address": "au pied du 18 boulevard de la Guyane",
    "in_paris": true,
    "excluded": false,
    "exclude_reason": "",
    "raw_name": "Space Invader PA_0622, au pied du 18 boulevard de la Guyane",
    "arrondissement": 12
   }
  },
  {
   "type": "Feature",
   "geometry": {
    "type": "Point",
    "coordinates": [
     2.385989,
     48.827254
    ]
   },
   "properties": {
    "id": "PA_0623",
    "codes": [
     "PA_0623"
    ],
    "city": "PA",
    "address": "porte de la Gare côté Ivry",
    "in_paris": true,
    "excluded": false,
    "exclude_reason": "",
    "raw_name": "Space Invader PA_0623, porte de la Gare côté Ivry",
    "arrondissement": 13
   }
  },
  {
   "type": "Feature",
   "geometry": {
    "type": "Point",
    "coordinates": [
     2.328452,
     48.851942
    ]
   },
   "properties": {
    "id": "PA_0624",
    "codes": [
     "PA_0624"
    ],
    "city": "PA",
    "address": "10 rue de Sèvres",
    "in_paris": true,
    "excluded": false,
    "exclude_reason": "",
    "raw_name": "Space Invader PA_0624, 10 rue de Sèvres",
    "arrondissement": 7
   }
  },
  {
   "type": "Feature",
   "geometry": {
    "type": "Point",
    "coordinates": [
     2.296615,
     48.837111
    ]
   },
   "properties": {
    "id": "PA_0626",
    "codes": [
     "PA_0626"
    ],
    "city": "PA",
    "address": "200 rue de la Convention",
    "in_paris": true,
    "excluded": false,
    "exclude_reason": "",
    "raw_name": "Space Invader PA_0626, 200 rue de la Convention",
    "arrondissement": 15
   }
  },
  {
   "type": "Feature",
   "geometry": {
    "type": "Point",
    "coordinates": [
     2.325509,
     48.843542
    ]
   },
   "properties": {
    "id": "PA_0629",
    "codes": [
     "PA_0629"
    ],
    "city": "PA",
    "address": "impasse Robiquet",
    "in_paris": true,
    "excluded": false,
    "exclude_reason": "",
    "raw_name": "Space Invader PA_0629, impasse Robiquet",
    "arrondissement": 6
   }
  },
  {
   "type": "Feature",
   "geometry": {
    "type": "Point",
    "coordinates": [
     2.318064,
     48.857442
    ]
   },
   "properties": {
    "id": "PA_0630",
    "codes": [
     "PA_0630"
    ],
    "city": "PA",
    "address": "30 rue de Martignac",
    "in_paris": true,
    "excluded": false,
    "exclude_reason": "",
    "raw_name": "Space Invader PA_0630, 30 rue de Martignac",
    "arrondissement": 7
   }
  },
  {
   "type": "Feature",
   "geometry": {
    "type": "Point",
    "coordinates": [
     2.331371,
     48.872847
    ]
   },
   "properties": {
    "id": "PA_0631",
    "codes": [
     "PA_0631"
    ],
    "city": "PA",
    "address": "entrée Nord de l'Opéra",
    "in_paris": true,
    "excluded": false,
    "exclude_reason": "",
    "raw_name": "Space Invader PA_0631, entrée Nord de l'Opéra",
    "arrondissement": 9
   }
  },
  {
   "type": "Feature",
   "geometry": {
    "type": "Point",
    "coordinates": [
     2.342636,
     48.852136
    ]
   },
   "properties": {
    "id": "PA_0634",
    "codes": [
     "PA_0634"
    ],
    "city": "PA",
    "address": "10 rue Hautefeuille",
    "in_paris": true,
    "excluded": false,
    "exclude_reason": "",
    "raw_name": "Space Invader PA_0634, 10 rue Hautefeuille",
    "arrondissement": 6
   }
  },
  {
   "type": "Feature",
   "geometry": {
    "type": "Point",
    "coordinates": [
     2.332644,
     48.84873
    ]
   },
   "properties": {
    "id": "PA_0635",
    "codes": [
     "PA_0635"
    ],
    "city": "PA",
    "address": "21 rue de Vaugirard",
    "in_paris": true,
    "excluded": false,
    "exclude_reason": "",
    "raw_name": "Space Invader PA_0635, 21 rue de Vaugirard",
    "arrondissement": 6
   }
  },
  {
   "type": "Feature",
   "geometry": {
    "type": "Point",
    "coordinates": [
     2.351684,
     48.847975
    ]
   },
   "properties": {
    "id": "PA_0636",
    "codes": [
     "PA_0636"
    ],
    "city": "PA",
    "address": "32 rue de Poissy",
    "in_paris": true,
    "excluded": false,
    "exclude_reason": "",
    "raw_name": "Space Invader PA_0636, 32 rue de Poissy",
    "arrondissement": 5
   }
  },
  {
   "type": "Feature",
   "geometry": {
    "type": "Point",
    "coordinates": [
     2.366663,
     48.855987
    ]
   },
   "properties": {
    "id": "PA_0637",
    "codes": [
     "PA_0637"
    ],
    "city": "PA",
    "address": "22 place des Vosges",
    "in_paris": true,
    "excluded": false,
    "exclude_reason": "",
    "raw_name": "Space Invader PA_0637, 22 place des Vosges",
    "arrondissement": 4
   }
  },
  {
   "type": "Feature",
   "geometry": {
    "type": "Point",
    "coordinates": [
     2.353433,
     48.864746
    ]
   },
   "properties": {
    "id": "PA_0638",
    "codes": [
     "PA_0638"
    ],
    "city": "PA",
    "address": "79 rue des Gravilliers",
    "in_paris": true,
    "excluded": false,
    "exclude_reason": "",
    "raw_name": "Space Invader PA_0638, 79 rue des Gravilliers",
    "arrondissement": 3
   }
  },
  {
   "type": "Feature",
   "geometry": {
    "type": "Point",
    "coordinates": [
     2.338443,
     48.88667
    ]
   },
   "properties": {
    "id": "PA_0639",
    "codes": [
     "PA_0639"
    ],
    "city": "PA",
    "address": "122 rue Lepic",
    "in_paris": true,
    "excluded": false,
    "exclude_reason": "",
    "raw_name": "Space Invader PA_0639, 122 rue Lepic",
    "arrondissement": 18
   }
  },
  {
   "type": "Feature",
   "geometry": {
    "type": "Point",
    "coordinates": [
     2.337896,
     48.886268
    ]
   },
   "properties": {
    "id": "PA_0641",
    "codes": [
     "PA_0641"
    ],
    "city": "PA",
    "address": "2 rue d'Orchampt",
    "in_paris": true,
    "excluded": false,
    "exclude_reason": "",
    "raw_name": "Space Invader PA_0641, 2 rue d'Orchampt",
    "arrondissement": 18
   }
  },
  {
   "type": "Feature",
   "geometry": {
    "type": "Point",
    "coordinates": [
     2.338538,
     48.885997
    ]
   },
   "properties": {
    "id": "PA_0642",
    "codes": [
     "PA_0642"
    ],
    "city": "PA",
    "address": "46 rue Berthe",
    "in_paris": true,
    "excluded": false,
    "exclude_reason": "",
    "raw_name": "Space Invader PA_0642, 46 rue Berthe",
    "arrondissement": 18
   }
  },
  {
   "type": "Feature",
   "geometry": {
    "type": "Point",
    "coordinates": [
     2.337857,
     48.884576
    ]
   },
   "properties": {
    "id": "PA_0643",
    "codes": [
     "PA_0643"
    ],
    "city": "PA",
    "address": "21 rue des Abbesses",
    "in_paris": true,
    "excluded": false,
    "exclude_reason": "",
    "raw_name": "Space Invader PA_0643, 21 rue des Abbesses",
    "arrondissement": 18
   }
  },
  {
   "type": "Feature",
   "geometry": {
    "type": "Point",
    "coordinates": [
     2.344091,
     48.886213
    ]
   },
   "properties": {
    "id": "PA_0644",
    "codes": [
     "PA_0644"
    ],
    "city": "PA",
    "address": "2 rue Lamarck",
    "in_paris": true,
    "excluded": false,
    "exclude_reason": "",
    "raw_name": "Space Invader PA_0644, 2 rue Lamarck",
    "arrondissement": 18
   }
  },
  {
   "type": "Feature",
   "geometry": {
    "type": "Point",
    "coordinates": [
     2.400606,
     48.879724
    ]
   },
   "properties": {
    "id": "PA_0645",
    "codes": [
     "PA_0645"
    ],
    "city": "PA",
    "address": "rue Charles Monselet",
    "in_paris": true,
    "excluded": false,
    "exclude_reason": "",
    "raw_name": "Space Invader PA_0645, rue Charles Monselet",
    "arrondissement": 19
   }
  },
  {
   "type": "Feature",
   "geometry": {
    "type": "Point",
    "coordinates": [
     2.304927,
     48.827974
    ]
   },
   "properties": {
    "id": "PA_0646",
    "codes": [
     "PA_0646"
    ],
    "city": "PA",
    "address": "porte de Vanves",
    "in_paris": true,
    "excluded": false,
    "exclude_reason": "",
    "raw_name": "Space Invader PA_0646, porte de Vanves",
    "arrondissement": 14
   }
  },
  {
   "type": "Feature",
   "geometry": {
    "type": "Point",
    "coordinates": [
     2.336834,
     48.889471
    ]
   },
   "properties": {
    "id": "PA_0647",
    "codes": [
     "PA_0647"
    ],
    "city": "PA",
    "address": "66 rue Caulaincourt",
    "in_paris": true,
    "excluded": false,
    "exclude_reason": "",
    "raw_name": "Space Invader PA_0647, 66 rue Caulaincourt",
    "arrondissement": 18
   }
  },
  {
   "type": "Feature",
   "geometry": {
    "type": "Point",
    "coordinates": [
     2.401491,
     48.868227
    ]
   },
   "properties": {
    "id": "PA_0648",
    "codes": [
     "PA_0648"
    ],
    "city": "PA",
    "address": "métro Pelleport",
    "in_paris": true,
    "excluded": false,
    "exclude_reason": "",
    "raw_name": "Space Invader PA_0648, métro Pelleport",
    "arrondissement": 20
   }
  },
  {
   "type": "Feature",
   "geometry": {
    "type": "Point",
    "coordinates": [
     2.389945,
     48.882785
    ]
   },
   "properties": {
    "id": "PA_0649",
    "codes": [
     "PA_0649"
    ],
    "city": "PA",
    "address": "1 rue Gaston Pinot",
    "in_paris": true,
    "excluded": false,
    "exclude_reason": "",
    "raw_name": "Space Invader PA_0649, 1 rue Gaston Pinot",
    "arrondissement": 19
   }
  },
  {
   "type": "Feature",
   "geometry": {
    "type": "Point",
    "coordinates": [
     2.268078,
     48.847517
    ]
   },
   "properties": {
    "id": "PA_0650",
    "codes": [
     "PA_0650"
    ],
    "city": "PA",
    "address": "1 rue Desaugiers",
    "in_paris": true,
    "excluded": false,
    "exclude_reason": "",
    "raw_name": "Space Invader PA_0650, 1 rue Desaugiers",
    "arrondissement": 16
   }
  },
  {
   "type": "Feature",
   "geometry": {
    "type": "Point",
    "coordinates": [
     2.283506,
     48.867162
    ]
   },
   "properties": {
    "id": "PA_0651",
    "codes": [
     "PA_0651"
    ],
    "city": "PA",
    "address": "52 rue Saint-Didier",
    "in_paris": true,
    "excluded": false,
    "exclude_reason": "",
    "raw_name": "Space Invader PA_0651, 52 rue Saint-Didier",
    "arrondissement": 16
   }
  },
  {
   "type": "Feature",
   "geometry": {
    "type": "Point",
    "coordinates": [
     2.282824,
     48.865032
    ]
   },
   "properties": {
    "id": "PA_0652",
    "codes": [
     "PA_0652"
    ],
    "city": "PA",
    "address": "25 rue des Sablons",
    "in_paris": true,
    "excluded": false,
    "exclude_reason": "",
    "raw_name": "Space Invader PA_0652, 25 rue des Sablons",
    "arrondissement": 16
   }
  },
  {
   "type": "Feature",
   "geometry": {
    "type": "Point",
    "coordinates": [
     2.309827,
     48.871372
    ]
   },
   "properties": {
    "id": "PA_0653",
    "codes": [
     "PA_0653"
    ],
    "city": "PA",
    "address": "33 rue du Colisée",
    "in_paris": true,
    "excluded": false,
    "exclude_reason": "",
    "raw_name": "Space Invader PA_0653, 33 rue du Colisée",
    "arrondissement": 8
   }
  },
  {
   "type": "Feature",
   "geometry": {
    "type": "Point",
    "coordinates": [
     2.363702,
     48.862195
    ]
   },
   "properties": {
    "id": "PA_0655",
    "codes": [
     "PA_0655"
    ],
    "city": "PA",
    "address": "34 rue Debelleyme",
    "in_paris": true,
    "excluded": false,
    "exclude_reason": "",
    "raw_name": "Space Invader PA_0655, 34 rue Debelleyme",
    "arrondissement": 3
   }
  },
  {
   "type": "Feature",
   "geometry": {
    "type": "Point",
    "coordinates": [
     2.3395,
     48.89589
    ]
   },
   "properties": {
    "id": "PA_0656",
    "codes": [
     "PA_0656"
    ],
    "city": "PA",
    "address": "112bis rue Championnet",
    "in_paris": true,
    "excluded": false,
    "exclude_reason": "",
    "raw_name": "Space Invader PA_0656, 112bis rue Championnet",
    "arrondissement": 18
   }
  },
  {
   "type": "Feature",
   "geometry": {
    "type": "Point",
    "coordinates": [
     2.371115,
     48.88318
    ]
   },
   "properties": {
    "id": "PA_0657",
    "codes": [
     "PA_0657"
    ],
    "city": "PA",
    "address": "3 avenue Jean Jaurès",
    "in_paris": true,
    "excluded": false,
    "exclude_reason": "",
    "raw_name": "Space Invader PA_0657, 3 avenue Jean Jaurès",
    "arrondissement": 19
   }
  },
  {
   "type": "Feature",
   "geometry": {
    "type": "Point",
    "coordinates": [
     2.404115,
     48.871633
    ]
   },
   "properties": {
    "id": "PA_0658",
    "codes": [
     "PA_0658"
    ],
    "city": "PA",
    "address": "métro Saint-Fargeau",
    "in_paris": true,
    "excluded": false,
    "exclude_reason": "",
    "raw_name": "Space Invader PA_0658, métro Saint-Fargeau",
    "arrondissement": 20
   }
  },
  {
   "type": "Feature",
   "geometry": {
    "type": "Point",
    "coordinates": [
     2.332085,
     48.894157
    ]
   },
   "properties": {
    "id": "PA_0659",
    "codes": [
     "PA_0659"
    ],
    "city": "PA",
    "address": "194 rue Championnet",
    "in_paris": true,
    "excluded": false,
    "exclude_reason": "",
    "raw_name": "Space Invader PA_0659, 194 rue Championnet",
    "arrondissement": 18
   }
  },
  {
   "type": "Feature",
   "geometry": {
    "type": "Point",
    "coordinates": [
     2.314096,
     48.883433
    ]
   },
   "properties": {
    "id": "PA_0660",
    "codes": [
     "PA_0660"
    ],
    "city": "PA",
    "address": "46 rue de Lévis",
    "in_paris": true,
    "excluded": false,
    "exclude_reason": "",
    "raw_name": "Space Invader PA_0660, 46 rue de Lévis",
    "arrondissement": 17
   }
  },
  {
   "type": "Feature",
   "geometry": {
    "type": "Point",
    "coordinates": [
     2.302939,
     48.885168
    ]
   },
   "properties": {
    "id": "PA_0661",
    "codes": [
     "PA_0661"
    ],
    "city": "PA",
    "address": "41 rue Ampère",
    "in_paris": true,
    "excluded": false,
    "exclude_reason": "",
    "raw_name": "Space Invader PA_0661, 41 rue Ampère",
    "arrondissement": 17
   }
  },
  {
   "type": "Feature",
   "geometry": {
    "type": "Point",
    "coordinates": [
     2.289603,
     48.881089
    ]
   },
   "properties": {
    "id": "PA_0663",
    "codes": [
     "PA_0663"
    ],
    "city": "PA",
    "address": "25 rue Guersant",
    "in_paris": true,
    "excluded": false,
    "exclude_reason": "",
    "raw_name": "Space Invader PA_0663, 25 rue Guersant",
    "arrondissement": 17
   }
  },
  {
   "type": "Feature",
   "geometry": {
    "type": "Point",
    "coordinates": [
     2.29226,
     48.87718
    ]
   },
   "properties": {
    "id": "PA_0664",
    "codes": [
     "PA_0664"
    ],
    "city": "PA",
    "address": "31 rue des Acacias",
    "in_paris": true,
    "excluded": false,
    "exclude_reason": "",
    "raw_name": "Space Invader PA_0664, 31 rue des Acacias",
    "arrondissement": 17
   }
  },
  {
   "type": "Feature",
   "geometry": {
    "type": "Point",
    "coordinates": [
     2.285567,
     48.86556
    ]
   },
   "properties": {
    "id": "PA_0665",
    "codes": [
     "PA_0665"
    ],
    "city": "PA",
    "address": "127 rue de Lauriston",
    "in_paris": true,
    "excluded": false,
    "exclude_reason": "",
    "raw_name": "Space Invader PA_0665, 127 rue de Lauriston",
    "arrondissement": 16
   }
  },
  {
   "type": "Feature",
   "geometry": {
    "type": "Point",
    "coordinates": [
     2.28643,
     48.852895
    ]
   },
   "properties": {
    "id": "PA_0666",
    "codes": [
     "PA_0666"
    ],
    "city": "PA",
    "address": "face au 29 quai de grenelle",
    "in_paris": true,
    "excluded": false,
    "exclude_reason": "",
    "raw_name": "Space Invader PA_0666, face au 29 quai de grenelle",
    "arrondissement": 15
   }
  },
  {
   "type": "Feature",
   "geometry": {
    "type": "Point",
    "coordinates": [
     2.36211,
     48.823602
    ]
   },
   "properties": {
    "id": "PA_0667",
    "codes": [
     "PA_0667"
    ],
    "city": "PA",
    "address": "64 avenue de Choisy",
    "in_paris": true,
    "excluded": false,
    "exclude_reason": "",
    "raw_name": "Space Invader PA_0667, 64 avenue de Choisy",
    "arrondissement": 13
   }
  },
  {
   "type": "Feature",
   "geometry": {
    "type": "Point",
    "coordinates": [
     2.380604,
     48.866368
    ]
   },
   "properties": {
    "id": "PA_0668",
    "codes": [
     "PA_0668"
    ],
    "city": "PA",
    "address": "26 avenue Jean Aicard",
    "in_paris": true,
    "excluded": false,
    "exclude_reason": "",
    "raw_name": "Space Invader PA_0668, 26 avenue Jean Aicard",
    "arrondissement": 11
   }
  },
  {
   "type": "Feature",
   "geometry": {
    "type": "Point",
    "coordinates": [
     2.35365,
     48.898293
    ]
   },
   "properties": {
    "id": "PA_0669",
    "codes": [
     "PA_0669"
    ],
    "city": "PA",
    "address": "pont ferroviaire de la porte des Poissonniers",
    "in_paris": true,
    "excluded": false,
    "exclude_reason": "",
    "raw_name": "Space Invader PA_0669, pont ferroviaire de la porte des Poissonniers",
    "arrondissement": 18
   }
  },
  {
   "type": "Feature",
   "geometry": {
    "type": "Point",
    "coordinates": [
     2.382439,
     48.874863
    ]
   },
   "properties": {
    "id": "PA_0670",
    "codes": [
     "PA_0670"
    ],
    "city": "PA",
    "address": "17 rue de l'Équerre",
    "in_paris": true,
    "excluded": false,
    "exclude_reason": "",
    "raw_name": "Space Invader PA_0670, 17 rue de l'Équerre",
    "arrondissement": 19
   }
  },
  {
   "type": "Feature",
   "geometry": {
    "type": "Point",
    "coordinates": [
     2.378205,
     48.876522
    ]
   },
   "properties": {
    "id": "PA_0671",
    "codes": [
     "PA_0671"
    ],
    "city": "PA",
    "address": "54 avenue Bolivar",
    "in_paris": true,
    "excluded": false,
    "exclude_reason": "",
    "raw_name": "Space Invader PA_0671, 54 avenue Bolivar",
    "arrondissement": 19
   }
  },
  {
   "type": "Feature",
   "geometry": {
    "type": "Point",
    "coordinates": [
     2.381662,
     48.864357
    ]
   },
   "properties": {
    "id": "PA_0672",
    "codes": [
     "PA_0672"
    ],
    "city": "PA",
    "address": "1 avenue Jean Aicard",
    "in_paris": true,
    "excluded": false,
    "exclude_reason": "",
    "raw_name": "Space Invader PA_0672, 1 avenue Jean Aicard",
    "arrondissement": 11
   }
  },
  {
   "type": "Feature",
   "geometry": {
    "type": "Point",
    "coordinates": [
     2.338324,
     48.85358
    ]
   },
   "properties": {
    "id": "PA_0673",
    "codes": [
     "PA_0673"
    ],
    "city": "PA",
    "address": "1 rue de l'Ancienne Comédie",
    "in_paris": true,
    "excluded": false,
    "exclude_reason": "",
    "raw_name": "Space Invader PA_0673, 1 rue de l'Ancienne Comédie",
    "arrondissement": 6
   }
  },
  {
   "type": "Feature",
   "geometry": {
    "type": "Point",
    "coordinates": [
     2.315487,
     48.840239
    ]
   },
   "properties": {
    "id": "PA_0674",
    "codes": [
     "PA_0674"
    ],
    "city": "PA",
    "address": "passage Alexandre",
    "in_paris": true,
    "excluded": false,
    "exclude_reason": "",
    "raw_name": "Space Invader PA_0674, passage Alexandre",
    "arrondissement": 15
   }
  },
  {
   "type": "Feature",
   "geometry": {
    "type": "Point",
    "coordinates": [
     2.325317,
     48.827125
    ]
   },
   "properties": {
    "id": "PA_0675",
    "codes": [
     "PA_0675"
    ],
    "city": "PA",
    "address": "1bis rue Friant",
    "in_paris": true,
    "excluded": false,
    "exclude_reason": "",
    "raw_name": "Space Invader PA_0675, 1bis rue Friant",
    "arrondissement": 14
   }
  },
  {
   "type": "Feature",
   "geometry": {
    "type": "Point",
    "coordinates": [
     2.336777,
     48.854694
    ]
   },
   "properties": {
    "id": "PA_0677",
    "codes": [
     "PA_0677"
    ],
    "city": "PA",
    "address": "46 rue de Seine",
    "in_paris": true,
    "excluded": false,
    "exclude_reason": "",
    "raw_name": "Space Invader PA_0677, 46 rue de Seine",
    "arrondissement": 6
   }
  },
  {
   "type": "Feature",
   "geometry": {
    "type": "Point",
    "coordinates": [
     2.336413,
     48.857238
    ]
   },
   "properties": {
    "id": "PA_0678",
    "codes": [
     "PA_0678"
    ],
    "city": "PA",
    "address": "6 rue de Seine",
    "in_paris": true,
    "excluded": false,
    "exclude_reason": "",
    "raw_name": "Space Invader PA_0678, 6 rue de Seine",
    "arrondissement": 6
   }
  },
  {
   "type": "Feature",
   "geometry": {
    "type": "Point",
    "coordinates": [
     2.349749,
     48.840425
    ]
   },
   "properties": {
    "id": "PA_0679",
    "codes": [
     "PA_0679"
    ],
    "city": "PA",
    "address": "1 rue de l'Arbalète",
    "in_paris": true,
    "excluded": false,
    "exclude_reason": "",
    "raw_name": "Space Invader PA_0679, 1 rue de l'Arbalète",
    "arrondissement": 5
   }
  },
  {
   "type": "Feature",
   "geometry": {
    "type": "Point",
    "coordinates": [
     2.388493,
     48.868496
    ]
   },
   "properties": {
    "id": "PA_0680",
    "codes": [
     "PA_0680",
     "PA_1099"
    ],
    "city": "PA",
    "address": "4 rue de la Mare",
    "in_paris": true,
    "excluded": false,
    "exclude_reason": "",
    "raw_name": "Space Invader PA_0680 & 1099, 4 rue de la Mare",
    "arrondissement": 20
   }
  },
  {
   "type": "Feature",
   "geometry": {
    "type": "Point",
    "coordinates": [
     2.362038,
     48.855447
    ]
   },
   "properties": {
    "id": "PA_0681",
    "codes": [
     "PA_0681"
    ],
    "city": "PA",
    "address": "10 rue d'Ormesson",
    "in_paris": true,
    "excluded": false,
    "exclude_reason": "",
    "raw_name": "Space Invader PA_0681, 10 rue d'Ormesson",
    "arrondissement": 4
   }
  },
  {
   "type": "Feature",
   "geometry": {
    "type": "Point",
    "coordinates": [
     2.362962,
     48.856802
    ]
   },
   "properties": {
    "id": "PA_0682",
    "codes": [
     "PA_0682"
    ],
    "city": "PA",
    "address": "21 rue des Francs-Bourgeois",
    "in_paris": true,
    "excluded": false,
    "exclude_reason": "",
    "raw_name": "Space Invader PA_0682, 21 rue des Francs-Bourgeois",
    "arrondissement": 4
   }
  },
  {
   "type": "Feature",
   "geometry": {
    "type": "Point",
    "coordinates": [
     2.370005,
     48.865832
    ]
   },
   "properties": {
    "id": "PA_0683",
    "codes": [
     "PA_0683"
    ],
    "city": "PA",
    "address": "132 boulevard Richard Lenoir",
    "in_paris": true,
    "excluded": false,
    "exclude_reason": "",
    "raw_name": "Space Invader PA_0683, 132 boulevard Richard Lenoir",
    "arrondissement": 11
   }
  },
  {
   "type": "Feature",
   "geometry": {
    "type": "Point",
    "coordinates": [
     2.359213,
     48.840199
    ]
   },
   "properties": {
    "id": "PA_0684",
    "codes": [
     "PA_0684"
    ],
    "city": "PA",
    "address": "23bis rue Poliveau",
    "in_paris": true,
    "excluded": false,
    "exclude_reason": "",
    "raw_name": "Space Invader PA_0684, 23bis rue Poliveau",
    "arrondissement": 5
   }
  },
  {
   "type": "Feature",
   "geometry": {
    "type": "Point",
    "coordinates": [
     2.48817,
     48.85823
    ]
   },
   "properties": {
    "id": "PA_0685",
    "codes": [
     "PA_0685"
    ],
    "city": "PA",
    "address": "sortie 18 de l'A86",
    "in_paris": false,
    "excluded": false,
    "exclude_reason": "",
    "raw_name": "Space Invader PA_0685, sortie 18 de l'A86"
   }
  },
  {
   "type": "Feature",
   "geometry": {
    "type": "Point",
    "coordinates": [
     2.399139,
     48.828627
    ]
   },
   "properties": {
    "id": "PA_0686",
    "codes": [
     "PA_0686"
    ],
    "city": "PA",
    "address": "1 rue Marius Delcher",
    "in_paris": false,
    "excluded": false,
    "exclude_reason": "",
    "raw_name": "Space Invader PA_0686, 1 rue Marius Delcher"
   }
  },
  {
   "type": "Feature",
   "geometry": {
    "type": "Point",
    "coordinates": [
     2.342903,
     48.901307
    ]
   },
   "properties": {
    "id": "PA_0690",
    "codes": [
     "PA_0690"
    ],
    "city": "PA",
    "address": "12 rue Jean-Henri Fabre",
    "in_paris": false,
    "excluded": false,
    "exclude_reason": "",
    "raw_name": "Space Invader PA_0690, 12 rue Jean-Henri Fabre"
   }
  },
  {
   "type": "Feature",
   "geometry": {
    "type": "Point",
    "coordinates": [
     2.26577,
     48.85038
    ]
   },
   "properties": {
    "id": "PA_0691",
    "codes": [
     "PA_0691"
    ],
    "city": "PA",
    "address": "1 rue Rafflet",
    "in_paris": true,
    "excluded": false,
    "exclude_reason": "",
    "raw_name": "Space Invader PA_0691, 1 rue Rafflet",
    "arrondissement": 16
   }
  },
  {
   "type": "Feature",
   "geometry": {
    "type": "Point",
    "coordinates": [
     2.265482,
     48.854442
    ]
   },
   "properties": {
    "id": "PA_0692",
    "codes": [
     "PA_0692"
    ],
    "city": "PA",
    "address": "24 rue du Docteur Blanche",
    "in_paris": true,
    "excluded": false,
    "exclude_reason": "",
    "raw_name": "Space Invader PA_0692, 24 rue du Docteur Blanche",
    "arrondissement": 16
   }
  },
  {
   "type": "Feature",
   "geometry": {
    "type": "Point",
    "coordinates": [
     2.266419,
     48.848932
    ]
   },
   "properties": {
    "id": "PA_0693",
    "codes": [
     "PA_0693"
    ],
    "city": "PA",
    "address": "15 rue Pierre Guérin",
    "in_paris": true,
    "excluded": false,
    "exclude_reason": "",
    "raw_name": "Space Invader PA_0693, 15 rue Pierre Guérin",
    "arrondissement": 16
   }
  },
  {
   "type": "Feature",
   "geometry": {
    "type": "Point",
    "coordinates": [
     2.2634,
     48.848773
    ]
   },
   "properties": {
    "id": "PA_0694",
    "codes": [
     "PA_0694"
    ],
    "city": "PA",
    "address": "26 rue Poussin",
    "in_paris": true,
    "excluded": false,
    "exclude_reason": "",
    "raw_name": "Space Invader PA_0694, 26 rue Poussin",
    "arrondissement": 16
   }
  },
  {
   "type": "Feature",
   "geometry": {
    "type": "Point",
    "coordinates": [
     2.267952,
     48.852472
    ]
   },
   "properties": {
    "id": "PA_0695",
    "codes": [
     "PA_0695"
    ],
    "city": "PA",
    "address": "1 rue Jasmin",
    "in_paris": true,
    "excluded": false,
    "exclude_reason": "",
    "raw_name": "Space Invader PA_0695, 1 rue Jasmin",
    "arrondissement": 16
   }
  },
  {
   "type": "Feature",
   "geometry": {
    "type": "Point",
    "coordinates": [
     2.363171,
     48.861165
    ]
   },
   "properties": {
    "id": "PA_0696",
    "codes": [
     "PA_0696"
    ],
    "city": "PA",
    "address": "9 rue Debellyeme",
    "in_paris": true,
    "excluded": false,
    "exclude_reason": "",
    "raw_name": "Space Invader PA_0696, 9 rue Debellyeme",
    "arrondissement": 3
   }
  },
  {
   "type": "Feature",
   "geometry": {
    "type": "Point",
    "coordinates": [
     2.369859,
     48.853908
    ]
   },
   "properties": {
    "id": "PA_0697",
    "codes": [
     "PA_0697"
    ],
    "city": "PA",
    "address": "14 boulevard Richard Lenoir",
    "in_paris": true,
    "excluded": false,
    "exclude_reason": "",
    "raw_name": "Space Invader PA_0697, 14 boulevard Richard Lenoir",
    "arrondissement": 11
   }
  },
  {
   "type": "Feature",
   "geometry": {
    "type": "Point",
    "coordinates": [
     2.37208,
     48.855118
    ]
   },
   "properties": {
    "id": "PA_0698",
    "codes": [
     "PA_0698"
    ],
    "city": "PA",
    "address": "10 rue Saint-Sabin",
    "in_paris": true,
    "excluded": false,
    "exclude_reason": "",
    "raw_name": "Space Invader PA_0698, 10 rue Saint-Sabin",
    "arrondissement": 11
   }
  },
  {
   "type": "Feature",
   "geometry": {
    "type": "Point",
    "coordinates": [
     2.40393,
     48.85736
    ]
   },
   "properties": {
    "id": "PA_0699",
    "codes": [
     "PA_0699"
    ],
    "city": "PA",
    "address": "127 rue des Pyrénées",
    "in_paris": true,
    "excluded": false,
    "exclude_reason": "",
    "raw_name": "Space Invader PA_0699, 127 rue des Pyrénées",
    "arrondissement": 20
   }
  },
  {
   "type": "Feature",
   "geometry": {
    "type": "Point",
    "coordinates": [
     2.406015,
     48.852469
    ]
   },
   "properties": {
    "id": "PA_0700",
    "codes": [
     "PA_0700"
    ],
    "city": "PA",
    "address": "65 rue des Pyrénées",
    "in_paris": true,
    "excluded": false,
    "exclude_reason": "",
    "raw_name": "Space Invader PA_0700, 65 rue des Pyrénées",
    "arrondissement": 20
   }
  },
  {
   "type": "Feature",
   "geometry": {
    "type": "Point",
    "coordinates": [
     2.38187,
     48.85402
    ]
   },
   "properties": {
    "id": "PA_0701",
    "codes": [
     "PA_0701"
    ],
    "city": "PA",
    "address": "1 rue Godefroy Cavaignac",
    "in_paris": true,
    "excluded": false,
    "exclude_reason": "",
    "raw_name": "Space Invader PA_0701, 1 rue Godefroy Cavaignac",
    "arrondissement": 11
   }
  },
  {
   "type": "Feature",
   "geometry": {
    "type": "Point",
    "coordinates": [
     2.38185,
     48.853809
    ]
   },
   "properties": {
    "id": "PA_0702",
    "codes": [
     "PA_0702"
    ],
    "city": "PA",
    "address": "98 rue de Charonne",
    "in_paris": true,
    "excluded": false,
    "exclude_reason": "",
    "raw_name": "Space Invader PA_0702, 98 rue de Charonne",
    "arrondissement": 11
   }
  },
  {
   "type": "Feature",
   "geometry": {
    "type": "Point",
    "coordinates": [
     2.377438,
     48.853172
    ]
   },
   "properties": {
    "id": "PA_0703",
    "codes": [
     "PA_0703"
    ],
    "city": "PA",
    "address": "47 rue de Charonne",
    "in_paris": true,
    "excluded": false,
    "exclude_reason": "",
    "raw_name": "Space Invader PA_0703, 47 rue de Charonne",
    "arrondissement": 11
   }
  },
  {
   "type": "Feature",
   "geometry": {
    "type": "Point",
    "coordinates": [
     2.365003,
     48.852243
    ]
   },
   "properties": {
    "id": "PA_0704",
    "codes": [
     "PA_0704"
    ],
    "city": "PA",
    "address": "17 rue de la Cerisaie",
    "in_paris": true,
    "excluded": false,
    "exclude_reason": "",
    "raw_name": "Space Invader PA_0704, 17 rue de la Cerisaie",
    "arrondissement": 4
   }
  },
  {
   "type": "Feature",
   "geometry": {
    "type": "Point",
    "coordinates": [
     2.374785,
     48.825532
    ]
   },
   "properties": {
    "id": "PA_0705",
    "codes": [
     "PA_0705"
    ],
    "city": "PA",
    "address": "32 rue de Patay",
    "in_paris": true,
    "excluded": false,
    "exclude_reason": "",
    "raw_name": "Space Invader PA_0705, 32 rue de Patay",
    "arrondissement": 13
   }
  },
  {
   "type": "Feature",
   "geometry": {
    "type": "Point",
    "coordinates": [
     2.367399,
     48.830642
    ]
   },
   "properties": {
    "id": "PA_0706",
    "codes": [
     "PA_0706"
    ],
    "city": "PA",
    "address": "42 villa Auguste Blanqui",
    "in_paris": true,
    "excluded": false,
    "exclude_reason": "",
    "raw_name": "Space Invader PA_0706, 42 villa Auguste Blanqui",
    "arrondissement": 13
   }
  },
  {
   "type": "Feature",
   "geometry": {
    "type": "Point",
    "coordinates": [
     2.36409,
     48.85343
    ]
   },
   "properties": {
    "id": "PA_0707",
    "codes": [
     "PA_0707"
    ],
    "city": "PA",
    "address": "17 rue Beautreillis",
    "in_paris": true,
    "excluded": false,
    "exclude_reason": "",
    "raw_name": "Space Invader PA_0707, 17 rue Beautreillis",
    "arrondissement": 4
   }
  },
  {
   "type": "Feature",
   "geometry": {
    "type": "Point",
    "coordinates": [
     2.381437,
     48.875696
    ]
   },
   "properties": {
    "id": "PA_0708",
    "codes": [
     "PA_0708"
    ],
    "city": "PA",
    "address": "11 passage Gauthier",
    "in_paris": true,
    "excluded": false,
    "exclude_reason": "",
    "raw_name": "Space Invader PA_0708, 11 passage Gauthier",
    "arrondissement": 19
   }
  },
  {
   "type": "Feature",
   "geometry": {
    "type": "Point",
    "coordinates": [
     2.366907,
     48.852983
    ]
   },
   "properties": {
    "id": "PA_0710",
    "codes": [
     "PA_0710"
    ],
    "city": "PA",
    "address": "7 rue de Lesdiguières",
    "in_paris": true,
    "excluded": false,
    "exclude_reason": "",
    "raw_name": "Space Invader PA_0710, 7 rue de Lesdiguières",
    "arrondissement": 4
   }
  },
  {
   "type": "Feature",
   "geometry": {
    "type": "Point",
    "coordinates": [
     2.367249,
     48.855854
    ]
   },
   "properties": {
    "id": "PA_0711",
    "codes": [
     "PA_0711"
    ],
    "city": "PA",
    "address": "27 rue des Tournelles",
    "in_paris": true,
    "excluded": false,
    "exclude_reason": "",
    "raw_name": "Space Invader PA_0711, 27 rue des Tournelles",
    "arrondissement": 4
   }
  },
  {
   "type": "Feature",
   "geometry": {
    "type": "Point",
    "coordinates": [
     2.353532,
     48.880354
    ]
   },
   "properties": {
    "id": "PA_0712",
    "codes": [
     "PA_0712"
    ],
    "city": "PA",
    "address": "20 rue de Dunkerque",
    "in_paris": true,
    "excluded": false,
    "exclude_reason": "",
    "raw_name": "Space Invader PA_0712, 20 rue de Dunkerque",
    "arrondissement": 10
   }
  },
  {
   "type": "Feature",
   "geometry": {
    "type": "Point",
    "coordinates": [
     2.358775,
     48.869021
    ]
   },
   "properties": {
    "id": "PA_0713",
    "codes": [
     "PA_0713"
    ],
    "city": "PA",
    "address": "1 rue Taylor",
    "in_paris": true,
    "excluded": false,
    "exclude_reason": "",
    "raw_name": "Space Invader PA_0713, 1 rue Taylor",
    "arrondissement": 10
   }
  },
  {
   "type": "Feature",
   "geometry": {
    "type": "Point",
    "coordinates": [
     2.378769,
     48.826486
    ]
   },
   "properties": {
    "id": "PA_0714",
    "codes": [
     "PA_0714"
    ],
    "city": "PA",
    "address": "25 rue Watt",
    "in_paris": true,
    "excluded": false,
    "exclude_reason": "",
    "raw_name": "Space Invader PA_0714, 25 rue Watt",
    "arrondissement": 13
   }
  },
  {
   "type": "Feature",
   "geometry": {
    "type": "Point",
    "coordinates": [
     2.395469,
     48.857119
    ]
   },
   "properties": {
    "id": "PA_0715",
    "codes": [
     "PA_0715"
    ],
    "city": "PA",
    "address": "3 Cité Aubry",
    "in_paris": true,
    "excluded": false,
    "exclude_reason": "",
    "raw_name": "Space Invader PA_0715, 3 Cité Aubry",
    "arrondissement": 20
   }
  },
  {
   "type": "Feature",
   "geometry": {
    "type": "Point",
    "coordinates": [
     2.398039,
     48.856953
    ]
   },
   "properties": {
    "id": "PA_0717",
    "codes": [
     "PA_0717"
    ],
    "city": "PA",
    "address": "2 rue des Orteaux",
    "in_paris": true,
    "excluded": false,
    "exclude_reason": "",
    "raw_name": "Space Invader PA_0717, 2 rue des Orteaux",
    "arrondissement": 20
   }
  },
  {
   "type": "Feature",
   "geometry": {
    "type": "Point",
    "coordinates": [
     2.378545,
     48.855747
    ]
   },
   "properties": {
    "id": "PA_0718",
    "codes": [
     "PA_0718"
    ],
    "city": "PA",
    "address": "39 rue Basfroi",
    "in_paris": true,
    "excluded": false,
    "exclude_reason": "",
    "raw_name": "Space Invader PA_0718, 39 rue Basfroi",
    "arrondissement": 11
   }
  },
  {
   "type": "Feature",
   "geometry": {
    "type": "Point",
    "coordinates": [
     2.3802,
     48.85859
    ]
   },
   "properties": {
    "id": "PA_0719",
    "codes": [
     "PA_0719"
    ],
    "city": "PA",
    "address": "1 rue Camille Desmoulins",
    "in_paris": true,
    "excluded": false,
    "exclude_reason": "",
    "raw_name": "Space Invader PA_0719, 1 rue Camille Desmoulins",
    "arrondissement": 11
   }
  },
  {
   "type": "Feature",
   "geometry": {
    "type": "Point",
    "coordinates": [
     2.347488,
     48.86022
    ]
   },
   "properties": {
    "id": "PA_0720",
    "codes": [
     "PA_0720"
    ],
    "city": "PA",
    "address": "19 rue de la Ferronnerie",
    "in_paris": true,
    "excluded": false,
    "exclude_reason": "",
    "raw_name": "Space Invader PA_0720, 19 rue de la Ferronnerie",
    "arrondissement": 1
   }
  },
  {
   "type": "Feature",
   "geometry": {
    "type": "Point",
    "coordinates": [
     2.356246,
     48.862132
    ]
   },
   "properties": {
    "id": "PA_0722",
    "codes": [
     "PA_0722"
    ],
    "city": "PA",
    "address": "11 rue Michel Lecomte",
    "in_paris": true,
    "excluded": false,
    "exclude_reason": "",
    "raw_name": "Space Invader PA_0722, 11 rue Michel Lecomte",
    "arrondissement": 3
   }
  },
  {
   "type": "Feature",
   "geometry": {
    "type": "Point",
    "coordinates": [
     2.327524,
     48.881331
    ]
   },
   "properties": {
    "id": "PA_0723",
    "codes": [
     "PA_0723"
    ],
    "city": "PA",
    "address": "12 rue de Parme",
    "in_paris": true,
    "excluded": false,
    "exclude_reason": "",
    "raw_name": "Space Invader PA_0723, 12 rue de Parme",
    "arrondissement": 9
   }
  },
  {
   "type": "Feature",
   "geometry": {
    "type": "Point",
    "coordinates": [
     2.347827,
     48.875964
    ]
   },
   "properties": {
    "id": "PA_0724",
    "codes": [
     "PA_0724"
    ],
    "city": "PA",
    "address": "4 rue Papillon",
    "in_paris": true,
    "excluded": false,
    "exclude_reason": "",
    "raw_name": "Space Invader PA_0724, 4 rue Papillon",
    "arrondissement": 9
   }
  },
  {
   "type": "Feature",
   "geometry": {
    "type": "Point",
    "coordinates": [
     2.357742,
     48.879386
    ]
   },
   "properties": {
    "id": "PA_0725",
    "codes": [
     "PA_0725"
    ],
    "city": "PA",
    "address": "7 rue de Dunkarque",
    "in_paris": true,
    "excluded": false,
    "exclude_reason": "",
    "raw_name": "Space Invader PA_0725, 7 rue de Dunkarque",
    "arrondissement": 10
   }
  },
  {
   "type": "Feature",
   "geometry": {
    "type": "Point",
    "coordinates": [
     2.316589,
     48.88561
    ]
   },
   "properties": {
    "id": "PA_0726",
    "codes": [
     "PA_0726"
    ],
    "city": "PA",
    "address": "135 rue de Rome",
    "in_paris": true,
    "excluded": false,
    "exclude_reason": "",
    "raw_name": "Space Invader PA_0726, 135 rue de Rome",
    "arrondissement": 17
   }
  },
  {
   "type": "Feature",
   "geometry": {
    "type": "Point",
    "coordinates": [
     2.328624,
     48.880744
    ]
   },
   "properties": {
    "id": "PA_0727",
    "codes": [
     "PA_0727"
    ],
    "city": "PA",
    "address": "51 rue de Clichy",
    "in_paris": true,
    "excluded": false,
    "exclude_reason": "",
    "raw_name": "Space Invader PA_0727, 51 rue de Clichy",
    "arrondissement": 9
   }
  },
  {
   "type": "Feature",
   "geometry": {
    "type": "Point",
    "coordinates": [
     2.323402,
     48.883526
    ]
   },
   "properties": {
    "id": "PA_0728",
    "codes": [
     "PA_0728"
    ],
    "city": "PA",
    "address": "18 rue Caroline",
    "in_paris": true,
    "excluded": false,
    "exclude_reason": "",
    "raw_name": "Space Invader PA_0728, 18 rue Caroline",
    "arrondissement": 17
   }
  },
  {
   "type": "Feature",
   "geometry": {
    "type": "Point",
    "coordinates": [
     2.326082,
     48.87584
    ]
   },
   "properties": {
    "id": "PA_0729",
    "codes": [
     "PA_0729"
    ],
    "city": "PA",
    "address": "cour du Havre",
    "in_paris": true,
    "excluded": false,
    "exclude_reason": "",
    "raw_name": "Space Invader PA_0729, cour du Havre",
    "arrondissement": 8
   }
  },
  {
   "type": "Feature",
   "geometry": {
    "type": "Point",
    "coordinates": [
     2.347215,
     48.875865
    ]
   },
   "properties": {
    "id": "PA_0730",
    "codes": [
     "PA_0730"
    ],
    "city": "PA",
    "address": "6 rue Bleue",
    "in_paris": true,
    "excluded": false,
    "exclude_reason": "",
    "raw_name": "Space Invader PA_0730, 6 rue Bleue",
    "arrondissement": 9
   }
  },
  {
   "type": "Feature",
   "geometry": {
    "type": "Point",
    "coordinates": [
     2.38255,
     48.873293
    ]
   },
   "properties": {
    "id": "PA_0732",
    "codes": [
     "PA_0732"
    ],
    "city": "PA",
    "address": "2 rue Jouye-Rouve",
    "in_paris": true,
    "excluded": false,
    "exclude_reason": "",
    "raw_name": "Space Invader PA_0732, 2 rue Jouye-Rouve",
    "arrondissement": 20
   }
  },
  {
   "type": "Feature",
   "geometry": {
    "type": "Point",
    "coordinates": [
     2.377714,
     48.870538
    ]
   },
   "properties": {
    "id": "PA_0733",
    "codes": [
     "PA_0733"
    ],
    "city": "PA",
    "address": "38 rue du Moulin Joly",
    "in_paris": true,
    "excluded": false,
    "exclude_reason": "",
    "raw_name": "Space Invader PA_0733, 38 rue du Moulin Joly",
    "arrondissement": 11
   }
  },
  {
   "type": "Feature",
   "geometry": {
    "type": "Point",
    "coordinates": [
     2.343061,
     48.873159
    ]
   },
   "properties": {
    "id": "PA_0734",
    "codes": [
     "PA_0734"
    ],
    "city": "PA",
    "address": "20 rue du Faubourg Montmartre",
    "in_paris": true,
    "excluded": false,
    "exclude_reason": "",
    "raw_name": "Space Invader PA_0734, 20 rue du Faubourg Montmartre",
    "arrondissement": 9
   }
  },
  {
   "type": "Feature",
   "geometry": {
    "type": "Point",
    "coordinates": [
     2.319,
     48.87899
    ]
   },
   "properties": {
    "id": "PA_0735",
    "codes": [
     "PA_0735"
    ],
    "city": "PA",
    "address": "66 rue des Rochers",
    "in_paris": true,
    "excluded": false,
    "exclude_reason": "",
    "raw_name": "Space Invader PA_0735, 66 rue des Rochers",
    "arrondissement": 8
   }
  },
  {
   "type": "Feature",
   "geometry": {
    "type": "Point",
    "coordinates": [
     2.33036,
     48.8658
    ]
   },
   "properties": {
    "id": "PA_0736",
    "codes": [
     "PA_0736"
    ],
    "city": "PA",
    "address": "334 rue Saint-Honoré",
    "in_paris": true,
    "excluded": false,
    "exclude_reason": "",
    "raw_name": "Space Invader PA_0736, 334 rue Saint-Honoré",
    "arrondissement": 1
   }
  },
  {
   "type": "Feature",
   "geometry": {
    "type": "Point",
    "coordinates": [
     2.396104,
     48.87271
    ]
   },
   "properties": {
    "id": "PA_0737",
    "codes": [
     "PA_0737"
    ],
    "city": "PA",
    "address": "21 rue Charles Frédel",
    "in_paris": true,
    "excluded": false,
    "exclude_reason": "",
    "raw_name": "Space Invader PA_0737, 21 rue Charles Frédel",
    "arrondissement": 20
   }
  },
  {
   "type": "Feature",
   "geometry": {
    "type": "Point",
    "coordinates": [
     2.383608,
     48.875831
    ]
   },
   "properties": {
    "id": "PA_0738",
    "codes": [
     "PA_0738"
    ],
    "city": "PA",
    "address": "20 rue Clavel",
    "in_paris": true,
    "excluded": false,
    "exclude_reason": "",
    "raw_name": "Space Invader PA_0738, 20 rue Clavel",
    "arrondissement": 19
   }
  },
  {
   "type": "Feature",
   "geometry": {
    "type": "Point",
    "coordinates": [
     2.394924,
     48.869942
    ]
   },
   "properties": {
    "id": "PA_0739",
    "codes": [
     "PA_0739"
    ],
    "city": "PA",
    "address": "120 rue de Ménilmontant",
    "in_paris": true,
    "excluded": false,
    "exclude_reason": "",
    "raw_name": "Space Invader PA_0739, 120 rue de Ménilmontant",
    "arrondissement": 20
   }
  },
  {
   "type": "Feature",
   "geometry": {
    "type": "Point",
    "coordinates": [
     2.396012,
     48.838869
    ]
   },
   "properties": {
    "id": "PA_0740",
    "codes": [
     "PA_0740"
    ],
    "city": "PA",
    "address": "99 rue Claude Decaen",
    "in_paris": true,
    "excluded": false,
    "exclude_reason": "",
    "raw_name": "Space Invader PA_0740, 99 rue Claude Decaen",
    "arrondissement": 12
   }
  },
  {
   "type": "Feature",
   "geometry": {
    "type": "Point",
    "coordinates": [
     2.370526,
     48.88212
    ]
   },
   "properties": {
    "id": "PA_0741",
    "codes": [
     "PA_0741"
    ],
    "city": "PA",
    "address": "194 boulevard de la Villette",
    "in_paris": true,
    "excluded": false,
    "exclude_reason": "",
    "raw_name": "Space Invader PA_0741, 194 boulevard de la Villette",
    "arrondissement": 19
   }
  },
  {
   "type": "Feature",
   "geometry": {
    "type": "Point",
    "coordinates": [
     2.390778,
     48.872953
    ]
   },
   "properties": {
    "id": "PA_0742",
    "codes": [
     "PA_0742"
    ],
    "city": "PA",
    "address": "322 rue des Pyrénées",
    "in_paris": true,
    "excluded": false,
    "exclude_reason": "",
    "raw_name": "Space Invader PA_0742, 322 rue des Pyrénées",
    "arrondissement": 20
   }
  },
  {
   "type": "Feature",
   "geometry": {
    "type": "Point",
    "coordinates": [
     2.36897,
     48.869494
    ]
   },
   "properties": {
    "id": "PA_0743",
    "codes": [
     "PA_0743"
    ],
    "city": "PA",
    "address": "45 rue du Faubourg du Temple",
    "in_paris": true,
    "excluded": false,
    "exclude_reason": "",
    "raw_name": "Space Invader PA_0743, 45 rue du Faubourg du Temple",
    "arrondissement": 10
   }
  },
  {
   "type": "Feature",
   "geometry": {
    "type": "Point",
    "coordinates": [
     2.392021,
     48.868755
    ]
   },
   "properties": {
    "id": "PA_0744",
    "codes": [
     "PA_0744"
    ],
    "city": "PA",
    "address": "La Bellevilloise",
    "in_paris": true,
    "excluded": false,
    "exclude_reason": "",
    "raw_name": "Space Invader PA_0744, La Bellevilloise",
    "arrondissement": 20
   }
  },
  {
   "type": "Feature",
   "geometry": {
    "type": "Point",
    "coordinates": [
     2.364217,
     48.86436
    ]
   },
   "properties": {
    "id": "PA_0746",
    "codes": [
     "PA_0746"
    ],
    "city": "PA",
    "address": "79 rue Charlot",
    "in_paris": true,
    "excluded": false,
    "exclude_reason": "",
    "raw_name": "Space Invader PA_0746, 79 rue Charlot",
    "arrondissement": 3
   }
  },
  {
   "type": "Feature",
   "geometry": {
    "type": "Point",
    "coordinates": [
     2.338092,
     48.853989
    ]
   },
   "properties": {
    "id": "PA_0747",
    "codes": [
     "PA_0747"
    ],
    "city": "PA",
    "address": "librairie Mazarine",
    "in_paris": true,
    "excluded": false,
    "exclude_reason": "",
    "raw_name": "Space Invader PA_0747, librairie Mazarine",
    "arrondissement": 6
   }
  },
  {
   "type": "Feature",
   "geometry": {
    "type": "Point",
    "coordinates": [
     2.38804,
     48.89966
    ]
   },
   "properties": {
    "id": "PA_0748",
    "codes": [
     "PA_0748"
    ],
    "city": "PA",
    "address": "Avenue de la Porte de la Villette",
    "in_paris": true,
    "excluded": false,
    "exclude_reason": "",
    "raw_name": "Space Invader PA_0748, Avenue de la Porte de la Villette",
    "arrondissement": 19
   }
  },
  {
   "type": "Feature",
   "geometry": {
    "type": "Point",
    "coordinates": [
     2.436125,
     48.85901
    ]
   },
   "properties": {
    "id": "PA_0749",
    "codes": [
     "PA_0749"
    ],
    "city": "PA",
    "address": "face au conservatoire de Montreuil",
    "in_paris": false,
    "excluded": false,
    "exclude_reason": "",
    "raw_name": "Space Invader PA_0749, face au conservatoire de Montreuil"
   }
  },
  {
   "type": "Feature",
   "geometry": {
    "type": "Point",
    "coordinates": [
     2.434642,
     48.857381
    ]
   },
   "properties": {
    "id": "PA_0750",
    "codes": [
     "PA_0750"
    ],
    "city": "PA",
    "address": "4 rue du Sergent Bobillot",
    "in_paris": false,
    "excluded": false,
    "exclude_reason": "",
    "raw_name": "Space Invader PA_0750, 4 rue du Sergent Bobillot"
   }
  },
  {
   "type": "Feature",
   "geometry": {
    "type": "Point",
    "coordinates": [
     2.439718,
     48.860505
    ]
   },
   "properties": {
    "id": "PA_0751",
    "codes": [
     "PA_0751"
    ],
    "city": "PA",
    "address": "11 rue Girardot",
    "in_paris": false,
    "excluded": false,
    "exclude_reason": "",
    "raw_name": "Space Invader PA_0751, 11 rue Girardot"
   }
  },
  {
   "type": "Feature",
   "geometry": {
    "type": "Point",
    "coordinates": [
     2.440929,
     48.876096
    ]
   },
   "properties": {
    "id": "PA_0752",
    "codes": [
     "PA_0752"
    ],
    "city": "PA",
    "address": "14 boulevard Edouard Branly",
    "in_paris": false,
    "excluded": false,
    "exclude_reason": "",
    "raw_name": "Space Invader PA_0752, 14 boulevard Edouard Branly"
   }
  },
  {
   "type": "Feature",
   "geometry": {
    "type": "Point",
    "coordinates": [
     2.407912,
     48.852952
    ]
   },
   "properties": {
    "id": "PA_0753",
    "codes": [
     "PA_0753"
    ],
    "city": "PA",
    "address": "120 rue d'Avron",
    "in_paris": true,
    "excluded": false,
    "exclude_reason": "",
    "raw_name": "Space Invader PA_0753, 120 rue d'Avron",
    "arrondissement": 20
   }
  },
  {
   "type": "Feature",
   "geometry": {
    "type": "Point",
    "coordinates": [
     2.375421,
     48.860385
    ]
   },
   "properties": {
    "id": "PA_0754",
    "codes": [
     "PA_0754"
    ],
    "city": "PA",
    "address": "59bis rue Popincourt",
    "in_paris": true,
    "excluded": false,
    "exclude_reason": "",
    "raw_name": "Space Invader PA_0754, 59bis rue Popincourt",
    "arrondissement": 11
   }
  },
  {
   "type": "Feature",
   "geometry": {
    "type": "Point",
    "coordinates": [
     2.340506,
     48.875067
    ]
   },
   "properties": {
    "id": "PA_0755",
    "codes": [
     "PA_0755"
    ],
    "city": "PA",
    "address": "6 rue de la Victoire",
    "in_paris": true,
    "excluded": false,
    "exclude_reason": "",
    "raw_name": "Space Invader PA_0755, 6 rue de la Victoire",
    "arrondissement": 9
   }
  },
  {
   "type": "Feature",
   "geometry": {
    "type": "Point",
    "coordinates": [
     2.339413,
     48.87662
    ]
   },
   "properties": {
    "id": "PA_0756",
    "codes": [
     "PA_0756"
    ],
    "city": "PA",
    "address": "4 rue Flechier",
    "in_paris": true,
    "excluded": false,
    "exclude_reason": "",
    "raw_name": "Space Invader PA_0756, 4 rue Flechier",
    "arrondissement": 9
   }
  },
  {
   "type": "Feature",
   "geometry": {
    "type": "Point",
    "coordinates": [
     2.24399,
     48.83374
    ]
   },
   "properties": {
    "id": "PA_0757",
    "codes": [
     "PA_0757"
    ],
    "city": "PA",
    "address": "place Marcel Sembat",
    "in_paris": false,
    "excluded": false,
    "exclude_reason": "",
    "raw_name": "Space Invader PA_0757, place Marcel Sembat"
   }
  },
  {
   "type": "Feature",
   "geometry": {
    "type": "Point",
    "coordinates": [
     2.257281,
     48.830897
    ]
   },
   "properties": {
    "id": "PA_0758",
    "codes": [
     "PA_0758"
    ],
    "city": "PA",
    "address": "44 quai du Point du Jour",
    "in_paris": false,
    "excluded": false,
    "exclude_reason": "",
    "raw_name": "Space Invader PA_0758, 44 quai du Point du Jour"
   }
  },
  {
   "type": "Feature",
   "geometry": {
    "type": "Point",
    "coordinates": [
     2.2784,
     48.851105
    ]
   },
   "properties": {
    "id": "PA_0761",
    "codes": [
     "PA_0761"
    ],
    "city": "PA",
    "address": "1 quai Louis Blériot",
    "in_paris": true,
    "excluded": false,
    "exclude_reason": "",
    "raw_name": "Space Invader PA_0761, 1 quai Louis Blériot",
    "arrondissement": 16
   }
  },
  {
   "type": "Feature",
   "geometry": {
    "type": "Point",
    "coordinates": [
     2.260419,
     48.848516
    ]
   },
   "properties": {
    "id": "PA_0762",
    "codes": [
     "PA_0762"
    ],
    "city": "PA",
    "address": "face au 99 boulevard de Montmorency",
    "in_paris": true,
    "excluded": false,
    "exclude_reason": "",
    "raw_name": "Space Invader PA_0762, face au 99 boulevard de Montmorency",
    "arrondissement": 16
   }
  },
  {
   "type": "Feature",
   "geometry": {
    "type": "Point",
    "coordinates": [
     2.441232,
     48.875949
    ]
   },
   "properties": {
    "id": "PA_0763",
    "codes": [
     "PA_0763"
    ],
    "city": "PA",
    "address": "A3/Boulevard Edouard Branly",
    "in_paris": false,
    "excluded": false,
    "exclude_reason": "",
    "raw_name": "Space Invader PA_0763, A3/Boulevard Edouard Branly"
   }
  },
  {
   "type": "Feature",
   "geometry": {
    "type": "Point",
    "coordinates": [
     2.341462,
     48.852426
    ]
   },
   "properties": {
    "id": "PA_0764",
    "codes": [
     "PA_0764"
    ],
    "city": "PA",
    "address": "28 rue Serpente",
    "in_paris": true,
    "excluded": false,
    "exclude_reason": "",
    "raw_name": "Space Invader PA_0764, 28 rue Serpente",
    "arrondissement": 6
   }
  },
  {
   "type": "Feature",
   "geometry": {
    "type": "Point",
    "coordinates": [
     2.346528,
     48.844762
    ]
   },
   "properties": {
    "id": "PA_0765",
    "codes": [
     "PA_0765"
    ],
    "city": "PA",
    "address": "17 rue de l'Estrapade",
    "in_paris": true,
    "excluded": false,
    "exclude_reason": "",
    "raw_name": "Space Invader PA_0765, 17 rue de l'Estrapade",
    "arrondissement": 5
   }
  },
  {
   "type": "Feature",
   "geometry": {
    "type": "Point",
    "coordinates": [
     2.349618,
     48.841397
    ]
   },
   "properties": {
    "id": "PA_0766",
    "codes": [
     "PA_0766"
    ],
    "city": "PA",
    "address": "97 rue Mouffetard",
    "in_paris": true,
    "excluded": false,
    "exclude_reason": "",
    "raw_name": "Space Invader PA_0766, 97 rue Mouffetard",
    "arrondissement": 5
   }
  },
  {
   "type": "Feature",
   "geometry": {
    "type": "Point",
    "coordinates": [
     2.356229,
     48.839616
    ]
   },
   "properties": {
    "id": "PA_0767",
    "codes": [
     "PA_0767"
    ],
    "city": "PA",
    "address": "0 rue du Fer à Moulin",
    "in_paris": true,
    "excluded": false,
    "exclude_reason": "",
    "raw_name": "Space Invader PA_0767, 0 rue du Fer à Moulin",
    "arrondissement": 5
   }
  },
  {
   "type": "Feature",
   "geometry": {
    "type": "Point",
    "coordinates": [
     2.378005,
     48.846213
    ]
   },
   "properties": {
    "id": "PA_0768",
    "codes": [
     "PA_0768"
    ],
    "city": "PA",
    "address": "42 boulevard Diderot",
    "in_paris": true,
    "excluded": false,
    "exclude_reason": "",
    "raw_name": "Space Invader PA_0768, 42 boulevard Diderot",
    "arrondissement": 12
   }
  },
  {
   "type": "Feature",
   "geometry": {
    "type": "Point",
    "coordinates": [
     2.355181,
     48.860716
    ]
   },
   "properties": {
    "id": "PA_0769",
    "codes": [
     "PA_0769"
    ],
    "city": "PA",
    "address": "65 rue du Temple",
    "in_paris": true,
    "excluded": false,
    "exclude_reason": "",
    "raw_name": "Space Invader PA_0769, 65 rue du Temple",
    "arrondissement": 3
   }
  },
  {
   "type": "Feature",
   "geometry": {
    "type": "Point",
    "coordinates": [
     2.345214,
     48.878821
    ]
   },
   "properties": {
    "id": "PA_0770",
    "codes": [
     "PA_0770"
    ],
    "city": "PA",
    "address": "6 rue de la Tour d'Auvergne",
    "in_paris": true,
    "excluded": false,
    "exclude_reason": "",
    "raw_name": "Space Invader PA_0770, 6 rue de la Tour d'Auvergne",
    "arrondissement": 9
   }
  },
  {
   "type": "Feature",
   "geometry": {
    "type": "Point",
    "coordinates": [
     2.402883,
     48.858658
    ]
   },
   "properties": {
    "id": "PA_0771",
    "codes": [
     "PA_0771"
    ],
    "city": "PA",
    "address": "132 rue des Pyrénées",
    "in_paris": true,
    "excluded": false,
    "exclude_reason": "",
    "raw_name": "Space Invader PA_0771, 132 rue des Pyrénées",
    "arrondissement": 20
   }
  },
  {
   "type": "Feature",
   "geometry": {
    "type": "Point",
    "coordinates": [
     2.371913,
     48.868623
    ]
   },
   "properties": {
    "id": "PA_0774",
    "codes": [
     "PA_0774"
    ],
    "city": "PA",
    "address": "119 avenue Parmentier",
    "in_paris": true,
    "excluded": false,
    "exclude_reason": "",
    "raw_name": "Space Invader PA_0774, 119 avenue Parmentier",
    "arrondissement": 11
   }
  },
  {
   "type": "Feature",
   "geometry": {
    "type": "Point",
    "coordinates": [
     2.340667,
     48.865825
    ]
   },
   "properties": {
    "id": "PA_0775",
    "codes": [
     "PA_0775"
    ],
    "city": "PA",
    "address": "4 place des Victoires",
    "in_paris": true,
    "excluded": false,
    "exclude_reason": "",
    "raw_name": "Space Invader PA_0775, 4 place des Victoires",
    "arrondissement": 1
   }
  },
  {
   "type": "Feature",
   "geometry": {
    "type": "Point",
    "coordinates": [
     2.324096,
     48.87263
    ]
   },
   "properties": {
    "id": "PA_0776",
    "codes": [
     "PA_0776"
    ],
    "city": "PA",
    "address": "14 rue Castellane",
    "in_paris": true,
    "excluded": false,
    "exclude_reason": "",
    "raw_name": "Space Invader PA_0776, 14 rue Castellane",
    "arrondissement": 8
   }
  },
  {
   "type": "Feature",
   "geometry": {
    "type": "Point",
    "coordinates": [
     2.37492,
     48.82046
    ]
   },
   "properties": {
    "id": "PA_0778",
    "codes": [
     "PA_0778",
     "PA_0779",
     "PA_0782",
     "PA_0783",
     "PA_0784",
     "PA_0786",
     "PA_0787",
     "PA_0788",
     "PA_0789",
     "PA_0790"
    ],
    "city": "PA",
    "address": "périphérique le long des immeubles de la rue Maryse Bastié",
    "in_paris": true,
    "excluded": false,
    "exclude_reason": "",
    "raw_name": "Space Invader PA_0778, 0779, 0782, 0783, 0784, 0786, 0787, 0788, 0789 & 0790, périphérique le long des immeubles de la rue Maryse Bastié",
    "arrondissement": 13
   }
  },
  {
   "type": "Feature",
   "geometry": {
    "type": "Point",
    "coordinates": [
     2.331966,
     48.851286
    ]
   },
   "properties": {
    "id": "PA_0780",
    "codes": [
     "PA_0780"
    ],
    "city": "PA",
    "address": "12 rue Madame",
    "in_paris": true,
    "excluded": false,
    "exclude_reason": "",
    "raw_name": "Space Invader PA_0780, 12 rue Madame",
    "arrondissement": 6
   }
  },
  {
   "type": "Feature",
   "geometry": {
    "type": "Point",
    "coordinates": [
     2.35432,
     48.846086
    ]
   },
   "properties": {
    "id": "PA_0781",
    "codes": [
     "PA_0781"
    ],
    "city": "PA",
    "address": "2 rue des Boulangers",
    "in_paris": true,
    "excluded": false,
    "exclude_reason": "",
    "raw_name": "Space Invader PA_0781, 2 rue des Boulangers",
    "arrondissement": 5
   }
  },
  {
   "type": "Feature",
   "geometry": {
    "type": "Point",
    "coordinates": [
     2.33924,
     48.852734
    ]
   },
   "properties": {
    "id": "PA_0795",
    "codes": [
     "PA_0795"
    ],
    "city": "PA",
    "address": "8 cour du Commerce Saint-André",
    "in_paris": true,
    "excluded": false,
    "exclude_reason": "",
    "raw_name": "Space Invader PA_0795, 8 cour du Commerce Saint-André",
    "arrondissement": 6
   }
  },
  {
   "type": "Feature",
   "geometry": {
    "type": "Point",
    "coordinates": [
     2.362933,
     48.861041
    ]
   },
   "properties": {
    "id": "PA_0796",
    "codes": [
     "PA_0796"
    ],
    "city": "PA",
    "address": "110 rue Vieille du Temple",
    "in_paris": true,
    "excluded": false,
    "exclude_reason": "",
    "raw_name": "Space Invader PA_0796, 110 rue Vieille du Temple",
    "arrondissement": 3
   }
  },
  {
   "type": "Feature",
   "geometry": {
    "type": "Point",
    "coordinates": [
     2.324936,
     48.859905
    ]
   },
   "properties": {
    "id": "PA_0797",
    "codes": [
     "PA_0797"
    ],
    "city": "PA",
    "address": "77 rue de Lille",
    "in_paris": true,
    "excluded": false,
    "exclude_reason": "",
    "raw_name": "Space Invader PA_0797, 77 rue de Lille",
    "arrondissement": 7
   }
  },
  {
   "type": "Feature",
   "geometry": {
    "type": "Point",
    "coordinates": [
     2.331097,
     48.854443
    ]
   },
   "properties": {
    "id": "PA_0798",
    "codes": [
     "PA_0798"
    ],
    "city": "PA",
    "address": "184 boulevard Saint-Germain",
    "in_paris": true,
    "excluded": false,
    "exclude_reason": "",
    "raw_name": "Space Invader PA_0798, 184 boulevard Saint-Germain",
    "arrondissement": 6
   }
  },
  {
   "type": "Feature",
   "geometry": {
    "type": "Point",
    "coordinates": [
     2.3435,
     48.86583
    ]
   },
   "properties": {
    "id": "PA_0800",
    "codes": [
     "PA_0800"
    ],
    "city": "PA",
    "address": "56bis rue du Louvre",
    "in_paris": true,
    "excluded": false,
    "exclude_reason": "",
    "raw_name": "Space Invader PA_0800, 56bis rue du Louvre",
    "arrondissement": 2
   }
  },
  {
   "type": "Feature",
   "geometry": {
    "type": "Point",
    "coordinates": [
     2.33175,
     48.85719
    ]
   },
   "properties": {
    "id": "PA_0801",
    "codes": [
     "PA_0801"
    ],
    "city": "PA",
    "address": "maison de Serge Gainsbourg",
    "in_paris": true,
    "excluded": false,
    "exclude_reason": "",
    "raw_name": "Space Invader PA_0801, maison de Serge Gainsbourg",
    "arrondissement": 7
   }
  },
  {
   "type": "Feature",
   "geometry": {
    "type": "Point",
    "coordinates": [
     2.33386,
     48.85263
    ]
   },
   "properties": {
    "id": "PA_0802",
    "codes": [
     "PA_0802"
    ],
    "city": "PA",
    "address": "27 rue du Four",
    "in_paris": true,
    "excluded": false,
    "exclude_reason": "",
    "raw_name": "Space Invader PA_0802, 27 rue du Four",
    "arrondissement": 6
   }
  },
  {
   "type": "Feature",
   "geometry": {
    "type": "Point",
    "coordinates": [
     2.339247,
     48.852498
    ]
   },
   "properties": {
    "id": "PA_0803",
    "codes": [
     "PA_0803"
    ],
    "city": "PA",
    "address": "entrée de la Cour du Commerce Saint-André",
    "in_paris": true,
    "excluded": false,
    "exclude_reason": "",
    "raw_name": "Space Invader PA_0803, entrée de la Cour du Commerce Saint-André",
    "arrondissement": 6
   }
  },
  {
   "type": "Feature",
   "geometry": {
    "type": "Point",
    "coordinates": [
     2.406068,
     48.843246
    ]
   },
   "properties": {
    "id": "PA_0809",
    "codes": [
     "PA_0809"
    ],
    "city": "PA",
    "address": "7 rue Lasson",
    "in_paris": true,
    "excluded": false,
    "exclude_reason": "",
    "raw_name": "Space Invader PA_0809, 7 rue Lasson",
    "arrondissement": 12
   }
  },
  {
   "type": "Feature",
   "geometry": {
    "type": "Point",
    "coordinates": [
     2.392899,
     48.850527
    ]
   },
   "properties": {
    "id": "PA_0810",
    "codes": [
     "PA_0810"
    ],
    "city": "PA",
    "address": "1 passage Turquetil",
    "in_paris": true,
    "excluded": false,
    "exclude_reason": "",
    "raw_name": "Space Invader PA_0810, 1 passage Turquetil",
    "arrondissement": 11
   }
  },
  {
   "type": "Feature",
   "geometry": {
    "type": "Point",
    "coordinates": [
     2.383073,
     48.850359
    ]
   },
   "properties": {
    "id": "PA_0811",
    "codes": [
     "PA_0811"
    ],
    "city": "PA",
    "address": "Est de la fontaine de Montreuil",
    "in_paris": true,
    "excluded": false,
    "exclude_reason": "",
    "raw_name": "Space Invader PA_0811, Est de la fontaine de Montreuil",
    "arrondissement": 11
   }
  },
  {
   "type": "Feature",
   "geometry": {
    "type": "Point",
    "coordinates": [
     2.3777,
     48.8493
    ]
   },
   "properties": {
    "id": "PA_0812",
    "codes": [
     "PA_0812"
    ],
    "city": "PA",
    "address": "12bis rue de Cotte",
    "in_paris": true,
    "excluded": false,
    "exclude_reason": "",
    "raw_name": "Space Invader PA_0812, 12bis rue de Cotte",
    "arrondissement": 12
   }
  },
  {
   "type": "Feature",
   "geometry": {
    "type": "Point",
    "coordinates": [
     2.365215,
     48.87185
    ]
   },
   "properties": {
    "id": "PA_0813",
    "codes": [
     "PA_0813"
    ],
    "city": "PA",
    "address": "passerelle Richerand",
    "in_paris": true,
    "excluded": false,
    "exclude_reason": "",
    "raw_name": "Space Invader PA_0813, passerelle Richerand",
    "arrondissement": 10
   }
  },
  {
   "type": "Feature",
   "geometry": {
    "type": "Point",
    "coordinates": [
     2.35142,
     48.86688
    ]
   },
   "properties": {
    "id": "PA_0814",
    "codes": [
     "PA_0814"
    ],
    "city": "PA",
    "address": "10 rue du Ponceau",
    "in_paris": true,
    "excluded": false,
    "exclude_reason": "",
    "raw_name": "Space Invader PA_0814, 10 rue du Ponceau",
    "arrondissement": 2
   }
  },
  {
   "type": "Feature",
   "geometry": {
    "type": "Point",
    "coordinates": [
     2.35195,
     48.858605
    ]
   },
   "properties": {
    "id": "PA_0815",
    "codes": [
     "PA_0815"
    ],
    "city": "PA",
    "address": "15 rue du Renard",
    "in_paris": true,
    "excluded": false,
    "exclude_reason": "",
    "raw_name": "Space Invader PA_0815, 15 rue du Renard",
    "arrondissement": 4
   }
  },
  {
   "type": "Feature",
   "geometry": {
    "type": "Point",
    "coordinates": [
     2.360164,
     48.85227
    ]
   },
   "properties": {
    "id": "PA_0816",
    "codes": [
     "PA_0816"
    ],
    "city": "PA",
    "address": "ancienne gare maritime Sully-Morland",
    "in_paris": true,
    "excluded": false,
    "exclude_reason": "",
    "raw_name": "Space Invader PA_0816, ancienne gare maritime Sully-Morland",
    "arrondissement": 4
   }
  },
  {
   "type": "Feature",
   "geometry": {
    "type": "Point",
    "coordinates": [
     2.404223,
     48.860202
    ]
   },
   "properties": {
    "id": "PA_0817",
    "codes": [
     "PA_0817"
    ],
    "city": "PA",
    "address": "1 rue Saint-Blaise",
    "in_paris": true,
    "excluded": false,
    "exclude_reason": "",
    "raw_name": "Space Invader PA_0817, 1 rue Saint-Blaise",
    "arrondissement": 20
   }
  },
  {
   "type": "Feature",
   "geometry": {
    "type": "Point",
    "coordinates": [
     2.368528,
     48.859604
    ]
   },
   "properties": {
    "id": "PA_0818",
    "codes": [
     "PA_0818"
    ],
    "city": "PA",
    "address": "68 rue Saint-Sabin",
    "in_paris": true,
    "excluded": false,
    "exclude_reason": "",
    "raw_name": "Space Invader PA_0818, 68 rue Saint-Sabin",
    "arrondissement": 11
   }
  },
  {
   "type": "Feature",
   "geometry": {
    "type": "Point",
    "coordinates": [
     2.34241,
     48.860951
    ]
   },
   "properties": {
    "id": "PA_0819",
    "codes": [
     "PA_0819"
    ],
    "city": "PA",
    "address": "2 rue Bailleul",
    "in_paris": true,
    "excluded": false,
    "exclude_reason": "",
    "raw_name": "Space Invader PA_0819, 2 rue Bailleul",
    "arrondissement": 1
   }
  },
  {
   "type": "Feature",
   "geometry": {
    "type": "Point",
    "coordinates": [
     2.363723,
     48.862364
    ]
   },
   "properties": {
    "id": "PA_0820",
    "codes": [
     "PA_0820"
    ],
    "city": "PA",
    "address": "10 rue de Bretagne",
    "in_paris": true,
    "excluded": false,
    "exclude_reason": "",
    "raw_name": "Space Invader PA_0820, 10 rue de Bretagne",
    "arrondissement": 3
   }
  },
  {
   "type": "Feature",
   "geometry": {
    "type": "Point",
    "coordinates": [
     2.395969,
     48.854407
    ]
   },
   "properties": {
    "id": "PA_0821",
    "codes": [
     "PA_0821"
    ],
    "city": "PA",
    "address": "édicule EDF face au 81 boulevard de Charonne",
    "in_paris": true,
    "excluded": false,
    "exclude_reason": "",
    "raw_name": "Space Invader PA_0821, édicule EDF face au 81 boulevard de Charonne",
    "arrondissement": 11
   }
  },
  {
   "type": "Feature",
   "geometry": {
    "type": "Point",
    "coordinates": [
     2.400672,
     48.858452
    ]
   },
   "properties": {
    "id": "PA_0822",
    "codes": [
     "PA_0822"
    ],
    "city": "PA",
    "address": "2 rue de Lesseps",
    "in_paris": true,
    "excluded": false,
    "exclude_reason": "",
    "raw_name": "Space Invader PA_0822, 2 rue de Lesseps",
    "arrondissement": 20
   }
  },
  {
   "type": "Feature",
   "geometry": {
    "type": "Point",
    "coordinates": [
     2.38499,
     48.8867
    ]
   },
   "properties": {
    "id": "PA_0823",
    "codes": [
     "PA_0823"
    ],
    "city": "PA",
    "address": "145 avenue Jean Jaurès",
    "in_paris": true,
    "excluded": false,
    "exclude_reason": "",
    "raw_name": "Space Invader PA_0823, 145 avenue Jean Jaurès",
    "arrondissement": 19
   }
  },
  {
   "type": "Feature",
   "geometry": {
    "type": "Point",
    "coordinates": [
     2.423043,
     48.855796
    ]
   },
   "properties": {
    "id": "PA_0825",
    "codes": [
     "PA_0825"
    ],
    "city": "PA",
    "address": "186 rue de Paris",
    "in_paris": false,
    "excluded": false,
    "exclude_reason": "",
    "raw_name": "Space Invader PA_0825, 186 rue de Paris"
   }
  },
  {
   "type": "Feature",
   "geometry": {
    "type": "Point",
    "coordinates": [
     2.378194,
     48.872319
    ]
   },
   "properties": {
    "id": "PA_0826",
    "codes": [
     "PA_0826"
    ],
    "city": "PA",
    "address": "22 rue Denoyez",
    "in_paris": true,
    "excluded": false,
    "exclude_reason": "",
    "raw_name": "Space Invader PA_0826, 22 rue Denoyez",
    "arrondissement": 20
   }
  },
  {
   "type": "Feature",
   "geometry": {
    "type": "Point",
    "coordinates": [
     2.399423,
     48.863391
    ]
   },
   "properties": {
    "id": "PA_0827",
    "codes": [
     "PA_0827"
    ],
    "city": "PA",
    "address": "1 bis rue des Rondonneaux",
    "in_paris": true,
    "excluded": false,
    "exclude_reason": "",
    "raw_name": "Space Invader PA_0827, 1 bis rue des Rondonneaux",
    "arrondissement": 20
   }
  },
  {
   "type": "Feature",
   "geometry": {
    "type": "Point",
    "coordinates": [
     2.399058,
     48.854764
    ]
   },
   "properties": {
    "id": "PA_0828",
    "codes": [
     "PA_0828"
    ],
    "city": "PA",
    "address": "38 rue de Terre Neuve",
    "in_paris": true,
    "excluded": false,
    "exclude_reason": "",
    "raw_name": "Space Invader PA_0828, 38 rue de Terre Neuve",
    "arrondissement": 20
   }
  },
  {
   "type": "Feature",
   "geometry": {
    "type": "Point",
    "coordinates": [
     2.398948,
     48.855099
    ]
   },
   "properties": {
    "id": "PA_0829",
    "codes": [
     "PA_0829"
    ],
    "city": "PA",
    "address": "104 rue de Buzenval",
    "in_paris": true,
    "excluded": false,
    "exclude_reason": "",
    "raw_name": "Space Invader PA_0829, 104 rue de Buzenval",
    "arrondissement": 20
   }
  },
  {
   "type": "Feature",
   "geometry": {
    "type": "Point",
    "coordinates": [
     2.405892,
     48.856031
    ]
   },
   "properties": {
    "id": "PA_0830",
    "codes": [
     "PA_0830"
    ],
    "city": "PA",
    "address": "68 rue des Orteaux",
    "in_paris": true,
    "excluded": false,
    "exclude_reason": "",
    "raw_name": "Space Invader PA_0830, 68 rue des Orteaux",
    "arrondissement": 20
   }
  },
  {
   "type": "Feature",
   "geometry": {
    "type": "Point",
    "coordinates": [
     2.401255,
     48.851954
    ]
   },
   "properties": {
    "id": "PA_0831",
    "codes": [
     "PA_0831"
    ],
    "city": "PA",
    "address": "métro Buzenval",
    "in_paris": true,
    "excluded": false,
    "exclude_reason": "",
    "raw_name": "Space Invader PA_0831, métro Buzenval",
    "arrondissement": 20
   }
  },
  {
   "type": "Feature",
   "geometry": {
    "type": "Point",
    "coordinates": [
     2.399387,
     48.857551
    ]
   },
   "properties": {
    "id": "PA_0832",
    "codes": [
     "PA_0832"
    ],
    "city": "PA",
    "address": "100 rue de la Réunion",
    "in_paris": true,
    "excluded": false,
    "exclude_reason": "",
    "raw_name": "Space Invader PA_0832, 100 rue de la Réunion",
    "arrondissement": 20
   }
  },
  {
   "type": "Feature",
   "geometry": {
    "type": "Point",
    "coordinates": [
     2.399298,
     48.857411
    ]
   },
   "properties": {
    "id": "PA_0833",
    "codes": [
     "PA_0833"
    ],
    "city": "PA",
    "address": "dans l'Abribus",
    "in_paris": true,
    "excluded": false,
    "exclude_reason": "",
    "raw_name": "Space Invader PA_0833, dans l'Abribus",
    "arrondissement": 20
   }
  },
  {
   "type": "Feature",
   "geometry": {
    "type": "Point",
    "coordinates": [
     2.39874,
     48.85837
    ]
   },
   "properties": {
    "id": "PA_0834",
    "codes": [
     "PA_0834"
    ],
    "city": "PA",
    "address": "entrée du Père Lachaise",
    "in_paris": true,
    "excluded": false,
    "exclude_reason": "",
    "raw_name": "Space Invader PA_0834, entrée du Père Lachaise",
    "arrondissement": 20
   }
  },
  {
   "type": "Feature",
   "geometry": {
    "type": "Point",
    "coordinates": [
     2.39961,
     48.85916
    ]
   },
   "properties": {
    "id": "PA_0835",
    "codes": [
     "PA_0835"
    ],
    "city": "PA",
    "address": "13 rue de Lasseps",
    "in_paris": true,
    "excluded": false,
    "exclude_reason": "",
    "raw_name": "Space Invader PA_0835, 13 rue de Lasseps",
    "arrondissement": 20
   }
  },
  {
   "type": "Feature",
   "geometry": {
    "type": "Point",
    "coordinates": [
     2.374087,
     48.853818
    ]
   },
   "properties": {
    "id": "PA_0836",
    "codes": [
     "PA_0836"
    ],
    "city": "PA",
    "address": "11 passage Thiéré",
    "in_paris": true,
    "excluded": false,
    "exclude_reason": "",
    "raw_name": "Space Invader PA_0836, 11 passage Thiéré",
    "arrondissement": 11
   }
  },
  {
   "type": "Feature",
   "geometry": {
    "type": "Point",
    "coordinates": [
     2.375263,
     48.855904
    ]
   },
   "properties": {
    "id": "PA_0837",
    "codes": [
     "PA_0837"
    ],
    "city": "PA",
    "address": "53bis rue de la Roquette",
    "in_paris": true,
    "excluded": false,
    "exclude_reason": "",
    "raw_name": "Space Invader PA_0837, 53bis rue de la Roquette",
    "arrondissement": 11
   }
  },
  {
   "type": "Feature",
   "geometry": {
    "type": "Point",
    "coordinates": [
     2.39423,
     48.85637
    ]
   },
   "properties": {
    "id": "PA_0838",
    "codes": [
     "PA_0838"
    ],
    "city": "PA",
    "address": "113 boulevard de Charonne",
    "in_paris": true,
    "excluded": false,
    "exclude_reason": "",
    "raw_name": "Space Invader PA_0838, 113 boulevard de Charonne",
    "arrondissement": 11
   }
  },
  {
   "type": "Feature",
   "geometry": {
    "type": "Point",
    "coordinates": [
     2.348743,
     48.862906
    ]
   },
   "properties": {
    "id": "PA_0839",
    "codes": [
     "PA_0839"
    ],
    "city": "PA",
    "address": "20 rue de la Grande Truanderie",
    "in_paris": true,
    "excluded": false,
    "exclude_reason": "",
    "raw_name": "Space Invader PA_0839, 20 rue de la Grande Truanderie",
    "arrondissement": 1
   }
  },
  {
   "type": "Feature",
   "geometry": {
    "type": "Point",
    "coordinates": [
     2.348423,
     48.864981
    ]
   },
   "properties": {
    "id": "PA_0841",
    "codes": [
     "PA_0841"
    ],
    "city": "PA",
    "address": "4 rue Marie Stuart",
    "in_paris": true,
    "excluded": false,
    "exclude_reason": "",
    "raw_name": "Space Invader PA_0841, 4 rue Marie Stuart",
    "arrondissement": 2
   }
  },
  {
   "type": "Feature",
   "geometry": {
    "type": "Point",
    "coordinates": [
     2.333121,
     48.866503
    ]
   },
   "properties": {
    "id": "PA_0842",
    "codes": [
     "PA_0842",
     "PA_1040"
    ],
    "city": "PA",
    "address": "32 rue Saint-Roch",
    "in_paris": true,
    "excluded": false,
    "exclude_reason": "",
    "raw_name": "Space Invader PA_0842 & PA_1040, 32 rue Saint-Roch",
    "arrondissement": 1
   }
  },
  {
   "type": "Feature",
   "geometry": {
    "type": "Point",
    "coordinates": [
     2.32519,
     48.866059
    ]
   },
   "properties": {
    "id": "PA_0843",
    "codes": [
     "PA_0843"
    ],
    "city": "PA",
    "address": "246 rue de Rivoli",
    "in_paris": true,
    "excluded": false,
    "exclude_reason": "",
    "raw_name": "Space Invader PA_0843, 246 rue de Rivoli",
    "arrondissement": 1
   }
  },
  {
   "type": "Feature",
   "geometry": {
    "type": "Point",
    "coordinates": [
     2.31016,
     48.87421
    ]
   },
   "properties": {
    "id": "PA_0844",
    "codes": [
     "PA_0844",
     "PA_0918"
    ],
    "city": "PA",
    "address": "20 rue de Courcelles",
    "in_paris": true,
    "excluded": false,
    "exclude_reason": "",
    "raw_name": "Space Invader PA_0844 & PA_0918, 20 rue de Courcelles",
    "arrondissement": 8
   }
  },
  {
   "type": "Feature",
   "geometry": {
    "type": "Point",
    "coordinates": [
     2.30986,
     48.872463
    ]
   },
   "properties": {
    "id": "PA_0845",
    "codes": [
     "PA_0845"
    ],
    "city": "PA",
    "address": "73 rue La Boétie",
    "in_paris": true,
    "excluded": false,
    "exclude_reason": "",
    "raw_name": "Space Invader PA_0845, 73 rue La Boétie",
    "arrondissement": 8
   }
  },
  {
   "type": "Feature",
   "geometry": {
    "type": "Point",
    "coordinates": [
     2.359575,
     48.864751
    ]
   },
   "properties": {
    "id": "PA_0846",
    "codes": [
     "PA_0846"
    ],
    "city": "PA",
    "address": "4 rue de Réaumur",
    "in_paris": true,
    "excluded": false,
    "exclude_reason": "",
    "raw_name": "Space Invader PA_0846, 4 rue de Réaumur",
    "arrondissement": 3
   }
  },
  {
   "type": "Feature",
   "geometry": {
    "type": "Point",
    "coordinates": [
     2.307994,
     48.841557
    ]
   },
   "properties": {
    "id": "PA_0847",
    "codes": [
     "PA_0847"
    ],
    "city": "PA",
    "address": "métro Volontaires",
    "in_paris": true,
    "excluded": false,
    "exclude_reason": "",
    "raw_name": "Space Invader PA_0847, métro Volontaires",
    "arrondissement": 15
   }
  },
  {
   "type": "Feature",
   "geometry": {
    "type": "Point",
    "coordinates": [
     2.31498,
     48.84012
    ]
   },
   "properties": {
    "id": "PA_0848",
    "codes": [
     "PA_0848"
    ],
    "city": "PA",
    "address": "1 rue de l'Armorique",
    "in_paris": true,
    "excluded": false,
    "exclude_reason": "",
    "raw_name": "Space Invader PA_0848, 1 rue de l'Armorique",
    "arrondissement": 15
   }
  },
  {
   "type": "Feature",
   "geometry": {
    "type": "Point",
    "coordinates": [
     2.323702,
     48.840532
    ]
   },
   "properties": {
    "id": "PA_0849",
    "codes": [
     "PA_0849"
    ],
    "city": "PA",
    "address": "3 rue du Maine",
    "in_paris": true,
    "excluded": false,
    "exclude_reason": "",
    "raw_name": "Space Invader PA_0849, 3 rue du Maine",
    "arrondissement": 14
   }
  },
  {
   "type": "Feature",
   "geometry": {
    "type": "Point",
    "coordinates": [
     2.32324,
     48.84065
    ]
   },
   "properties": {
    "id": "PA_0850",
    "codes": [
     "PA_0850"
    ],
    "city": "PA",
    "address": "1 rue Poinsot",
    "in_paris": true,
    "excluded": false,
    "exclude_reason": "",
    "raw_name": "Space Invader PA_0850, 1 rue Poinsot",
    "arrondissement": 14
   }
  },
  {
   "type": "Feature",
   "geometry": {
    "type": "Point",
    "coordinates": [
     2.330338,
     48.842183
    ]
   },
   "properties": {
    "id": "PA_0851",
    "codes": [
     "PA_0851"
    ],
    "city": "PA",
    "address": "14 Bis rue de la Grande Chaumière",
    "in_paris": true,
    "excluded": false,
    "exclude_reason": "",
    "raw_name": "Space invader PA_0851, 14 Bis rue de la Grande Chaumière",
    "arrondissement": 6
   }
  },
  {
   "type": "Feature",
   "geometry": {
    "type": "Point",
    "coordinates": [
     2.38287,
     48.859408
    ]
   },
   "properties": {
    "id": "PA_0852",
    "codes": [
     "PA_0852"
    ],
    "city": "PA",
    "address": "10 rue Saint-Maur",
    "in_paris": true,
    "excluded": false,
    "exclude_reason": "",
    "raw_name": "Space Invader PA_0852, 10 rue Saint-Maur",
    "arrondissement": 11
   }
  },
  {
   "type": "Feature",
   "geometry": {
    "type": "Point",
    "coordinates": [
     2.365062,
     48.873725
    ]
   },
   "properties": {
    "id": "PA_0853",
    "codes": [
     "PA_0853"
    ],
    "city": "PA",
    "address": "12 rue de la Grange aux Belles",
    "in_paris": true,
    "excluded": false,
    "exclude_reason": "",
    "raw_name": "Space Invader PA_0853, 12 rue de la Grange aux Belles",
    "arrondissement": 10
   }
  },
  {
   "type": "Feature",
   "geometry": {
    "type": "Point",
    "coordinates": [
     2.356058,
     48.884381
    ]
   },
   "properties": {
    "id": "PA_0854",
    "codes": [
     "PA_0854"
    ],
    "city": "PA",
    "address": "1 rue de Tombouctou",
    "in_paris": true,
    "excluded": false,
    "exclude_reason": "",
    "raw_name": "Space Invader PA_0854, 1 rue de Tombouctou",
    "arrondissement": 18
   }
  },
  {
   "type": "Feature",
   "geometry": {
    "type": "Point",
    "coordinates": [
     2.335894,
     48.887443
    ]
   },
   "properties": {
    "id": "PA_0855",
    "codes": [
     "PA_0855"
    ],
    "city": "PA",
    "address": "75 rue Lepic",
    "in_paris": true,
    "excluded": false,
    "exclude_reason": "",
    "raw_name": "Space Invader PA_0855, 75 rue Lepic",
    "arrondissement": 18
   }
  },
  {
   "type": "Feature",
   "geometry": {
    "type": "Point",
    "coordinates": [
     2.34136,
     48.88653
    ]
   },
   "properties": {
    "id": "PA_0856",
    "codes": [
     "PA_0856"
    ],
    "city": "PA",
    "address": "rue Saint-Eleuthere",
    "in_paris": true,
    "excluded": false,
    "exclude_reason": "",
    "raw_name": "Space Invader PA_0856, rue Saint-Eleuthere",
    "arrondissement": 18
   }
  },
  {
   "type": "Feature",
   "geometry": {
    "type": "Point",
    "coordinates": [
     2.340571,
     48.88637
    ]
   },
   "properties": {
    "id": "PA_0857",
    "codes": [
     "PA_0857"
    ],
    "city": "PA",
    "address": "sud-ouest de la place du Tertre",
    "in_paris": true,
    "excluded": false,
    "exclude_reason": "",
    "raw_name": "Space Invader PA_0857, sud-ouest de la place du Tertre",
    "arrondissement": 18
   }
  },
  {
   "type": "Feature",
   "geometry": {
    "type": "Point",
    "coordinates": [
     2.336978,
     48.878807
    ]
   },
   "properties": {
    "id": "PA_0858",
    "codes": [
     "PA_0858"
    ],
    "city": "PA",
    "address": "1 rue la Bruyère",
    "in_paris": true,
    "excluded": false,
    "exclude_reason": "",
    "raw_name": "Space Invader PA_0858, 1 rue la Bruyère",
    "arrondissement": 9
   }
  },
  {
   "type": "Feature",
   "geometry": {
    "type": "Point",
    "coordinates": [
     2.351582,
     48.869763
    ]
   },
   "properties": {
    "id": "PA_0859",
    "codes": [
     "PA_0859"
    ],
    "city": "PA",
    "address": "1 rue de la Lune",
    "in_paris": true,
    "excluded": false,
    "exclude_reason": "",
    "raw_name": "Space Invader PA_0859, 1 rue de la Lune",
    "arrondissement": 2
   }
  },
  {
   "type": "Feature",
   "geometry": {
    "type": "Point",
    "coordinates": [
     2.339842,
     48.86133
    ]
   },
   "properties": {
    "id": "PA_0860",
    "codes": [
     "PA_0860"
    ],
    "city": "PA",
    "address": "1 rue de l'Oratoire",
    "in_paris": true,
    "excluded": false,
    "exclude_reason": "",
    "raw_name": "Space Invader PA_0860, 1 rue de l'Oratoire",
    "arrondissement": 1
   }
  },
  {
   "type": "Feature",
   "geometry": {
    "type": "Point",
    "coordinates": [
     2.37005,
     48.861853
    ]
   },
   "properties": {
    "id": "PA_0861",
    "codes": [
     "PA_0861"
    ],
    "city": "PA",
    "address": "30 passage Saint-Sebastien",
    "in_paris": true,
    "excluded": false,
    "exclude_reason": "",
    "raw_name": "Space Invader PA_0861, 30 passage Saint-Sebastien",
    "arrondissement": 11
   }
  },
  {
   "type": "Feature",
   "geometry": {
    "type": "Point",
    "coordinates": [
     2.309465,
     48.873264
    ]
   },
   "properties": {
    "id": "PA_0862",
    "codes": [
     "PA_0862"
    ],
    "city": "PA",
    "address": "127 rue du Faubourg Saint-Honoré",
    "in_paris": true,
    "excluded": false,
    "exclude_reason": "",
    "raw_name": "Space Invader PA_0862, 127 rue du Faubourg Saint-Honoré",
    "arrondissement": 8
   }
  },
  {
   "type": "Feature",
   "geometry": {
    "type": "Point",
    "coordinates": [
     2.347442,
     48.816734
    ]
   },
   "properties": {
    "id": "PA_0863",
    "codes": [
     "PA_0863"
    ],
    "city": "PA",
    "address": "statue derrière le stade Charlety",
    "in_paris": true,
    "excluded": false,
    "exclude_reason": "",
    "raw_name": "Space Invader PA_0863, statue derrière le stade Charlety",
    "arrondissement": 13
   }
  },
  {
   "type": "Feature",
   "geometry": {
    "type": "Point",
    "coordinates": [
     2.337431,
     48.878599
    ]
   },
   "properties": {
    "id": "PA_0864",
    "codes": [
     "PA_0864"
    ],
    "city": "PA",
    "address": "32 place Saint-Georges",
    "in_paris": true,
    "excluded": false,
    "exclude_reason": "",
    "raw_name": "Space Invader PA_0864, 32 place Saint-Georges",
    "arrondissement": 9
   }
  },
  {
   "type": "Feature",
   "geometry": {
    "type": "Point",
    "coordinates": [
     2.331532,
     48.881236
    ]
   },
   "properties": {
    "id": "PA_0865",
    "codes": [
     "PA_0865"
    ],
    "city": "PA",
    "address": "53 rue Blanche",
    "in_paris": true,
    "excluded": false,
    "exclude_reason": "",
    "raw_name": "Space Invader PA_0865, 53 rue Blanche",
    "arrondissement": 9
   }
  },
  {
   "type": "Feature",
   "geometry": {
    "type": "Point",
    "coordinates": [
     2.331499,
     48.880597
    ]
   },
   "properties": {
    "id": "PA_0866",
    "codes": [
     "PA_0866"
    ],
    "city": "PA",
    "address": "0 rue Paul Escudier",
    "in_paris": true,
    "excluded": false,
    "exclude_reason": "",
    "raw_name": "Space Invader PA_0866, 0 rue Paul Escudier",
    "arrondissement": 9
   }
  },
  {
   "type": "Feature",
   "geometry": {
    "type": "Point",
    "coordinates": [
     2.312029,
     48.880949
    ]
   },
   "properties": {
    "id": "PA_0867",
    "codes": [
     "PA_0867"
    ],
    "city": "PA",
    "address": "30 boulevard de Courcelles",
    "in_paris": true,
    "excluded": false,
    "exclude_reason": "",
    "raw_name": "Space Invader PA_0867, 30 boulevard de Courcelles",
    "arrondissement": 17
   }
  },
  {
   "type": "Feature",
   "geometry": {
    "type": "Point",
    "coordinates": [
     2.32322,
     48.86979
    ]
   },
   "properties": {
    "id": "PA_0868",
    "codes": [
     "PA_0868"
    ],
    "city": "PA",
    "address": "1 boulevard Malsherbes",
    "in_paris": true,
    "excluded": false,
    "exclude_reason": "",
    "raw_name": "Space Invader PA_0868, 1 boulevard Malsherbes",
    "arrondissement": 8
   }
  },
  {
   "type": "Feature",
   "geometry": {
    "type": "Point",
    "coordinates": [
     2.364654,
     48.871945
    ]
   },
   "properties": {
    "id": "PA_0869",
    "codes": [
     "PA_0869"
    ],
    "city": "PA",
    "address": "quai de Valmy",
    "in_paris": true,
    "excluded": false,
    "exclude_reason": "",
    "raw_name": "Space Invader PA_0869, quai de Valmy",
    "arrondissement": 10
   }
  },
  {
   "type": "Feature",
   "geometry": {
    "type": "Point",
    "coordinates": [
     2.364576,
     48.8717
    ]
   },
   "properties": {
    "id": "PA_0870",
    "codes": [
     "PA_0870"
    ],
    "city": "PA",
    "address": "au dessus de chez Prune",
    "in_paris": true,
    "excluded": false,
    "exclude_reason": "",
    "raw_name": "Space Invader PA_0870, au dessus de chez Prune",
    "arrondissement": 10
   }
  },
  {
   "type": "Feature",
   "geometry": {
    "type": "Point",
    "coordinates": [
     2.399089,
     48.854906
    ]
   },
   "properties": {
    "id": "PA_0871",
    "codes": [
     "PA_0871"
    ],
    "city": "PA",
    "address": "29 rue de Terre Neuve",
    "in_paris": true,
    "excluded": false,
    "exclude_reason": "",
    "raw_name": "Space Invader PA_0871, 29 rue de Terre Neuve",
    "arrondissement": 20
   }
  },
  {
   "type": "Feature",
   "geometry": {
    "type": "Point",
    "coordinates": [
     2.368809,
     48.881777
    ]
   },
   "properties": {
    "id": "PA_0872",
    "codes": [
     "PA_0872",
     "PA_1148"
    ],
    "city": "PA",
    "address": "Le Point (pas si) Ephémère",
    "in_paris": true,
    "excluded": false,
    "exclude_reason": "",
    "raw_name": "Space Invader PA_0872 & 1148, Le Point (pas si) Ephémère",
    "arrondissement": 10
   }
  },
  {
   "type": "Feature",
   "geometry": {
    "type": "Point",
    "coordinates": [
     2.346164,
     48.85318
    ]
   },
   "properties": {
    "id": "PA_0873",
    "codes": [
     "PA_0873"
    ],
    "city": "PA",
    "address": "rue du Chat qui Pèche",
    "in_paris": true,
    "excluded": false,
    "exclude_reason": "",
    "raw_name": "Space Invader PA_0873, rue du Chat qui Pèche",
    "arrondissement": 5
   }
  },
  {
   "type": "Feature",
   "geometry": {
    "type": "Point",
    "coordinates": [
     2.34564,
     48.85304
    ]
   },
   "properties": {
    "id": "PA_0874",
    "codes": [
     "PA_0874"
    ],
    "city": "PA",
    "address": "18 rue de la Huchette",
    "in_paris": true,
    "excluded": false,
    "exclude_reason": "",
    "raw_name": "Space Invader PA_0874, 18 rue de la Huchette",
    "arrondissement": 5
   }
  },
  {
   "type": "Feature",
   "geometry": {
    "type": "Point",
    "coordinates": [
     2.353816,
     48.825452
    ]
   },
   "properties": {
    "id": "PA_0875",
    "codes": [
     "PA_0875"
    ],
    "city": "PA",
    "address": "2 rue des Peupliers",
    "in_paris": true,
    "excluded": false,
    "exclude_reason": "",
    "raw_name": "Space Invader PA_0875, 2 rue des Peupliers",
    "arrondissement": 13
   }
  },
  {
   "type": "Feature",
   "geometry": {
    "type": "Point",
    "coordinates": [
     2.424849,
     48.856137
    ]
   },
   "properties": {
    "id": "PA_0877",
    "codes": [
     "PA_0877"
    ],
    "city": "PA",
    "address": "146 rue de Paris",
    "in_paris": false,
    "excluded": false,
    "exclude_reason": "",
    "raw_name": "Space Invader PA_0877, 146 rue de Paris"
   }
  },
  {
   "type": "Feature",
   "geometry": {
    "type": "Point",
    "coordinates": [
     2.362751,
     48.858694
    ]
   },
   "properties": {
    "id": "PA_0878",
    "codes": [
     "PA_0878"
    ],
    "city": "PA",
    "address": "17 rue Payenne",
    "in_paris": true,
    "excluded": false,
    "exclude_reason": "",
    "raw_name": "Space Invader PA_0878, 17 rue Payenne",
    "arrondissement": 3
   }
  },
  {
   "type": "Feature",
   "geometry": {
    "type": "Point",
    "coordinates": [
     2.371354,
     48.856036
    ]
   },
   "properties": {
    "id": "PA_0879",
    "codes": [
     "PA_0879"
    ],
    "city": "PA",
    "address": "22 rue Saint-Sabin",
    "in_paris": true,
    "excluded": false,
    "exclude_reason": "",
    "raw_name": "Space Invader PA_0879, 22 rue Saint-Sabin",
    "arrondissement": 11
   }
  },
  {
   "type": "Feature",
   "geometry": {
    "type": "Point",
    "coordinates": [
     2.329937,
     48.858934
    ]
   },
   "properties": {
    "id": "PA_0880",
    "codes": [
     "PA_0880"
    ],
    "city": "PA",
    "address": "4 rue de Beaune",
    "in_paris": true,
    "excluded": false,
    "exclude_reason": "",
    "raw_name": "Space Invader PA_0880, 4 rue de Beaune",
    "arrondissement": 7
   }
  },
  {
   "type": "Feature",
   "geometry": {
    "type": "Point",
    "coordinates": [
     2.32827,
     48.85819
    ]
   },
   "properties": {
    "id": "PA_0881",
    "codes": [
     "PA_0881"
    ],
    "city": "PA",
    "address": "20 rue du Bac",
    "in_paris": true,
    "excluded": false,
    "exclude_reason": "",
    "raw_name": "Space Invader PA_0881, 20 rue du Bac",
    "arrondissement": 7
   }
  },
  {
   "type": "Feature",
   "geometry": {
    "type": "Point",
    "coordinates": [
     2.366984,
     48.868625
    ]
   },
   "properties": {
    "id": "PA_0882",
    "codes": [
     "PA_0882"
    ],
    "city": "PA",
    "address": "29 boulevard Jules Ferry",
    "in_paris": true,
    "excluded": false,
    "exclude_reason": "",
    "raw_name": "Space Invader PA_0882, 29 boulevard Jules Ferry",
    "arrondissement": 10
   }
  },
  {
   "type": "Feature",
   "geometry": {
    "type": "Point",
    "coordinates": [
     2.371311,
     48.889524
    ]
   },
   "properties": {
    "id": "PA_0883",
    "codes": [
     "PA_0883"
    ],
    "city": "PA",
    "address": "3 rue Curial",
    "in_paris": true,
    "excluded": false,
    "exclude_reason": "",
    "raw_name": "Space Invader PA_0883, 3 rue Curial",
    "arrondissement": 19
   }
  },
  {
   "type": "Feature",
   "geometry": {
    "type": "Point",
    "coordinates": [
     2.365937,
     48.88157
    ]
   },
   "properties": {
    "id": "PA_0884",
    "codes": [
     "PA_0884"
    ],
    "city": "PA",
    "address": "205 rue La Fayette",
    "in_paris": true,
    "excluded": false,
    "exclude_reason": "",
    "raw_name": "Space Invader PA_0884, 205 rue La Fayette",
    "arrondissement": 10
   }
  },
  {
   "type": "Feature",
   "geometry": {
    "type": "Point",
    "coordinates": [
     2.29472,
     48.877328
    ]
   },
   "properties": {
    "id": "PA_0885",
    "codes": [
     "PA_0885"
    ],
    "city": "PA",
    "address": "36 rue Brey",
    "in_paris": true,
    "excluded": false,
    "exclude_reason": "",
    "raw_name": "Space Invader PA_0885, 36 rue Brey",
    "arrondissement": 17
   }
  },
  {
   "type": "Feature",
   "geometry": {
    "type": "Point",
    "coordinates": [
     2.380393,
     48.853537
    ]
   },
   "properties": {
    "id": "PA_0886",
    "codes": [
     "PA_0886"
    ],
    "city": "PA",
    "address": "43 rue Saint-Bernard",
    "in_paris": true,
    "excluded": false,
    "exclude_reason": "",
    "raw_name": "Space Invader PA_0886, 43 rue Saint-Bernard",
    "arrondissement": 11
   }
  },
  {
   "type": "Feature",
   "geometry": {
    "type": "Point",
    "coordinates": [
     2.389592,
     48.828006
    ]
   },
   "properties": {
    "id": "PA_0887",
    "codes": [
     "PA_0887"
    ],
    "city": "PA",
    "address": "sur le bastion de Bercy",
    "in_paris": true,
    "excluded": false,
    "exclude_reason": "",
    "raw_name": "Space Invader PA_0887, sur le bastion de Bercy",
    "arrondissement": 12
   }
  },
  {
   "type": "Feature",
   "geometry": {
    "type": "Point",
    "coordinates": [
     2.372167,
     48.854688
    ]
   },
   "properties": {
    "id": "PA_0888",
    "codes": [
     "PA_0888"
    ],
    "city": "PA",
    "address": "21 rue de la Roquette",
    "in_paris": true,
    "excluded": false,
    "exclude_reason": "",
    "raw_name": "Space Invader PA_0888, 21 rue de la Roquette",
    "arrondissement": 11
   }
  },
  {
   "type": "Feature",
   "geometry": {
    "type": "Point",
    "coordinates": [
     2.373707,
     48.89116
    ]
   },
   "properties": {
    "id": "PA_0889",
    "codes": [
     "PA_0889"
    ],
    "city": "PA",
    "address": "34 rue Mathis",
    "in_paris": true,
    "excluded": false,
    "exclude_reason": "",
    "raw_name": "Space Invader PA_0889, 34 rue Mathis",
    "arrondissement": 19
   }
  },
  {
   "type": "Feature",
   "geometry": {
    "type": "Point",
    "coordinates": [
     2.334337,
     48.894525
    ]
   },
   "properties": {
    "id": "PA_0890",
    "codes": [
     "PA_0890"
    ],
    "city": "PA",
    "address": "175bis rue Championnet",
    "in_paris": true,
    "excluded": false,
    "exclude_reason": "",
    "raw_name": "Space Invader PA_0890, 175bis rue Championnet",
    "arrondissement": 18
   }
  },
  {
   "type": "Feature",
   "geometry": {
    "type": "Point",
    "coordinates": [
     2.317294,
     48.886024
    ]
   },
   "properties": {
    "id": "PA_0891",
    "codes": [
     "PA_0891"
    ],
    "city": "PA",
    "address": "59 rue Legendre",
    "in_paris": true,
    "excluded": false,
    "exclude_reason": "",
    "raw_name": "Space Invader PA_0891, 59 rue Legendre",
    "arrondissement": 17
   }
  },
  {
   "type": "Feature",
   "geometry": {
    "type": "Point",
    "coordinates": [
     2.309874,
     48.873719
    ]
   },
   "properties": {
    "id": "PA_0892",
    "codes": [
     "PA_0892"
    ],
    "city": "PA",
    "address": "7 avenue Myron Herrick",
    "in_paris": true,
    "excluded": false,
    "exclude_reason": "",
    "raw_name": "Space Invader PA_0892, 7 avenue Myron Herrick",
    "arrondissement": 8
   }
  },
  {
   "type": "Feature",
   "geometry": {
    "type": "Point",
    "coordinates": [
     2.332738,
     48.864492
    ]
   },
   "properties": {
    "id": "PA_0893",
    "codes": [
     "PA_0893"
    ],
    "city": "PA",
    "address": "6 rue des Pyramides",
    "in_paris": true,
    "excluded": false,
    "exclude_reason": "",
    "raw_name": "Space Invader PA_0893, 6 rue des Pyramides",
    "arrondissement": 1
   }
  },
  {
   "type": "Feature",
   "geometry": {
    "type": "Point",
    "coordinates": [
     2.337102,
     48.868841
    ]
   },
   "properties": {
    "id": "PA_0894",
    "codes": [
     "PA_0894"
    ],
    "city": "PA",
    "address": "11 rue Saint-Augustin",
    "in_paris": true,
    "excluded": false,
    "exclude_reason": "",
    "raw_name": "Space Invader PA_0894, 11 rue Saint-Augustin",
    "arrondissement": 2
   }
  },
  {
   "type": "Feature",
   "geometry": {
    "type": "Point",
    "coordinates": [
     2.387233,
     48.900435
    ]
   },
   "properties": {
    "id": "PA_0895",
    "codes": [
     "PA_0895"
    ],
    "city": "PA",
    "address": "place Auguste Baron",
    "in_paris": true,
    "excluded": false,
    "exclude_reason": "",
    "raw_name": "Space Invader PA_0895, place Auguste Baron",
    "arrondissement": 19
   }
  },
  {
   "type": "Feature",
   "geometry": {
    "type": "Point",
    "coordinates": [
     2.3294,
     48.81901
    ]
   },
   "properties": {
    "id": "PA_0896",
    "codes": [
     "PA_0896"
    ],
    "city": "PA",
    "address": "23 avenue du Docteur Lannelongue",
    "in_paris": true,
    "excluded": false,
    "exclude_reason": "",
    "raw_name": "Space Invader PA_0896, 23 avenue du Docteur Lannelongue",
    "arrondissement": 14
   }
  },
  {
   "type": "Feature",
   "geometry": {
    "type": "Point",
    "coordinates": [
     2.295427,
     48.819408
    ]
   },
   "properties": {
    "id": "PA_0897",
    "codes": [
     "PA_0897"
    ],
    "city": "PA",
    "address": "1 boulevard Gabriel Péri",
    "in_paris": false,
    "excluded": false,
    "exclude_reason": "",
    "raw_name": "Space Invader PA_0897, 1 boulevard Gabriel Péri"
   }
  },
  {
   "type": "Feature",
   "geometry": {
    "type": "Point",
    "coordinates": [
     2.337751,
     48.882134
    ]
   },
   "properties": {
    "id": "PA_0900",
    "codes": [
     "PA_0900"
    ],
    "city": "PA",
    "address": "place Pigalle",
    "in_paris": true,
    "excluded": false,
    "exclude_reason": "",
    "raw_name": "Space Invader PA_0900, place Pigalle",
    "arrondissement": 9
   }
  },
  {
   "type": "Feature",
   "geometry": {
    "type": "Point",
    "coordinates": [
     2.300103,
     48.838477
    ]
   },
   "properties": {
    "id": "PA_0901",
    "codes": [
     "PA_0901"
    ],
    "city": "PA",
    "address": "1 rue Léon Delhomme",
    "in_paris": true,
    "excluded": false,
    "exclude_reason": "",
    "raw_name": "Space Invader PA_0901, 1 rue Léon Delhomme",
    "arrondissement": 15
   }
  },
  {
   "type": "Feature",
   "geometry": {
    "type": "Point",
    "coordinates": [
     2.301983,
     48.846342
    ]
   },
   "properties": {
    "id": "PA_0902",
    "codes": [
     "PA_0902"
    ],
    "city": "PA",
    "address": "17 rue de Cambronne",
    "in_paris": true,
    "excluded": false,
    "exclude_reason": "",
    "raw_name": "Space Invader PA_0902, 17 rue de Cambronne",
    "arrondissement": 15
   }
  },
  {
   "type": "Feature",
   "geometry": {
    "type": "Point",
    "coordinates": [
     2.301958,
     48.881567
    ]
   },
   "properties": {
    "id": "PA_0903",
    "codes": [
     "PA_0903"
    ],
    "city": "PA",
    "address": "15 rue Cardinet",
    "in_paris": true,
    "excluded": false,
    "exclude_reason": "",
    "raw_name": "Space Invader PA_0903, 15 rue Cardinet",
    "arrondissement": 17
   }
  },
  {
   "type": "Feature",
   "geometry": {
    "type": "Point",
    "coordinates": [
     2.37878,
     48.849948
    ]
   },
   "properties": {
    "id": "PA_0904",
    "codes": [
     "PA_0904"
    ],
    "city": "PA",
    "address": "23 rue d'Aligre",
    "in_paris": true,
    "excluded": false,
    "exclude_reason": "",
    "raw_name": "Space Invader PA_0904, 23 rue d'Aligre",
    "arrondissement": 12
   }
  },
  {
   "type": "Feature",
   "geometry": {
    "type": "Point",
    "coordinates": [
     2.354615,
     48.885039
    ]
   },
   "properties": {
    "id": "PA_0906",
    "codes": [
     "PA_0906"
    ],
    "city": "PA",
    "address": "9 rue de la Goutte d'Or",
    "in_paris": true,
    "excluded": false,
    "exclude_reason": "",
    "raw_name": "Space Invader PA_0906, 9 rue de la Goutte d'Or",
    "arrondissement": 18
   }
  },
  {
   "type": "Feature",
   "geometry": {
    "type": "Point",
    "coordinates": [
     2.38963,
     48.853621
    ]
   },
   "properties": {
    "id": "PA_0908",
    "codes": [
     "PA_0908"
    ],
    "city": "PA",
    "address": "10 cité Beauharnais",
    "in_paris": true,
    "excluded": false,
    "exclude_reason": "",
    "raw_name": "Space Invader PA_0908, 10 cité Beauharnais",
    "arrondissement": 11
   }
  },
  {
   "type": "Feature",
   "geometry": {
    "type": "Point",
    "coordinates": [
     2.391909,
     48.903461
    ]
   },
   "properties": {
    "id": "PA_0910",
    "codes": [
     "PA_0910"
    ],
    "city": "PA",
    "address": "72 avenue Jean Jaurès",
    "in_paris": false,
    "excluded": false,
    "exclude_reason": "",
    "raw_name": "Space Invader PA_0910, 72 avenue Jean Jaurès"
   }
  },
  {
   "type": "Feature",
   "geometry": {
    "type": "Point",
    "coordinates": [
     2.38639,
     48.90018
    ]
   },
   "properties": {
    "id": "PA_0911",
    "codes": [
     "PA_0911"
    ],
    "city": "PA",
    "address": "7Z place Auguste Baron",
    "in_paris": true,
    "excluded": false,
    "exclude_reason": "",
    "raw_name": "Space Invader PA_0911, 7Z place Auguste Baron",
    "arrondissement": 19
   }
  },
  {
   "type": "Feature",
   "geometry": {
    "type": "Point",
    "coordinates": [
     2.357463,
     48.915428
    ]
   },
   "properties": {
    "id": "PA_0912",
    "codes": [
     "PA_0912"
    ],
    "city": "PA",
    "address": "pont de Soissons",
    "in_paris": false,
    "excluded": false,
    "exclude_reason": "",
    "raw_name": "Space Invader PA_0912, pont de Soissons"
   }
  },
  {
   "type": "Feature",
   "geometry": {
    "type": "Point",
    "coordinates": [
     2.34409,
     48.910287
    ]
   },
   "properties": {
    "id": "PA_0913",
    "codes": [
     "PA_0913"
    ],
    "city": "PA",
    "address": "42 avenue Michelet",
    "in_paris": false,
    "excluded": false,
    "exclude_reason": "",
    "raw_name": "Space Invader PA_0913, 42 avenue Michelet"
   }
  },
  {
   "type": "Feature",
   "geometry": {
    "type": "Point",
    "coordinates": [
     2.292583,
     48.900339
    ]
   },
   "properties": {
    "id": "PA_0914",
    "codes": [
     "PA_0914"
    ],
    "city": "PA",
    "address": "103,5 rue Baudin",
    "in_paris": false,
    "excluded": false,
    "exclude_reason": "",
    "raw_name": "Space Invader PA_0914, 103,5 rue Baudin"
   }
  },
  {
   "type": "Feature",
   "geometry": {
    "type": "Point",
    "coordinates": [
     2.285538,
     48.891474
    ]
   },
   "properties": {
    "id": "PA_0915",
    "codes": [
     "PA_0915"
    ],
    "city": "PA",
    "address": "69 rue Anatole France",
    "in_paris": false,
    "excluded": false,
    "exclude_reason": "",
    "raw_name": "Space Invader PA_0915, 69 rue Anatole France"
   }
  },
  {
   "type": "Feature",
   "geometry": {
    "type": "Point",
    "coordinates": [
     2.294866,
     48.87954
    ]
   },
   "properties": {
    "id": "PA_0916",
    "codes": [
     "PA_0916"
    ],
    "city": "PA",
    "address": "14 rue Bayen",
    "in_paris": true,
    "excluded": false,
    "exclude_reason": "",
    "raw_name": "Space Invader PA_0916, 14 rue Bayen",
    "arrondissement": 17
   }
  },
  {
   "type": "Feature",
   "geometry": {
    "type": "Point",
    "coordinates": [
     2.295,
     48.87987
    ]
   },
   "properties": {
    "id": "PA_0917",
    "codes": [
     "PA_0917"
    ],
    "city": "PA",
    "address": "2 rue de Fourcroy",
    "in_paris": true,
    "excluded": false,
    "exclude_reason": "",
    "raw_name": "Space Invader PA_0917, 2 rue de Fourcroy",
    "arrondissement": 17
   }
  },
  {
   "type": "Feature",
   "geometry": {
    "type": "Point",
    "coordinates": [
     2.347732,
     48.864308
    ]
   },
   "properties": {
    "id": "PA_0919",
    "codes": [
     "PA_0919"
    ],
    "city": "PA",
    "address": "12 rue Française",
    "in_paris": true,
    "excluded": false,
    "exclude_reason": "",
    "raw_name": "Space Invader PA_0919, 12 rue Française",
    "arrondissement": 2
   }
  },
  {
   "type": "Feature",
   "geometry": {
    "type": "Point",
    "coordinates": [
     2.440717,
     48.875313
    ]
   },
   "properties": {
    "id": "PA_0920",
    "codes": [
     "PA_0920"
    ],
    "city": "PA",
    "address": "41 boulevard Edouard Branly",
    "in_paris": false,
    "excluded": false,
    "exclude_reason": "",
    "raw_name": "Space Invader PA_0920, 41 boulevard Edouard Branly"
   }
  },
  {
   "type": "Feature",
   "geometry": {
    "type": "Point",
    "coordinates": [
     2.375702,
     48.838591
    ]
   },
   "properties": {
    "id": "PA_0921",
    "codes": [
     "PA_0921"
    ],
    "city": "PA",
    "address": "pont de Bercy/quai de Bercy",
    "in_paris": true,
    "excluded": false,
    "exclude_reason": "",
    "raw_name": "Space Invader PA_0921, pont de Bercy/quai de Bercy",
    "arrondissement": 12
   }
  },
  {
   "type": "Feature",
   "geometry": {
    "type": "Point",
    "coordinates": [
     2.374027,
     48.837552
    ]
   },
   "properties": {
    "id": "PA_0922",
    "codes": [
     "PA_0922"
    ],
    "city": "PA",
    "address": "pont de Bercy/quai d'Austerlitz",
    "in_paris": true,
    "excluded": false,
    "exclude_reason": "",
    "raw_name": "Space Invader PA_0922, pont de Bercy/quai d'Austerlitz",
    "arrondissement": 13
   }
  },
  {
   "type": "Feature",
   "geometry": {
    "type": "Point",
    "coordinates": [
     2.390012,
     48.836981
    ]
   },
   "properties": {
    "id": "PA_0923",
    "codes": [
     "PA_0923"
    ],
    "city": "PA",
    "address": "face au 36 rue Coriolis",
    "in_paris": true,
    "excluded": false,
    "exclude_reason": "",
    "raw_name": "Space Invader PA_0923, face au 36 rue Coriolis",
    "arrondissement": 12
   }
  },
  {
   "type": "Feature",
   "geometry": {
    "type": "Point",
    "coordinates": [
     2.37178,
     48.842509
    ]
   },
   "properties": {
    "id": "PA_0924",
    "codes": [
     "PA_0924"
    ],
    "city": "PA",
    "address": "56 quai de la Rapée",
    "in_paris": true,
    "excluded": false,
    "exclude_reason": "",
    "raw_name": "Space Invader PA_0924, 56 quai de la Rapée",
    "arrondissement": 12
   }
  },
  {
   "type": "Feature",
   "geometry": {
    "type": "Point",
    "coordinates": [
     2.362963,
     48.850165
    ]
   },
   "properties": {
    "id": "PA_0925",
    "codes": [
     "PA_0925"
    ],
    "city": "PA",
    "address": "17 boulevard Morland",
    "in_paris": true,
    "excluded": false,
    "exclude_reason": "",
    "raw_name": "Space Invader PA_0925, 17 boulevard Morland",
    "arrondissement": 4
   }
  },
  {
   "type": "Feature",
   "geometry": {
    "type": "Point",
    "coordinates": [
     2.3516,
     48.861722
    ]
   },
   "properties": {
    "id": "PA_0926",
    "codes": [
     "PA_0926"
    ],
    "city": "PA",
    "address": "149 rue Saint-Martin",
    "in_paris": true,
    "excluded": false,
    "exclude_reason": "",
    "raw_name": "Space Invader PA_0926, 149 rue Saint-Martin",
    "arrondissement": 3
   }
  },
  {
   "type": "Feature",
   "geometry": {
    "type": "Point",
    "coordinates": [
     2.360387,
     48.815316
    ]
   },
   "properties": {
    "id": "PA_0929",
    "codes": [
     "PA_0929"
    ],
    "city": "PA",
    "address": "1 rue du Général Leclerc",
    "in_paris": false,
    "excluded": false,
    "exclude_reason": "",
    "raw_name": "Space Invader PA_0929, 1 rue du Général Leclerc"
   }
  },
  {
   "type": "Feature",
   "geometry": {
    "type": "Point",
    "coordinates": [
     2.345165,
     48.873136
    ]
   },
   "properties": {
    "id": "PA_0930",
    "codes": [
     "PA_0930"
    ],
    "city": "PA",
    "address": "8 rue de Trévise",
    "in_paris": true,
    "excluded": false,
    "exclude_reason": "",
    "raw_name": "Space Invader PA_0930, 8 rue de Trévise",
    "arrondissement": 9
   }
  },
  {
   "type": "Feature",
   "geometry": {
    "type": "Point",
    "coordinates": [
     2.347349,
     48.874087
    ]
   },
   "properties": {
    "id": "PA_0931",
    "codes": [
     "PA_0931"
    ],
    "city": "PA",
    "address": "2 rue Ambroise Thomas",
    "in_paris": true,
    "excluded": false,
    "exclude_reason": "",
    "raw_name": "Space Invader PA_0931, 2 rue Ambroise Thomas",
    "arrondissement": 9
   }
  },
  {
   "type": "Feature",
   "geometry": {
    "type": "Point",
    "coordinates": [
     2.356239,
     48.869025
    ]
   },
   "properties": {
    "id": "PA_0932",
    "codes": [
     "PA_0932"
    ],
    "city": "PA",
    "address": "Théâtre de la Renaissance",
    "in_paris": true,
    "excluded": false,
    "exclude_reason": "",
    "raw_name": "Space Invader PA_0932, Théâtre de la Renaissance",
    "arrondissement": 10
   }
  },
  {
   "type": "Feature",
   "geometry": {
    "type": "Point",
    "coordinates": [
     2.336602,
     48.827162
    ]
   },
   "properties": {
    "id": "PA_0933",
    "codes": [
     "PA_0933"
    ],
    "city": "PA",
    "address": "11ter rue d'Alésia",
    "in_paris": true,
    "excluded": false,
    "exclude_reason": "",
    "raw_name": "Space Invader PA_0933, 11ter rue d'Alésia",
    "arrondissement": 14
   }
  },
  {
   "type": "Feature",
   "geometry": {
    "type": "Point",
    "coordinates": [
     2.310077,
     48.833181
    ]
   },
   "properties": {
    "id": "PA_0934",
    "codes": [
     "PA_0934"
    ],
    "city": "PA",
    "address": "76 rue de Vouillé",
    "in_paris": true,
    "excluded": false,
    "exclude_reason": "",
    "raw_name": "Space Invader PA_0934, 76 rue de Vouillé",
    "arrondissement": 15
   }
  },
  {
   "type": "Feature",
   "geometry": {
    "type": "Point",
    "coordinates": [
     2.301551,
     48.847476
    ]
   },
   "properties": {
    "id": "PA_0935",
    "codes": [
     "PA_0935"
    ],
    "city": "PA",
    "address": "2 rue Cambronne",
    "in_paris": true,
    "excluded": false,
    "exclude_reason": "",
    "raw_name": "Space Invader PA_0935, 2 rue Cambronne",
    "arrondissement": 15
   }
  },
  {
   "type": "Feature",
   "geometry": {
    "type": "Point",
    "coordinates": [
     2.363471,
     48.841776
    ]
   },
   "properties": {
    "id": "PA_0936",
    "codes": [
     "PA_0936"
    ],
    "city": "PA",
    "address": "boulevard de l'Hôpital sous le métro",
    "in_paris": true,
    "excluded": false,
    "exclude_reason": "",
    "raw_name": "Space Invader PA_0936, boulevard de l'Hôpital sous le métro",
    "arrondissement": 13
   }
  },
  {
   "type": "Feature",
   "geometry": {
    "type": "Point",
    "coordinates": [
     2.346681,
     48.830319
    ]
   },
   "properties": {
    "id": "PA_0937",
    "codes": [
     "PA_0937"
    ],
    "city": "PA",
    "address": "face au 80 boulevard Auguste Blanqui",
    "in_paris": true,
    "excluded": false,
    "exclude_reason": "",
    "raw_name": "Space Invader PA_0937, face au 80 boulevard Auguste Blanqui",
    "arrondissement": 13
   }
  },
  {
   "type": "Feature",
   "geometry": {
    "type": "Point",
    "coordinates": [
     2.346628,
     48.830237
    ]
   },
   "properties": {
    "id": "PA_0938",
    "codes": [
     "PA_0938"
    ],
    "city": "PA",
    "address": "face au 91 boulevard Auguste Blanqui",
    "in_paris": true,
    "excluded": false,
    "exclude_reason": "",
    "raw_name": "Space Invader PA_0938, face au 91 boulevard Auguste Blanqui",
    "arrondissement": 13
   }
  },
  {
   "type": "Feature",
   "geometry": {
    "type": "Point",
    "coordinates": [
     2.33202,
     48.834147
    ]
   },
   "properties": {
    "id": "PA_0939",
    "codes": [
     "PA_0939"
    ],
    "city": "PA",
    "address": "métro Denfert-Rochereau",
    "in_paris": true,
    "excluded": false,
    "exclude_reason": "",
    "raw_name": "Space Invader PA_0939, métro Denfert-Rochereau",
    "arrondissement": 14
   }
  },
  {
   "type": "Feature",
   "geometry": {
    "type": "Point",
    "coordinates": [
     2.303352,
     48.841811
    ]
   },
   "properties": {
    "id": "PA_0941",
    "codes": [
     "PA_0941"
    ],
    "city": "PA",
    "address": "103 rue Cambronne",
    "in_paris": true,
    "excluded": false,
    "exclude_reason": "",
    "raw_name": "Space Invader PA_0941, 103 rue Cambronne",
    "arrondissement": 15
   }
  },
  {
   "type": "Feature",
   "geometry": {
    "type": "Point",
    "coordinates": [
     2.352675,
     48.825857
    ]
   },
   "properties": {
    "id": "PA_0942",
    "codes": [
     "PA_0942"
    ],
    "city": "PA",
    "address": "2 passage Foubert",
    "in_paris": true,
    "excluded": false,
    "exclude_reason": "",
    "raw_name": "Space Invader PA_0942, 2 passage Foubert",
    "arrondissement": 13
   }
  },
  {
   "type": "Feature",
   "geometry": {
    "type": "Point",
    "coordinates": [
     2.37904,
     48.831301
    ]
   },
   "properties": {
    "id": "PA_0943",
    "codes": [
     "PA_0943"
    ],
    "city": "PA",
    "address": "entrée des Frigos",
    "in_paris": true,
    "excluded": false,
    "exclude_reason": "",
    "raw_name": "Space Invader PA_0943, entrée des Frigos",
    "arrondissement": 13
   }
  },
  {
   "type": "Feature",
   "geometry": {
    "type": "Point",
    "coordinates": [
     2.384482,
     48.850812
    ]
   },
   "properties": {
    "id": "PA_0944",
    "codes": [
     "PA_0944"
    ],
    "city": "PA",
    "address": "10 rue Faidherbe",
    "in_paris": true,
    "excluded": false,
    "exclude_reason": "",
    "raw_name": "Space Invader PA_0944, 10 rue Faidherbe",
    "arrondissement": 11
   }
  },
  {
   "type": "Feature",
   "geometry": {
    "type": "Point",
    "coordinates": [
     2.369865,
     48.866294
    ]
   },
   "properties": {
    "id": "PA_0945",
    "codes": [
     "PA_0945"
    ],
    "city": "PA",
    "address": "81 rue de la Folie Méricourt",
    "in_paris": true,
    "excluded": false,
    "exclude_reason": "",
    "raw_name": "Space Invader PA_0945, 81 rue de la Folie Méricourt",
    "arrondissement": 11
   }
  },
  {
   "type": "Feature",
   "geometry": {
    "type": "Point",
    "coordinates": [
     2.35482,
     48.870725
    ]
   },
   "properties": {
    "id": "PA_0946",
    "codes": [
     "PA_0946"
    ],
    "city": "PA",
    "address": "1 rue de Metz",
    "in_paris": true,
    "excluded": false,
    "exclude_reason": "",
    "raw_name": "Space Invader PA_0946, 1 rue de Metz",
    "arrondissement": 10
   }
  },
  {
   "type": "Feature",
   "geometry": {
    "type": "Point",
    "coordinates": [
     2.355805,
     48.875181
    ]
   },
   "properties": {
    "id": "PA_0947",
    "codes": [
     "PA_0947"
    ],
    "city": "PA",
    "address": "105 rue du Faubourg Saint-Denis",
    "in_paris": true,
    "excluded": false,
    "exclude_reason": "",
    "raw_name": "Space Invader PA_0947, 105 rue du Faubourg Saint-Denis",
    "arrondissement": 10
   }
  },
  {
   "type": "Feature",
   "geometry": {
    "type": "Point",
    "coordinates": [
     2.35325,
     48.87101
    ]
   },
   "properties": {
    "id": "PA_0948",
    "codes": [
     "PA_0948"
    ],
    "city": "PA",
    "address": "33 rue du Faubourg Saint-Denis",
    "in_paris": true,
    "excluded": false,
    "exclude_reason": "",
    "raw_name": "Space Invader PA_0948, 33 rue du Faubourg Saint-Denis",
    "arrondissement": 10
   }
  },
  {
   "type": "Feature",
   "geometry": {
    "type": "Point",
    "coordinates": [
     2.297832,
     48.844942
    ]
   },
   "properties": {
    "id": "PA_0949",
    "codes": [
     "PA_0949"
    ],
    "city": "PA",
    "address": "1 rue Joseph Liouville",
    "in_paris": true,
    "excluded": false,
    "exclude_reason": "",
    "raw_name": "Space Invader PA_0949, 1 rue Joseph Liouville",
    "arrondissement": 15
   }
  },
  {
   "type": "Feature",
   "geometry": {
    "type": "Point",
    "coordinates": [
     2.293254,
     48.850446
    ]
   },
   "properties": {
    "id": "PA_0950",
    "codes": [
     "PA_0950"
    ],
    "city": "PA",
    "address": "métro Dupleix",
    "in_paris": true,
    "excluded": false,
    "exclude_reason": "",
    "raw_name": "Space Invader PA_0950, métro Dupleix",
    "arrondissement": 15
   }
  },
  {
   "type": "Feature",
   "geometry": {
    "type": "Point",
    "coordinates": [
     2.294131,
     48.850322
    ]
   },
   "properties": {
    "id": "PA_0951",
    "codes": [
     "PA_0951"
    ],
    "city": "PA",
    "address": "face au 75 boulevard de Grenelle",
    "in_paris": true,
    "excluded": false,
    "exclude_reason": "",
    "raw_name": "Space Invader PA_0951, face au 75 boulevard de Grenelle",
    "arrondissement": 15
   }
  },
  {
   "type": "Feature",
   "geometry": {
    "type": "Point",
    "coordinates": [
     2.324819,
     48.868124
    ]
   },
   "properties": {
    "id": "PA_0952",
    "codes": [
     "PA_0952"
    ],
    "city": "PA",
    "address": "4 rue du Chevalier de Saint-Georges",
    "in_paris": true,
    "excluded": false,
    "exclude_reason": "",
    "raw_name": "Space Invader PA_0952, 4 rue du Chevalier de Saint-Georges",
    "arrondissement": 1
   }
  },
  {
   "type": "Feature",
   "geometry": {
    "type": "Point",
    "coordinates": [
     2.354778,
     48.859264
    ]
   },
   "properties": {
    "id": "PA_0953",
    "codes": [
     "PA_0953"
    ],
    "city": "PA",
    "address": "9 rue du Plâtre",
    "in_paris": true,
    "excluded": false,
    "exclude_reason": "",
    "raw_name": "Space Invader PA_0953, 9 rue du Plâtre",
    "arrondissement": 4
   }
  },
  {
   "type": "Feature",
   "geometry": {
    "type": "Point",
    "coordinates": [
     2.36391,
     48.86588
    ]
   },
   "properties": {
    "id": "PA_0955",
    "codes": [
     "PA_0955"
    ],
    "city": "PA",
    "address": "12 rue Béranger",
    "in_paris": true,
    "excluded": false,
    "exclude_reason": "",
    "raw_name": "Space Invader PA_0955, 12 rue Béranger",
    "arrondissement": 3
   }
  },
  {
   "type": "Feature",
   "geometry": {
    "type": "Point",
    "coordinates": [
     2.353345,
     48.866906
    ]
   },
   "properties": {
    "id": "PA_0956",
    "codes": [
     "PA_0956"
    ],
    "city": "PA",
    "address": "5 rue Papin",
    "in_paris": true,
    "excluded": false,
    "exclude_reason": "",
    "raw_name": "Space Invader PA_0956, 5 rue Papin",
    "arrondissement": 3
   }
  },
  {
   "type": "Feature",
   "geometry": {
    "type": "Point",
    "coordinates": [
     2.368976,
     48.844588
    ]
   },
   "properties": {
    "id": "PA_0957",
    "codes": [
     "PA_0957"
    ],
    "city": "PA",
    "address": "86 Quai de la Rapée",
    "in_paris": true,
    "excluded": false,
    "exclude_reason": "",
    "raw_name": "Space Invader PA_0957, 86 Quai de la Rapée",
    "arrondissement": 12
   }
  },
  {
   "type": "Feature",
   "geometry": {
    "type": "Point",
    "coordinates": [
     2.392206,
     48.836181
    ]
   },
   "properties": {
    "id": "PA_0958",
    "codes": [
     "PA_0958"
    ],
    "city": "PA",
    "address": "255 rue de Charenton",
    "in_paris": true,
    "excluded": false,
    "exclude_reason": "",
    "raw_name": "Space Invader PA_0958, 255 rue de Charenton",
    "arrondissement": 12
   }
  },
  {
   "type": "Feature",
   "geometry": {
    "type": "Point",
    "coordinates": [
     2.362772,
     48.863771
    ]
   },
   "properties": {
    "id": "PA_0959",
    "codes": [
     "PA_0959"
    ],
    "city": "PA",
    "address": "1 rue du Forez",
    "in_paris": true,
    "excluded": false,
    "exclude_reason": "",
    "raw_name": "Space Invader PA_0959, 1 rue du Forez",
    "arrondissement": 3
   }
  },
  {
   "type": "Feature",
   "geometry": {
    "type": "Point",
    "coordinates": [
     2.389569,
     48.858285
    ]
   },
   "properties": {
    "id": "PA_0960",
    "codes": [
     "PA_0960"
    ],
    "city": "PA",
    "address": "141 boulevard Philippe Auguste",
    "in_paris": true,
    "excluded": false,
    "exclude_reason": "",
    "raw_name": "Space Invader PA_0960, 141 boulevard Philippe Auguste",
    "arrondissement": 11
   }
  },
  {
   "type": "Feature",
   "geometry": {
    "type": "Point",
    "coordinates": [
     2.37858,
     48.85078
    ]
   },
   "properties": {
    "id": "PA_0961",
    "codes": [
     "PA_0961"
    ],
    "city": "PA",
    "address": "2 rue Trousseau",
    "in_paris": true,
    "excluded": false,
    "exclude_reason": "",
    "raw_name": "Space Invader PA_0961, 2 rue Trousseau",
    "arrondissement": 11
   }
  },
  {
   "type": "Feature",
   "geometry": {
    "type": "Point",
    "coordinates": [
     2.406605,
     48.876826
    ]
   },
   "properties": {
    "id": "PA_0962",
    "codes": [
     "PA_0962"
    ],
    "city": "PA",
    "address": "métro Porte des Lilas",
    "in_paris": true,
    "excluded": false,
    "exclude_reason": "",
    "raw_name": "Space Invader PA_0962, métro Porte des Lilas",
    "arrondissement": 20
   }
  },
  {
   "type": "Feature",
   "geometry": {
    "type": "Point",
    "coordinates": [
     2.364533,
     48.866341
    ]
   },
   "properties": {
    "id": "PA_0963",
    "codes": [
     "PA_0963"
    ],
    "city": "PA",
    "address": "41 boulevard du Temple",
    "in_paris": true,
    "excluded": false,
    "exclude_reason": "",
    "raw_name": "Space Invader PA_0963, 41 boulevard du Temple",
    "arrondissement": 3
   }
  },
  {
   "type": "Feature",
   "geometry": {
    "type": "Point",
    "coordinates": [
     2.332779,
     48.858728
    ]
   },
   "properties": {
    "id": "PA_0965",
    "codes": [
     "PA_0965"
    ],
    "city": "PA",
    "address": "statue de Paris du pont du Carrousel",
    "in_paris": true,
    "excluded": false,
    "exclude_reason": "",
    "raw_name": "Space Invader PA_0965, statue de Paris du pont du Carrousel",
    "arrondissement": 6
   }
  },
  {
   "type": "Feature",
   "geometry": {
    "type": "Point",
    "coordinates": [
     2.287752,
     48.855595
    ]
   },
   "properties": {
    "id": "PA_0966",
    "codes": [
     "PA_0966"
    ],
    "city": "PA",
    "address": "pont de Bir-Hakeim",
    "in_paris": true,
    "excluded": false,
    "exclude_reason": "",
    "raw_name": "Space Invader PA_0966, pont de Bir-Hakeim",
    "arrondissement": 15
   }
  },
  {
   "type": "Feature",
   "geometry": {
    "type": "Point",
    "coordinates": [
     2.289107,
     48.854678
    ]
   },
   "properties": {
    "id": "PA_0967",
    "codes": [
     "PA_0967"
    ],
    "city": "PA",
    "address": "105 quai Branly",
    "in_paris": true,
    "excluded": false,
    "exclude_reason": "",
    "raw_name": "Space Invader PA_0967, 105 quai Branly",
    "arrondissement": 15
   }
  },
  {
   "type": "Feature",
   "geometry": {
    "type": "Point",
    "coordinates": [
     2.28661,
     48.856601
    ]
   },
   "properties": {
    "id": "PA_0968",
    "codes": [
     "PA_0968"
    ],
    "city": "PA",
    "address": "nord du pont de Bir-Hakeim",
    "in_paris": true,
    "excluded": false,
    "exclude_reason": "",
    "raw_name": "Space Invader PA_0968, nord du pont de Bir-Hakeim",
    "arrondissement": 16
   }
  },
  {
   "type": "Feature",
   "geometry": {
    "type": "Point",
    "coordinates": [
     2.27966,
     48.849996
    ]
   },
   "properties": {
    "id": "PA_0969",
    "codes": [
     "PA_0969"
    ],
    "city": "PA",
    "address": "Statue de la Liberté",
    "in_paris": true,
    "excluded": false,
    "exclude_reason": "",
    "raw_name": "Space Invader PA_0969, Statue de la Liberté",
    "arrondissement": 15
   }
  },
  {
   "type": "Feature",
   "geometry": {
    "type": "Point",
    "coordinates": [
     2.28058,
     48.850592
    ]
   },
   "properties": {
    "id": "PA_0970",
    "codes": [
     "PA_0970"
    ],
    "city": "PA",
    "address": "allée des Cygnes",
    "in_paris": true,
    "excluded": false,
    "exclude_reason": "",
    "raw_name": "Space Invader PA_0970, allée des Cygnes",
    "arrondissement": 15
   }
  },
  {
   "type": "Feature",
   "geometry": {
    "type": "Point",
    "coordinates": [
     2.334976,
     48.830178
    ]
   },
   "properties": {
    "id": "PA_0971",
    "codes": [
     "PA_0971"
    ],
    "city": "PA",
    "address": "1 rue du Saint-Gothard",
    "in_paris": true,
    "excluded": false,
    "exclude_reason": "",
    "raw_name": "Space Invader PA_0971, 1 rue du Saint-Gothard",
    "arrondissement": 14
   }
  },
  {
   "type": "Feature",
   "geometry": {
    "type": "Point",
    "coordinates": [
     2.415351,
     48.846276
    ]
   },
   "properties": {
    "id": "PA_0972",
    "codes": [
     "PA_0972"
    ],
    "city": "PA",
    "address": "22 rue Bernard Lecache",
    "in_paris": true,
    "excluded": false,
    "exclude_reason": "",
    "raw_name": "Space Invader PA_0972, 22 rue Bernard Lecache",
    "arrondissement": 12
   }
  },
  {
   "type": "Feature",
   "geometry": {
    "type": "Point",
    "coordinates": [
     2.353292,
     48.8672
    ]
   },
   "properties": {
    "id": "PA_0973",
    "codes": [
     "PA_0973",
     "PA_0974",
     "PA_0975"
    ],
    "city": "PA",
    "address": "entrée du square Emile Chautemps",
    "in_paris": true,
    "excluded": false,
    "exclude_reason": "",
    "raw_name": "Space Invader PA_0973 PA_0974 & PA_0975, entrée du square Emile Chautemps",
    "arrondissement": 3
   }
  },
  {
   "type": "Feature",
   "geometry": {
    "type": "Point",
    "coordinates": [
     2.343669,
     48.868233
    ]
   },
   "properties": {
    "id": "PA_0976",
    "codes": [
     "PA_0976"
    ],
    "city": "PA",
    "address": "130 rue Montmartre",
    "in_paris": true,
    "excluded": false,
    "exclude_reason": "",
    "raw_name": "Space Invader PA_0976, 130 rue Montmartre",
    "arrondissement": 2
   }
  },
  {
   "type": "Feature",
   "geometry": {
    "type": "Point",
    "coordinates": [
     2.351805,
     48.86606
    ]
   },
   "properties": {
    "id": "PA_0977",
    "codes": [
     "PA_0977"
    ],
    "city": "PA",
    "address": "passage Basfour",
    "in_paris": true,
    "excluded": false,
    "exclude_reason": "",
    "raw_name": "Space Invader PA_0977, passage Basfour",
    "arrondissement": 2
   }
  },
  {
   "type": "Feature",
   "geometry": {
    "type": "Point",
    "coordinates": [
     2.346475,
     48.863739
    ]
   },
   "properties": {
    "id": "PA_0978",
    "codes": [
     "PA_0978"
    ],
    "city": "PA",
    "address": "28 rue Montorgueil",
    "in_paris": true,
    "excluded": false,
    "exclude_reason": "",
    "raw_name": "Space Invader PA_0978, 28 rue Montorgueil",
    "arrondissement": 1
   }
  },
  {
   "type": "Feature",
   "geometry": {
    "type": "Point",
    "coordinates": [
     2.361237,
     48.850876
    ]
   },
   "properties": {
    "id": "PA_0979",
    "codes": [
     "PA_0979"
    ],
    "city": "PA",
    "address": "pont de Sully côté rive Droite",
    "in_paris": true,
    "excluded": false,
    "exclude_reason": "",
    "raw_name": "Space Invader PA_0979, pont de Sully côté rive Droite",
    "arrondissement": 4
   }
  },
  {
   "type": "Feature",
   "geometry": {
    "type": "Point",
    "coordinates": [
     2.383141,
     48.839793
    ]
   },
   "properties": {
    "id": "PA_0980",
    "codes": [
     "PA_0980"
    ],
    "city": "PA",
    "address": "sous le pont du boulevard de Bercy",
    "in_paris": true,
    "excluded": false,
    "exclude_reason": "",
    "raw_name": "Space Invader PA_0980, sous le pont du boulevard de Bercy",
    "arrondissement": 12
   }
  },
  {
   "type": "Feature",
   "geometry": {
    "type": "Point",
    "coordinates": [
     2.383271,
     48.845118
    ]
   },
   "properties": {
    "id": "PA_0981",
    "codes": [
     "PA_0981"
    ],
    "city": "PA",
    "address": "place du Colonel Bourgouin",
    "in_paris": true,
    "excluded": false,
    "exclude_reason": "",
    "raw_name": "Space Invader PA_0981, place du Colonel Bourgouin",
    "arrondissement": 12
   }
  },
  {
   "type": "Feature",
   "geometry": {
    "type": "Point",
    "coordinates": [
     2.406642,
     48.865966
    ]
   },
   "properties": {
    "id": "PA_0983",
    "codes": [
     "PA_0983"
    ],
    "city": "PA",
    "address": "rue Mondoville",
    "in_paris": true,
    "excluded": false,
    "exclude_reason": "",
    "raw_name": "Space Invader PA_0983, rue Mondoville",
    "arrondissement": 20
   }
  },
  {
   "type": "Feature",
   "geometry": {
    "type": "Point",
    "coordinates": [
     2.392771,
     48.882183
    ]
   },
   "properties": {
    "id": "PA_0984",
    "codes": [
     "PA_0984"
    ],
    "city": "PA",
    "address": "1 place Rhin et Danube",
    "in_paris": true,
    "excluded": false,
    "exclude_reason": "",
    "raw_name": "Space Invader PA_0984, 1 place Rhin et Danube",
    "arrondissement": 19
   }
  },
  {
   "type": "Feature",
   "geometry": {
    "type": "Point",
    "coordinates": [
     2.399501,
     48.879782
    ]
   },
   "properties": {
    "id": "PA_0985",
    "codes": [
     "PA_0985"
    ],
    "city": "PA",
    "address": "52 boulevard Sérurier",
    "in_paris": true,
    "excluded": false,
    "exclude_reason": "",
    "raw_name": "Space Invader PA_0985, 52 boulevard Sérurier",
    "arrondissement": 19
   }
  },
  {
   "type": "Feature",
   "geometry": {
    "type": "Point",
    "coordinates": [
     2.38444,
     48.87939
    ]
   },
   "properties": {
    "id": "PA_0986",
    "codes": [
     "PA_0986"
    ],
    "city": "PA",
    "address": "face à la rue du Tunnel",
    "in_paris": true,
    "excluded": false,
    "exclude_reason": "",
    "raw_name": "Space Invader PA_0986, face à la rue du Tunnel",
    "arrondissement": 19
   }
  },
  {
   "type": "Feature",
   "geometry": {
    "type": "Point",
    "coordinates": [
     2.378722,
     48.8875
    ]
   },
   "properties": {
    "id": "PA_0987",
    "codes": [
     "PA_0987"
    ],
    "city": "PA",
    "address": "39 quai de la Loire",
    "in_paris": true,
    "excluded": false,
    "exclude_reason": "",
    "raw_name": "Space Invader PA_0987, 39 quai de la Loire",
    "arrondissement": 19
   }
  },
  {
   "type": "Feature",
   "geometry": {
    "type": "Point",
    "coordinates": [
     2.350654,
     48.883751
    ]
   },
   "properties": {
    "id": "PA_0988",
    "codes": [
     "PA_0988"
    ],
    "city": "PA",
    "address": "métro Barbès-Rochechouart",
    "in_paris": true,
    "excluded": false,
    "exclude_reason": "",
    "raw_name": "Space Invader PA_0988, métro Barbès-Rochechouart",
    "arrondissement": 10
   }
  },
  {
   "type": "Feature",
   "geometry": {
    "type": "Point",
    "coordinates": [
     2.361296,
     48.89142
    ]
   },
   "properties": {
    "id": "PA_0989",
    "codes": [
     "PA_0989"
    ],
    "city": "PA",
    "address": "2 rue de l'Évangile",
    "in_paris": true,
    "excluded": false,
    "exclude_reason": "",
    "raw_name": "Space Invader PA_0989, 2 rue de l'Évangile",
    "arrondissement": 18
   }
  },
  {
   "type": "Feature",
   "geometry": {
    "type": "Point",
    "coordinates": [
     2.360347,
     48.884479
    ]
   },
   "properties": {
    "id": "PA_0990",
    "codes": [
     "PA_0990"
    ],
    "city": "PA",
    "address": "métro La Chapelle",
    "in_paris": true,
    "excluded": false,
    "exclude_reason": "",
    "raw_name": "Space Invader PA_0990, métro La Chapelle",
    "arrondissement": 18
   }
  },
  {
   "type": "Feature",
   "geometry": {
    "type": "Point",
    "coordinates": [
     2.37435,
     48.87414
    ]
   },
   "properties": {
    "id": "PA_0991",
    "codes": [
     "PA_0991"
    ],
    "city": "PA",
    "address": "33 boulevard de la Villette",
    "in_paris": true,
    "excluded": false,
    "exclude_reason": "",
    "raw_name": "Space Invader PA_0991, 33 boulevard de la Villette",
    "arrondissement": 10
   }
  },
  {
   "type": "Feature",
   "geometry": {
    "type": "Point",
    "coordinates": [
     2.408995,
     48.876705
    ]
   },
   "properties": {
    "id": "PA_0993",
    "codes": [
     "PA_0993"
    ],
    "city": "PA",
    "address": "entrée du périphérique porte des Lilas",
    "in_paris": true,
    "excluded": false,
    "exclude_reason": "",
    "raw_name": "Space Invader PA_0993, entrée du périphérique porte des Lilas",
    "arrondissement": 20
   }
  },
  {
   "type": "Feature",
   "geometry": {
    "type": "Point",
    "coordinates": [
     2.310692,
     48.896963
    ]
   },
   "properties": {
    "id": "PA_0994",
    "codes": [
     "PA_0994"
    ],
    "city": "PA",
    "address": "0 boulevard Duaumont",
    "in_paris": true,
    "excluded": false,
    "exclude_reason": "",
    "raw_name": "Space Invader PA_0994, 0 boulevard Duaumont",
    "arrondissement": 17
   }
  },
  {
   "type": "Feature",
   "geometry": {
    "type": "Point",
    "coordinates": [
     2.31856,
     48.886437
    ]
   },
   "properties": {
    "id": "PA_0995",
    "codes": [
     "PA_0995"
    ],
    "city": "PA",
    "address": "place du Docteur Félix Lobligeois",
    "in_paris": true,
    "excluded": false,
    "exclude_reason": "",
    "raw_name": "Space Invader PA_0995, place du Docteur Félix Lobligeois",
    "arrondissement": 17
   }
  },
  {
   "type": "Feature",
   "geometry": {
    "type": "Point",
    "coordinates": [
     2.287779,
     48.879968
    ]
   },
   "properties": {
    "id": "PA_0996",
    "codes": [
     "PA_0996"
    ],
    "city": "PA",
    "address": "face au 89 avenue des Ternes",
    "in_paris": true,
    "excluded": false,
    "exclude_reason": "",
    "raw_name": "Space Invader PA_0996, face au 89 avenue des Ternes",
    "arrondissement": 17
   }
  },
  {
   "type": "Feature",
   "geometry": {
    "type": "Point",
    "coordinates": [
     2.350808,
     48.861738
    ]
   },
   "properties": {
    "id": "PA_0997",
    "codes": [
     "PA_0997"
    ],
    "city": "PA",
    "address": "61 rue Quincampoix",
    "in_paris": true,
    "excluded": false,
    "exclude_reason": "",
    "raw_name": "Space Invader PA_0997, 61 rue Quincampoix",
    "arrondissement": 4
   }
  },
  {
   "type": "Feature",
   "geometry": {
    "type": "Point",
    "coordinates": [
     2.350135,
     48.863976
    ]
   },
   "properties": {
    "id": "PA_0998",
    "codes": [
     "PA_0998"
    ],
    "city": "PA",
    "address": "impasse des Peintres",
    "in_paris": true,
    "excluded": false,
    "exclude_reason": "",
    "raw_name": "Space Invader PA_0998, impasse des Peintres",
    "arrondissement": 2
   }
  },
  {
   "type": "Feature",
   "geometry": {
    "type": "Point",
    "coordinates": [
     2.380989,
     48.857783
    ]
   },
   "properties": {
    "id": "PA_0999",
    "codes": [
     "PA_0999"
    ],
    "city": "PA",
    "address": "136 rue de la Roquette",
    "in_paris": true,
    "excluded": false,
    "exclude_reason": "",
    "raw_name": "Space Invader PA_0999, 136 rue de la Roquette",
    "arrondissement": 11
   }
  },
  {
   "type": "Feature",
   "geometry": {
    "type": "Point",
    "coordinates": [
     2.379518,
     48.859588
    ]
   },
   "properties": {
    "id": "PA_1000",
    "codes": [
     "PA_1000",
     "PA_1001"
    ],
    "city": "PA",
    "address": "dans le hall de la Générale",
    "in_paris": true,
    "excluded": false,
    "exclude_reason": "",
    "raw_name": "Space Invader PA_1000 & PA_1001, dans le hall de la Générale",
    "arrondissement": 11
   }
  },
  {
   "type": "Feature",
   "geometry": {
    "type": "Point",
    "coordinates": [
     2.4408,
     48.77895
    ]
   },
   "properties": {
    "id": "PA_1002",
    "codes": [
     "PA_1002"
    ],
    "city": "PA",
    "address": "bretelle d'autoroute A86/N406, face au Castorama de Créteil",
    "in_paris": false,
    "excluded": false,
    "exclude_reason": "",
    "raw_name": "Space Invader PA_1002, bretelle d'autoroute A86/N406, face au Castorama de Créteil"
   }
  },
  {
   "type": "Feature",
   "geometry": {
    "type": "Point",
    "coordinates": [
     2.306245,
     48.877676
    ]
   },
   "properties": {
    "id": "PA_1004",
    "codes": [
     "PA_1004"
    ],
    "city": "PA",
    "address": "66 rue de Courcelles",
    "in_paris": true,
    "excluded": false,
    "exclude_reason": "",
    "raw_name": "Space Invader PA_1004, 66 rue de Courcelles",
    "arrondissement": 8
   }
  },
  {
   "type": "Feature",
   "geometry": {
    "type": "Point",
    "coordinates": [
     2.375371,
     48.865237
    ]
   },
   "properties": {
    "id": "PA_1005",
    "codes": [
     "PA_1005"
    ],
    "city": "PA",
    "address": "89 rue Oberkampf",
    "in_paris": true,
    "excluded": false,
    "exclude_reason": "",
    "raw_name": "Space Invader PA_1005, 89 rue Oberkampf",
    "arrondissement": 11
   }
  },
  {
   "type": "Feature",
   "geometry": {
    "type": "Point",
    "coordinates": [
     2.346739,
     48.872126
    ]
   },
   "properties": {
    "id": "PA_1006",
    "codes": [
     "PA_1006"
    ],
    "city": "PA",
    "address": "9 rue Bergère",
    "in_paris": true,
    "excluded": false,
    "exclude_reason": "",
    "raw_name": "Space Invader PA_1006, 9 rue Bergère",
    "arrondissement": 9
   }
  },
  {
   "type": "Feature",
   "geometry": {
    "type": "Point",
    "coordinates": [
     2.340495,
     48.873453
    ]
   },
   "properties": {
    "id": "PA_1007",
    "codes": [
     "PA_1007"
    ],
    "city": "PA",
    "address": "11 rue Drouot",
    "in_paris": true,
    "excluded": false,
    "exclude_reason": "",
    "raw_name": "Space Invader PA_1007, 11 rue Drouot",
    "arrondissement": 9
   }
  },
  {
   "type": "Feature",
   "geometry": {
    "type": "Point",
    "coordinates": [
     2.33839,
     48.868701
    ]
   },
   "properties": {
    "id": "PA_1008",
    "codes": [
     "PA_1008"
    ],
    "city": "PA",
    "address": "75 rue de Richelieu",
    "in_paris": true,
    "excluded": false,
    "exclude_reason": "",
    "raw_name": "Space Invader PA_1008, 75 rue de Richelieu",
    "arrondissement": 2
   }
  },
  {
   "type": "Feature",
   "geometry": {
    "type": "Point",
    "coordinates": [
     2.38921,
     48.85849
    ]
   },
   "properties": {
    "id": "PA_1009",
    "codes": [
     "PA_1009"
    ],
    "city": "PA",
    "address": "1 boulevard de Ménilmontant",
    "in_paris": true,
    "excluded": false,
    "exclude_reason": "",
    "raw_name": "Space Invader PA_1009, 1 boulevard de Ménilmontant",
    "arrondissement": 11
   }
  },
  {
   "type": "Feature",
   "geometry": {
    "type": "Point",
    "coordinates": [
     2.387829,
     48.87723
    ]
   },
   "properties": {
    "id": "PA_1010",
    "codes": [
     "PA_1010"
    ],
    "city": "PA",
    "address": "1 Rue Carducci",
    "in_paris": true,
    "excluded": false,
    "exclude_reason": "",
    "raw_name": "Space Invader PA_1010, 1 Rue Carducci",
    "arrondissement": 19
   }
  },
  {
   "type": "Feature",
   "geometry": {
    "type": "Point",
    "coordinates": [
     2.352622,
     48.873463
    ]
   },
   "properties": {
    "id": "PA_1011",
    "codes": [
     "PA_1011"
    ],
    "city": "PA",
    "address": "1 rue Martel",
    "in_paris": true,
    "excluded": false,
    "exclude_reason": "",
    "raw_name": "Space Invader PA_1011, 1 rue Martel",
    "arrondissement": 10
   }
  },
  {
   "type": "Feature",
   "geometry": {
    "type": "Point",
    "coordinates": [
     2.345251,
     48.878535
    ]
   },
   "properties": {
    "id": "PA_1012",
    "codes": [
     "PA_1012"
    ],
    "city": "PA",
    "address": "32 rue de Rochechouart",
    "in_paris": true,
    "excluded": false,
    "exclude_reason": "",
    "raw_name": "Space Invader PA_1012, 32 rue de Rochechouart",
    "arrondissement": 9
   }
  },
  {
   "type": "Feature",
   "geometry": {
    "type": "Point",
    "coordinates": [
     2.384666,
     48.8516
    ]
   },
   "properties": {
    "id": "PA_1014",
    "codes": [
     "PA_1014"
    ],
    "city": "PA",
    "address": "10 rue Paul Bert",
    "in_paris": true,
    "excluded": false,
    "exclude_reason": "",
    "raw_name": "Space Invader PA_1014, 10 rue Paul Bert",
    "arrondissement": 11
   }
  },
  {
   "type": "Feature",
   "geometry": {
    "type": "Point",
    "coordinates": [
     2.387547,
     48.876297
    ]
   },
   "properties": {
    "id": "PA_1015",
    "codes": [
     "PA_1015"
    ],
    "city": "PA",
    "address": "29 rue de la Villette",
    "in_paris": true,
    "excluded": false,
    "exclude_reason": "",
    "raw_name": "Space Invader PA_1015, 29 rue de la Villette",
    "arrondissement": 19
   }
  },
  {
   "type": "Feature",
   "geometry": {
    "type": "Point",
    "coordinates": [
     2.390206,
     48.87905
    ]
   },
   "properties": {
    "id": "PA_1016",
    "codes": [
     "PA_1016"
    ],
    "city": "PA",
    "address": "34 rue de Crimée",
    "in_paris": true,
    "excluded": false,
    "exclude_reason": "",
    "raw_name": "Space Invader PA_1016, 34 rue de Crimée",
    "arrondissement": 19
   }
  },
  {
   "type": "Feature",
   "geometry": {
    "type": "Point",
    "coordinates": [
     2.388289,
     48.878821
    ]
   },
   "properties": {
    "id": "PA_1017",
    "codes": [
     "PA_1017"
    ],
    "city": "PA",
    "address": "86 rue de la Villette",
    "in_paris": true,
    "excluded": false,
    "exclude_reason": "",
    "raw_name": "Space Invader PA_1017, 86 rue de la Villette",
    "arrondissement": 19
   }
  },
  {
   "type": "Feature",
   "geometry": {
    "type": "Point",
    "coordinates": [
     2.360135,
     48.889951
    ]
   },
   "properties": {
    "id": "PA_1018",
    "codes": [
     "PA_1018"
    ],
    "city": "PA",
    "address": "place Paul Eluard",
    "in_paris": true,
    "excluded": false,
    "exclude_reason": "",
    "raw_name": "Space Invader PA_1018, place Paul Eluard",
    "arrondissement": 18
   }
  },
  {
   "type": "Feature",
   "geometry": {
    "type": "Point",
    "coordinates": [
     2.363303,
     48.8731
    ]
   },
   "properties": {
    "id": "PA_1019",
    "codes": [
     "PA_1019"
    ],
    "city": "PA",
    "address": "23 rue des Vinaigriers",
    "in_paris": true,
    "excluded": false,
    "exclude_reason": "",
    "raw_name": "Space Invader PA_1019, 23 rue des Vinaigriers",
    "arrondissement": 10
   }
  },
  {
   "type": "Feature",
   "geometry": {
    "type": "Point",
    "coordinates": [
     2.343033,
     48.895858
    ]
   },
   "properties": {
    "id": "PA_1020",
    "codes": [
     "PA_1020"
    ],
    "city": "PA",
    "address": "86 rue Championnet",
    "in_paris": true,
    "excluded": false,
    "exclude_reason": "",
    "raw_name": "Space Invader PA_1020, 86 rue Championnet",
    "arrondissement": 18
   }
  },
  {
   "type": "Feature",
   "geometry": {
    "type": "Point",
    "coordinates": [
     2.338842,
     48.895526
    ]
   },
   "properties": {
    "id": "PA_1021",
    "codes": [
     "PA_1021"
    ],
    "city": "PA",
    "address": "1 impasse Robert",
    "in_paris": true,
    "excluded": false,
    "exclude_reason": "",
    "raw_name": "Space Invader PA_1021, 1 impasse Robert",
    "arrondissement": 18
   }
  },
  {
   "type": "Feature",
   "geometry": {
    "type": "Point",
    "coordinates": [
     2.340473,
     48.890852
    ]
   },
   "properties": {
    "id": "PA_1022",
    "codes": [
     "PA_1022"
    ],
    "city": "PA",
    "address": "27 rue Francœoeur",
    "in_paris": true,
    "excluded": false,
    "exclude_reason": "",
    "raw_name": "Space Invader PA_1022, 27 rue Francœoeur",
    "arrondissement": 18
   }
  },
  {
   "type": "Feature",
   "geometry": {
    "type": "Point",
    "coordinates": [
     2.384156,
     48.85006
    ]
   },
   "properties": {
    "id": "PA_1024",
    "codes": [
     "PA_1024"
    ],
    "city": "PA",
    "address": "198 rue du Faubourg Saint-Antoine",
    "in_paris": true,
    "excluded": false,
    "exclude_reason": "",
    "raw_name": "Space Invader PA_1024, 198 rue du Faubourg Saint-Antoine",
    "arrondissement": 12
   }
  },
  {
   "type": "Feature",
   "geometry": {
    "type": "Point",
    "coordinates": [
     2.319318,
     48.875058
    ]
   },
   "properties": {
    "id": "PA_1025",
    "codes": [
     "PA_1025"
    ],
    "city": "PA",
    "address": "5 place Saint-Augustin",
    "in_paris": true,
    "excluded": false,
    "exclude_reason": "",
    "raw_name": "Space Invader PA_1025, 5 place Saint-Augustin",
    "arrondissement": 8
   }
  },
  {
   "type": "Feature",
   "geometry": {
    "type": "Point",
    "coordinates": [
     2.521098,
     48.837786
    ]
   },
   "properties": {
    "id": "PA_1026",
    "codes": [
     "PA_1026"
    ],
    "city": "PA",
    "address": "52 Grande Rue Charles-de-Gaulle",
    "in_paris": false,
    "excluded": false,
    "exclude_reason": "",
    "raw_name": "Space Invader PA_1026, 52 Grande Rue Charles-de-Gaulle"
   }
  },
  {
   "type": "Feature",
   "geometry": {
    "type": "Point",
    "coordinates": [
     2.395604,
     48.856768
    ]
   },
   "properties": {
    "id": "PA_1027",
    "codes": [
     "PA_1027"
    ],
    "city": "PA",
    "address": "Cité Aubry",
    "in_paris": true,
    "excluded": false,
    "exclude_reason": "",
    "raw_name": "Space Invader PA_1027, Cité Aubry",
    "arrondissement": 20
   }
  },
  {
   "type": "Feature",
   "geometry": {
    "type": "Point",
    "coordinates": [
     2.383677,
     48.868194
    ]
   },
   "properties": {
    "id": "PA_1028",
    "codes": [
     "PA_1028"
    ],
    "city": "PA",
    "address": "9 rue des Maronites",
    "in_paris": true,
    "excluded": false,
    "exclude_reason": "",
    "raw_name": "Space Invader PA_1028, 9 rue des Maronites",
    "arrondissement": 20
   }
  },
  {
   "type": "Feature",
   "geometry": {
    "type": "Point",
    "coordinates": [
     2.345563,
     48.86058
    ]
   },
   "properties": {
    "id": "PA_1030",
    "codes": [
     "PA_1030"
    ],
    "city": "PA",
    "address": "41 rue des Bourdonnais",
    "in_paris": true,
    "excluded": false,
    "exclude_reason": "",
    "raw_name": "Space Invader PA_1030, 41 rue des Bourdonnais",
    "arrondissement": 1
   }
  },
  {
   "type": "Feature",
   "geometry": {
    "type": "Point",
    "coordinates": [
     2.38924,
     48.90066
    ]
   },
   "properties": {
    "id": "PA_1031",
    "codes": [
     "PA_1031"
    ],
    "city": "PA",
    "address": "face à un entrepôt abandonné",
    "in_paris": true,
    "excluded": false,
    "exclude_reason": "",
    "raw_name": "Space Invader PA_1031, face à un entrepôt abandonné",
    "arrondissement": 19
   }
  },
  {
   "type": "Feature",
   "geometry": {
    "type": "Point",
    "coordinates": [
     2.364399,
     48.858224
    ]
   },
   "properties": {
    "id": "PA_1032",
    "codes": [
     "PA_1032"
    ],
    "city": "PA",
    "address": "51 rue de Turenne",
    "in_paris": true,
    "excluded": false,
    "exclude_reason": "",
    "raw_name": "Space Invader PA_1032, 51 rue de Turenne",
    "arrondissement": 3
   }
  },
  {
   "type": "Feature",
   "geometry": {
    "type": "Point",
    "coordinates": [
     2.36695,
     48.861085
    ]
   },
   "properties": {
    "id": "PA_1033",
    "codes": [
     "PA_1033"
    ],
    "city": "PA",
    "address": "1 boulevard des Filles du Calvaire",
    "in_paris": true,
    "excluded": false,
    "exclude_reason": "",
    "raw_name": "Space Invader PA_1033, 1 boulevard des Filles du Calvaire",
    "arrondissement": 3
   }
  },
  {
   "type": "Feature",
   "geometry": {
    "type": "Point",
    "coordinates": [
     2.344233,
     48.86119
    ]
   },
   "properties": {
    "id": "PA_1034",
    "codes": [
     "PA_1034"
    ],
    "city": "PA",
    "address": "48 rue Saint-Honoré",
    "in_paris": true,
    "excluded": false,
    "exclude_reason": "",
    "raw_name": "Space Invader PA_1034, 48 rue Saint-Honoré",
    "arrondissement": 1
   }
  },
  {
   "type": "Feature",
   "geometry": {
    "type": "Point",
    "coordinates": [
     2.383472,
     48.825751
    ]
   },
   "properties": {
    "id": "PA_1035",
    "codes": [
     "PA_1035"
    ],
    "city": "PA",
    "address": "14 rue Jean-Baptiste Berlier",
    "in_paris": true,
    "excluded": false,
    "exclude_reason": "",
    "raw_name": "Space Invader PA_1035, 14 rue Jean-Baptiste Berlier",
    "arrondissement": 13
   }
  },
  {
   "type": "Feature",
   "geometry": {
    "type": "Point",
    "coordinates": [
     2.361984,
     48.819469
    ]
   },
   "properties": {
    "id": "PA_1036",
    "codes": [
     "PA_1036"
    ],
    "city": "PA",
    "address": "144 boulevard Masséna",
    "in_paris": true,
    "excluded": false,
    "exclude_reason": "",
    "raw_name": "Space Invader PA_1036, 144 boulevard Masséna",
    "arrondissement": 13
   }
  },
  {
   "type": "Feature",
   "geometry": {
    "type": "Point",
    "coordinates": [
     2.357178,
     48.825982
    ]
   },
   "properties": {
    "id": "PA_1037",
    "codes": [
     "PA_1037"
    ],
    "city": "PA",
    "address": "84 avenue d'Italie",
    "in_paris": true,
    "excluded": false,
    "exclude_reason": "",
    "raw_name": "Space Invader PA_1037, 84 avenue d'Italie",
    "arrondissement": 13
   }
  },
  {
   "type": "Feature",
   "geometry": {
    "type": "Point",
    "coordinates": [
     2.272968,
     48.856784
    ]
   },
   "properties": {
    "id": "PA_1038",
    "codes": [
     "PA_1038"
    ],
    "city": "PA",
    "address": "5 rue Pajou",
    "in_paris": true,
    "excluded": false,
    "exclude_reason": "",
    "raw_name": "Space Invader PA_1038, 5 rue Pajou",
    "arrondissement": 16
   }
  },
  {
   "type": "Feature",
   "geometry": {
    "type": "Point",
    "coordinates": [
     2.386129,
     48.854947
    ]
   },
   "properties": {
    "id": "PA_1039",
    "codes": [
     "PA_1039"
    ],
    "city": "PA",
    "address": "1 impasse Delaunay",
    "in_paris": true,
    "excluded": false,
    "exclude_reason": "",
    "raw_name": "Space Invader PA_1039, 1 impasse Delaunay",
    "arrondissement": 11
   }
  },
  {
   "type": "Feature",
   "geometry": {
    "type": "Point",
    "coordinates": [
     2.375199,
     48.754462
    ]
   },
   "properties": {
    "id": "PA_1041",
    "codes": [
     "PA_1041"
    ],
    "city": "PA",
    "address": "rond-point d'Espagne",
    "in_paris": false,
    "excluded": false,
    "exclude_reason": "",
    "raw_name": "Space Invader PA_1041, rond-point d'Espagne"
   }
  },
  {
   "type": "Feature",
   "geometry": {
    "type": "Point",
    "coordinates": [
     2.403205,
     48.773999
    ]
   },
   "properties": {
    "id": "PA_1042",
    "codes": [
     "PA_1042"
    ],
    "city": "PA",
    "address": "A86 côté cimetière nouveau de Vitry",
    "in_paris": false,
    "excluded": false,
    "exclude_reason": "",
    "raw_name": "Space Invader PA_1042, A86 côté cimetière nouveau de Vitry"
   }
  },
  {
   "type": "Feature",
   "geometry": {
    "type": "Point",
    "coordinates": [
     2.403313,
     48.773718
    ]
   },
   "properties": {
    "id": "PA_1043",
    "codes": [
     "PA_1043"
    ],
    "city": "PA",
    "address": "A86 côté cimetière communal de Choisy",
    "in_paris": false,
    "excluded": false,
    "exclude_reason": "",
    "raw_name": "Space Invader PA_1043, A86 côté cimetière communal de Choisy"
   }
  },
  {
   "type": "Feature",
   "geometry": {
    "type": "Point",
    "coordinates": [
     2.35889,
     48.816089
    ]
   },
   "properties": {
    "id": "PA_1044",
    "codes": [
     "PA_1044"
    ],
    "city": "PA",
    "address": "échangeur porte d'Italie",
    "in_paris": true,
    "excluded": false,
    "exclude_reason": "",
    "raw_name": "Space Invader PA_1044, échangeur porte d'Italie",
    "arrondissement": 13
   }
  },
  {
   "type": "Feature",
   "geometry": {
    "type": "Point",
    "coordinates": [
     2.401248,
     48.864685
    ]
   },
   "properties": {
    "id": "PA_1045",
    "codes": [
     "PA_1045"
    ],
    "city": "PA",
    "address": "3 rue de la Chine",
    "in_paris": true,
    "excluded": false,
    "exclude_reason": "",
    "raw_name": "Space Invader PA_1045, 3 rue de la Chine",
    "arrondissement": 20
   }
  },
  {
   "type": "Feature",
   "geometry": {
    "type": "Point",
    "coordinates": [
     2.358505,
     48.865017
    ]
   },
   "properties": {
    "id": "PA_1046",
    "codes": [
     "PA_1046"
    ],
    "city": "PA",
    "address": "22 rue Réaumur",
    "in_paris": true,
    "excluded": false,
    "exclude_reason": "",
    "raw_name": "Space Invader PA_1046, 22 rue Réaumur",
    "arrondissement": 3
   }
  },
  {
   "type": "Feature",
   "geometry": {
    "type": "Point",
    "coordinates": [
     2.374638,
     48.865495
    ]
   },
   "properties": {
    "id": "PA_1047",
    "codes": [
     "PA_1047"
    ],
    "city": "PA",
    "address": "88ter avenue Parmentier",
    "in_paris": true,
    "excluded": false,
    "exclude_reason": "",
    "raw_name": "Space Invader PA_1047, 88ter avenue Parmentier",
    "arrondissement": 11
   }
  },
  {
   "type": "Feature",
   "geometry": {
    "type": "Point",
    "coordinates": [
     2.34389,
     48.765394
    ]
   },
   "properties": {
    "id": "PA_1048",
    "codes": [
     "PA_1048"
    ],
    "city": "PA",
    "address": "Autoroute du Soleil",
    "in_paris": false,
    "excluded": false,
    "exclude_reason": "",
    "raw_name": "Space Invader PA_1048, Autoroute du Soleil"
   }
  },
  {
   "type": "Feature",
   "geometry": {
    "type": "Point",
    "coordinates": [
     2.349524,
     48.883048
    ]
   },
   "properties": {
    "id": "PA_1050",
    "codes": [
     "PA_1050"
    ],
    "city": "PA",
    "address": "191 rue du Faubourg Poissonnière",
    "in_paris": true,
    "excluded": false,
    "exclude_reason": "",
    "raw_name": "Space Invader PA_1050, 191 rue du Faubourg Poissonnière",
    "arrondissement": 9
   }
  },
  {
   "type": "Feature",
   "geometry": {
    "type": "Point",
    "coordinates": [
     2.339623,
     48.855152
    ]
   },
   "properties": {
    "id": "PA_1051",
    "codes": [
     "PA_1051"
    ],
    "city": "PA",
    "address": "22 rue Dauphine",
    "in_paris": true,
    "excluded": false,
    "exclude_reason": "",
    "raw_name": "Space Invader PA_1051, 22 rue Dauphine",
    "arrondissement": 6
   }
  },
  {
   "type": "Feature",
   "geometry": {
    "type": "Point",
    "coordinates": [
     2.347243,
     48.887431
    ]
   },
   "properties": {
    "id": "PA_1052",
    "codes": [
     "PA_1052"
    ],
    "city": "PA",
    "address": "rue du Chevalier de la Barre",
    "in_paris": true,
    "excluded": false,
    "exclude_reason": "",
    "raw_name": "Space Invader PA_1052, rue du Chevalier de la Barre",
    "arrondissement": 18
   }
  },
  {
   "type": "Feature",
   "geometry": {
    "type": "Point",
    "coordinates": [
     2.33884,
     48.884115
    ]
   },
   "properties": {
    "id": "PA_1053",
    "codes": [
     "PA_1053"
    ],
    "city": "PA",
    "address": "8 place des Abbesses",
    "in_paris": true,
    "excluded": false,
    "exclude_reason": "",
    "raw_name": "Space Invader PA_1053, 8 place des Abbesses",
    "arrondissement": 18
   }
  },
  {
   "type": "Feature",
   "geometry": {
    "type": "Point",
    "coordinates": [
     2.385094,
     48.85264
    ]
   },
   "properties": {
    "id": "PA_1054",
    "codes": [
     "PA_1054"
    ],
    "city": "PA",
    "address": "26 rue Chanzy",
    "in_paris": true,
    "excluded": false,
    "exclude_reason": "",
    "raw_name": "Space Invader PA_1054, 26 rue Chanzy",
    "arrondissement": 11
   }
  },
  {
   "type": "Feature",
   "geometry": {
    "type": "Point",
    "coordinates": [
     2.466303,
     48.82677
    ]
   },
   "properties": {
    "id": "PA_1055",
    "codes": [
     "PA_1055"
    ],
    "city": "PA",
    "address": "bretelle de sortie de l'autoroute de l'Est",
    "in_paris": false,
    "excluded": false,
    "exclude_reason": "",
    "raw_name": "Space Invader PA_1055, bretelle de sortie de l'autoroute de l'Est"
   }
  },
  {
   "type": "Feature",
   "geometry": {
    "type": "Point",
    "coordinates": [
     2.336551,
     48.86687
    ]
   },
   "properties": {
    "id": "PA_1058",
    "codes": [
     "PA_1058"
    ],
    "city": "PA",
    "address": "24 rue des Petits Champs",
    "in_paris": true,
    "excluded": false,
    "exclude_reason": "",
    "raw_name": "Space Invader PA_1058, 24 rue des Petits Champs",
    "arrondissement": 2
   }
  },
  {
   "type": "Feature",
   "geometry": {
    "type": "Point",
    "coordinates": [
     2.336917,
     48.853931
    ]
   },
   "properties": {
    "id": "PA_1059",
    "codes": [
     "PA_1059"
    ],
    "city": "PA",
    "address": "54 rue de Seine",
    "in_paris": true,
    "excluded": false,
    "exclude_reason": "",
    "raw_name": "Space Invader PA_1059, 54 rue de Seine",
    "arrondissement": 6
   }
  },
  {
   "type": "Feature",
   "geometry": {
    "type": "Point",
    "coordinates": [
     2.336903,
     48.882709
    ]
   },
   "properties": {
    "id": "PA_1060",
    "codes": [
     "PA_1060"
    ],
    "city": "PA",
    "address": "villa de Guelma",
    "in_paris": true,
    "excluded": false,
    "exclude_reason": "",
    "raw_name": "Space Invader PA_1060, villa de Guelma",
    "arrondissement": 18
   }
  },
  {
   "type": "Feature",
   "geometry": {
    "type": "Point",
    "coordinates": [
     2.34657,
     48.888662
    ]
   },
   "properties": {
    "id": "PA_1061",
    "codes": [
     "PA_1061"
    ],
    "city": "PA",
    "address": "29 rue ramey",
    "in_paris": true,
    "excluded": false,
    "exclude_reason": "",
    "raw_name": "Space Invader PA_1061, 29 rue ramey",
    "arrondissement": 18
   }
  },
  {
   "type": "Feature",
   "geometry": {
    "type": "Point",
    "coordinates": [
     2.355071,
     48.858213
    ]
   },
   "properties": {
    "id": "PA_1063",
    "codes": [
     "PA_1063"
    ],
    "city": "PA",
    "address": "28 rue des Archives",
    "in_paris": true,
    "excluded": false,
    "exclude_reason": "",
    "raw_name": "Space Invader PA_1063, 28 rue des Archives",
    "arrondissement": 4
   }
  },
  {
   "type": "Feature",
   "geometry": {
    "type": "Point",
    "coordinates": [
     2.365288,
     48.861797
    ]
   },
   "properties": {
    "id": "PA_1064",
    "codes": [
     "PA_1064"
    ],
    "city": "PA",
    "address": "16 rue Froissart",
    "in_paris": true,
    "excluded": false,
    "exclude_reason": "",
    "raw_name": "Space Invader PA_1064, 16 rue Froissart",
    "arrondissement": 3
   }
  },
  {
   "type": "Feature",
   "geometry": {
    "type": "Point",
    "coordinates": [
     2.354527,
     48.864989
    ]
   },
   "properties": {
    "id": "PA_1065",
    "codes": [
     "PA_1065"
    ],
    "city": "PA",
    "address": "59 rue au Maire (Simpson)",
    "in_paris": true,
    "excluded": false,
    "exclude_reason": "",
    "raw_name": "Space Invader PA_1065, 59 rue au Maire (Simpson)",
    "arrondissement": 3
   }
  },
  {
   "type": "Feature",
   "geometry": {
    "type": "Point",
    "coordinates": [
     2.408417,
     48.864658
    ]
   },
   "properties": {
    "id": "PA_1066",
    "codes": [
     "PA_1066"
    ],
    "city": "PA",
    "address": "McDo de la porte de Bagnolet",
    "in_paris": true,
    "excluded": false,
    "exclude_reason": "",
    "raw_name": "Space Invader PA_1066, McDo de la porte de Bagnolet",
    "arrondissement": 20
   }
  },
  {
   "type": "Feature",
   "geometry": {
    "type": "Point",
    "coordinates": [
     2.356845,
     48.874683
    ]
   },
   "properties": {
    "id": "PA_1067",
    "codes": [
     "PA_1067"
    ],
    "city": "PA",
    "address": "1 rue de la Fidélité",
    "in_paris": true,
    "excluded": false,
    "exclude_reason": "",
    "raw_name": "Space Invader PA_1067, 1 rue de la Fidélité",
    "arrondissement": 10
   }
  },
  {
   "type": "Feature",
   "geometry": {
    "type": "Point",
    "coordinates": [
     2.362363,
     48.862872
    ]
   },
   "properties": {
    "id": "PA_1068",
    "codes": [
     "PA_1068"
    ],
    "city": "PA",
    "address": "39 rue de Bretagne",
    "in_paris": true,
    "excluded": false,
    "exclude_reason": "",
    "raw_name": "Space Invader PA_1068, 39 rue de Bretagne",
    "arrondissement": 3
   }
  },
  {
   "type": "Feature",
   "geometry": {
    "type": "Point",
    "coordinates": [
     2.388062,
     48.868221
    ]
   },
   "properties": {
    "id": "PA_1069",
    "codes": [
     "PA_1069"
    ],
    "city": "PA",
    "address": "121 rue des Amandiers",
    "in_paris": true,
    "excluded": false,
    "exclude_reason": "",
    "raw_name": "Space Invader PA_1069, 121 rue des Amandiers",
    "arrondissement": 20
   }
  },
  {
   "type": "Feature",
   "geometry": {
    "type": "Point",
    "coordinates": [
     2.398585,
     48.848529
    ]
   },
   "properties": {
    "id": "PA_1070",
    "codes": [
     "PA_1070"
    ],
    "city": "PA",
    "address": "pavillon Saint-Louis",
    "in_paris": true,
    "excluded": false,
    "exclude_reason": "",
    "raw_name": "Space Invader PA_1070, pavillon Saint-Louis",
    "arrondissement": 11
   }
  },
  {
   "type": "Feature",
   "geometry": {
    "type": "Point",
    "coordinates": [
     2.322444,
     48.873677
    ]
   },
   "properties": {
    "id": "PA_1071",
    "codes": [
     "PA_1071"
    ],
    "city": "PA",
    "address": "58 rue d'Anjou",
    "in_paris": true,
    "excluded": false,
    "exclude_reason": "",
    "raw_name": "Space Invader PA_1071, 58 rue d'Anjou",
    "arrondissement": 8
   }
  },
  {
   "type": "Feature",
   "geometry": {
    "type": "Point",
    "coordinates": [
     2.323701,
     48.873321
    ]
   },
   "properties": {
    "id": "PA_1072",
    "codes": [
     "PA_1072"
    ],
    "city": "PA",
    "address": "32 rue Pasquier",
    "in_paris": true,
    "excluded": false,
    "exclude_reason": "",
    "raw_name": "Space Invader PA_1072, 32 rue Pasquier",
    "arrondissement": 8
   }
  },
  {
   "type": "Feature",
   "geometry": {
    "type": "Point",
    "coordinates": [
     2.313515,
     48.872287
    ]
   },
   "properties": {
    "id": "PA_1073",
    "codes": [
     "PA_1073"
    ],
    "city": "PA",
    "address": "41 rue de Penthièvre",
    "in_paris": true,
    "excluded": false,
    "exclude_reason": "",
    "raw_name": "Space Invader PA_1073, 41 rue de Penthièvre",
    "arrondissement": 8
   }
  },
  {
   "type": "Feature",
   "geometry": {
    "type": "Point",
    "coordinates": [
     2.315733,
     48.871275
    ]
   },
   "properties": {
    "id": "PA_1074",
    "codes": [
     "PA_1074"
    ],
    "city": "PA",
    "address": "22 rue du Cirque",
    "in_paris": true,
    "excluded": false,
    "exclude_reason": "",
    "raw_name": "Space Invader PA_1074, 22 rue du Cirque",
    "arrondissement": 8
   }
  },
  {
   "type": "Feature",
   "geometry": {
    "type": "Point",
    "coordinates": [
     2.33609,
     48.85321
    ]
   },
   "properties": {
    "id": "PA_1075",
    "codes": [
     "PA_1075"
    ],
    "city": "PA",
    "address": "158 boulevard Saint-Germain",
    "in_paris": true,
    "excluded": false,
    "exclude_reason": "",
    "raw_name": "Space Invader PA_1075, 158 boulevard Saint-Germain",
    "arrondissement": 6
   }
  },
  {
   "type": "Feature",
   "geometry": {
    "type": "Point",
    "coordinates": [
     2.336608,
     48.851785
    ]
   },
   "properties": {
    "id": "PA_1076",
    "codes": [
     "PA_1076"
    ],
    "city": "PA",
    "address": "Marché Saint-Germain",
    "in_paris": true,
    "excluded": false,
    "exclude_reason": "",
    "raw_name": "Space Invader PA_1076, Marché Saint-Germain",
    "arrondissement": 6
   }
  },
  {
   "type": "Feature",
   "geometry": {
    "type": "Point",
    "coordinates": [
     2.334902,
     48.885708
    ]
   },
   "properties": {
    "id": "PA_1077",
    "codes": [
     "PA_1077"
    ],
    "city": "PA",
    "address": "65 rue des Abbesses",
    "in_paris": true,
    "excluded": false,
    "exclude_reason": "",
    "raw_name": "Space Invader PA_1077, 65 rue des Abbesses",
    "arrondissement": 18
   }
  },
  {
   "type": "Feature",
   "geometry": {
    "type": "Point",
    "coordinates": [
     2.319147,
     48.867372
    ]
   },
   "properties": {
    "id": "PA_1080",
    "codes": [
     "PA_1080"
    ],
    "city": "PA",
    "address": "Espace Pierre Cardin",
    "in_paris": true,
    "excluded": false,
    "exclude_reason": "",
    "raw_name": "Space Invader PA_1080, Espace Pierre Cardin",
    "arrondissement": 8
   }
  },
  {
   "type": "Feature",
   "geometry": {
    "type": "Point",
    "coordinates": [
     2.378264,
     48.848875
    ]
   },
   "properties": {
    "id": "PA_1082",
    "codes": [
     "PA_1082"
    ],
    "city": "PA",
    "address": "place d'Aligre",
    "in_paris": true,
    "excluded": false,
    "exclude_reason": "",
    "raw_name": "Space Invader PA_1082, place d'Aligre",
    "arrondissement": 12
   }
  },
  {
   "type": "Feature",
   "geometry": {
    "type": "Point",
    "coordinates": [
     2.356426,
     48.870268
    ]
   },
   "properties": {
    "id": "PA_1084",
    "codes": [
     "PA_1084"
    ],
    "city": "PA",
    "address": "36 rue du Faubourg Saint-Martin",
    "in_paris": true,
    "excluded": false,
    "exclude_reason": "",
    "raw_name": "Space Invader PA_1084, 36 rue du Faubourg Saint-Martin",
    "arrondissement": 10
   }
  },
  {
   "type": "Feature",
   "geometry": {
    "type": "Point",
    "coordinates": [
     2.360599,
     48.875807
    ]
   },
   "properties": {
    "id": "PA_1085",
    "codes": [
     "PA_1085"
    ],
    "city": "PA",
    "address": "ancien Couvent des Récollets",
    "in_paris": true,
    "excluded": false,
    "exclude_reason": "",
    "raw_name": "Space Invader PA_1085, ancien Couvent des Récollets",
    "arrondissement": 10
   }
  },
  {
   "type": "Feature",
   "geometry": {
    "type": "Point",
    "coordinates": [
     2.347996,
     48.851037
    ]
   },
   "properties": {
    "id": "PA_1086",
    "codes": [
     "PA_1086"
    ],
    "city": "PA",
    "address": "2 rue des Anglais",
    "in_paris": true,
    "excluded": false,
    "exclude_reason": "",
    "raw_name": "Space Invader PA_1086, 2 rue des Anglais",
    "arrondissement": 5
   }
  },
  {
   "type": "Feature",
   "geometry": {
    "type": "Point",
    "coordinates": [
     2.346484,
     48.852782
    ]
   },
   "properties": {
    "id": "PA_1087",
    "codes": [
     "PA_1087"
    ],
    "city": "PA",
    "address": "1 rue de la Huchette",
    "in_paris": true,
    "excluded": false,
    "exclude_reason": "",
    "raw_name": "Space Invader PA_1087, 1 rue de la Huchette",
    "arrondissement": 5
   }
  },
  {
   "type": "Feature",
   "geometry": {
    "type": "Point",
    "coordinates": [
     2.356097,
     48.841155
    ]
   },
   "properties": {
    "id": "PA_1088",
    "codes": [
     "PA_1088"
    ],
    "city": "PA",
    "address": "77 rue Buffon",
    "in_paris": true,
    "excluded": false,
    "exclude_reason": "",
    "raw_name": "Space Invader PA_1088, 77 rue Buffon",
    "arrondissement": 5
   }
  },
  {
   "type": "Feature",
   "geometry": {
    "type": "Point",
    "coordinates": [
     2.308972,
     48.872053
    ]
   },
   "properties": {
    "id": "PA_1089",
    "codes": [
     "PA_1089"
    ],
    "city": "PA",
    "address": "79 rue de la Boétie",
    "in_paris": true,
    "excluded": false,
    "exclude_reason": "",
    "raw_name": "Space Invader PA_1089, 79 rue de la Boétie",
    "arrondissement": 8
   }
  },
  {
   "type": "Feature",
   "geometry": {
    "type": "Point",
    "coordinates": [
     2.365263,
     48.884271
    ]
   },
   "properties": {
    "id": "PA_1090",
    "codes": [
     "PA_1090"
    ],
    "city": "PA",
    "address": "métro Stalingrad",
    "in_paris": true,
    "excluded": false,
    "exclude_reason": "",
    "raw_name": "Space Invader PA_1090, métro Stalingrad",
    "arrondissement": 10
   }
  },
  {
   "type": "Feature",
   "geometry": {
    "type": "Point",
    "coordinates": [
     2.371915,
     48.882881
    ]
   },
   "properties": {
    "id": "PA_1091",
    "codes": [
     "PA_1091"
    ],
    "city": "PA",
    "address": "fontaine du Conservatoire Municipal du 19e",
    "in_paris": true,
    "excluded": false,
    "exclude_reason": "",
    "raw_name": "Space Invader PA_1091, fontaine du Conservatoire Municipal du 19e",
    "arrondissement": 19
   }
  },
  {
   "type": "Feature",
   "geometry": {
    "type": "Point",
    "coordinates": [
     2.382055,
     48.875669
    ]
   },
   "properties": {
    "id": "PA_1092",
    "codes": [
     "PA_1092"
    ],
    "city": "PA",
    "address": "18-20 rue Pradier",
    "in_paris": true,
    "excluded": false,
    "exclude_reason": "",
    "raw_name": "Space Invader PA_1092, 18-20 rue Pradier",
    "arrondissement": 19
   }
  },
  {
   "type": "Feature",
   "geometry": {
    "type": "Point",
    "coordinates": [
     2.369772,
     48.840818
    ]
   },
   "properties": {
    "id": "PA_1093",
    "codes": [
     "PA_1093"
    ],
    "city": "PA",
    "address": "Cité de la Mode et du Design",
    "in_paris": true,
    "excluded": false,
    "exclude_reason": "",
    "raw_name": "Space Invader PA_1093, Cité de la Mode et du Design",
    "arrondissement": 13
   }
  },
  {
   "type": "Feature",
   "geometry": {
    "type": "Point",
    "coordinates": [
     2.364411,
     48.861817
    ]
   },
   "properties": {
    "id": "PA_1094",
    "codes": [
     "PA_1094"
    ],
    "city": "PA",
    "address": "132 rue Vieille du Temple",
    "in_paris": true,
    "excluded": false,
    "exclude_reason": "",
    "raw_name": "Space Invader PA_1094, 132 rue Vieille du Temple",
    "arrondissement": 3
   }
  },
  {
   "type": "Feature",
   "geometry": {
    "type": "Point",
    "coordinates": [
     2.395058,
     48.847363
    ]
   },
   "properties": {
    "id": "PA_1095",
    "codes": [
     "PA_1095"
    ],
    "city": "PA",
    "address": "18ter rue Jaucourt",
    "in_paris": true,
    "excluded": false,
    "exclude_reason": "",
    "raw_name": "Space Invader PA_1095, 18ter rue Jaucourt",
    "arrondissement": 12
   }
  },
  {
   "type": "Feature",
   "geometry": {
    "type": "Point",
    "coordinates": [
     2.43046,
     48.869639
    ]
   },
   "properties": {
    "id": "PA_1096",
    "codes": [
     "PA_1096"
    ],
    "city": "PA",
    "address": "18 rue des Lilas ou presque",
    "in_paris": false,
    "excluded": false,
    "exclude_reason": "",
    "raw_name": "Space Invader PA_1096, 18 rue des Lilas ou presque"
   }
  },
  {
   "type": "Feature",
   "geometry": {
    "type": "Point",
    "coordinates": [
     2.34125,
     48.861527
    ]
   },
   "properties": {
    "id": "PA_1097",
    "codes": [
     "PA_1097"
    ],
    "city": "PA",
    "address": "20 rue du Louvre",
    "in_paris": true,
    "excluded": false,
    "exclude_reason": "",
    "raw_name": "Space Invader PA_1097, 20 rue du Louvre",
    "arrondissement": 1
   }
  },
  {
   "type": "Feature",
   "geometry": {
    "type": "Point",
    "coordinates": [
     2.389316,
     48.852527
    ]
   },
   "properties": {
    "id": "PA_1098",
    "codes": [
     "PA_1098"
    ],
    "city": "PA",
    "address": "1 cité Voltaire",
    "in_paris": true,
    "excluded": false,
    "exclude_reason": "",
    "raw_name": "Space Invader PA_1098, 1 cité Voltaire",
    "arrondissement": 11
   }
  },
  {
   "type": "Feature",
   "geometry": {
    "type": "Point",
    "coordinates": [
     2.336659,
     48.865444
    ]
   },
   "properties": {
    "id": "PA_1100",
    "codes": [
     "PA_1100"
    ],
    "city": "PA",
    "address": "à gauche de la Fontaine Molière",
    "in_paris": true,
    "excluded": false,
    "exclude_reason": "",
    "raw_name": "Space Invader PA_1100, à gauche de la Fontaine Molière",
    "arrondissement": 1
   }
  },
  {
   "type": "Feature",
   "geometry": {
    "type": "Point",
    "coordinates": [
     2.311583,
     48.869977
    ]
   },
   "properties": {
    "id": "PA_1101",
    "codes": [
     "PA_1101"
    ],
    "city": "PA",
    "address": "7 avenue Matignon",
    "in_paris": true,
    "excluded": false,
    "exclude_reason": "",
    "raw_name": "Space Invader PA_1101, 7 avenue Matignon",
    "arrondissement": 8
   }
  },
  {
   "type": "Feature",
   "geometry": {
    "type": "Point",
    "coordinates": [
     2.362321,
     48.858905
    ]
   },
   "properties": {
    "id": "PA_1102",
    "codes": [
     "PA_1102"
    ],
    "city": "PA",
    "address": "place de Thorigny",
    "in_paris": true,
    "excluded": false,
    "exclude_reason": "",
    "raw_name": "Space Invader PA_1102, place de Thorigny",
    "arrondissement": 3
   }
  },
  {
   "type": "Feature",
   "geometry": {
    "type": "Point",
    "coordinates": [
     2.353403,
     48.829159
    ]
   },
   "properties": {
    "id": "PA_1103",
    "codes": [
     "PA_1103"
    ],
    "city": "PA",
    "address": "3 passage du Moulin des Prés",
    "in_paris": true,
    "excluded": false,
    "exclude_reason": "",
    "raw_name": "Space Invader PA_1103, 3 passage du Moulin des Prés",
    "arrondissement": 13
   }
  },
  {
   "type": "Feature",
   "geometry": {
    "type": "Point",
    "coordinates": [
     2.364409,
     48.834243
    ]
   },
   "properties": {
    "id": "PA_1104",
    "codes": [
     "PA_1104"
    ],
    "city": "PA",
    "address": "68 rue Jenner",
    "in_paris": true,
    "excluded": false,
    "exclude_reason": "",
    "raw_name": "Space Invader PA_1104, 68 rue Jenner",
    "arrondissement": 13
   }
  },
  {
   "type": "Feature",
   "geometry": {
    "type": "Point",
    "coordinates": [
     2.363443,
     48.884592
    ]
   },
   "properties": {
    "id": "PA_1105",
    "codes": [
     "PA_1105"
    ],
    "city": "PA",
    "address": "16 boulevard de la Chapelle",
    "in_paris": true,
    "excluded": false,
    "exclude_reason": "",
    "raw_name": "Space Invader PA_1105, 16 boulevard de la Chapelle",
    "arrondissement": 18
   }
  },
  {
   "type": "Feature",
   "geometry": {
    "type": "Point",
    "coordinates": [
     2.345418,
     48.890901
    ]
   },
   "properties": {
    "id": "PA_1106",
    "codes": [
     "PA_1106"
    ],
    "city": "PA",
    "address": "1 rue Ferdinand Flocon",
    "in_paris": true,
    "excluded": false,
    "exclude_reason": "",
    "raw_name": "Space Invader PA_1106, 1 rue Ferdinand Flocon",
    "arrondissement": 18
   }
  },
  {
   "type": "Feature",
   "geometry": {
    "type": "Point",
    "coordinates": [
     2.342696,
     48.853257
    ]
   },
   "properties": {
    "id": "PA_1107",
    "codes": [
     "PA_1107"
    ],
    "city": "PA",
    "address": "place Saint-André des Arts",
    "in_paris": true,
    "excluded": false,
    "exclude_reason": "",
    "raw_name": "Space Invader PA_1107, place Saint-André des Arts",
    "arrondissement": 6
   }
  },
  {
   "type": "Feature",
   "geometry": {
    "type": "Point",
    "coordinates": [
     2.363756,
     48.826848
    ]
   },
   "properties": {
    "id": "PA_1108",
    "codes": [
     "PA_1108"
    ],
    "city": "PA",
    "address": "98 rue de Tolbiac",
    "in_paris": true,
    "excluded": false,
    "exclude_reason": "",
    "raw_name": "Space Invader PA_1108, 98 rue de Tolbiac",
    "arrondissement": 13
   }
  },
  {
   "type": "Feature",
   "geometry": {
    "type": "Point",
    "coordinates": [
     2.365508,
     48.82331
    ]
   },
   "properties": {
    "id": "PA_1109",
    "codes": [
     "PA_1109"
    ],
    "city": "PA",
    "address": "51 avenue d'Ivry",
    "in_paris": true,
    "excluded": false,
    "exclude_reason": "",
    "raw_name": "Space Invader PA_1109, 51 avenue d'Ivry",
    "arrondissement": 13
   }
  },
  {
   "type": "Feature",
   "geometry": {
    "type": "Point",
    "coordinates": [
     2.413853,
     48.845788
    ]
   },
   "properties": {
    "id": "PA_1110",
    "codes": [
     "PA_1110"
    ],
    "city": "PA",
    "address": "direction de la Voirie et des Déplacements",
    "in_paris": true,
    "excluded": false,
    "exclude_reason": "",
    "raw_name": "Space Invader PA_1110, direction de la Voirie et des Déplacements",
    "arrondissement": 12
   }
  },
  {
   "type": "Feature",
   "geometry": {
    "type": "Point",
    "coordinates": [
     2.271323,
     48.881673
    ]
   },
   "properties": {
    "id": "PA_1111",
    "codes": [
     "PA_1111"
    ],
    "city": "PA",
    "address": "80 avenue Charles de Gaulle",
    "in_paris": false,
    "excluded": false,
    "exclude_reason": "",
    "raw_name": "Space Invader PA_1111, 80 avenue Charles de Gaulle"
   }
  },
  {
   "type": "Feature",
   "geometry": {
    "type": "Point",
    "coordinates": [
     2.250182,
     48.889849
    ]
   },
   "properties": {
    "id": "PA_1112",
    "codes": [
     "PA_1112"
    ],
    "city": "PA",
    "address": "place de l'Iris",
    "in_paris": false,
    "excluded": false,
    "exclude_reason": "",
    "raw_name": "Space Invader PA_1112, place de l'Iris"
   }
  },
  {
   "type": "Feature",
   "geometry": {
    "type": "Point",
    "coordinates": [
     2.239863,
     48.882934
    ]
   },
   "properties": {
    "id": "PA_1113",
    "codes": [
     "PA_1113"
    ],
    "city": "PA",
    "address": "6 place de Stalingrad",
    "in_paris": false,
    "excluded": false,
    "exclude_reason": "",
    "raw_name": "Space Invader PA_1113, 6 place de Stalingrad"
   }
  },
  {
   "type": "Feature",
   "geometry": {
    "type": "Point",
    "coordinates": [
     2.326865,
     48.885113
    ]
   },
   "properties": {
    "id": "PA_1114",
    "codes": [
     "PA_1114"
    ],
    "city": "PA",
    "address": "impasse de la Défense",
    "in_paris": true,
    "excluded": false,
    "exclude_reason": "",
    "raw_name": "Space Invader PA_1114, impasse de la Défense",
    "arrondissement": 18
   }
  },
  {
   "type": "Feature",
   "geometry": {
    "type": "Point",
    "coordinates": [
     2.388525,
     48.8597
    ]
   },
   "properties": {
    "id": "PA_1115",
    "codes": [
     "PA_1115"
    ],
    "city": "PA",
    "address": "208 rue de la Roquette",
    "in_paris": true,
    "excluded": false,
    "exclude_reason": "",
    "raw_name": "Space Invader PA_1115, 208 rue de la Roquette",
    "arrondissement": 11
   }
  },
  {
   "type": "Feature",
   "geometry": {
    "type": "Point",
    "coordinates": [
     2.40426,
     48.852293
    ]
   },
   "properties": {
    "id": "PA_1116",
    "codes": [
     "PA_1116"
    ],
    "city": "PA",
    "address": "74 rue d'Avron",
    "in_paris": true,
    "excluded": false,
    "exclude_reason": "",
    "raw_name": "Space Invader PA_1116, 74 rue d'Avron",
    "arrondissement": 20
   }
  },
  {
   "type": "Feature",
   "geometry": {
    "type": "Point",
    "coordinates": [
     2.567216,
     49.00441
    ]
   },
   "properties": {
    "id": "PA_1117",
    "codes": [
     "PA_1117"
    ],
    "city": "PA",
    "address": "Terminal 2D Porte 6",
    "in_paris": false,
    "excluded": false,
    "exclude_reason": "",
    "raw_name": "Space Invader PA_1117, Terminal 2D Porte 6"
   }
  },
  {
   "type": "Feature",
   "geometry": {
    "type": "Point",
    "coordinates": [
     2.477093,
     48.877504
    ]
   },
   "properties": {
    "id": "PA_1118",
    "codes": [
     "PA_1118"
    ],
    "city": "PA",
    "address": "boulevard Gabriel Péri sous le périph'",
    "in_paris": false,
    "excluded": false,
    "exclude_reason": "",
    "raw_name": "Space Invader PA_1118, boulevard Gabriel Péri sous le périph'"
   }
  },
  {
   "type": "Feature",
   "geometry": {
    "type": "Point",
    "coordinates": [
     2.415945,
     48.862546
    ]
   },
   "properties": {
    "id": "PA_1119",
    "codes": [
     "PA_1119"
    ],
    "city": "PA",
    "address": "29 avenue de la République",
    "in_paris": false,
    "excluded": false,
    "exclude_reason": "",
    "raw_name": "Space Invader PA_1119, 29 avenue de la République"
   }
  },
  {
   "type": "Feature",
   "geometry": {
    "type": "Point",
    "coordinates": [
     2.398884,
     48.84101
    ]
   },
   "properties": {
    "id": "PA_1120",
    "codes": [
     "PA_1120"
    ],
    "city": "PA",
    "address": "84 rue de Picpus",
    "in_paris": true,
    "excluded": false,
    "exclude_reason": "",
    "raw_name": "Space Invader PA_1120, 84 rue de Picpus",
    "arrondissement": 12
   }
  },
  {
   "type": "Feature",
   "geometry": {
    "type": "Point",
    "coordinates": [
     2.40358,
     48.847343
    ]
   },
   "properties": {
    "id": "PA_1121",
    "codes": [
     "PA_1121"
    ],
    "city": "PA",
    "address": "52 cours de Vincennes",
    "in_paris": true,
    "excluded": false,
    "exclude_reason": "",
    "raw_name": "Space Invader PA_1121, 52 cours de Vincennes",
    "arrondissement": 12
   }
  },
  {
   "type": "Feature",
   "geometry": {
    "type": "Point",
    "coordinates": [
     2.384498,
     48.89626
    ]
   },
   "properties": {
    "id": "PA_1122",
    "codes": [
     "PA_1122"
    ],
    "city": "PA",
    "address": "avenue Corentin Cariou",
    "in_paris": true,
    "excluded": false,
    "exclude_reason": "",
    "raw_name": "Space Invader PA_1122, avenue Corentin Cariou",
    "arrondissement": 19
   }
  },
  {
   "type": "Feature",
   "geometry": {
    "type": "Point",
    "coordinates": [
     2.305686,
     48.834196
    ]
   },
   "properties": {
    "id": "PA_1123",
    "codes": [
     "PA_1123"
    ],
    "city": "PA",
    "address": "1 rue Santos-Dumont",
    "in_paris": true,
    "excluded": false,
    "exclude_reason": "",
    "raw_name": "Space Invader PA_1123, 1 rue Santos-Dumont",
    "arrondissement": 15
   }
  },
  {
   "type": "Feature",
   "geometry": {
    "type": "Point",
    "coordinates": [
     2.339479,
     48.873141
    ]
   },
   "properties": {
    "id": "PA_1124",
    "codes": [
     "PA_1124"
    ],
    "city": "PA",
    "address": "11 rue Chauchat",
    "in_paris": true,
    "excluded": false,
    "exclude_reason": "",
    "raw_name": "Space Invader PA_1124, 11 rue Chauchat",
    "arrondissement": 9
   }
  },
  {
   "type": "Feature",
   "geometry": {
    "type": "Point",
    "coordinates": [
     2.330577,
     48.874285
    ]
   },
   "properties": {
    "id": "PA_1125",
    "codes": [
     "PA_1125"
    ],
    "city": "PA",
    "address": "88 rue de Provence",
    "in_paris": true,
    "excluded": false,
    "exclude_reason": "",
    "raw_name": "Space Invader PA_1125, 88 rue de Provence",
    "arrondissement": 9
   }
  },
  {
   "type": "Feature",
   "geometry": {
    "type": "Point",
    "coordinates": [
     2.324306,
     48.871175
    ]
   },
   "properties": {
    "id": "PA_1126",
    "codes": [
     "PA_1126"
    ],
    "city": "PA",
    "address": "27 place de la Madeleine",
    "in_paris": true,
    "excluded": false,
    "exclude_reason": "",
    "raw_name": "Space Invader PA_1126, 27 place de la Madeleine",
    "arrondissement": 8
   }
  },
  {
   "type": "Feature",
   "geometry": {
    "type": "Point",
    "coordinates": [
     2.363758,
     48.860227
    ]
   },
   "properties": {
    "id": "PA_1127",
    "codes": [
     "PA_1127"
    ],
    "city": "PA",
    "address": "10 rue du Roi Doré",
    "in_paris": true,
    "excluded": false,
    "exclude_reason": "",
    "raw_name": "Space Invader PA_1127, 10 rue du Roi Doré",
    "arrondissement": 3
   }
  },
  {
   "type": "Feature",
   "geometry": {
    "type": "Point",
    "coordinates": [
     2.40473,
     48.85681
    ]
   },
   "properties": {
    "id": "PA_1128",
    "codes": [
     "PA_1128"
    ],
    "city": "PA",
    "address": "112 rue des Pyrénées",
    "in_paris": true,
    "excluded": false,
    "exclude_reason": "",
    "raw_name": "Space Invader PA_1128, 112 rue des Pyrénées",
    "arrondissement": 20
   }
  },
  {
   "type": "Feature",
   "geometry": {
    "type": "Point",
    "coordinates": [
     2.375001,
     48.847182
    ]
   },
   "properties": {
    "id": "PA_1129",
    "codes": [
     "PA_1129"
    ],
    "city": "PA",
    "address": "19 rue Parrot",
    "in_paris": true,
    "excluded": false,
    "exclude_reason": "",
    "raw_name": "Space Invader PA_1129, 19 rue Parrot",
    "arrondissement": 12
   }
  },
  {
   "type": "Feature",
   "geometry": {
    "type": "Point",
    "coordinates": [
     2.372361,
     48.84454
    ]
   },
   "properties": {
    "id": "PA_1130",
    "codes": [
     "PA_1130"
    ],
    "city": "PA",
    "address": "face au 194 rue de Bercy",
    "in_paris": true,
    "excluded": false,
    "exclude_reason": "",
    "raw_name": "Space Invader PA_1130, face au 194 rue de Bercy",
    "arrondissement": 12
   }
  },
  {
   "type": "Feature",
   "geometry": {
    "type": "Point",
    "coordinates": [
     2.395918,
     48.839617
    ]
   },
   "properties": {
    "id": "PA_1131",
    "codes": [
     "PA_1131"
    ],
    "city": "PA",
    "address": "est de la Fontaine au Lions",
    "in_paris": true,
    "excluded": false,
    "exclude_reason": "",
    "raw_name": "Space Invader PA_1131, est de la Fontaine au Lions",
    "arrondissement": 12
   }
  },
  {
   "type": "Feature",
   "geometry": {
    "type": "Point",
    "coordinates": [
     2.390802,
     48.836388
    ]
   },
   "properties": {
    "id": "PA_1132",
    "codes": [
     "PA_1132"
    ],
    "city": "PA",
    "address": "26 rue Coriolis",
    "in_paris": true,
    "excluded": false,
    "exclude_reason": "",
    "raw_name": "Space Invader PA_1132, 26 rue Coriolis",
    "arrondissement": 12
   }
  },
  {
   "type": "Feature",
   "geometry": {
    "type": "Point",
    "coordinates": [
     2.40917,
     48.84537
    ]
   },
   "properties": {
    "id": "PA_1133",
    "codes": [
     "PA_1133"
    ],
    "city": "PA",
    "address": "19 rue Montera",
    "in_paris": true,
    "excluded": false,
    "exclude_reason": "",
    "raw_name": "Space Invader PA_1133, 19 rue Montera",
    "arrondissement": 12
   }
  },
  {
   "type": "Feature",
   "geometry": {
    "type": "Point",
    "coordinates": [
     2.366977,
     48.827182
    ]
   },
   "properties": {
    "id": "PA_1134",
    "codes": [
     "PA_1134"
    ],
    "city": "PA",
    "address": "74 rue de Tolbiac",
    "in_paris": true,
    "excluded": false,
    "exclude_reason": "",
    "raw_name": "Space Invader PA_1134, 74 rue de Tolbiac",
    "arrondissement": 13
   }
  },
  {
   "type": "Feature",
   "geometry": {
    "type": "Point",
    "coordinates": [
     2.38951,
     48.849242
    ]
   },
   "properties": {
    "id": "PA_1135",
    "codes": [
     "PA_1135"
    ],
    "city": "PA",
    "address": "36 rue Tillier",
    "in_paris": true,
    "excluded": false,
    "exclude_reason": "",
    "raw_name": "Space Invader PA_1135, 36 rue Tillier",
    "arrondissement": 12
   }
  },
  {
   "type": "Feature",
   "geometry": {
    "type": "Point",
    "coordinates": [
     2.391304,
     48.835882
    ]
   },
   "properties": {
    "id": "PA_1136",
    "codes": [
     "PA_1136"
    ],
    "city": "PA",
    "address": "18 rue Coriolis",
    "in_paris": true,
    "excluded": false,
    "exclude_reason": "",
    "raw_name": "Space Invader PA_1136, 18 rue Coriolis",
    "arrondissement": 12
   }
  },
  {
   "type": "Feature",
   "geometry": {
    "type": "Point",
    "coordinates": [
     2.40982,
     48.895025
    ]
   },
   "properties": {
    "id": "PA_1137",
    "codes": [
     "PA_1137"
    ],
    "city": "PA",
    "address": "pont Delizy",
    "in_paris": false,
    "excluded": false,
    "exclude_reason": "",
    "raw_name": "Space Invader PA_1137, pont Delizy"
   }
  },
  {
   "type": "Feature",
   "geometry": {
    "type": "Point",
    "coordinates": [
     2.406627,
     48.898349
    ]
   },
   "properties": {
    "id": "PA_1138",
    "codes": [
     "PA_1138"
    ],
    "city": "PA",
    "address": "112 avenue du Général Leclerc",
    "in_paris": false,
    "excluded": false,
    "exclude_reason": "",
    "raw_name": "Space Invader PA_1138, 112 avenue du Général Leclerc"
   }
  },
  {
   "type": "Feature",
   "geometry": {
    "type": "Point",
    "coordinates": [
     2.385394,
     48.874031
    ]
   },
   "properties": {
    "id": "PA_1139",
    "codes": [
     "PA_1139"
    ],
    "city": "PA",
    "address": "93 rue de Belleville",
    "in_paris": true,
    "excluded": false,
    "exclude_reason": "",
    "raw_name": "Space Invader PA_1139, 93 rue de Belleville",
    "arrondissement": 19
   }
  },
  {
   "type": "Feature",
   "geometry": {
    "type": "Point",
    "coordinates": [
     2.335957,
     48.866469
    ]
   },
   "properties": {
    "id": "PA_1140",
    "codes": [
     "PA_1140"
    ],
    "city": "PA",
    "address": "10 rue Villedo",
    "in_paris": true,
    "excluded": false,
    "exclude_reason": "",
    "raw_name": "Space Invader PA_1140, 10 rue Villedo",
    "arrondissement": 1
   }
  },
  {
   "type": "Feature",
   "geometry": {
    "type": "Point",
    "coordinates": [
     2.304209,
     48.848419
    ]
   },
   "properties": {
    "id": "PA_1141",
    "codes": [
     "PA_1141"
    ],
    "city": "PA",
    "address": "Agence Spatiale Européenne",
    "in_paris": true,
    "excluded": false,
    "exclude_reason": "",
    "raw_name": "Space Invader PA_1141, Agence Spatiale Européenne",
    "arrondissement": 15
   }
  },
  {
   "type": "Feature",
   "geometry": {
    "type": "Point",
    "coordinates": [
     2.400222,
     48.849797
    ]
   },
   "properties": {
    "id": "PA_1142",
    "codes": [
     "PA_1142"
    ],
    "city": "PA",
    "address": "8 rue de la Plaine",
    "in_paris": true,
    "excluded": false,
    "exclude_reason": "",
    "raw_name": "Space Invader PA_1142, 8 rue de la Plaine",
    "arrondissement": 20
   }
  },
  {
   "type": "Feature",
   "geometry": {
    "type": "Point",
    "coordinates": [
     2.286832,
     48.875841
    ]
   },
   "properties": {
    "id": "PA_1143",
    "codes": [
     "PA_1143"
    ],
    "city": "PA",
    "address": "place du Général Patton",
    "in_paris": true,
    "excluded": false,
    "exclude_reason": "",
    "raw_name": "Space Invader PA_1143, place du Général Patton",
    "arrondissement": 16
   }
  },
  {
   "type": "Feature",
   "geometry": {
    "type": "Point",
    "coordinates": [
     2.284192,
     48.874751
    ]
   },
   "properties": {
    "id": "PA_1144",
    "codes": [
     "PA_1144"
    ],
    "city": "PA",
    "address": "18 rue Piccini",
    "in_paris": true,
    "excluded": false,
    "exclude_reason": "",
    "raw_name": "Space Invader PA_1144, 18 rue Piccini",
    "arrondissement": 16
   }
  },
  {
   "type": "Feature",
   "geometry": {
    "type": "Point",
    "coordinates": [
     2.382021,
     48.826858
    ]
   },
   "properties": {
    "id": "PA_1145",
    "codes": [
     "PA_1145"
    ],
    "city": "PA",
    "address": "1 rue de la Croix Jarry",
    "in_paris": true,
    "excluded": false,
    "exclude_reason": "",
    "raw_name": "Space Invader PA_1145, 1 rue de la Croix Jarry",
    "arrondissement": 13
   }
  },
  {
   "type": "Feature",
   "geometry": {
    "type": "Point",
    "coordinates": [
     2.387093,
     48.86275
    ]
   },
   "properties": {
    "id": "PA_1146",
    "codes": [
     "PA_1146"
    ],
    "city": "PA",
    "address": "154 rue du Chemin Vert",
    "in_paris": true,
    "excluded": false,
    "exclude_reason": "",
    "raw_name": "Space Invader PA_1146, 154 rue du Chemin Vert",
    "arrondissement": 11
   }
  },
  {
   "type": "Feature",
   "geometry": {
    "type": "Point",
    "coordinates": [
     2.363929,
     48.873024
    ]
   },
   "properties": {
    "id": "PA_1147",
    "codes": [
     "PA_1147"
    ],
    "city": "PA",
    "address": "pont de la Grange aux Belles",
    "in_paris": true,
    "excluded": false,
    "exclude_reason": "",
    "raw_name": "Space Invader PA_1147, pont de la Grange aux Belles",
    "arrondissement": 10
   }
  },
  {
   "type": "Feature",
   "geometry": {
    "type": "Point",
    "coordinates": [
     2.398819,
     48.851057
    ]
   },
   "properties": {
    "id": "PA_1149",
    "codes": [
     "PA_1149"
    ],
    "city": "PA",
    "address": "42 boulevard de Charonne",
    "in_paris": true,
    "excluded": false,
    "exclude_reason": "",
    "raw_name": "Space Invader PA_1149, 42 boulevard de Charonne",
    "arrondissement": 20
   }
  },
  {
   "type": "Feature",
   "geometry": {
    "type": "Point",
    "coordinates": [
     2.364385,
     48.844928
    ]
   },
   "properties": {
    "id": "PA_1150",
    "codes": [
     "PA_1150"
    ],
    "city": "PA",
    "address": "quai Saint-Bernard",
    "in_paris": true,
    "excluded": false,
    "exclude_reason": "",
    "raw_name": "Space Invader PA_1150, quai Saint-Bernard",
    "arrondissement": 5
   }
  },
  {
   "type": "Feature",
   "geometry": {
    "type": "Point",
    "coordinates": [
     2.33027,
     48.86423
    ]
   },
   "properties": {
    "id": "PA_1151",
    "codes": [
     "PA_1151"
    ],
    "city": "PA",
    "address": "métro Tuileries",
    "in_paris": true,
    "excluded": false,
    "exclude_reason": "",
    "raw_name": "Space Invader PA_1151, métro Tuileries",
    "arrondissement": 1
   }
  },
  {
   "type": "Feature",
   "geometry": {
    "type": "Point",
    "coordinates": [
     2.36127,
     48.853332
    ]
   },
   "properties": {
    "id": "PA_1152",
    "codes": [
     "PA_1152"
    ],
    "city": "PA",
    "address": "village Saint-Paul",
    "in_paris": true,
    "excluded": false,
    "exclude_reason": "",
    "raw_name": "Space Invader PA_1152, village Saint-Paul",
    "arrondissement": 4
   }
  },
  {
   "type": "Feature",
   "geometry": {
    "type": "Point",
    "coordinates": [
     2.3626,
     48.854585
    ]
   },
   "properties": {
    "id": "PA_1153",
    "codes": [
     "PA_1153"
    ],
    "city": "PA",
    "address": "87 rue Saint-Antoine",
    "in_paris": true,
    "excluded": false,
    "exclude_reason": "",
    "raw_name": "Space Invader PA_1153, 87 rue Saint-Antoine",
    "arrondissement": 4
   }
  },
  {
   "type": "Feature",
   "geometry": {
    "type": "Point",
    "coordinates": [
     2.363243,
     48.868562
    ]
   },
   "properties": {
    "id": "PA_1154",
    "codes": [
     "PA_1154"
    ],
    "city": "PA",
    "address": "0 rue Léon Jouhaux",
    "in_paris": true,
    "excluded": false,
    "exclude_reason": "",
    "raw_name": "Space Invader PA_1154, 0 rue Léon Jouhaux",
    "arrondissement": 10
   }
  },
  {
   "type": "Feature",
   "geometry": {
    "type": "Point",
    "coordinates": [
     2.414452,
     48.857685
    ]
   },
   "properties": {
    "id": "PA_1155",
    "codes": [
     "PA_1155"
    ],
    "city": "PA",
    "address": "pont piéton de la rue Lucien Lambeau",
    "in_paris": true,
    "excluded": false,
    "exclude_reason": "",
    "raw_name": "Space Invader PA_1155, pont piéton de la rue Lucien Lambeau",
    "arrondissement": 20
   }
  },
  {
   "type": "Feature",
   "geometry": {
    "type": "Point",
    "coordinates": [
     2.356857,
     48.856563
    ]
   },
   "properties": {
    "id": "PA_1156",
    "codes": [
     "PA_1156"
    ],
    "city": "PA",
    "address": "12 rue Vieille du Temple",
    "in_paris": true,
    "excluded": false,
    "exclude_reason": "",
    "raw_name": "Space Invader PA_1156, 12 rue Vieille du Temple",
    "arrondissement": 4
   }
  },
  {
   "type": "Feature",
   "geometry": {
    "type": "Point",
    "coordinates": [
     2.354822,
     48.86391
    ]
   },
   "properties": {
    "id": "PA_1157",
    "codes": [
     "PA_1157"
    ],
    "city": "PA",
    "address": "81 rue de Beaubourg",
    "in_paris": true,
    "excluded": false,
    "exclude_reason": "",
    "raw_name": "Space Invader PA_1157, 81 rue de Beaubourg",
    "arrondissement": 3
   }
  },
  {
   "type": "Feature",
   "geometry": {
    "type": "Point",
    "coordinates": [
     2.398184,
     48.851158
    ]
   },
   "properties": {
    "id": "PA_1158",
    "codes": [
     "PA_1158"
    ],
    "city": "PA",
    "address": "33 boulevard de Charonne",
    "in_paris": true,
    "excluded": false,
    "exclude_reason": "",
    "raw_name": "Space Invader PA_1158, 33 boulevard de Charonne",
    "arrondissement": 11
   }
  },
  {
   "type": "Feature",
   "geometry": {
    "type": "Point",
    "coordinates": [
     2.298683,
     48.87847
    ]
   },
   "properties": {
    "id": "PA_1159",
    "codes": [
     "PA_1159"
    ],
    "city": "PA",
    "address": "6 place des Ternes",
    "in_paris": true,
    "excluded": false,
    "exclude_reason": "",
    "raw_name": "Space Invader PA_1159, 6 place des Ternes",
    "arrondissement": 17
   }
  },
  {
   "type": "Feature",
   "geometry": {
    "type": "Point",
    "coordinates": [
     2.305867,
     48.874707
    ]
   },
   "properties": {
    "id": "PA_1160",
    "codes": [
     "PA_1160"
    ],
    "city": "PA",
    "address": "165 rue du Faubourg Saint-Honoré",
    "in_paris": true,
    "excluded": false,
    "exclude_reason": "",
    "raw_name": "Space Invader PA_1160, 165 rue du Faubourg Saint-Honoré",
    "arrondissement": 8
   }
  },
  {
   "type": "Feature",
   "geometry": {
    "type": "Point",
    "coordinates": [
     2.359031,
     48.858606
    ]
   },
   "properties": {
    "id": "PA_1161",
    "codes": [
     "PA_1161"
    ],
    "city": "PA",
    "address": "42 rue des Francs-Bourgeois",
    "in_paris": true,
    "excluded": false,
    "exclude_reason": "",
    "raw_name": "Space Invader PA_1161, 42 rue des Francs-Bourgeois",
    "arrondissement": 3
   }
  },
  {
   "type": "Feature",
   "geometry": {
    "type": "Point",
    "coordinates": [
     2.34868,
     48.862045
    ]
   },
   "properties": {
    "id": "PA_1162",
    "codes": [
     "PA_1162"
    ],
    "city": "PA",
    "address": "14 rue des Précheurs",
    "in_paris": true,
    "excluded": false,
    "exclude_reason": "",
    "raw_name": "Space Invader PA_1162, 14 rue des Précheurs",
    "arrondissement": 1
   }
  },
  {
   "type": "Feature",
   "geometry": {
    "type": "Point",
    "coordinates": [
     2.36107,
     48.871181
    ]
   },
   "properties": {
    "id": "PA_1163",
    "codes": [
     "PA_1163"
    ],
    "city": "PA",
    "address": "8 place Jacques Bonsergent",
    "in_paris": true,
    "excluded": false,
    "exclude_reason": "",
    "raw_name": "Space Invader PA_1163, 8 place Jacques Bonsergent",
    "arrondissement": 10
   }
  },
  {
   "type": "Feature",
   "geometry": {
    "type": "Point",
    "coordinates": [
     2.303648,
     48.885151
    ]
   },
   "properties": {
    "id": "PA_1164",
    "codes": [
     "PA_1164"
    ],
    "city": "PA",
    "address": "130 avenue de Wagram",
    "in_paris": true,
    "excluded": false,
    "exclude_reason": "",
    "raw_name": "Space Invader PA_1164, 130 avenue de Wagram",
    "arrondissement": 17
   }
  },
  {
   "type": "Feature",
   "geometry": {
    "type": "Point",
    "coordinates": [
     2.348778,
     48.868077
    ]
   },
   "properties": {
    "id": "PA_1165",
    "codes": [
     "PA_1165"
    ],
    "city": "PA",
    "address": "48 rue du Caire",
    "in_paris": true,
    "excluded": false,
    "exclude_reason": "",
    "raw_name": "Space Invader PA_1165, 48 rue du Caire",
    "arrondissement": 2
   }
  },
  {
   "type": "Feature",
   "geometry": {
    "type": "Point",
    "coordinates": [
     2.35698,
     48.852446
    ]
   },
   "properties": {
    "id": "PA_1166",
    "codes": [
     "PA_1166"
    ],
    "city": "PA",
    "address": "1 quai de Bourbon",
    "in_paris": true,
    "excluded": false,
    "exclude_reason": "",
    "raw_name": "Space Invader PA_1166, 1 quai de Bourbon",
    "arrondissement": 4
   }
  },
  {
   "type": "Feature",
   "geometry": {
    "type": "Point",
    "coordinates": [
     2.332597,
     48.849736
    ]
   },
   "properties": {
    "id": "PA_1167",
    "codes": [
     "PA_1167"
    ],
    "city": "PA",
    "address": "84 rue Bonaparte",
    "in_paris": true,
    "excluded": false,
    "exclude_reason": "",
    "raw_name": "Space Invader PA_1167, 84 rue Bonaparte",
    "arrondissement": 6
   }
  },
  {
   "type": "Feature",
   "geometry": {
    "type": "Point",
    "coordinates": [
     2.300392,
     48.886756
    ]
   },
   "properties": {
    "id": "PA_1168",
    "codes": [
     "PA_1168"
    ],
    "city": "PA",
    "address": "1 rue Verniquet",
    "in_paris": true,
    "excluded": false,
    "exclude_reason": "",
    "raw_name": "Space Invader PA_1168, 1 rue Verniquet",
    "arrondissement": 17
   }
  },
  {
   "type": "Feature",
   "geometry": {
    "type": "Point",
    "coordinates": [
     2.359518,
     48.89895
    ]
   },
   "properties": {
    "id": "PA_1169",
    "codes": [
     "PA_1169"
    ],
    "city": "PA",
    "address": "6 avenue de la Porte de la Chapelle",
    "in_paris": true,
    "excluded": false,
    "exclude_reason": "",
    "raw_name": "Space Invader PA_1169, 6 avenue de la Porte de la Chapelle",
    "arrondissement": 18
   }
  },
  {
   "type": "Feature",
   "geometry": {
    "type": "Point",
    "coordinates": [
     2.355424,
     48.864156
    ]
   },
   "properties": {
    "id": "PA_1170",
    "codes": [
     "PA_1170"
    ],
    "city": "PA",
    "address": "45 rue des Gravilliers",
    "in_paris": true,
    "excluded": false,
    "exclude_reason": "",
    "raw_name": "Space Invader PA_1170, 45 rue des Gravilliers",
    "arrondissement": 3
   }
  },
  {
   "type": "Feature",
   "geometry": {
    "type": "Point",
    "coordinates": [
     2.347805,
     48.846868
    ]
   },
   "properties": {
    "id": "PA_1171",
    "codes": [
     "PA_1171"
    ],
    "city": "PA",
    "address": "68 rue de la Montagne Sainte-Geneviève",
    "in_paris": true,
    "excluded": false,
    "exclude_reason": "",
    "raw_name": "Space Invader PA_1171, 68 rue de la Montagne Sainte-Geneviève",
    "arrondissement": 5
   }
  },
  {
   "type": "Feature",
   "geometry": {
    "type": "Point",
    "coordinates": [
     2.350647,
     48.858828
    ]
   },
   "properties": {
    "id": "PA_1172",
    "codes": [
     "PA_1172"
    ],
    "city": "PA",
    "address": "93 rue de la Verrerie",
    "in_paris": true,
    "excluded": false,
    "exclude_reason": "",
    "raw_name": "Space Invader PA_1172, 93 rue de la Verrerie",
    "arrondissement": 4
   }
  },
  {
   "type": "Feature",
   "geometry": {
    "type": "Point",
    "coordinates": [
     2.371144,
     48.840096
    ]
   },
   "properties": {
    "id": "PA_1173",
    "codes": [
     "PA_1173"
    ],
    "city": "PA",
    "address": "terrasse du Wanderlust",
    "in_paris": true,
    "excluded": false,
    "exclude_reason": "",
    "raw_name": "Space Invader PA_1173, terrasse du Wanderlust",
    "arrondissement": 13
   }
  },
  {
   "type": "Feature",
   "geometry": {
    "type": "Point",
    "coordinates": [
     2.391172,
     48.83699
    ]
   },
   "properties": {
    "id": "PA_1174",
    "codes": [
     "PA_1174"
    ],
    "city": "PA",
    "address": "14 rue des Fonds-Verts",
    "in_paris": true,
    "excluded": false,
    "exclude_reason": "",
    "raw_name": "Space Invader PA_1174, 14 rue des Fonds-Verts",
    "arrondissement": 12
   }
  },
  {
   "type": "Feature",
   "geometry": {
    "type": "Point",
    "coordinates": [
     2.342371,
     48.877413
    ]
   },
   "properties": {
    "id": "PA_1175",
    "codes": [
     "PA_1175"
    ],
    "city": "PA",
    "address": "2 rue Rodier",
    "in_paris": true,
    "excluded": false,
    "exclude_reason": "",
    "raw_name": "Space Invader PA_1175, 2 rue Rodier",
    "arrondissement": 9
   }
  },
  {
   "type": "Feature",
   "geometry": {
    "type": "Point",
    "coordinates": [
     2.342256,
     48.877403
    ]
   },
   "properties": {
    "id": "PA_1176",
    "codes": [
     "PA_1176"
    ],
    "city": "PA",
    "address": "5 rue Rodier",
    "in_paris": true,
    "excluded": false,
    "exclude_reason": "",
    "raw_name": "Space Invader PA_1176, 5 rue Rodier",
    "arrondissement": 9
   }
  },
  {
   "type": "Feature",
   "geometry": {
    "type": "Point",
    "coordinates": [
     2.340272,
     48.868795
    ]
   },
   "properties": {
    "id": "PA_1177",
    "codes": [
     "PA_1177"
    ],
    "city": "PA",
    "address": "Agence France Presse",
    "in_paris": true,
    "excluded": false,
    "exclude_reason": "",
    "raw_name": "Space Invader PA_1177, Agence France Presse",
    "arrondissement": 2
   }
  },
  {
   "type": "Feature",
   "geometry": {
    "type": "Point",
    "coordinates": [
     2.368532,
     48.82156
    ]
   },
   "properties": {
    "id": "PA_1178",
    "codes": [
     "PA_1178"
    ],
    "city": "PA",
    "address": "82 boulevard Masséna",
    "in_paris": true,
    "excluded": false,
    "exclude_reason": "",
    "raw_name": "Space Invader PA_1178, 82 boulevard Masséna",
    "arrondissement": 13
   }
  },
  {
   "type": "Feature",
   "geometry": {
    "type": "Point",
    "coordinates": [
     2.356652,
     48.830787
    ]
   },
   "properties": {
    "id": "PA_1179",
    "codes": [
     "PA_1179"
    ],
    "city": "PA",
    "address": "213 boulevard Vincent Auriol",
    "in_paris": true,
    "excluded": false,
    "exclude_reason": "",
    "raw_name": "Space Invader PA_1179, 213 boulevard Vincent Auriol",
    "arrondissement": 13
   }
  },
  {
   "type": "Feature",
   "geometry": {
    "type": "Point",
    "coordinates": [
     2.353336,
     48.835102
    ]
   },
   "properties": {
    "id": "PA_1180",
    "codes": [
     "PA_1180"
    ],
    "city": "PA",
    "address": "47 avenue des Gobelins",
    "in_paris": true,
    "excluded": false,
    "exclude_reason": "",
    "raw_name": "Space Invader PA_1180, 47 avenue des Gobelins",
    "arrondissement": 13
   }
  },
  {
   "type": "Feature",
   "geometry": {
    "type": "Point",
    "coordinates": [
     2.328576,
     48.874815
    ]
   },
   "properties": {
    "id": "PA_1181",
    "codes": [
     "PA_1181"
    ],
    "city": "PA",
    "address": "58 rue Caumartin",
    "in_paris": true,
    "excluded": false,
    "exclude_reason": "",
    "raw_name": "Space Invader PA_1181, 58 rue Caumartin",
    "arrondissement": 9
   }
  },
  {
   "type": "Feature",
   "geometry": {
    "type": "Point",
    "coordinates": [
     2.290073,
     48.880838
    ]
   },
   "properties": {
    "id": "PA_1182",
    "codes": [
     "PA_1182"
    ],
    "city": "PA",
    "address": "22 rue Guersant",
    "in_paris": true,
    "excluded": false,
    "exclude_reason": "",
    "raw_name": "Space Invader PA_1182, 22 rue Guersant",
    "arrondissement": 17
   }
  },
  {
   "type": "Feature",
   "geometry": {
    "type": "Point",
    "coordinates": [
     2.402938,
     48.845604
    ]
   },
   "properties": {
    "id": "PA_1183",
    "codes": [
     "PA_1183"
    ],
    "city": "PA",
    "address": "9 rue Marsoulan",
    "in_paris": true,
    "excluded": false,
    "exclude_reason": "",
    "raw_name": "Space Invader PA_1183, 9 rue Marsoulan",
    "arrondissement": 12
   }
  },
  {
   "type": "Feature",
   "geometry": {
    "type": "Point",
    "coordinates": [
     2.340419,
     48.762395
    ]
   },
   "properties": {
    "id": "PA_1184",
    "codes": [
     "PA_1184"
    ],
    "city": "PA",
    "address": "croisement E50/A6B",
    "in_paris": false,
    "excluded": false,
    "exclude_reason": "",
    "raw_name": "Space Invader PA_1184, croisement E50/A6B"
   }
  },
  {
   "type": "Feature",
   "geometry": {
    "type": "Point",
    "coordinates": [
     2.379467,
     48.853446
    ]
   },
   "properties": {
    "id": "PA_1185",
    "codes": [
     "PA_1185"
    ],
    "city": "PA",
    "address": "59 rue de Charonne",
    "in_paris": true,
    "excluded": false,
    "exclude_reason": "",
    "raw_name": "Space Invader PA_1185, 59 rue de Charonne",
    "arrondissement": 11
   }
  },
  {
   "type": "Feature",
   "geometry": {
    "type": "Point",
    "coordinates": [
     2.399535,
     48.853717
    ]
   },
   "properties": {
    "id": "PA_1186",
    "codes": [
     "PA_1186"
    ],
    "city": "PA",
    "address": "32 impasse de la Confiance",
    "in_paris": true,
    "excluded": false,
    "exclude_reason": "",
    "raw_name": "Space Invader PA_1186, 32 impasse de la Confiance",
    "arrondissement": 20
   }
  },
  {
   "type": "Feature",
   "geometry": {
    "type": "Point",
    "coordinates": [
     2.402702,
     48.882103
    ]
   },
   "properties": {
    "id": "PA_1187",
    "codes": [
     "PA_1187"
    ],
    "city": "PA",
    "address": "89 rue André Joineau",
    "in_paris": false,
    "excluded": false,
    "exclude_reason": "",
    "raw_name": "Space Invader PA_1187, 89 rue André Joineau"
   }
  },
  {
   "type": "Feature",
   "geometry": {
    "type": "Point",
    "coordinates": [
     2.334858,
     48.842502
    ]
   },
   "properties": {
    "id": "PA_1188",
    "codes": [
     "PA_1188"
    ],
    "city": "PA",
    "address": "81 rue d'Assas",
    "in_paris": true,
    "excluded": false,
    "exclude_reason": "",
    "raw_name": "Space Invader PA_1188, 81 rue d'Assas",
    "arrondissement": 6
   }
  },
  {
   "type": "Feature",
   "geometry": {
    "type": "Point",
    "coordinates": [
     2.350387,
     48.844147
    ]
   },
   "properties": {
    "id": "PA_1189",
    "codes": [
     "PA_1189"
    ],
    "city": "PA",
    "address": "43 rue Lacépède",
    "in_paris": true,
    "excluded": false,
    "exclude_reason": "",
    "raw_name": "Space Invader PA_1189, 43 rue Lacépède",
    "arrondissement": 5
   }
  },
  {
   "type": "Feature",
   "geometry": {
    "type": "Point",
    "coordinates": [
     2.334419,
     48.852589
    ]
   },
   "properties": {
    "id": "PA_1190",
    "codes": [
     "PA_1190"
    ],
    "city": "PA",
    "address": "2 rue Princesse Leia",
    "in_paris": true,
    "excluded": false,
    "exclude_reason": "",
    "raw_name": "Space Invader PA_1190, 2 rue Princesse Leia",
    "arrondissement": 6
   }
  },
  {
   "type": "Feature",
   "geometry": {
    "type": "Point",
    "coordinates": [
     2.355387,
     48.814755
    ]
   },
   "properties": {
    "id": "PA_1191",
    "codes": [
     "PA_1191",
     "PA_1192",
     "PA_1193",
     "PA_1194",
     "PA_1195"
    ],
    "city": "PA",
    "address": "le long de la D126B",
    "in_paris": false,
    "excluded": false,
    "exclude_reason": "",
    "raw_name": "Space Invader PA_1191, 1192, 1193, 1194 & 1195, le long de la D126B"
   }
  },
  {
   "type": "Feature",
   "geometry": {
    "type": "Point",
    "coordinates": [
     2.313336,
     48.8411
    ]
   },
   "properties": {
    "id": "PA_1196",
    "codes": [
     "PA_1196"
    ],
    "city": "PA",
    "address": "2 impasse Mathieu",
    "in_paris": true,
    "excluded": false,
    "exclude_reason": "",
    "raw_name": "Space Invader PA_1196, 2 impasse Mathieu",
    "arrondissement": 15
   }
  },
  {
   "type": "Feature",
   "geometry": {
    "type": "Point",
    "coordinates": [
     2.322431,
     48.843878
    ]
   },
   "properties": {
    "id": "PA_1197",
    "codes": [
     "PA_1197"
    ],
    "city": "PA",
    "address": "6 rue de l'Arrivée",
    "in_paris": true,
    "excluded": false,
    "exclude_reason": "",
    "raw_name": "Space Invader PA_1197, 6 rue de l'Arrivée",
    "arrondissement": 15
   }
  },
  {
   "type": "Feature",
   "geometry": {
    "type": "Point",
    "coordinates": [
     2.329685,
     48.842276
    ]
   },
   "properties": {
    "id": "PA_1198",
    "codes": [
     "PA_1198"
    ],
    "city": "PA",
    "address": "145 boulevard Raspail",
    "in_paris": true,
    "excluded": false,
    "exclude_reason": "",
    "raw_name": "Space Invader PA_1198, 145 boulevard Raspail",
    "arrondissement": 6
   }
  },
  {
   "type": "Feature",
   "geometry": {
    "type": "Point",
    "coordinates": [
     2.352432,
     48.821567
    ]
   },
   "properties": {
    "id": "PA_1199",
    "codes": [
     "PA_1199"
    ],
    "city": "PA",
    "address": "Poterne des Peupliers",
    "in_paris": true,
    "excluded": false,
    "exclude_reason": "",
    "raw_name": "Space Invader PA_1199, Poterne des Peupliers",
    "arrondissement": 13
   }
  },
  {
   "type": "Feature",
   "geometry": {
    "type": "Point",
    "coordinates": [
     2.347302,
     48.852528
    ]
   },
   "properties": {
    "id": "PA_1200",
    "codes": [
     "PA_1200"
    ],
    "city": "PA",
    "address": "35 rue de la Bûcherie",
    "in_paris": true,
    "excluded": false,
    "exclude_reason": "",
    "raw_name": "Space Invader PA_1200, 35 rue de la Bûcherie",
    "arrondissement": 5
   }
  },
  {
   "type": "Feature",
   "geometry": {
    "type": "Point",
    "coordinates": [
     2.37326,
     48.86438
    ]
   },
   "properties": {
    "id": "PA_1201",
    "codes": [
     "PA_1201"
    ],
    "city": "PA",
    "address": "14 rue Ternaux",
    "in_paris": true,
    "excluded": false,
    "exclude_reason": "",
    "raw_name": "Space Invader PA_1201, 14 rue Ternaux",
    "arrondissement": 11
   }
  },
  {
   "type": "Feature",
   "geometry": {
    "type": "Point",
    "coordinates": [
     2.301697,
     48.883249
    ]
   },
   "properties": {
    "id": "PA_1202",
    "codes": [
     "PA_1202"
    ],
    "city": "PA",
    "address": "129 avenue de Wagram",
    "in_paris": true,
    "excluded": false,
    "exclude_reason": "",
    "raw_name": "Space Invader PA_1202, 129 avenue de Wagram",
    "arrondissement": 17
   }
  },
  {
   "type": "Feature",
   "geometry": {
    "type": "Point",
    "coordinates": [
     2.340895,
     48.847823
    ]
   },
   "properties": {
    "id": "PA_1203",
    "codes": [
     "PA_1203"
    ],
    "city": "PA",
    "address": "64 rue Monsieur le Prince",
    "in_paris": true,
    "excluded": false,
    "exclude_reason": "",
    "raw_name": "Space Invader PA_1203, 64 rue Monsieur le Prince",
    "arrondissement": 6
   }
  },
  {
   "type": "Feature",
   "geometry": {
    "type": "Point",
    "coordinates": [
     2.403237,
     48.852275
    ]
   },
   "properties": {
    "id": "PA_1204",
    "codes": [
     "PA_1204"
    ],
    "city": "PA",
    "address": "61 rue d'Avron",
    "in_paris": true,
    "excluded": false,
    "exclude_reason": "",
    "raw_name": "Space Invader PA_1204, 61 rue d'Avron",
    "arrondissement": 20
   }
  },
  {
   "type": "Feature",
   "geometry": {
    "type": "Point",
    "coordinates": [
     2.368736,
     48.835457
    ]
   },
   "properties": {
    "id": "PA_1205",
    "codes": [
     "PA_1205"
    ],
    "city": "PA",
    "address": "bâtiment Marguerite Bottard",
    "in_paris": true,
    "excluded": false,
    "exclude_reason": "",
    "raw_name": "Space Invader PA_1205, bâtiment Marguerite Bottard",
    "arrondissement": 13
   }
  },
  {
   "type": "Feature",
   "geometry": {
    "type": "Point",
    "coordinates": [
     2.368824,
     48.866206
    ]
   },
   "properties": {
    "id": "PA_1206",
    "codes": [
     "PA_1206"
    ],
    "city": "PA",
    "address": "22 avenue de la République",
    "in_paris": true,
    "excluded": false,
    "exclude_reason": "",
    "raw_name": "Space Invader PA_1206, 22 avenue de la République",
    "arrondissement": 11
   }
  },
  {
   "type": "Feature",
   "geometry": {
    "type": "Point",
    "coordinates": [
     2.361351,
     48.873118
    ]
   },
   "properties": {
    "id": "PA_1207",
    "codes": [
     "PA_1207"
    ],
    "city": "PA",
    "address": "31 rue Lucien Sampaix",
    "in_paris": true,
    "excluded": false,
    "exclude_reason": "",
    "raw_name": "Space Invader PA_1207, 31 rue Lucien Sampaix",
    "arrondissement": 10
   }
  },
  {
   "type": "Feature",
   "geometry": {
    "type": "Point",
    "coordinates": [
     2.30942,
     48.833951
    ]
   },
   "properties": {
    "id": "PA_1208",
    "codes": [
     "PA_1208"
    ],
    "city": "PA",
    "address": "35 rue Castagnary",
    "in_paris": true,
    "excluded": false,
    "exclude_reason": "",
    "raw_name": "Space Invader PA_1208, 35 rue Castagnary",
    "arrondissement": 15
   }
  },
  {
   "type": "Feature",
   "geometry": {
    "type": "Point",
    "coordinates": [
     2.338901,
     48.85219
    ]
   },
   "properties": {
    "id": "PA_1209",
    "codes": [
     "PA_1209"
    ],
    "city": "PA",
    "address": "99 boulevard Saint-Germain",
    "in_paris": true,
    "excluded": false,
    "exclude_reason": "",
    "raw_name": "Space Invader PA_1209, 99 boulevard Saint-Germain",
    "arrondissement": 6
   }
  },
  {
   "type": "Feature",
   "geometry": {
    "type": "Point",
    "coordinates": [
     2.337762,
     48.86885
    ]
   },
   "properties": {
    "id": "PA_1210",
    "codes": [
     "PA_1210"
    ],
    "city": "PA",
    "address": "3 rue Saint-Augustin",
    "in_paris": true,
    "excluded": false,
    "exclude_reason": "",
    "raw_name": "Space Invader PA_1210, 3 rue Saint-Augustin",
    "arrondissement": 2
   }
  },
  {
   "type": "Feature",
   "geometry": {
    "type": "Point",
    "coordinates": [
     2.385035,
     48.865411
    ]
   },
   "properties": {
    "id": "PA_1211",
    "codes": [
     "PA_1211"
    ],
    "city": "PA",
    "address": "1 passage Mondésir",
    "in_paris": true,
    "excluded": false,
    "exclude_reason": "",
    "raw_name": "Space Invader PA_1211, 1 passage Mondésir",
    "arrondissement": 20
   }
  },
  {
   "type": "Feature",
   "geometry": {
    "type": "Point",
    "coordinates": [
     2.36078,
     48.87139
    ]
   },
   "properties": {
    "id": "PA_1212",
    "codes": [
     "PA_1212"
    ],
    "city": "PA",
    "address": "16 place Jacques Bonsergent",
    "in_paris": true,
    "excluded": false,
    "exclude_reason": "",
    "raw_name": "Space Invader PA_1212, 16 place Jacques Bonsergent",
    "arrondissement": 10
   }
  },
  {
   "type": "Feature",
   "geometry": {
    "type": "Point",
    "coordinates": [
     2.34856,
     48.86088
    ]
   },
   "properties": {
    "id": "PA_1213",
    "codes": [
     "PA_1213"
    ],
    "city": "PA",
    "address": "4 rue Berger",
    "in_paris": true,
    "excluded": false,
    "exclude_reason": "",
    "raw_name": "Space Invader PA_1213, 4 rue Berger",
    "arrondissement": 1
   }
  },
  {
   "type": "Feature",
   "geometry": {
    "type": "Point",
    "coordinates": [
     2.401823,
     48.842979
    ]
   },
   "properties": {
    "id": "PA_1214",
    "codes": [
     "PA_1214"
    ],
    "city": "PA",
    "address": "42 rue Leroy Dupré",
    "in_paris": true,
    "excluded": false,
    "exclude_reason": "",
    "raw_name": "Space Invader PA_1214, 42 rue Leroy Dupré",
    "arrondissement": 12
   }
  },
  {
   "type": "Feature",
   "geometry": {
    "type": "Point",
    "coordinates": [
     2.33329,
     48.86757
    ]
   },
   "properties": {
    "id": "PA_1215",
    "codes": [
     "PA_1215"
    ],
    "city": "PA",
    "address": "3 rue Danielle Casanova",
    "in_paris": true,
    "excluded": false,
    "exclude_reason": "",
    "raw_name": "Space Invader PA_1215, 3 rue Danielle Casanova",
    "arrondissement": 1
   }
  },
  {
   "type": "Feature",
   "geometry": {
    "type": "Point",
    "coordinates": [
     2.285079,
     48.873466
    ]
   },
   "properties": {
    "id": "PA_1216",
    "codes": [
     "PA_1216"
    ],
    "city": "PA",
    "address": "1 rue Duret",
    "in_paris": true,
    "excluded": false,
    "exclude_reason": "",
    "raw_name": "Space Invader PA_1216, 1 rue Duret",
    "arrondissement": 16
   }
  },
  {
   "type": "Feature",
   "geometry": {
    "type": "Point",
    "coordinates": [
     2.320227,
     48.863861
    ]
   },
   "properties": {
    "id": "PA_1217",
    "codes": [
     "PA_1217"
    ],
    "city": "PA",
    "address": "pont de la Concorde",
    "in_paris": true,
    "excluded": false,
    "exclude_reason": "",
    "raw_name": "Space Invader PA_1217, pont de la Concorde",
    "arrondissement": 8
   }
  },
  {
   "type": "Feature",
   "geometry": {
    "type": "Point",
    "coordinates": [
     2.37648,
     48.89067
    ]
   },
   "properties": {
    "id": "PA_1218",
    "codes": [
     "PA_1218"
    ],
    "city": "PA",
    "address": "2 rue Mathys",
    "in_paris": true,
    "excluded": false,
    "exclude_reason": "",
    "raw_name": "Space Invader PA_1218, 2 rue Mathys",
    "arrondissement": 19
   }
  },
  {
   "type": "Feature",
   "geometry": {
    "type": "Point",
    "coordinates": [
     2.39896,
     48.87559
    ]
   },
   "properties": {
    "id": "PA_1219",
    "codes": [
     "PA_1219"
    ],
    "city": "PA",
    "address": "261 rue de Belleville",
    "in_paris": true,
    "excluded": false,
    "exclude_reason": "",
    "raw_name": "Space Invader PA_1219, 261 rue de Belleville",
    "arrondissement": 19
   }
  },
  {
   "type": "Feature",
   "geometry": {
    "type": "Point",
    "coordinates": [
     2.352584,
     48.871694
    ]
   },
   "properties": {
    "id": "PA_1220",
    "codes": [
     "PA_1220"
    ],
    "city": "PA",
    "address": "7 rue d'Enghien",
    "in_paris": true,
    "excluded": false,
    "exclude_reason": "",
    "raw_name": "Space Invader PA_1220, 7 rue d'Enghien",
    "arrondissement": 10
   }
  },
  {
   "type": "Feature",
   "geometry": {
    "type": "Point",
    "coordinates": [
     2.351911,
     48.84453
    ]
   },
   "properties": {
    "id": "PA_1221",
    "codes": [
     "PA_1221"
    ],
    "city": "PA",
    "address": "place Benjamin Fondane",
    "in_paris": true,
    "excluded": false,
    "exclude_reason": "",
    "raw_name": "Space Invader PA_1221, place Benjamin Fondane",
    "arrondissement": 5
   }
  },
  {
   "type": "Feature",
   "geometry": {
    "type": "Point",
    "coordinates": [
     2.380904,
     48.863935
    ]
   },
   "properties": {
    "id": "PA_1222",
    "codes": [
     "PA_1222"
    ],
    "city": "PA",
    "address": "90 avenue de la République",
    "in_paris": true,
    "excluded": false,
    "exclude_reason": "",
    "raw_name": "Space Invader PA_1222, 90 avenue de la République",
    "arrondissement": 11
   }
  },
  {
   "type": "Feature",
   "geometry": {
    "type": "Point",
    "coordinates": [
     2.27793,
     48.85785
    ]
   },
   "properties": {
    "id": "PA_1223",
    "codes": [
     "PA_1223"
    ],
    "city": "PA",
    "address": "1 place de Passy",
    "in_paris": true,
    "excluded": false,
    "exclude_reason": "",
    "raw_name": "Space Invader PA_1223, 1 place de Passy",
    "arrondissement": 16
   }
  },
  {
   "type": "Feature",
   "geometry": {
    "type": "Point",
    "coordinates": [
     2.405649,
     48.844904
    ]
   },
   "properties": {
    "id": "PA_1224",
    "codes": [
     "PA_1224"
    ],
    "city": "PA",
    "address": "57 avenue du docteur Netter",
    "in_paris": true,
    "excluded": false,
    "exclude_reason": "",
    "raw_name": "Space Invader PA_1224, 57 avenue du docteur Netter",
    "arrondissement": 12
   }
  },
  {
   "type": "Feature",
   "geometry": {
    "type": "Point",
    "coordinates": [
     2.40845,
     48.84691
    ]
   },
   "properties": {
    "id": "PA_1225",
    "codes": [
     "PA_1225",
     "PA_1226"
    ],
    "city": "PA",
    "address": "100 cours de Vincennes",
    "in_paris": true,
    "excluded": false,
    "exclude_reason": "",
    "raw_name": "Space Invader PA_1225 & 1226, 100 cours de Vincennes",
    "arrondissement": 12
   }
  },
  {
   "type": "Feature",
   "geometry": {
    "type": "Point",
    "coordinates": [
     2.381721,
     48.844418
    ]
   },
   "properties": {
    "id": "PA_1227",
    "codes": [
     "PA_1227"
    ],
    "city": "PA",
    "address": "129 coulée verte René-Dumont",
    "in_paris": true,
    "excluded": false,
    "exclude_reason": "",
    "raw_name": "Space Invader PA_1227, 129 coulée verte René-Dumont",
    "arrondissement": 12
   }
  },
  {
   "type": "Feature",
   "geometry": {
    "type": "Point",
    "coordinates": [
     2.357361,
     48.834496
    ]
   },
   "properties": {
    "id": "PA_1228",
    "codes": [
     "PA_1228"
    ],
    "city": "PA",
    "address": "22 rue Watteau",
    "in_paris": true,
    "excluded": false,
    "exclude_reason": "",
    "raw_name": "Space Invader PA_1228, 22 rue Watteau",
    "arrondissement": 13
   }
  },
  {
   "type": "Feature",
   "geometry": {
    "type": "Point",
    "coordinates": [
     2.339576,
     48.876716
    ]
   },
   "properties": {
    "id": "PA_1229",
    "codes": [
     "PA_1229"
    ],
    "city": "PA",
    "address": "62 rue Lamartine",
    "in_paris": true,
    "excluded": false,
    "exclude_reason": "",
    "raw_name": "Space Invader PA_1229, 62 rue Lamartine",
    "arrondissement": 9
   }
  },
  {
   "type": "Feature",
   "geometry": {
    "type": "Point",
    "coordinates": [
     2.334758,
     48.873571
    ]
   },
   "properties": {
    "id": "PA_1230",
    "codes": [
     "PA_1230"
    ],
    "city": "PA",
    "address": "7 rue Lafayette",
    "in_paris": true,
    "excluded": false,
    "exclude_reason": "",
    "raw_name": "Space Invader PA_1230, 7 rue Lafayette",
    "arrondissement": 9
   }
  },
  {
   "type": "Feature",
   "geometry": {
    "type": "Point",
    "coordinates": [
     2.392077,
     48.888359
    ]
   },
   "properties": {
    "id": "PA_1231",
    "codes": [
     "PA_1231",
     "PA_1237"
    ],
    "city": "PA",
    "address": "200 avenue Jean Jaurès",
    "in_paris": true,
    "excluded": false,
    "exclude_reason": "",
    "raw_name": "Space Invader PA_1231 & 1237, 200 avenue Jean Jaurès",
    "arrondissement": 19
   }
  },
  {
   "type": "Feature",
   "geometry": {
    "type": "Point",
    "coordinates": [
     2.34591,
     48.8953
    ]
   },
   "properties": {
    "id": "PA_1232",
    "codes": [
     "PA_1232"
    ],
    "city": "PA",
    "address": "102 rue du Mont Cenis",
    "in_paris": true,
    "excluded": false,
    "exclude_reason": "",
    "raw_name": "Space Invader PA_1232, 102 rue du Mont Cenis",
    "arrondissement": 18
   }
  },
  {
   "type": "Feature",
   "geometry": {
    "type": "Point",
    "coordinates": [
     2.34984,
     48.88558
    ]
   },
   "properties": {
    "id": "PA_1233",
    "codes": [
     "PA_1233"
    ],
    "city": "PA",
    "address": "2 rue des Poissonniers",
    "in_paris": true,
    "excluded": false,
    "exclude_reason": "",
    "raw_name": "Space Invader PA_1233, 2 rue des Poissonniers",
    "arrondissement": 18
   }
  },
  {
   "type": "Feature",
   "geometry": {
    "type": "Point",
    "coordinates": [
     2.86916,
     48.79161
    ]
   },
   "properties": {
    "id": "PA_1234",
    "codes": [
     "PA_1234"
    ],
    "city": "PA",
    "address": "Obélisque de Villeneuve-le-Comte",
    "in_paris": false,
    "excluded": false,
    "exclude_reason": "",
    "raw_name": "Space Invader PA_1234, Obélisque de Villeneuve-le-Comte"
   }
  },
  {
   "type": "Feature",
   "geometry": {
    "type": "Point",
    "coordinates": [
     2.346044,
     48.840436
    ]
   },
   "properties": {
    "id": "PA_1235",
    "codes": [
     "PA_1235",
     "PA_1236"
    ],
    "city": "PA",
    "address": "72 rue Claude Bernard",
    "in_paris": true,
    "excluded": false,
    "exclude_reason": "",
    "raw_name": "Space Invader PA_1235 & 1236, 72 rue Claude Bernard",
    "arrondissement": 5
   }
  },
  {
   "type": "Feature",
   "geometry": {
    "type": "Point",
    "coordinates": [
     2.40488,
     48.936142
    ]
   },
   "properties": {
    "id": "PA_1238",
    "codes": [
     "PA_1238"
    ],
    "city": "PA",
    "address": "Cimetière de la Courneuve",
    "in_paris": false,
    "excluded": false,
    "exclude_reason": "",
    "raw_name": "Space Invader PA_1238, Cimetière de la Courneuve"
   }
  },
  {
   "type": "Feature",
   "geometry": {
    "type": "Point",
    "coordinates": [
     2.411101,
     48.920939
    ]
   },
   "properties": {
    "id": "PA_1239",
    "codes": [
     "PA_1239"
    ],
    "city": "PA",
    "address": "54 avenue Paul Vaillant Couturier",
    "in_paris": false,
    "excluded": false,
    "exclude_reason": "",
    "raw_name": "Space Invader PA_1239, 54 avenue Paul Vaillant Couturier"
   }
  },
  {
   "type": "Feature",
   "geometry": {
    "type": "Point",
    "coordinates": [
     2.36299,
     48.83349
    ]
   },
   "properties": {
    "id": "PA_1240",
    "codes": [
     "PA_1240"
    ],
    "city": "PA",
    "address": "114 boulevard Vincent Auriol",
    "in_paris": true,
    "excluded": false,
    "exclude_reason": "",
    "raw_name": "Space Invader PA_1240, 114 boulevard Vincent Auriol",
    "arrondissement": 13
   }
  },
  {
   "type": "Feature",
   "geometry": {
    "type": "Point",
    "coordinates": [
     2.355828,
     48.849604
    ]
   },
   "properties": {
    "id": "PA_1241",
    "codes": [
     "PA_1241"
    ],
    "city": "PA",
    "address": "1 quai de la Tournelle",
    "in_paris": true,
    "excluded": false,
    "exclude_reason": "",
    "raw_name": "Space Invader PA_1241, 1 quai de la Tournelle",
    "arrondissement": 5
   }
  },
  {
   "type": "Feature",
   "geometry": {
    "type": "Point",
    "coordinates": [
     2.402556,
     48.84986
    ]
   },
   "properties": {
    "id": "PA_1242",
    "codes": [
     "PA_1242"
    ],
    "city": "PA",
    "address": "26 rue de la Plaine",
    "in_paris": true,
    "excluded": false,
    "exclude_reason": "",
    "raw_name": "Space Invader PA_1242, 26 rue de la Plaine",
    "arrondissement": 20
   }
  },
  {
   "type": "Feature",
   "geometry": {
    "type": "Point",
    "coordinates": [
     2.388855,
     48.859383
    ]
   },
   "properties": {
    "id": "PA_1243",
    "codes": [
     "PA_1243"
    ],
    "city": "PA",
    "address": "15 boulevard de Ménilmontant",
    "in_paris": true,
    "excluded": false,
    "exclude_reason": "",
    "raw_name": "Space Invader PA_1243, 15 boulevard de Ménilmontant",
    "arrondissement": 11
   }
  },
  {
   "type": "Feature",
   "geometry": {
    "type": "Point",
    "coordinates": [
     2.36748,
     48.86267
    ]
   },
   "properties": {
    "id": "PA_1244",
    "codes": [
     "PA_1244"
    ],
    "city": "PA",
    "address": "4 rue Oberkampf",
    "in_paris": true,
    "excluded": false,
    "exclude_reason": "",
    "raw_name": "Space Invader PA_1244, 4 rue Oberkampf",
    "arrondissement": 11
   }
  },
  {
   "type": "Feature",
   "geometry": {
    "type": "Point",
    "coordinates": [
     2.35524,
     48.85012
    ]
   },
   "properties": {
    "id": "PA_1245",
    "codes": [
     "PA_1245"
    ],
    "city": "PA",
    "address": "pont de la Tournelle",
    "in_paris": true,
    "excluded": false,
    "exclude_reason": "",
    "raw_name": "Space Invader PA_1245, pont de la Tournelle",
    "arrondissement": 5
   }
  },
  {
   "type": "Feature",
   "geometry": {
    "type": "Point",
    "coordinates": [
     2.352059,
     48.85283
    ]
   },
   "properties": {
    "id": "PA_1246",
    "codes": [
     "PA_1246"
    ],
    "city": "PA",
    "address": "12 pont Saint-Louis",
    "in_paris": true,
    "excluded": false,
    "exclude_reason": "",
    "raw_name": "Space Invader PA_1246, 12 pont Saint-Louis",
    "arrondissement": 4
   }
  },
  {
   "type": "Feature",
   "geometry": {
    "type": "Point",
    "coordinates": [
     2.402437,
     48.881194
    ]
   },
   "properties": {
    "id": "PA_1247",
    "codes": [
     "PA_1247"
    ],
    "city": "PA",
    "address": "Hôpital Robert Debré",
    "in_paris": true,
    "excluded": false,
    "exclude_reason": "",
    "raw_name": "Space Invader PA_1247, Hôpital Robert Debré",
    "arrondissement": 19
   }
  },
  {
   "type": "Feature",
   "geometry": {
    "type": "Point",
    "coordinates": [
     2.37048,
     48.86411
    ]
   },
   "properties": {
    "id": "PA_1248",
    "codes": [
     "PA_1248"
    ],
    "city": "PA",
    "address": "101 boulevard Richard Lenoir",
    "in_paris": true,
    "excluded": false,
    "exclude_reason": "",
    "raw_name": "Space Invader PA_1248, 101 boulevard Richard Lenoir",
    "arrondissement": 11
   }
  },
  {
   "type": "Feature",
   "geometry": {
    "type": "Point",
    "coordinates": [
     2.354399,
     48.857501
    ]
   },
   "properties": {
    "id": "PA_1249",
    "codes": [
     "PA_1249"
    ],
    "city": "PA",
    "address": "24 rue de la Verrerie",
    "in_paris": true,
    "excluded": false,
    "exclude_reason": "",
    "raw_name": "Space Invader PA_1249, 24 rue de la Verrerie",
    "arrondissement": 4
   }
  },
  {
   "type": "Feature",
   "geometry": {
    "type": "Point",
    "coordinates": [
     2.408127,
     48.864018
    ]
   },
   "properties": {
    "id": "PA_1250",
    "codes": [
     "PA_1250"
    ],
    "city": "PA",
    "address": "176 rue de Bagnolet",
    "in_paris": true,
    "excluded": false,
    "exclude_reason": "",
    "raw_name": "Space Invader PA_1250, 176 rue de Bagnolet",
    "arrondissement": 20
   }
  },
  {
   "type": "Feature",
   "geometry": {
    "type": "Point",
    "coordinates": [
     2.29163,
     48.879424
    ]
   },
   "properties": {
    "id": "PA_1251",
    "codes": [
     "PA_1251"
    ],
    "city": "PA",
    "address": "8 place Tristan Bernard",
    "in_paris": true,
    "excluded": false,
    "exclude_reason": "",
    "raw_name": "Space Invader PA_1251, 8 place Tristan Bernard",
    "arrondissement": 17
   }
  },
  {
   "type": "Feature",
   "geometry": {
    "type": "Point",
    "coordinates": [
     2.286101,
     48.866053
    ]
   },
   "properties": {
    "id": "PA_1252",
    "codes": [
     "PA_1252"
    ],
    "city": "PA",
    "address": "110 rue Lauriston",
    "in_paris": true,
    "excluded": false,
    "exclude_reason": "",
    "raw_name": "Space Invader PA_1252, 110 rue Lauriston",
    "arrondissement": 16
   }
  },
  {
   "type": "Feature",
   "geometry": {
    "type": "Point",
    "coordinates": [
     2.303735,
     48.8659
    ]
   },
   "properties": {
    "id": "PA_1253",
    "codes": [
     "PA_1253"
    ],
    "city": "PA",
    "address": "1 rue du Boccador",
    "in_paris": true,
    "excluded": false,
    "exclude_reason": "",
    "raw_name": "Space Invader PA_1253, 1 rue du Boccador",
    "arrondissement": 8
   }
  },
  {
   "type": "Feature",
   "geometry": {
    "type": "Point",
    "coordinates": [
     2.303745,
     48.868783
    ]
   },
   "properties": {
    "id": "PA_1254",
    "codes": [
     "PA_1254"
    ],
    "city": "PA",
    "address": "23 rue Marbeuf",
    "in_paris": true,
    "excluded": false,
    "exclude_reason": "",
    "raw_name": "Space Invader PA_1254, 23 rue Marbeuf",
    "arrondissement": 8
   }
  },
  {
   "type": "Feature",
   "geometry": {
    "type": "Point",
    "coordinates": [
     2.34065,
     48.86657
    ]
   },
   "properties": {
    "id": "PA_1255",
    "codes": [
     "PA_1255"
    ],
    "city": "PA",
    "address": "5 place des Petits Pères",
    "in_paris": true,
    "excluded": false,
    "exclude_reason": "",
    "raw_name": "Space Invader PA_1255, 5 place des Petits Pères",
    "arrondissement": 2
   }
  },
  {
   "type": "Feature",
   "geometry": {
    "type": "Point",
    "coordinates": [
     2.352,
     48.87759
    ]
   },
   "properties": {
    "id": "PA_1256",
    "codes": [
     "PA_1256"
    ],
    "city": "PA",
    "address": "29 rue des Petits Hôtels",
    "in_paris": true,
    "excluded": false,
    "exclude_reason": "",
    "raw_name": "Space Invader PA_1256, 29 rue des Petits Hôtels",
    "arrondissement": 10
   }
  },
  {
   "type": "Feature",
   "geometry": {
    "type": "Point",
    "coordinates": [
     2.300775,
     48.864625
    ]
   },
   "properties": {
    "id": "PA_1257",
    "codes": [
     "PA_1257"
    ],
    "city": "PA",
    "address": "1 avenue du Président Wilson",
    "in_paris": true,
    "excluded": false,
    "exclude_reason": "",
    "raw_name": "Space Invader PA_1257, 1 avenue du Président Wilson",
    "arrondissement": 16
   }
  },
  {
   "type": "Feature",
   "geometry": {
    "type": "Point",
    "coordinates": [
     2.37107,
     48.85416
    ]
   },
   "properties": {
    "id": "PA_1258",
    "codes": [
     "PA_1258"
    ],
    "city": "PA",
    "address": "13 rue de la Roquette",
    "in_paris": true,
    "excluded": false,
    "exclude_reason": "",
    "raw_name": "Space Invader PA_1258, 13 rue de la Roquette",
    "arrondissement": 11
   }
  },
  {
   "type": "Feature",
   "geometry": {
    "type": "Point",
    "coordinates": [
     2.493139,
     48.832738
    ]
   },
   "properties": {
    "id": "PA_1259",
    "codes": [
     "PA_1259"
    ],
    "city": "PA",
    "address": "39 boulevard Albert 1er",
    "in_paris": false,
    "excluded": false,
    "exclude_reason": "",
    "raw_name": "Space Invader PA_1259, 39 boulevard Albert 1er"
   }
  },
  {
   "type": "Feature",
   "geometry": {
    "type": "Point",
    "coordinates": [
     2.34097,
     48.860761
    ]
   },
   "properties": {
    "id": "PA_1260",
    "codes": [
     "PA_1260"
    ],
    "city": "PA",
    "address": "8 rue de l'Amiral de Coligny",
    "in_paris": true,
    "excluded": false,
    "exclude_reason": "",
    "raw_name": "Space Invader PA_1260, 8 rue de l'Amiral de Coligny",
    "arrondissement": 1
   }
  },
  {
   "type": "Feature",
   "geometry": {
    "type": "Point",
    "coordinates": [
     2.388899,
     48.838297
    ]
   },
   "properties": {
    "id": "PA_1261",
    "codes": [
     "PA_1261"
    ],
    "city": "PA",
    "address": "73 boulevard de Bercy",
    "in_paris": true,
    "excluded": false,
    "exclude_reason": "",
    "raw_name": "Space Invader PA_1261, 73 boulevard de Bercy",
    "arrondissement": 12
   }
  },
  {
   "type": "Feature",
   "geometry": {
    "type": "Point",
    "coordinates": [
     2.340478,
     48.863506
    ]
   },
   "properties": {
    "id": "PA_1262",
    "codes": [
     "PA_1262"
    ],
    "city": "PA",
    "address": "7 rue du Bouloi",
    "in_paris": true,
    "excluded": false,
    "exclude_reason": "",
    "raw_name": "Space Invader PA_1262, 7 rue du Bouloi",
    "arrondissement": 1
   }
  },
  {
   "type": "Feature",
   "geometry": {
    "type": "Point",
    "coordinates": [
     2.34213,
     48.85844
    ]
   },
   "properties": {
    "id": "PA_1263",
    "codes": [
     "PA_1263"
    ],
    "city": "PA",
    "address": "Pont Neuf",
    "in_paris": true,
    "excluded": false,
    "exclude_reason": "",
    "raw_name": "Space Invader PA_1263, Pont Neuf",
    "arrondissement": 1
   }
  },
  {
   "type": "Feature",
   "geometry": {
    "type": "Point",
    "coordinates": [
     2.342157,
     48.860166
    ]
   },
   "properties": {
    "id": "PA_1264",
    "codes": [
     "PA_1264"
    ],
    "city": "PA",
    "address": "Musée en Herbes",
    "in_paris": true,
    "excluded": false,
    "exclude_reason": "",
    "raw_name": "Space Invader PA_1264, Musée en Herbes",
    "arrondissement": 1
   }
  },
  {
   "type": "Feature",
   "geometry": {
    "type": "Point",
    "coordinates": [
     2.352155,
     48.860307
    ]
   },
   "properties": {
    "id": "PA_1265",
    "codes": [
     "PA_1265"
    ],
    "city": "PA",
    "address": "Centre Georges Pompidou",
    "in_paris": true,
    "excluded": false,
    "exclude_reason": "",
    "raw_name": "Space Invader PA_1265, Centre Georges Pompidou",
    "arrondissement": 4
   }
  },
  {
   "type": "Feature",
   "geometry": {
    "type": "Point",
    "coordinates": [
     2.358042,
     48.866668
    ]
   },
   "properties": {
    "id": "PA_1266",
    "codes": [
     "PA_1266"
    ],
    "city": "PA",
    "address": "41 rue Volta",
    "in_paris": true,
    "excluded": false,
    "exclude_reason": "",
    "raw_name": "Space Invader PA_1266, 41 rue Volta",
    "arrondissement": 3
   }
  },
  {
   "type": "Feature",
   "geometry": {
    "type": "Point",
    "coordinates": [
     2.395922,
     48.849561
    ]
   },
   "properties": {
    "id": "PA_1267",
    "codes": [
     "PA_1267"
    ],
    "city": "PA",
    "address": "2 avenue de Bouvines",
    "in_paris": true,
    "excluded": false,
    "exclude_reason": "",
    "raw_name": "Space Invader PA_1267, 2 avenue de Bouvines",
    "arrondissement": 11
   }
  },
  {
   "type": "Feature",
   "geometry": {
    "type": "Point",
    "coordinates": [
     2.34264,
     48.858338
    ]
   },
   "properties": {
    "id": "PA_1268",
    "codes": [
     "PA_1268"
    ],
    "city": "PA",
    "address": "Pont-Neuf",
    "in_paris": true,
    "excluded": false,
    "exclude_reason": "",
    "raw_name": "Space Invader PA_1268, Pont-Neuf",
    "arrondissement": 1
   }
  },
  {
   "type": "Feature",
   "geometry": {
    "type": "Point",
    "coordinates": [
     2.335576,
     48.866262
    ]
   },
   "properties": {
    "id": "PA_1269",
    "codes": [
     "PA_1269"
    ],
    "city": "PA",
    "address": "28 rue Sainte-Anne",
    "in_paris": true,
    "excluded": false,
    "exclude_reason": "",
    "raw_name": "Space Invader PA_1269, 28 rue Sainte-Anne",
    "arrondissement": 1
   }
  },
  {
   "type": "Feature",
   "geometry": {
    "type": "Point",
    "coordinates": [
     2.37473,
     48.88649
    ]
   },
   "properties": {
    "id": "PA_1270",
    "codes": [
     "PA_1270"
    ],
    "city": "PA",
    "address": "passerelle du Bassin de la Villette",
    "in_paris": true,
    "excluded": false,
    "exclude_reason": "",
    "raw_name": "Space Invader PA_1270, passerelle du Bassin de la Villette",
    "arrondissement": 19
   }
  },
  {
   "type": "Feature",
   "geometry": {
    "type": "Point",
    "coordinates": [
     2.483849,
     48.836064
    ]
   },
   "properties": {
    "id": "PA_1271",
    "codes": [
     "PA_1271"
    ],
    "city": "PA",
    "address": "Square de la Fontaine",
    "in_paris": false,
    "excluded": false,
    "exclude_reason": "",
    "raw_name": "Space Invader PA_1271, Square de la Fontaine"
   }
  },
  {
   "type": "Feature",
   "geometry": {
    "type": "Point",
    "coordinates": [
     2.302815,
     48.835508
    ]
   },
   "properties": {
    "id": "PA_1272",
    "codes": [
     "PA_1272"
    ],
    "city": "PA",
    "address": "1 rue Vouillé",
    "in_paris": true,
    "excluded": false,
    "exclude_reason": "",
    "raw_name": "Space Invader PA_1272, 1 rue Vouillé",
    "arrondissement": 15
   }
  },
  {
   "type": "Feature",
   "geometry": {
    "type": "Point",
    "coordinates": [
     2.35441,
     48.84598
    ]
   },
   "properties": {
    "id": "PA_1273",
    "codes": [
     "PA_1273"
    ],
    "city": "PA",
    "address": "39 rue Linné",
    "in_paris": true,
    "excluded": false,
    "exclude_reason": "",
    "raw_name": "Space Invader PA_1273, 39 rue Linné",
    "arrondissement": 5
   }
  },
  {
   "type": "Feature",
   "geometry": {
    "type": "Point",
    "coordinates": [
     2.284039,
     48.834859
    ]
   },
   "properties": {
    "id": "PA_1274",
    "codes": [
     "PA_1274"
    ],
    "city": "PA",
    "address": "10 square Desnouettes",
    "in_paris": true,
    "excluded": false,
    "exclude_reason": "",
    "raw_name": "Space Invader PA_1274, 10 square Desnouettes",
    "arrondissement": 15
   }
  },
  {
   "type": "Feature",
   "geometry": {
    "type": "Point",
    "coordinates": [
     2.3439,
     48.88263
    ]
   },
   "properties": {
    "id": "PA_1275",
    "codes": [
     "PA_1275"
    ],
    "city": "PA",
    "address": "12 place d'Anvers",
    "in_paris": true,
    "excluded": false,
    "exclude_reason": "",
    "raw_name": "Space Invader PA_1275, 12 place d'Anvers",
    "arrondissement": 9
   }
  },
  {
   "type": "Feature",
   "geometry": {
    "type": "Point",
    "coordinates": [
     2.34062,
     48.8867
    ]
   },
   "properties": {
    "id": "PA_1276",
    "codes": [
     "PA_1276"
    ],
    "city": "PA",
    "address": "21 place du Tertre",
    "in_paris": true,
    "excluded": false,
    "exclude_reason": "",
    "raw_name": "Space Invader PA_1276, 21 place du Tertre",
    "arrondissement": 18
   }
  },
  {
   "type": "Feature",
   "geometry": {
    "type": "Point",
    "coordinates": [
     2.3729,
     48.86645
    ]
   },
   "properties": {
    "id": "PA_1277",
    "codes": [
     "PA_1277"
    ],
    "city": "PA",
    "address": "52 rue Jean-Pierre Timbaud",
    "in_paris": true,
    "excluded": false,
    "exclude_reason": "",
    "raw_name": "Space Invader PA_1277, 52 rue Jean-Pierre Timbaud",
    "arrondissement": 11
   }
  },
  {
   "type": "Feature",
   "geometry": {
    "type": "Point",
    "coordinates": [
     2.331238,
     48.874302
    ]
   },
   "properties": {
    "id": "PA_1278",
    "codes": [
     "PA_1278"
    ],
    "city": "PA",
    "address": "80 rue de Provence",
    "in_paris": true,
    "excluded": false,
    "exclude_reason": "",
    "raw_name": "Space Invader PA_1278, 80 rue de Provence",
    "arrondissement": 9
   }
  },
  {
   "type": "Feature",
   "geometry": {
    "type": "Point",
    "coordinates": [
     2.29954,
     48.82879
    ]
   },
   "properties": {
    "id": "PA_1279",
    "codes": [
     "PA_1279"
    ],
    "city": "PA",
    "address": "86 Boulevard Lefebvre",
    "in_paris": true,
    "excluded": false,
    "exclude_reason": "",
    "raw_name": "Space Invader PA_1279, 86 Boulevard Lefebvre",
    "arrondissement": 15
   }
  },
  {
   "type": "Feature",
   "geometry": {
    "type": "Point",
    "coordinates": [
     2.31565,
     48.882183
    ]
   },
   "properties": {
    "id": "PA_1280",
    "codes": [
     "PA_1280"
    ],
    "city": "PA",
    "address": "14 rue de Lévis",
    "in_paris": true,
    "excluded": false,
    "exclude_reason": "",
    "raw_name": "Space Invader PA_1280, 14 rue de Lévis",
    "arrondissement": 17
   }
  },
  {
   "type": "Feature",
   "geometry": {
    "type": "Point",
    "coordinates": [
     2.36028,
     48.86545
    ]
   },
   "properties": {
    "id": "PA_1281",
    "codes": [
     "PA_1281"
    ],
    "city": "PA",
    "address": "2 rue des Fontaines du Temple",
    "in_paris": true,
    "excluded": false,
    "exclude_reason": "",
    "raw_name": "Space Invader PA_1281, 2 rue des Fontaines du Temple",
    "arrondissement": 3
   }
  },
  {
   "type": "Feature",
   "geometry": {
    "type": "Point",
    "coordinates": [
     2.42366,
     48.84608
    ]
   },
   "properties": {
    "id": "PA_1282",
    "codes": [
     "PA_1282"
    ],
    "city": "PA",
    "address": "106 avenue Auber",
    "in_paris": false,
    "excluded": false,
    "exclude_reason": "",
    "raw_name": "Space Invader PA_1282, 106 avenue Auber"
   }
  },
  {
   "type": "Feature",
   "geometry": {
    "type": "Point",
    "coordinates": [
     2.34593,
     48.85967
    ]
   },
   "properties": {
    "id": "PA_1283",
    "codes": [
     "PA_1283"
    ],
    "city": "PA",
    "address": "3 rue des Déchargeurs",
    "in_paris": true,
    "excluded": false,
    "exclude_reason": "",
    "raw_name": "Space Invader PA_1283, 3 rue des Déchargeurs",
    "arrondissement": 1
   }
  },
  {
   "type": "Feature",
   "geometry": {
    "type": "Point",
    "coordinates": [
     2.304917,
     48.894141
    ]
   },
   "properties": {
    "id": "PA_1284",
    "codes": [
     "PA_1284"
    ],
    "city": "PA",
    "address": "pont ferroviaire",
    "in_paris": true,
    "excluded": false,
    "exclude_reason": "",
    "raw_name": "Space Invader PA_1284, pont ferroviaire",
    "arrondissement": 17
   }
  },
  {
   "type": "Feature",
   "geometry": {
    "type": "Point",
    "coordinates": [
     2.413119,
     48.863176
    ]
   },
   "properties": {
    "id": "PA_1285",
    "codes": [
     "PA_1285"
    ],
    "city": "PA",
    "address": "porte de Bagnolet",
    "in_paris": true,
    "excluded": false,
    "exclude_reason": "",
    "raw_name": "Space Invader PA_1285, porte de Bagnolet",
    "arrondissement": 20
   }
  },
  {
   "type": "Feature",
   "geometry": {
    "type": "Point",
    "coordinates": [
     2.44873,
     48.86314
    ]
   },
   "properties": {
    "id": "PA_1286",
    "codes": [
     "PA_1286"
    ],
    "city": "PA",
    "address": "face au 72 rue de Rosny",
    "in_paris": false,
    "excluded": false,
    "exclude_reason": "",
    "raw_name": "Space Invader PA_1286, face au 72 rue de Rosny"
   }
  },
  {
   "type": "Feature",
   "geometry": {
    "type": "Point",
    "coordinates": [
     2.423283,
     48.861909
    ]
   },
   "properties": {
    "id": "PA_1287",
    "codes": [
     "PA_1287"
    ],
    "city": "PA",
    "address": "18 rue du Ravin",
    "in_paris": false,
    "excluded": false,
    "exclude_reason": "",
    "raw_name": "Space Invader PA_1287, 18 rue du Ravin"
   }
  },
  {
   "type": "Feature",
   "geometry": {
    "type": "Point",
    "coordinates": [
     2.371245,
     48.883774
    ]
   },
   "properties": {
    "id": "PA_1288",
    "codes": [
     "PA_1288"
    ],
    "city": "PA",
    "address": "5 quai de Loire",
    "in_paris": true,
    "excluded": false,
    "exclude_reason": "",
    "raw_name": "Space Invader PA_1288, 5 quai de Loire",
    "arrondissement": 19
   }
  },
  {
   "type": "Feature",
   "geometry": {
    "type": "Point",
    "coordinates": [
     2.30079,
     48.864463
    ]
   },
   "properties": {
    "id": "PA_1289",
    "codes": [
     "PA_1289",
     "PA_1290"
    ],
    "city": "PA",
    "address": "place de l'Alma",
    "in_paris": true,
    "excluded": false,
    "exclude_reason": "",
    "raw_name": "Space Invader PA_1289 & PA_1290, place de l'Alma",
    "arrondissement": 16
   }
  },
  {
   "type": "Feature",
   "geometry": {
    "type": "Point",
    "coordinates": [
     2.439633,
     48.859116
    ]
   },
   "properties": {
    "id": "PA_1291",
    "codes": [
     "PA_1291"
    ],
    "city": "PA",
    "address": "48 rue du Capitaine Dreyfus",
    "in_paris": false,
    "excluded": false,
    "exclude_reason": "",
    "raw_name": "Space Invader PA_1291, 48 rue du Capitaine Dreyfus"
   }
  },
  {
   "type": "Feature",
   "geometry": {
    "type": "Point",
    "coordinates": [
     2.339008,
     48.890172
    ]
   },
   "properties": {
    "id": "PA_1292",
    "codes": [
     "PA_1292"
    ],
    "city": "PA",
    "address": "13 rue Darwin",
    "in_paris": true,
    "excluded": false,
    "exclude_reason": "",
    "raw_name": "Space Invader PA_1292, 13 rue Darwin",
    "arrondissement": 18
   }
  },
  {
   "type": "Feature",
   "geometry": {
    "type": "Point",
    "coordinates": [
     2.358502,
     48.835936
    ]
   },
   "properties": {
    "id": "PA_1293",
    "codes": [
     "PA_1293"
    ],
    "city": "PA",
    "address": "2 rue Titien",
    "in_paris": true,
    "excluded": false,
    "exclude_reason": "",
    "raw_name": "Space Invader PA_1293, 2 rue Titien",
    "arrondissement": 13
   }
  },
  {
   "type": "Feature",
   "geometry": {
    "type": "Point",
    "coordinates": [
     2.31379,
     48.87243
    ]
   },
   "properties": {
    "id": "PA_1294",
    "codes": [
     "PA_1294"
    ],
    "city": "PA",
    "address": "34 rue de Penthièvre",
    "in_paris": true,
    "excluded": false,
    "exclude_reason": "",
    "raw_name": "Space Invader PA_1294, 34 rue de Penthièvre",
    "arrondissement": 8
   }
  },
  {
   "type": "Feature",
   "geometry": {
    "type": "Point",
    "coordinates": [
     2.35008,
     48.86002
    ]
   },
   "properties": {
    "id": "PA_1295",
    "codes": [
     "PA_1295"
    ],
    "city": "PA",
    "address": "4 place Edmond Michelet",
    "in_paris": true,
    "excluded": false,
    "exclude_reason": "",
    "raw_name": "Space Invader PA_1295, 4 place Edmond Michelet",
    "arrondissement": 4
   }
  },
  {
   "type": "Feature",
   "geometry": {
    "type": "Point",
    "coordinates": [
     2.32248,
     48.82371
    ]
   },
   "properties": {
    "id": "PA_1296",
    "codes": [
     "PA_1296"
    ],
    "city": "PA",
    "address": "1 rue Albert Sorel",
    "in_paris": true,
    "excluded": false,
    "exclude_reason": "",
    "raw_name": "Space Invader PA_1296, 1 rue Albert Sorel",
    "arrondissement": 14
   }
  },
  {
   "type": "Feature",
   "geometry": {
    "type": "Point",
    "coordinates": [
     2.39012,
     48.84447
    ]
   },
   "properties": {
    "id": "PA_1297",
    "codes": [
     "PA_1297"
    ],
    "city": "PA",
    "address": "89 rue de Reuilly",
    "in_paris": true,
    "excluded": false,
    "exclude_reason": "",
    "raw_name": "Space Invader PA_1297, 89 rue de Reuilly",
    "arrondissement": 12
   }
  },
  {
   "type": "Feature",
   "geometry": {
    "type": "Point",
    "coordinates": [
     2.243025,
     48.833676
    ]
   },
   "properties": {
    "id": "PA_1298",
    "codes": [
     "PA_1298"
    ],
    "city": "PA",
    "address": "1 avenue André Morizet",
    "in_paris": false,
    "excluded": false,
    "exclude_reason": "",
    "raw_name": "Space Invader PA_1298, 1 avenue André Morizet"
   }
  },
  {
   "type": "Feature",
   "geometry": {
    "type": "Point",
    "coordinates": [
     2.338847,
     48.854211
    ]
   },
   "properties": {
    "id": "PA_1299",
    "codes": [
     "PA_1299"
    ],
    "city": "PA",
    "address": "42 rue Dauphine",
    "in_paris": true,
    "excluded": false,
    "exclude_reason": "",
    "raw_name": "Space Invader PA_1299, 42 rue Dauphine",
    "arrondissement": 6
   }
  },
  {
   "type": "Feature",
   "geometry": {
    "type": "Point",
    "coordinates": [
     2.375991,
     48.820773
    ]
   },
   "properties": {
    "id": "PA_1300",
    "codes": [
     "PA_1300"
    ],
    "city": "PA",
    "address": "Maison Internationale de séjour pour jeunes actifs",
    "in_paris": true,
    "excluded": false,
    "exclude_reason": "",
    "raw_name": "Space Invader PA_1300, Maison Internationale de séjour pour jeunes actifs",
    "arrondissement": 13
   }
  },
  {
   "type": "Feature",
   "geometry": {
    "type": "Point",
    "coordinates": [
     2.38256,
     48.85615
    ]
   },
   "properties": {
    "id": "PA_1301",
    "codes": [
     "PA_1301"
    ],
    "city": "PA",
    "address": "11 rue François de Neufchâteau",
    "in_paris": true,
    "excluded": false,
    "exclude_reason": "",
    "raw_name": "Space Invader PA_1301, 11 rue François de Neufchâteau",
    "arrondissement": 11
   }
  },
  {
   "type": "Feature",
   "geometry": {
    "type": "Point",
    "coordinates": [
     2.36154,
     48.88261
    ]
   },
   "properties": {
    "id": "PA_1302",
    "codes": [
     "PA_1302"
    ],
    "city": "PA",
    "address": "1 rue Cail",
    "in_paris": true,
    "excluded": false,
    "exclude_reason": "",
    "raw_name": "Space Invader PA_1302, 1 rue Cail",
    "arrondissement": 10
   }
  },
  {
   "type": "Feature",
   "geometry": {
    "type": "Point",
    "coordinates": [
     2.36654,
     48.86007
    ]
   },
   "properties": {
    "id": "PA_1303",
    "codes": [
     "PA_1303"
    ],
    "city": "PA",
    "address": "3 rue Saint-Claude",
    "in_paris": true,
    "excluded": false,
    "exclude_reason": "",
    "raw_name": "Space Invader PA_1303, 3 rue Saint-Claude",
    "arrondissement": 3
   }
  },
  {
   "type": "Feature",
   "geometry": {
    "type": "Point",
    "coordinates": [
     2.35083,
     48.84787
    ]
   },
   "properties": {
    "id": "PA_1304",
    "codes": [
     "PA_1304",
     "PA_1305"
    ],
    "city": "PA",
    "address": "17 rue Monge",
    "in_paris": true,
    "excluded": false,
    "exclude_reason": "",
    "raw_name": "Space Invader PA_1304 & 1305, 17 rue Monge",
    "arrondissement": 5
   }
  },
  {
   "type": "Feature",
   "geometry": {
    "type": "Point",
    "coordinates": [
     2.310661,
     48.819987
    ]
   },
   "properties": {
    "id": "PA_1306",
    "codes": [
     "PA_1306"
    ],
    "city": "PA",
    "address": "46 avenue Pierre Brossolette",
    "in_paris": false,
    "excluded": false,
    "exclude_reason": "",
    "raw_name": "Space Invader PA_1306, 46 avenue Pierre Brossolette"
   }
  },
  {
   "type": "Feature",
   "geometry": {
    "type": "Point",
    "coordinates": [
     2.37973,
     48.83654
    ]
   },
   "properties": {
    "id": "PA_1307",
    "codes": [
     "PA_1307"
    ],
    "city": "PA",
    "address": "parc de Bercy",
    "in_paris": true,
    "excluded": false,
    "exclude_reason": "",
    "raw_name": "Space Invader PA_1307, parc de Bercy",
    "arrondissement": 12
   }
  },
  {
   "type": "Feature",
   "geometry": {
    "type": "Point",
    "coordinates": [
     2.24405,
     48.83359
    ]
   },
   "properties": {
    "id": "PA_1308",
    "codes": [
     "PA_1308"
    ],
    "city": "PA",
    "address": "103 avenue Edouard Vaillant",
    "in_paris": false,
    "excluded": false,
    "exclude_reason": "",
    "raw_name": "Space Invader PA_1308, 103 avenue Edouard Vaillant"
   }
  },
  {
   "type": "Feature",
   "geometry": {
    "type": "Point",
    "coordinates": [
     2.27452,
     48.846992
    ]
   },
   "properties": {
    "id": "PA_1309",
    "codes": [
     "PA_1309"
    ],
    "city": "PA",
    "address": "pont Mirabeau",
    "in_paris": true,
    "excluded": false,
    "exclude_reason": "",
    "raw_name": "Space Invader PA_1309, pont Mirabeau",
    "arrondissement": 16
   }
  },
  {
   "type": "Feature",
   "geometry": {
    "type": "Point",
    "coordinates": [
     2.316054,
     48.872937
    ]
   },
   "properties": {
    "id": "PA_1310",
    "codes": [
     "PA_1310"
    ],
    "city": "PA",
    "address": "14 rue Penthièvre",
    "in_paris": true,
    "excluded": false,
    "exclude_reason": "",
    "raw_name": "Space Invader PA_1310, 14 rue Penthièvre",
    "arrondissement": 8
   }
  },
  {
   "type": "Feature",
   "geometry": {
    "type": "Point",
    "coordinates": [
     2.307714,
     48.860064
    ]
   },
   "properties": {
    "id": "PA_1311",
    "codes": [
     "PA_1311"
    ],
    "city": "PA",
    "address": "15 rue Jean Nicot",
    "in_paris": true,
    "excluded": false,
    "exclude_reason": "",
    "raw_name": "Space Invader PA_1311, 15 rue Jean Nicot",
    "arrondissement": 7
   }
  },
  {
   "type": "Feature",
   "geometry": {
    "type": "Point",
    "coordinates": [
     2.30925,
     48.85809
    ]
   },
   "properties": {
    "id": "PA_1312",
    "codes": [
     "PA_1312"
    ],
    "city": "PA",
    "address": "22 rue de la Comète",
    "in_paris": true,
    "excluded": false,
    "exclude_reason": "",
    "raw_name": "Space Invader PA_1312, 22 rue de la Comète",
    "arrondissement": 7
   }
  },
  {
   "type": "Feature",
   "geometry": {
    "type": "Point",
    "coordinates": [
     2.341678,
     48.89254
    ]
   },
   "properties": {
    "id": "PA_1313",
    "codes": [
     "PA_1313"
    ],
    "city": "PA",
    "address": "22 rue Duc",
    "in_paris": true,
    "excluded": false,
    "exclude_reason": "",
    "raw_name": "Space Invader PA_1313, 22 rue Duc",
    "arrondissement": 18
   }
  },
  {
   "type": "Feature",
   "geometry": {
    "type": "Point",
    "coordinates": [
     2.349835,
     48.839807
    ]
   },
   "properties": {
    "id": "PA_1314",
    "codes": [
     "PA_1314"
    ],
    "city": "PA",
    "address": "139 rue Mouffetard",
    "in_paris": true,
    "excluded": false,
    "exclude_reason": "",
    "raw_name": "Space Invader PA_1314, 139 rue Mouffetard",
    "arrondissement": 5
   }
  },
  {
   "type": "Feature",
   "geometry": {
    "type": "Point",
    "coordinates": [
     2.325342,
     48.823465
    ]
   },
   "properties": {
    "id": "PA_1315",
    "codes": [
     "PA_1315"
    ],
    "city": "PA",
    "address": "142 avenue du Général Leclerc",
    "in_paris": true,
    "excluded": false,
    "exclude_reason": "",
    "raw_name": "Space Invader PA_1315, 142 avenue du Général Leclerc",
    "arrondissement": 14
   }
  },
  {
   "type": "Feature",
   "geometry": {
    "type": "Point",
    "coordinates": [
     2.362316,
     48.824791
    ]
   },
   "properties": {
    "id": "PA_1316",
    "codes": [
     "PA_1316"
    ],
    "city": "PA",
    "address": "74 rue Baudricourt",
    "in_paris": true,
    "excluded": false,
    "exclude_reason": "",
    "raw_name": "Space Invader PA_1316, 74 rue Baudricourt",
    "arrondissement": 13
   }
  },
  {
   "type": "Feature",
   "geometry": {
    "type": "Point",
    "coordinates": [
     2.342471,
     48.853478
    ]
   },
   "properties": {
    "id": "PA_1317",
    "codes": [
     "PA_1317"
    ],
    "city": "PA",
    "address": "17 rue Gît le Cœur",
    "in_paris": true,
    "excluded": false,
    "exclude_reason": "",
    "raw_name": "Space Invader PA_1317, 17 rue Gît le Cœur",
    "arrondissement": 6
   }
  },
  {
   "type": "Feature",
   "geometry": {
    "type": "Point",
    "coordinates": [
     2.353176,
     48.873174
    ]
   },
   "properties": {
    "id": "PA_1318",
    "codes": [
     "PA_1318"
    ],
    "city": "PA",
    "address": "11 rue des Petites Écuries",
    "in_paris": true,
    "excluded": false,
    "exclude_reason": "",
    "raw_name": "Space Invader PA_1318, 11 rue des Petites Écuries",
    "arrondissement": 10
   }
  },
  {
   "type": "Feature",
   "geometry": {
    "type": "Point",
    "coordinates": [
     2.342657,
     48.878305
    ]
   },
   "properties": {
    "id": "PA_1319",
    "codes": [
     "PA_1319"
    ],
    "city": "PA",
    "address": "1 rue de l'agent Bailly",
    "in_paris": true,
    "excluded": false,
    "exclude_reason": "",
    "raw_name": "Space Invader PA_1319, 1 rue de l'agent Bailly",
    "arrondissement": 9
   }
  },
  {
   "type": "Feature",
   "geometry": {
    "type": "Point",
    "coordinates": [
     2.344649,
     48.87896
    ]
   },
   "properties": {
    "id": "PA_1320",
    "codes": [
     "PA_1320"
    ],
    "city": "PA",
    "address": "12 rue de la Tour d'Auvergne",
    "in_paris": true,
    "excluded": false,
    "exclude_reason": "",
    "raw_name": "Space Invader PA_1320, 12 rue de la Tour d'Auvergne",
    "arrondissement": 9
   }
  },
  {
   "type": "Feature",
   "geometry": {
    "type": "Point",
    "coordinates": [
     2.348639,
     48.876741
    ]
   },
   "properties": {
    "id": "PA_1321",
    "codes": [
     "PA_1321"
    ],
    "city": "PA",
    "address": "87 rue du Faubourg Montmartre",
    "in_paris": true,
    "excluded": false,
    "exclude_reason": "",
    "raw_name": "Space Invader PA_1321, 87 rue du Faubourg Montmartre",
    "arrondissement": 9
   }
  },
  {
   "type": "Feature",
   "geometry": {
    "type": "Point",
    "coordinates": [
     2.340823,
     48.875211
    ]
   },
   "properties": {
    "id": "PA_1322",
    "codes": [
     "PA_1322"
    ],
    "city": "PA",
    "address": "53 rue du Faubourg Montmartre",
    "in_paris": true,
    "excluded": false,
    "exclude_reason": "",
    "raw_name": "Space Invader PA_1322, 53 rue du Faubourg Montmartre",
    "arrondissement": 9
   }
  },
  {
   "type": "Feature",
   "geometry": {
    "type": "Point",
    "coordinates": [
     2.403919,
     48.84958
    ]
   },
   "properties": {
    "id": "PA_1323",
    "codes": [
     "PA_1323"
    ],
    "city": "PA",
    "address": "square Sarah Bernhart",
    "in_paris": true,
    "excluded": false,
    "exclude_reason": "",
    "raw_name": "Space Invader PA_1323, square Sarah Bernhart",
    "arrondissement": 20
   }
  },
  {
   "type": "Feature",
   "geometry": {
    "type": "Point",
    "coordinates": [
     2.35493,
     48.87452
    ]
   },
   "properties": {
    "id": "PA_1324",
    "codes": [
     "PA_1324"
    ],
    "city": "PA",
    "address": "4 rue Paradis",
    "in_paris": true,
    "excluded": false,
    "exclude_reason": "",
    "raw_name": "Space Invader PA_1324, 4 rue Paradis",
    "arrondissement": 10
   }
  },
  {
   "type": "Feature",
   "geometry": {
    "type": "Point",
    "coordinates": [
     2.34906,
     48.87571
    ]
   },
   "properties": {
    "id": "PA_1325",
    "codes": [
     "PA_1325"
    ],
    "city": "PA",
    "address": "56 rue de Paradis",
    "in_paris": true,
    "excluded": false,
    "exclude_reason": "",
    "raw_name": "Space Invader PA_1325, 56 rue de Paradis",
    "arrondissement": 10
   }
  },
  {
   "type": "Feature",
   "geometry": {
    "type": "Point",
    "coordinates": [
     2.34802,
     48.87706
    ]
   },
   "properties": {
    "id": "PA_1326",
    "codes": [
     "PA_1326"
    ],
    "city": "PA",
    "address": "85 rue la Fayette",
    "in_paris": true,
    "excluded": false,
    "exclude_reason": "",
    "raw_name": "Space Invader PA_1326, 85 rue la Fayette",
    "arrondissement": 9
   }
  },
  {
   "type": "Feature",
   "geometry": {
    "type": "Point",
    "coordinates": [
     2.35138,
     48.876683
    ]
   },
   "properties": {
    "id": "PA_1327",
    "codes": [
     "PA_1327"
    ],
    "city": "PA",
    "address": "84 rue de Hauteville",
    "in_paris": true,
    "excluded": false,
    "exclude_reason": "",
    "raw_name": "Space Invader PA_1327, 84 rue de Hauteville",
    "arrondissement": 10
   }
  },
  {
   "type": "Feature",
   "geometry": {
    "type": "Point",
    "coordinates": [
     2.351786,
     48.875096
    ]
   },
   "properties": {
    "id": "PA_1328",
    "codes": [
     "PA_1328"
    ],
    "city": "PA",
    "address": "27bis rue de Paradis",
    "in_paris": true,
    "excluded": false,
    "exclude_reason": "",
    "raw_name": "Space Invader PA_1328, 27bis rue de Paradis",
    "arrondissement": 10
   }
  },
  {
   "type": "Feature",
   "geometry": {
    "type": "Point",
    "coordinates": [
     2.34773,
     48.87586
    ]
   },
   "properties": {
    "id": "PA_1329",
    "codes": [
     "PA_1329"
    ],
    "city": "PA",
    "address": "2 rue Bleue",
    "in_paris": true,
    "excluded": false,
    "exclude_reason": "",
    "raw_name": "Space Invader PA_1329, 2 rue Bleue",
    "arrondissement": 9
   }
  },
  {
   "type": "Feature",
   "geometry": {
    "type": "Point",
    "coordinates": [
     2.354942,
     48.836249
    ]
   },
   "properties": {
    "id": "PA_1330",
    "codes": [
     "PA_1330"
    ],
    "city": "PA",
    "address": "20 rue Pirandello",
    "in_paris": true,
    "excluded": false,
    "exclude_reason": "",
    "raw_name": "Space Invader PA_1330, 20 rue Pirandello",
    "arrondissement": 13
   }
  },
  {
   "type": "Feature",
   "geometry": {
    "type": "Point",
    "coordinates": [
     2.354507,
     48.826936
    ]
   },
   "properties": {
    "id": "PA_1331",
    "codes": [
     "PA_1331"
    ],
    "city": "PA",
    "address": "11 rue Henri Michaux",
    "in_paris": true,
    "excluded": false,
    "exclude_reason": "",
    "raw_name": "Space Invader PA_1331, 11 rue Henri Michaux",
    "arrondissement": 13
   }
  },
  {
   "type": "Feature",
   "geometry": {
    "type": "Point",
    "coordinates": [
     2.353049,
     48.847532
    ]
   },
   "properties": {
    "id": "PA_1332",
    "codes": [
     "PA_1332"
    ],
    "city": "PA",
    "address": "46 rue des Fossés Saint-Bernard",
    "in_paris": true,
    "excluded": false,
    "exclude_reason": "",
    "raw_name": "Space Invader PA_1332, 46 rue des Fossés Saint-Bernard",
    "arrondissement": 5
   }
  },
  {
   "type": "Feature",
   "geometry": {
    "type": "Point",
    "coordinates": [
     2.331137,
     48.868992
    ]
   },
   "properties": {
    "id": "PA_1333",
    "codes": [
     "PA_1333"
    ],
    "city": "PA",
    "address": "10 rue de la Paix",
    "in_paris": true,
    "excluded": false,
    "exclude_reason": "",
    "raw_name": "Space Invader PA_1333, 10 rue de la Paix",
    "arrondissement": 2
   }
  },
  {
   "type": "Feature",
   "geometry": {
    "type": "Point",
    "coordinates": [
     2.33012,
     48.868334
    ]
   },
   "properties": {
    "id": "PA_1334",
    "codes": [
     "PA_1334"
    ],
    "city": "PA",
    "address": "25 place Vendôme",
    "in_paris": true,
    "excluded": false,
    "exclude_reason": "",
    "raw_name": "Space Invader PA_1334, 25 place Vendôme",
    "arrondissement": 1
   }
  },
  {
   "type": "Feature",
   "geometry": {
    "type": "Point",
    "coordinates": [
     2.38552,
     48.8504
    ]
   },
   "properties": {
    "id": "PA_1336",
    "codes": [
     "PA_1336"
    ],
    "city": "PA",
    "address": "24 rue de Montreuil",
    "in_paris": true,
    "excluded": false,
    "exclude_reason": "",
    "raw_name": "Space Invader PA_1336, 24 rue de Montreuil",
    "arrondissement": 11
   }
  },
  {
   "type": "Feature",
   "geometry": {
    "type": "Point",
    "coordinates": [
     2.337119,
     48.852094
    ]
   },
   "properties": {
    "id": "PA_1337",
    "codes": [
     "PA_1337"
    ],
    "city": "PA",
    "address": "93 rue de Seine",
    "in_paris": true,
    "excluded": false,
    "exclude_reason": "",
    "raw_name": "Space Invader PA_1337, 93 rue de Seine",
    "arrondissement": 6
   }
  },
  {
   "type": "Feature",
   "geometry": {
    "type": "Point",
    "coordinates": [
     2.34947,
     48.84316
    ]
   },
   "properties": {
    "id": "PA_1338",
    "codes": [
     "PA_1338"
    ],
    "city": "PA",
    "address": "62 rue Mouffetard",
    "in_paris": true,
    "excluded": false,
    "exclude_reason": "",
    "raw_name": "Space Invader PA_1338, 62 rue Mouffetard",
    "arrondissement": 5
   }
  },
  {
   "type": "Feature",
   "geometry": {
    "type": "Point",
    "coordinates": [
     2.431637,
     48.84513
    ]
   },
   "properties": {
    "id": "PA_1339",
    "codes": [
     "PA_1339"
    ],
    "city": "PA",
    "address": "1 rue des Vignerons",
    "in_paris": false,
    "excluded": false,
    "exclude_reason": "",
    "raw_name": "Space Invader PA_1339, 1 rue des Vignerons"
   }
  },
  {
   "type": "Feature",
   "geometry": {
    "type": "Point",
    "coordinates": [
     2.3443,
     48.87657
    ]
   },
   "properties": {
    "id": "PA_1340",
    "codes": [
     "PA_1340"
    ],
    "city": "PA",
    "address": "1 rue de Rochechouart",
    "in_paris": true,
    "excluded": false,
    "exclude_reason": "",
    "raw_name": "Space Invader PA_1340, 1 rue de Rochechouart",
    "arrondissement": 9
   }
  },
  {
   "type": "Feature",
   "geometry": {
    "type": "Point",
    "coordinates": [
     2.431089,
     48.847605
    ]
   },
   "properties": {
    "id": "PA_1341",
    "codes": [
     "PA_1341"
    ],
    "city": "PA",
    "address": "40 avenue Aubert",
    "in_paris": false,
    "excluded": false,
    "exclude_reason": "",
    "raw_name": "Space Invader PA_1341, 40 avenue Aubert"
   }
  },
  {
   "type": "Feature",
   "geometry": {
    "type": "Point",
    "coordinates": [
     2.30379,
     48.85396
    ]
   },
   "properties": {
    "id": "PA_1342",
    "codes": [
     "PA_1342"
    ],
    "city": "PA",
    "address": "place Joffre, allée Adrienne Lecouvreur",
    "in_paris": true,
    "excluded": false,
    "exclude_reason": "",
    "raw_name": "Space Invader PA_1342, place Joffre, allée Adrienne Lecouvreur",
    "arrondissement": 7
   }
  },
  {
   "type": "Feature",
   "geometry": {
    "type": "Point",
    "coordinates": [
     2.309643,
     48.856405
    ]
   },
   "properties": {
    "id": "PA_1343",
    "codes": [
     "PA_1343"
    ],
    "city": "PA",
    "address": "72 boulevard de la Tour Maubourg",
    "in_paris": true,
    "excluded": false,
    "exclude_reason": "",
    "raw_name": "Space Invader PA_1343, 72 boulevard de la Tour Maubourg",
    "arrondissement": 7
   }
  },
  {
   "type": "Feature",
   "geometry": {
    "type": "Point",
    "coordinates": [
     2.35011,
     48.85428
    ]
   },
   "properties": {
    "id": "PA_1344",
    "codes": [
     "PA_1344"
    ],
    "city": "PA",
    "address": "26 rue Chanoinesse",
    "in_paris": true,
    "excluded": false,
    "exclude_reason": "",
    "raw_name": "Space Invader PA_1344, 26 rue Chanoinesse",
    "arrondissement": 4
   }
  },
  {
   "type": "Feature",
   "geometry": {
    "type": "Point",
    "coordinates": [
     2.416826,
     48.82107
    ]
   },
   "properties": {
    "id": "PA_1345",
    "codes": [
     "PA_1345"
    ],
    "city": "PA",
    "address": "16 rue Jean-Baptiste Marty",
    "in_paris": false,
    "excluded": false,
    "exclude_reason": "",
    "raw_name": "Space Invader PA_1345, 16 rue Jean-Baptiste Marty"
   }
  },
  {
   "type": "Feature",
   "geometry": {
    "type": "Point",
    "coordinates": [
     2.367468,
     48.849121
    ]
   },
   "properties": {
    "id": "PA_1346",
    "codes": [
     "PA_1346"
    ],
    "city": "PA",
    "address": "pilier est du pont de l'Arsenal",
    "in_paris": true,
    "excluded": false,
    "exclude_reason": "",
    "raw_name": "Space Invader PA_1346, pilier est du pont de l'Arsenal",
    "arrondissement": 12
   }
  },
  {
   "type": "Feature",
   "geometry": {
    "type": "Point",
    "coordinates": [
     2.36199,
     48.86697
    ]
   },
   "properties": {
    "id": "PA_1347",
    "codes": [
     "PA_1347"
    ],
    "city": "PA",
    "address": "6 rue Notre-Dame-de-Nazareth",
    "in_paris": true,
    "excluded": false,
    "exclude_reason": "",
    "raw_name": "Space Invader PA_1347, 6 rue Notre-Dame-de-Nazareth",
    "arrondissement": 3
   }
  },
  {
   "type": "Feature",
   "geometry": {
    "type": "Point",
    "coordinates": [
     2.424209,
     48.818205
    ]
   },
   "properties": {
    "id": "PA_1348",
    "codes": [
     "PA_1348"
    ],
    "city": "PA",
    "address": "39 rue du Maréchal Leclerc",
    "in_paris": false,
    "excluded": false,
    "exclude_reason": "",
    "raw_name": "Space Invader PA_1348, 39 rue du Maréchal Leclerc"
   }
  },
  {
   "type": "Feature",
   "geometry": {
    "type": "Point",
    "coordinates": [
     2.33425,
     48.83023
    ]
   },
   "properties": {
    "id": "PA_1349",
    "codes": [
     "PA_1349"
    ],
    "city": "PA",
    "address": "51 rue de la Tombe Issoire",
    "in_paris": true,
    "excluded": false,
    "exclude_reason": "",
    "raw_name": "Space Invader PA_1349, 51 rue de la Tombe Issoire",
    "arrondissement": 14
   }
  },
  {
   "type": "Feature",
   "geometry": {
    "type": "Point",
    "coordinates": [
     2.317914,
     48.847199
    ]
   },
   "properties": {
    "id": "PA_1350",
    "codes": [
     "PA_1350"
    ],
    "city": "PA",
    "address": "133 rue de Sèvres",
    "in_paris": true,
    "excluded": false,
    "exclude_reason": "",
    "raw_name": "Space Invader PA_1350, 133 rue de Sèvres",
    "arrondissement": 6
   }
  },
  {
   "type": "Feature",
   "geometry": {
    "type": "Point",
    "coordinates": [
     2.325479,
     48.841848
    ]
   },
   "properties": {
    "id": "PA_1351",
    "codes": [
     "PA_1351"
    ],
    "city": "PA",
    "address": "63 rue du Montparnasse",
    "in_paris": true,
    "excluded": false,
    "exclude_reason": "",
    "raw_name": "Space Invader PA_1351, 63 rue du Montparnasse",
    "arrondissement": 14
   }
  },
  {
   "type": "Feature",
   "geometry": {
    "type": "Point",
    "coordinates": [
     2.360137,
     48.825731
    ]
   },
   "properties": {
    "id": "PA_1352",
    "codes": [
     "PA_1352"
    ],
    "city": "PA",
    "address": "117 avenue de Choisy",
    "in_paris": true,
    "excluded": false,
    "exclude_reason": "",
    "raw_name": "Space Invader PA_1352, 117 avenue de Choisy",
    "arrondissement": 13
   }
  },
  {
   "type": "Feature",
   "geometry": {
    "type": "Point",
    "coordinates": [
     2.355016,
     48.832787
    ]
   },
   "properties": {
    "id": "PA_1353",
    "codes": [
     "PA_1353"
    ],
    "city": "PA",
    "address": "9 rue Philippe de Champagne",
    "in_paris": true,
    "excluded": false,
    "exclude_reason": "",
    "raw_name": "Space Invader PA_1353, 9 rue Philippe de Champagne",
    "arrondissement": 13
   }
  },
  {
   "type": "Feature",
   "geometry": {
    "type": "Point",
    "coordinates": [
     2.360431,
     48.88067
    ]
   },
   "properties": {
    "id": "PA_1354",
    "codes": [
     "PA_1354"
    ],
    "city": "PA",
    "address": "18 rue de l'Aqueduc",
    "in_paris": true,
    "excluded": false,
    "exclude_reason": "",
    "raw_name": "Space Invader PA_1354, 18 rue de l'Aqueduc",
    "arrondissement": 10
   }
  },
  {
   "type": "Feature",
   "geometry": {
    "type": "Point",
    "coordinates": [
     2.354811,
     48.877247
    ]
   },
   "properties": {
    "id": "PA_1355",
    "codes": [
     "PA_1355"
    ],
    "city": "PA",
    "address": "85bis boulevard Magenta",
    "in_paris": true,
    "excluded": false,
    "exclude_reason": "",
    "raw_name": "Space Invader PA_1355, 85bis boulevard Magenta",
    "arrondissement": 10
   }
  },
  {
   "type": "Feature",
   "geometry": {
    "type": "Point",
    "coordinates": [
     2.392827,
     48.847904
    ]
   },
   "properties": {
    "id": "PA_1356",
    "codes": [
     "PA_1356"
    ],
    "city": "PA",
    "address": "168 boulevard Diderot",
    "in_paris": true,
    "excluded": false,
    "exclude_reason": "",
    "raw_name": "Space Invader PA_1356, 168 boulevard Diderot",
    "arrondissement": 12
   }
  },
  {
   "type": "Feature",
   "geometry": {
    "type": "Point",
    "coordinates": [
     2.32403,
     48.87968
    ]
   },
   "properties": {
    "id": "PA_1357",
    "codes": [
     "PA_1357"
    ],
    "city": "PA",
    "address": "2 rue de Saint-Petersbourg",
    "in_paris": true,
    "excluded": false,
    "exclude_reason": "",
    "raw_name": "Space Invader PA_1357, 2 rue de Saint-Petersbourg",
    "arrondissement": 8
   }
  },
  {
   "type": "Feature",
   "geometry": {
    "type": "Point",
    "coordinates": [
     2.342319,
     48.845624
    ]
   },
   "properties": {
    "id": "PA_1358",
    "codes": [
     "PA_1358"
    ],
    "city": "PA",
    "address": "3 rue Royer-Collard",
    "in_paris": true,
    "excluded": false,
    "exclude_reason": "",
    "raw_name": "Space Invader PA_1358, 3 rue Royer-Collard",
    "arrondissement": 5
   }
  },
  {
   "type": "Feature",
   "geometry": {
    "type": "Point",
    "coordinates": [
     2.342013,
     48.848891
    ]
   },
   "properties": {
    "id": "PA_1359",
    "codes": [
     "PA_1359"
    ],
    "city": "PA",
    "address": "place de la Sorbonne",
    "in_paris": true,
    "excluded": false,
    "exclude_reason": "",
    "raw_name": "Space Invader PA_1359, place de la Sorbonne",
    "arrondissement": 5
   }
  },
  {
   "type": "Feature",
   "geometry": {
    "type": "Point",
    "coordinates": [
     2.343019,
     48.846042
    ]
   },
   "properties": {
    "id": "PA_1360",
    "codes": [
     "PA_1360"
    ],
    "city": "PA",
    "address": "2 rue des Fossés Saint-Jacques",
    "in_paris": true,
    "excluded": false,
    "exclude_reason": "",
    "raw_name": "Space Invader PA_1360, 2 rue des Fossés Saint-Jacques",
    "arrondissement": 5
   }
  },
  {
   "type": "Feature",
   "geometry": {
    "type": "Point",
    "coordinates": [
     2.370537,
     48.859462
    ]
   },
   "properties": {
    "id": "PA_1361",
    "codes": [
     "PA_1361"
    ],
    "city": "PA",
    "address": "3 allée Verte",
    "in_paris": true,
    "excluded": false,
    "exclude_reason": "",
    "raw_name": "Space Invader PA_1361, 3 allée Verte",
    "arrondissement": 11
   }
  },
  {
   "type": "Feature",
   "geometry": {
    "type": "Point",
    "coordinates": [
     2.391903,
     48.849187
    ]
   },
   "properties": {
    "id": "PA_1362",
    "codes": [
     "PA_1362"
    ],
    "city": "PA",
    "address": "2 rue des Boulets",
    "in_paris": true,
    "excluded": false,
    "exclude_reason": "",
    "raw_name": "Space Invader PA_1362, 2 rue des Boulets",
    "arrondissement": 11
   }
  },
  {
   "type": "Feature",
   "geometry": {
    "type": "Point",
    "coordinates": [
     2.377463,
     48.886605
    ]
   },
   "properties": {
    "id": "PA_1363",
    "codes": [
     "PA_1363"
    ],
    "city": "PA",
    "address": "70 quai de la Loire",
    "in_paris": true,
    "excluded": false,
    "exclude_reason": "",
    "raw_name": "Space Invader PA_1363, 70 quai de la Loire",
    "arrondissement": 19
   }
  },
  {
   "type": "Feature",
   "geometry": {
    "type": "Point",
    "coordinates": [
     2.419351,
     48.855164
    ]
   },
   "properties": {
    "id": "PA_1364",
    "codes": [
     "PA_1364"
    ],
    "city": "PA",
    "address": "2 rue Paul Bert",
    "in_paris": false,
    "excluded": false,
    "exclude_reason": "",
    "raw_name": "Space Invader PA_1364, 2 rue Paul Bert"
   }
  },
  {
   "type": "Feature",
   "geometry": {
    "type": "Point",
    "coordinates": [
     2.358674,
     48.850272
    ]
   },
   "properties": {
    "id": "PA_1365",
    "codes": [
     "PA_1365"
    ],
    "city": "PA",
    "address": "14 quai de Béthune",
    "in_paris": true,
    "excluded": false,
    "exclude_reason": "",
    "raw_name": "Space Invader PA_1365, 14 quai de Béthune",
    "arrondissement": 4
   }
  },
  {
   "type": "Feature",
   "geometry": {
    "type": "Point",
    "coordinates": [
     2.37634,
     48.85137
    ]
   },
   "properties": {
    "id": "PA_1366",
    "codes": [
     "PA_1366"
    ],
    "city": "PA",
    "address": "90 avenue Ledru-Rollin",
    "in_paris": true,
    "excluded": false,
    "exclude_reason": "",
    "raw_name": "Space Invader PA_1366, 90 avenue Ledru-Rollin",
    "arrondissement": 11
   }
  },
  {
   "type": "Feature",
   "geometry": {
    "type": "Point",
    "coordinates": [
     2.29596,
     48.886719
    ]
   },
   "properties": {
    "id": "PA_1367",
    "codes": [
     "PA_1367"
    ],
    "city": "PA",
    "address": "160 boulevard Berthier",
    "in_paris": true,
    "excluded": false,
    "exclude_reason": "",
    "raw_name": "Space Invader PA_1367, 160 boulevard Berthier",
    "arrondissement": 17
   }
  },
  {
   "type": "Feature",
   "geometry": {
    "type": "Point",
    "coordinates": [
     2.443442,
     48.865088
    ]
   },
   "properties": {
    "id": "PA_1368",
    "codes": [
     "PA_1368"
    ],
    "city": "PA",
    "address": "place François Mitterrand",
    "in_paris": false,
    "excluded": false,
    "exclude_reason": "",
    "raw_name": "Space Invader PA_1368, place François Mitterrand"
   }
  },
  {
   "type": "Feature",
   "geometry": {
    "type": "Point",
    "coordinates": [
     2.359106,
     48.904005
    ]
   },
   "properties": {
    "id": "PA_1369",
    "codes": [
     "PA_1369"
    ],
    "city": "PA",
    "address": "52 avenue du Président Wilson",
    "in_paris": false,
    "excluded": false,
    "exclude_reason": "",
    "raw_name": "Space Invader PA_1369, 52 avenue du Président Wilson"
   }
  },
  {
   "type": "Feature",
   "geometry": {
    "type": "Point",
    "coordinates": [
     2.353741,
     48.84147
    ]
   },
   "properties": {
    "id": "PA_1370",
    "codes": [
     "PA_1370"
    ],
    "city": "PA",
    "address": "1 rue Larrey",
    "in_paris": true,
    "excluded": false,
    "exclude_reason": "",
    "raw_name": "Space Invader PA_1370, 1 rue Larrey",
    "arrondissement": 5
   }
  },
  {
   "type": "Feature",
   "geometry": {
    "type": "Point",
    "coordinates": [
     2.342522,
     48.827832
    ]
   },
   "properties": {
    "id": "PA_1371",
    "codes": [
     "PA_1371"
    ],
    "city": "PA",
    "address": "107 rue de la Glacière",
    "in_paris": true,
    "excluded": false,
    "exclude_reason": "",
    "raw_name": "Space Invader PA_1371, 107 rue de la Glacière",
    "arrondissement": 13
   }
  },
  {
   "type": "Feature",
   "geometry": {
    "type": "Point",
    "coordinates": [
     2.346609,
     48.895855
    ]
   },
   "properties": {
    "id": "PA_1372",
    "codes": [
     "PA_1372"
    ],
    "city": "PA",
    "address": "64 rue Championnet",
    "in_paris": true,
    "excluded": false,
    "exclude_reason": "",
    "raw_name": "Space Invader PA_1372, 64 rue Championnet",
    "arrondissement": 18
   }
  },
  {
   "type": "Feature",
   "geometry": {
    "type": "Point",
    "coordinates": [
     2.347384,
     48.865095
    ]
   },
   "properties": {
    "id": "PA_1373",
    "codes": [
     "PA_1373"
    ],
    "city": "PA",
    "address": "20 rue Marie Stuart",
    "in_paris": true,
    "excluded": false,
    "exclude_reason": "",
    "raw_name": "Space Invader PA_1373, 20 rue Marie Stuart",
    "arrondissement": 2
   }
  },
  {
   "type": "Feature",
   "geometry": {
    "type": "Point",
    "coordinates": [
     2.368618,
     48.85767
    ]
   },
   "properties": {
    "id": "PA_1374",
    "codes": [
     "PA_1374"
    ],
    "city": "PA",
    "address": "3 rue Clotilde de Vaux",
    "in_paris": true,
    "excluded": false,
    "exclude_reason": "",
    "raw_name": "Space Invader PA_1374, 3 rue Clotilde de Vaux",
    "arrondissement": 11
   }
  },
  {
   "type": "Feature",
   "geometry": {
    "type": "Point",
    "coordinates": [
     2.387689,
     48.863173
    ]
   },
   "properties": {
    "id": "PA_1375",
    "codes": [
     "PA_1375"
    ],
    "city": "PA",
    "address": "42 boulevard de Ménilmontant",
    "in_paris": true,
    "excluded": false,
    "exclude_reason": "",
    "raw_name": "Space Invader PA_1375, 42 boulevard de Ménilmontant",
    "arrondissement": 20
   }
  },
  {
   "type": "Feature",
   "geometry": {
    "type": "Point",
    "coordinates": [
     2.42844,
     48.80272
    ]
   },
   "properties": {
    "id": "PA_1376",
    "codes": [
     "PA_1376"
    ],
    "city": "PA",
    "address": "1 rue du capitaine Roland Deplanque",
    "in_paris": false,
    "excluded": false,
    "exclude_reason": "",
    "raw_name": "Space Invader PA_1376, 1 rue du capitaine Roland Deplanque"
   }
  },
  {
   "type": "Feature",
   "geometry": {
    "type": "Point",
    "coordinates": [
     2.328048,
     48.8955
    ]
   },
   "properties": {
    "id": "PA_1377",
    "codes": [
     "PA_1377"
    ],
    "city": "PA",
    "address": "121 avenue de Saint-Ouen",
    "in_paris": true,
    "excluded": false,
    "exclude_reason": "",
    "raw_name": "Space Invader PA_1377, 121 avenue de Saint-Ouen",
    "arrondissement": 17
   }
  },
  {
   "type": "Feature",
   "geometry": {
    "type": "Point",
    "coordinates": [
     2.207041,
     48.825606
    ]
   },
   "properties": {
    "id": "PA_1378",
    "codes": [
     "PA_1378"
    ],
    "city": "PA",
    "address": "rue des Caves du Roi",
    "in_paris": false,
    "excluded": false,
    "exclude_reason": "",
    "raw_name": "Space Invader PA_1378, rue des Caves du Roi"
   }
  },
  {
   "type": "Feature",
   "geometry": {
    "type": "Point",
    "coordinates": [
     2.211876,
     48.82426
    ]
   },
   "properties": {
    "id": "PA_1379",
    "codes": [
     "PA_1379"
    ],
    "city": "PA",
    "address": "5 avenue de l'Europe",
    "in_paris": false,
    "excluded": false,
    "exclude_reason": "",
    "raw_name": "Space Invader PA_1379, 5 avenue de l'Europe"
   }
  },
  {
   "type": "Feature",
   "geometry": {
    "type": "Point",
    "coordinates": [
     2.344784,
     48.852444
    ]
   },
   "properties": {
    "id": "PA_1380",
    "codes": [
     "PA_1380"
    ],
    "city": "PA",
    "address": "19 rue de la Harpe",
    "in_paris": true,
    "excluded": false,
    "exclude_reason": "",
    "raw_name": "Space Invader PA_1380, 19 rue de la Harpe",
    "arrondissement": 5
   }
  },
  {
   "type": "Feature",
   "geometry": {
    "type": "Point",
    "coordinates": [
     2.425093,
     48.863603
    ]
   },
   "properties": {
    "id": "PA_1381",
    "codes": [
     "PA_1381"
    ],
    "city": "PA",
    "address": "passerelle rue de l'Épine",
    "in_paris": false,
    "excluded": false,
    "exclude_reason": "",
    "raw_name": "Space Invader PA_1381, passerelle rue de l'Épine"
   }
  },
  {
   "type": "Feature",
   "geometry": {
    "type": "Point",
    "coordinates": [
     2.34393,
     48.90133
    ]
   },
   "properties": {
    "id": "PA_1382",
    "codes": [
     "PA_1382"
    ],
    "city": "PA",
    "address": "160 rue des Rosiers",
    "in_paris": false,
    "excluded": false,
    "exclude_reason": "",
    "raw_name": "Space Invader PA_1382, 160 rue des Rosiers"
   }
  },
  {
   "type": "Feature",
   "geometry": {
    "type": "Point",
    "coordinates": [
     2.36379,
     48.84314
    ]
   },
   "properties": {
    "id": "PA_1383",
    "codes": [
     "PA_1383"
    ],
    "city": "PA",
    "address": "2 boulevard de l'Hôpital",
    "in_paris": true,
    "excluded": false,
    "exclude_reason": "",
    "raw_name": "Space Invader PA_1383, 2 boulevard de l'Hôpital",
    "arrondissement": 5
   }
  },
  {
   "type": "Feature",
   "geometry": {
    "type": "Point",
    "coordinates": [
     2.352861,
     48.841148
    ]
   },
   "properties": {
    "id": "PA_1384",
    "codes": [
     "PA_1384"
    ],
    "city": "PA",
    "address": "25 rue Daubenton",
    "in_paris": true,
    "excluded": false,
    "exclude_reason": "",
    "raw_name": "Space Invader PA_1384, 25 rue Daubenton",
    "arrondissement": 5
   }
  },
  {
   "type": "Feature",
   "geometry": {
    "type": "Point",
    "coordinates": [
     2.293006,
     48.865518
    ]
   },
   "properties": {
    "id": "PA_1385",
    "codes": [
     "PA_1385"
    ],
    "city": "PA",
    "address": "4 rue Boissière",
    "in_paris": true,
    "excluded": false,
    "exclude_reason": "",
    "raw_name": "Space Invader PA_1385, 4 rue Boissière",
    "arrondissement": 16
   }
  },
  {
   "type": "Feature",
   "geometry": {
    "type": "Point",
    "coordinates": [
     2.275555,
     48.827843
    ]
   },
   "properties": {
    "id": "PA_1386",
    "codes": [
     "PA_1386"
    ],
    "city": "PA",
    "address": "3 rue Henri Mayer",
    "in_paris": false,
    "excluded": false,
    "exclude_reason": "",
    "raw_name": "Space Invader PA_1386, 3 rue Henri Mayer"
   }
  },
  {
   "type": "Feature",
   "geometry": {
    "type": "Point",
    "coordinates": [
     2.310909,
     48.820094
    ]
   },
   "properties": {
    "id": "PA_1387",
    "codes": [
     "PA_1387"
    ],
    "city": "PA",
    "address": "52 avenue Pierre Brossolette",
    "in_paris": false,
    "excluded": false,
    "exclude_reason": "",
    "raw_name": "Space Invader PA_1387, 52 avenue Pierre Brossolette"
   }
  },
  {
   "type": "Feature",
   "geometry": {
    "type": "Point",
    "coordinates": [
     2.241036,
     48.80819
    ]
   },
   "properties": {
    "id": "PA_1388",
    "codes": [
     "PA_1388"
    ],
    "city": "PA",
    "address": "face à la gare de Meudon - Val-Fleury",
    "in_paris": false,
    "excluded": false,
    "exclude_reason": "",
    "raw_name": "Space Invader PA_1388, face à la gare de Meudon - Val-Fleury"
   }
  },
  {
   "type": "Feature",
   "geometry": {
    "type": "Point",
    "coordinates": [
     2.246601,
     48.813576
    ]
   },
   "properties": {
    "id": "PA_1389",
    "codes": [
     "PA_1389"
    ],
    "city": "PA",
    "address": "à l'est du viaduc rue de Paris",
    "in_paris": false,
    "excluded": false,
    "exclude_reason": "",
    "raw_name": "Space Invader PA_1389, à l'est du viaduc rue de Paris"
   }
  },
  {
   "type": "Feature",
   "geometry": {
    "type": "Point",
    "coordinates": [
     2.262607,
     48.829516
    ]
   },
   "properties": {
    "id": "PA_1390",
    "codes": [
     "PA_1390"
    ],
    "city": "PA",
    "address": "5 rue Rouget de Lisle",
    "in_paris": false,
    "excluded": false,
    "exclude_reason": "",
    "raw_name": "Space Invader PA_1390, 5 rue Rouget de Lisle"
   }
  },
  {
   "type": "Feature",
   "geometry": {
    "type": "Point",
    "coordinates": [
     2.389114,
     48.813413
    ]
   },
   "properties": {
    "id": "PA_1391",
    "codes": [
     "PA_1391"
    ],
    "city": "PA",
    "address": "31 rue Descartes",
    "in_paris": false,
    "excluded": false,
    "exclude_reason": "",
    "raw_name": "Space Invader PA_1391, 31 rue Descartes"
   }
  },
  {
   "type": "Feature",
   "geometry": {
    "type": "Point",
    "coordinates": [
     2.34982,
     48.871013
    ]
   },
   "properties": {
    "id": "PA_1392",
    "codes": [
     "PA_1392"
    ],
    "city": "PA",
    "address": "8 rue d'Hauteville",
    "in_paris": true,
    "excluded": false,
    "exclude_reason": "",
    "raw_name": "Space Invader PA_1392, 8 rue d'Hauteville",
    "arrondissement": 10
   }
  },
  {
   "type": "Feature",
   "geometry": {
    "type": "Point",
    "coordinates": [
     2.384178,
     48.81102
    ]
   },
   "properties": {
    "id": "PA_1393",
    "codes": [
     "PA_1393"
    ],
    "city": "PA",
    "address": "13 rue Marat",
    "in_paris": false,
    "excluded": false,
    "exclude_reason": "",
    "raw_name": "Space Invader PA_1393, 13 rue Marat"
   }
  },
  {
   "type": "Feature",
   "geometry": {
    "type": "Point",
    "coordinates": [
     2.319612,
     48.889173
    ]
   },
   "properties": {
    "id": "PA_1394",
    "codes": [
     "PA_1394"
    ],
    "city": "PA",
    "address": "27 rue des Moines",
    "in_paris": true,
    "excluded": false,
    "exclude_reason": "",
    "raw_name": "Space Invader PA_1394, 27 rue des Moines",
    "arrondissement": 17
   }
  },
  {
   "type": "Feature",
   "geometry": {
    "type": "Point",
    "coordinates": [
     2.346783,
     48.864532
    ]
   },
   "properties": {
    "id": "PA_1395",
    "codes": [
     "PA_1395"
    ],
    "city": "PA",
    "address": "44 rue Montorgueil",
    "in_paris": true,
    "excluded": false,
    "exclude_reason": "",
    "raw_name": "Space Invader PA_1395, 44 rue Montorgueil",
    "arrondissement": 2
   }
  },
  {
   "type": "Feature",
   "geometry": {
    "type": "Point",
    "coordinates": [
     2.303452,
     48.890105
    ]
   },
   "properties": {
    "id": "PA_1396",
    "codes": [
     "PA_1396"
    ],
    "city": "PA",
    "address": "96 boulevard Berthier",
    "in_paris": true,
    "excluded": false,
    "exclude_reason": "",
    "raw_name": "Space Invader PA_1396, 96 boulevard Berthier",
    "arrondissement": 17
   }
  },
  {
   "type": "Feature",
   "geometry": {
    "type": "Point",
    "coordinates": [
     2.319257,
     48.869855
    ]
   },
   "properties": {
    "id": "PA_1397",
    "codes": [
     "PA_1397"
    ],
    "city": "PA",
    "address": "2 rue d'Aguesseau",
    "in_paris": true,
    "excluded": false,
    "exclude_reason": "",
    "raw_name": "Space Invader PA_1397, 2 rue d'Aguesseau",
    "arrondissement": 8
   }
  },
  {
   "type": "Feature",
   "geometry": {
    "type": "Point",
    "coordinates": [
     2.317949,
     48.891203
    ]
   },
   "properties": {
    "id": "PA_1398",
    "codes": [
     "PA_1398"
    ],
    "city": "PA",
    "address": "157 rue Cardinet",
    "in_paris": true,
    "excluded": false,
    "exclude_reason": "",
    "raw_name": "Space Invader PA_1398, 157 rue Cardinet",
    "arrondissement": 17
   }
  },
  {
   "type": "Feature",
   "geometry": {
    "type": "Point",
    "coordinates": [
     2.33337,
     48.89351
    ]
   },
   "properties": {
    "id": "PA_1399",
    "codes": [
     "PA_1399"
    ],
    "city": "PA",
    "address": "24 rue Vauvenargues",
    "in_paris": true,
    "excluded": false,
    "exclude_reason": "",
    "raw_name": "Space Invader PA_1399, 24 rue Vauvenargues",
    "arrondissement": 18
   }
  },
  {
   "type": "Feature",
   "geometry": {
    "type": "Point",
    "coordinates": [
     2.364213,
     48.816723
    ]
   },
   "properties": {
    "id": "PA_1400",
    "codes": [
     "PA_1400"
    ],
    "city": "PA",
    "address": "sur l'atelier de maintenance de la ligne 7",
    "in_paris": true,
    "excluded": false,
    "exclude_reason": "",
    "raw_name": "Space Invader PA_1400, sur l'atelier de maintenance de la ligne 7",
    "arrondissement": 13
   }
  },
  {
   "type": "Feature",
   "geometry": {
    "type": "Point",
    "coordinates": [
     2.48951,
     48.852234
    ]
   },
   "properties": {
    "id": "PA_1401",
    "codes": [
     "PA_1401"
    ],
    "city": "PA",
    "address": "face à l'immeuble Belledonne",
    "in_paris": false,
    "excluded": false,
    "exclude_reason": "",
    "raw_name": "Space Invader PA_1401, face à l'immeuble Belledonne"
   }
  },
  {
   "type": "Feature",
   "geometry": {
    "type": "Point",
    "coordinates": [
     2.414624,
     48.876339
    ]
   },
   "properties": {
    "id": "PA_1402",
    "codes": [
     "PA_1402"
    ],
    "city": "PA",
    "address": "52 rue des Bruyères",
    "in_paris": false,
    "excluded": false,
    "exclude_reason": "",
    "raw_name": "Space Invader PA_1402, 52 rue des Bruyères"
   }
  },
  {
   "type": "Feature",
   "geometry": {
    "type": "Point",
    "coordinates": [
     2.25343,
     48.832218
    ]
   },
   "properties": {
    "id": "PA_1403",
    "codes": [
     "PA_1403"
    ],
    "city": "PA",
    "address": "50 avenue Pierre Grenier",
    "in_paris": false,
    "excluded": false,
    "exclude_reason": "",
    "raw_name": "Space Invader PA_1403, 50 avenue Pierre Grenier"
   }
  },
  {
   "type": "Feature",
   "geometry": {
    "type": "Point",
    "coordinates": [
     2.370876,
     48.845257
    ]
   },
   "properties": {
    "id": "PA_1404",
    "codes": [
     "PA_1404"
    ],
    "city": "PA",
    "address": "14 boulevard Diderot",
    "in_paris": true,
    "excluded": false,
    "exclude_reason": "",
    "raw_name": "Space Invader PA_1404, 14 boulevard Diderot",
    "arrondissement": 12
   }
  },
  {
   "type": "Feature",
   "geometry": {
    "type": "Point",
    "coordinates": [
     2.492884,
     48.830569
    ]
   },
   "properties": {
    "id": "PA_1405",
    "codes": [
     "PA_1405"
    ],
    "city": "PA",
    "address": "autoroute de l'Est/N486",
    "in_paris": false,
    "excluded": false,
    "exclude_reason": "",
    "raw_name": "Space Invader PA_1405, autoroute de l'Est/N486"
   }
  },
  {
   "type": "Feature",
   "geometry": {
    "type": "Point",
    "coordinates": [
     2.313772,
     48.886993
    ]
   },
   "properties": {
    "id": "PA_1406",
    "codes": [
     "PA_1406"
    ],
    "city": "PA",
    "address": "11 rue Tarbé",
    "in_paris": true,
    "excluded": false,
    "exclude_reason": "",
    "raw_name": "Space Invader PA_1406, 11 rue Tarbé",
    "arrondissement": 17
   }
  },
  {
   "type": "Feature",
   "geometry": {
    "type": "Point",
    "coordinates": [
     2.345072,
     48.849721
    ]
   },
   "properties": {
    "id": "PA_1407",
    "codes": [
     "PA_1407"
    ],
    "city": "PA",
    "address": "75 rue Saint-Jacques",
    "in_paris": true,
    "excluded": false,
    "exclude_reason": "",
    "raw_name": "Space Invader PA_1407, 75 rue Saint-Jacques",
    "arrondissement": 5
   }
  },
  {
   "type": "Feature",
   "geometry": {
    "type": "Point",
    "coordinates": [
     2.367302,
     48.900471
    ]
   },
   "properties": {
    "id": "PA_1408",
    "codes": [
     "PA_1408"
    ],
    "city": "PA",
    "address": "derrière le square Charles-Hermite",
    "in_paris": true,
    "excluded": false,
    "exclude_reason": "",
    "raw_name": "Space Invader PA_1408, derrière le square Charles-Hermite",
    "arrondissement": 18
   }
  },
  {
   "type": "Feature",
   "geometry": {
    "type": "Point",
    "coordinates": [
     2.3502,
     48.81045
    ]
   },
   "properties": {
    "id": "PA_1409",
    "codes": [
     "PA_1409"
    ],
    "city": "PA",
    "address": "63 rue Gabriel Péri",
    "in_paris": false,
    "excluded": false,
    "exclude_reason": "",
    "raw_name": "Space Invader PA_1409, 63 rue Gabriel Péri"
   }
  },
  {
   "type": "Feature",
   "geometry": {
    "type": "Point",
    "coordinates": [
     2.320344,
     48.887532
    ]
   },
   "properties": {
    "id": "PA_1410",
    "codes": [
     "PA_1410"
    ],
    "city": "PA",
    "address": "82 rue Nollet",
    "in_paris": true,
    "excluded": false,
    "exclude_reason": "",
    "raw_name": "Space Invader PA_1410, 82 rue Nollet",
    "arrondissement": 17
   }
  },
  {
   "type": "Feature",
   "geometry": {
    "type": "Point",
    "coordinates": [
     2.2757,
     48.85871
    ]
   },
   "properties": {
    "id": "PA_1411",
    "codes": [
     "PA_1411"
    ],
    "city": "PA",
    "address": "98 avenue Paul Doumer",
    "in_paris": true,
    "excluded": false,
    "exclude_reason": "",
    "raw_name": "Space Invader PA_1411, 98 avenue Paul Doumer",
    "arrondissement": 16
   }
  },
  {
   "type": "Feature",
   "geometry": {
    "type": "Point",
    "coordinates": [
     2.307107,
     48.88794
    ]
   },
   "properties": {
    "id": "PA_1412",
    "codes": [
     "PA_1412"
    ],
    "city": "PA",
    "address": "34 boulevard Pereire",
    "in_paris": true,
    "excluded": false,
    "exclude_reason": "",
    "raw_name": "Space Invader PA_1412, 34 boulevard Pereire",
    "arrondissement": 17
   }
  },
  {
   "type": "Feature",
   "geometry": {
    "type": "Point",
    "coordinates": [
     2.293588,
     48.866212
    ]
   },
   "properties": {
    "id": "PA_1413",
    "codes": [
     "PA_1413"
    ],
    "city": "PA",
    "address": "13 rue de Lübeck",
    "in_paris": true,
    "excluded": false,
    "exclude_reason": "",
    "raw_name": "Space Invader PA_1413, 13 rue de Lübeck",
    "arrondissement": 16
   }
  },
  {
   "type": "Feature",
   "geometry": {
    "type": "Point",
    "coordinates": [
     2.436589,
     48.844979
    ]
   },
   "properties": {
    "id": "PA_1414",
    "codes": [
     "PA_1414"
    ],
    "city": "PA",
    "address": "16 avenue de Vincennes",
    "in_paris": false,
    "excluded": false,
    "exclude_reason": "",
    "raw_name": "Space Invader PA_1414, 16 avenue de Vincennes"
   }
  },
  {
   "type": "Feature",
   "geometry": {
    "type": "Point",
    "coordinates": [
     2.383889,
     48.81849
    ]
   },
   "properties": {
    "id": "PA_1415",
    "codes": [
     "PA_1415"
    ],
    "city": "PA",
    "address": "83 rue Victor Hugo",
    "in_paris": false,
    "excluded": false,
    "exclude_reason": "",
    "raw_name": "Space Invader PA_1415, 83 rue Victor Hugo"
   }
  },
  {
   "type": "Feature",
   "geometry": {
    "type": "Point",
    "coordinates": [
     2.250127,
     48.821266
    ]
   },
   "properties": {
    "id": "PA_1416",
    "codes": [
     "PA_1416"
    ],
    "city": "PA",
    "address": "place de la Résistance",
    "in_paris": false,
    "excluded": false,
    "exclude_reason": "",
    "raw_name": "Space Invader PA_1416, place de la Résistance"
   }
  },
  {
   "type": "Feature",
   "geometry": {
    "type": "Point",
    "coordinates": [
     2.362192,
     48.842906
    ]
   },
   "properties": {
    "id": "PA_1417",
    "codes": [
     "PA_1417"
    ],
    "city": "PA",
    "address": "escalier derrière la galerie d'anatomie",
    "in_paris": true,
    "excluded": false,
    "exclude_reason": "",
    "raw_name": "Space Invader PA_1417, escalier derrière la galerie d'anatomie",
    "arrondissement": 5
   }
  },
  {
   "type": "Feature",
   "geometry": {
    "type": "Point",
    "coordinates": [
     2.303341,
     48.849389
    ]
   },
   "properties": {
    "id": "PA_1418",
    "codes": [
     "PA_1418"
    ],
    "city": "PA",
    "address": "18 avenue de Lowendal",
    "in_paris": true,
    "excluded": false,
    "exclude_reason": "",
    "raw_name": "Space Invader PA_1418, 18 avenue de Lowendal",
    "arrondissement": 15
   }
  },
  {
   "type": "Feature",
   "geometry": {
    "type": "Point",
    "coordinates": [
     2.362326,
     48.868935
    ]
   },
   "properties": {
    "id": "PA_1419",
    "codes": [
     "PA_1419"
    ],
    "city": "PA",
    "address": "1 rue du Château d'Eau",
    "in_paris": true,
    "excluded": false,
    "exclude_reason": "",
    "raw_name": "Space Invader PA_1419, 1 rue du Château d'Eau",
    "arrondissement": 10
   }
  },
  {
   "type": "Feature",
   "geometry": {
    "type": "Point",
    "coordinates": [
     2.383652,
     48.847205
    ]
   },
   "properties": {
    "id": "PA_1420",
    "codes": [
     "PA_1420"
    ],
    "city": "PA",
    "address": "28 rue de Chaligny",
    "in_paris": true,
    "excluded": false,
    "exclude_reason": "",
    "raw_name": "Space Invader PA_1420, 28 rue de Chaligny",
    "arrondissement": 12
   }
  },
  {
   "type": "Feature",
   "geometry": {
    "type": "Point",
    "coordinates": [
     2.407411,
     48.852627
    ]
   },
   "properties": {
    "id": "PA_1421",
    "codes": [
     "PA_1421"
    ],
    "city": "PA",
    "address": "49 du Volga",
    "in_paris": true,
    "excluded": false,
    "exclude_reason": "",
    "raw_name": "Space Invader PA_1421, 49 du Volga",
    "arrondissement": 20
   }
  },
  {
   "type": "Feature",
   "geometry": {
    "type": "Point",
    "coordinates": [
     2.348017,
     48.757865
    ]
   },
   "properties": {
    "id": "PA_1422",
    "codes": [
     "PA_1422"
    ],
    "city": "PA",
    "address": "Pondorly",
    "in_paris": false,
    "excluded": false,
    "exclude_reason": "",
    "raw_name": "Space Invader PA_1422, Pondorly"
   }
  },
  {
   "type": "Feature",
   "geometry": {
    "type": "Point",
    "coordinates": [
     2.347786,
     48.870216
    ]
   },
   "properties": {
    "id": "PA_1423",
    "codes": [
     "PA_1423"
    ],
    "city": "PA",
    "address": "33 rue Poissonnière",
    "in_paris": true,
    "excluded": false,
    "exclude_reason": "",
    "raw_name": "Space Invader PA_1423, 33 rue Poissonnière",
    "arrondissement": 2
   }
  },
  {
   "type": "Feature",
   "geometry": {
    "type": "Point",
    "coordinates": [
     2.369238,
     48.859587
    ]
   },
   "properties": {
    "id": "PA_1424",
    "codes": [
     "PA_1424"
    ],
    "city": "PA",
    "address": "1 rue Pelée",
    "in_paris": true,
    "excluded": false,
    "exclude_reason": "",
    "raw_name": "Space Invader PA_1424, 1 rue Pelée",
    "arrondissement": 11
   }
  },
  {
   "type": "Feature",
   "geometry": {
    "type": "Point",
    "coordinates": [
     2.371851,
     48.855821
    ]
   },
   "properties": {
    "id": "PA_1425",
    "codes": [
     "PA_1425"
    ],
    "city": "PA",
    "address": "9 rue Sedaine",
    "in_paris": true,
    "excluded": false,
    "exclude_reason": "",
    "raw_name": "Space Invader PA_1425, 9 rue Sedaine",
    "arrondissement": 11
   }
  },
  {
   "type": "Feature",
   "geometry": {
    "type": "Point",
    "coordinates": [
     2.258447,
     48.880106
    ]
   },
   "properties": {
    "id": "PA_1426",
    "codes": [
     "PA_1426",
     "PA_1427"
    ],
    "city": "PA",
    "address": "pavillon ouest de la porte de Neuilly",
    "in_paris": true,
    "excluded": false,
    "exclude_reason": "",
    "raw_name": "Space Invader PA_1426 & PA_1427, pavillon ouest de la porte de Neuilly",
    "arrondissement": 16
   }
  },
  {
   "type": "Feature",
   "geometry": {
    "type": "Point",
    "coordinates": [
     2.275511,
     48.870968
    ]
   },
   "properties": {
    "id": "PA_1428",
    "codes": [
     "PA_1428"
    ],
    "city": "PA",
    "address": "Gare de l'Avenue Foch",
    "in_paris": true,
    "excluded": false,
    "exclude_reason": "",
    "raw_name": "Space Invader PA_1428, Gare de l'Avenue Foch",
    "arrondissement": 16
   }
  },
  {
   "type": "Feature",
   "geometry": {
    "type": "Point",
    "coordinates": [
     2.280645,
     48.832224
    ]
   },
   "properties": {
    "id": "PA_1429",
    "codes": [
     "PA_1429"
    ],
    "city": "PA",
    "address": "1 rue de la Porte d'Issy",
    "in_paris": true,
    "excluded": false,
    "exclude_reason": "",
    "raw_name": "Space Invader PA_1429, 1 rue de la Porte d'Issy",
    "arrondissement": 15
   }
  },
  {
   "type": "Feature",
   "geometry": {
    "type": "Point",
    "coordinates": [
     2.299683,
     48.888272
    ]
   },
   "properties": {
    "id": "PA_1430",
    "codes": [
     "PA_1430"
    ],
    "city": "PA",
    "address": "130 boulevard Berthier",
    "in_paris": true,
    "excluded": false,
    "exclude_reason": "",
    "raw_name": "Space Invader PA_1430, 130 boulevard Berthier",
    "arrondissement": 17
   }
  },
  {
   "type": "Feature",
   "geometry": {
    "type": "Point",
    "coordinates": [
     2.294608,
     48.858271
    ]
   },
   "properties": {
    "id": "PA_1431",
    "codes": [
     "PA_1431"
    ],
    "city": "PA",
    "address": "dernier étage de la Tour Eiffel",
    "in_paris": true,
    "excluded": false,
    "exclude_reason": "",
    "raw_name": "Space Invader PA_1431, dernier étage de la Tour Eiffel",
    "arrondissement": 7
   }
  },
  {
   "type": "Feature",
   "geometry": {
    "type": "Point",
    "coordinates": [
     2.35116,
     48.85953
    ]
   },
   "properties": {
    "id": "PA_1432",
    "codes": [
     "PA_1432"
    ],
    "city": "PA",
    "address": "place Igor Stravinsky",
    "in_paris": true,
    "excluded": false,
    "exclude_reason": "",
    "raw_name": "Space Invader PA_1432, place Igor Stravinsky",
    "arrondissement": 4
   }
  },
  {
   "type": "Feature",
   "geometry": {
    "type": "Point",
    "coordinates": [
     2.352405,
     48.841104
    ]
   },
   "properties": {
    "id": "PA_1433",
    "codes": [
     "PA_1433"
    ],
    "city": "PA",
    "address": "36 rue Daubenton",
    "in_paris": true,
    "excluded": false,
    "exclude_reason": "",
    "raw_name": "Space Invader PA_1433, 36 rue Daubenton",
    "arrondissement": 5
   }
  },
  {
   "type": "Feature",
   "geometry": {
    "type": "Point",
    "coordinates": [
     2.432581,
     48.855267
    ]
   },
   "properties": {
    "id": "PA_1434",
    "codes": [
     "PA_1434"
    ],
    "city": "PA",
    "address": "39 rue Edouard Vaillant",
    "in_paris": false,
    "excluded": false,
    "exclude_reason": "",
    "raw_name": "Space Invader PA_1434, 39 rue Edouard Vaillant"
   }
  },
  {
   "type": "Feature",
   "geometry": {
    "type": "Point",
    "coordinates": [
     2.130904,
     48.807637
    ]
   },
   "properties": {
    "id": "VRS_001",
    "codes": [
     "VRS_001"
    ],
    "city": "VRS",
    "address": "2 rue du Baillage",
    "in_paris": false,
    "excluded": false,
    "exclude_reason": "",
    "raw_name": "Space Invader VRS_001, 2 rue du Baillage"
   }
  },
  {
   "type": "Feature",
   "geometry": {
    "type": "Point",
    "coordinates": [
     2.130867,
     48.806304
    ]
   },
   "properties": {
    "id": "VRS_002",
    "codes": [
     "VRS_002"
    ],
    "city": "VRS",
    "address": "rue des 2 Portes",
    "in_paris": false,
    "excluded": false,
    "exclude_reason": "",
    "raw_name": "Space Invader VRS_002, rue des 2 Portes"
   }
  },
  {
   "type": "Feature",
   "geometry": {
    "type": "Point",
    "coordinates": [
     2.130321,
     48.805509
    ]
   },
   "properties": {
    "id": "VRS_003",
    "codes": [
     "VRS_003"
    ],
    "city": "VRS",
    "address": "1 rue des Deux Portes",
    "in_paris": false,
    "excluded": false,
    "exclude_reason": "",
    "raw_name": "Space Invader VRS_003, 1 rue des Deux Portes"
   }
  },
  {
   "type": "Feature",
   "geometry": {
    "type": "Point",
    "coordinates": [
     2.13219,
     48.8071
    ]
   },
   "properties": {
    "id": "VRS_004",
    "codes": [
     "VRS_004"
    ],
    "city": "VRS",
    "address": "carré à la Marée",
    "in_paris": false,
    "excluded": false,
    "exclude_reason": "",
    "raw_name": "Space Invader VRS_004, carré à la Marée"
   }
  },
  {
   "type": "Feature",
   "geometry": {
    "type": "Point",
    "coordinates": [
     2.1253,
     48.801279
    ]
   },
   "properties": {
    "id": "VRS_005",
    "codes": [
     "VRS_005"
    ],
    "city": "VRS",
    "address": "10 rue de Fontenay",
    "in_paris": false,
    "excluded": false,
    "exclude_reason": "",
    "raw_name": "Space Invader VRS_005, 10 rue de Fontenay"
   }
  },
  {
   "type": "Feature",
   "geometry": {
    "type": "Point",
    "coordinates": [
     2.129281,
     48.801969
    ]
   },
   "properties": {
    "id": "VRS_006",
    "codes": [
     "VRS_006"
    ],
    "city": "VRS",
    "address": "2 avenue de Paris",
    "in_paris": false,
    "excluded": false,
    "exclude_reason": "",
    "raw_name": "Space Invader VRS_006, 2 avenue de Paris"
   }
  },
  {
   "type": "Feature",
   "geometry": {
    "type": "Point",
    "coordinates": [
     2.129415,
     48.808584
    ]
   },
   "properties": {
    "id": "VRS_007",
    "codes": [
     "VRS_007"
    ],
    "city": "VRS",
    "address": "2 rue Saint-Lazare",
    "in_paris": false,
    "excluded": false,
    "exclude_reason": "",
    "raw_name": "Space Invader VRS_007, 2 rue Saint-Lazare"
   }
  },
  {
   "type": "Feature",
   "geometry": {
    "type": "Point",
    "coordinates": [
     2.124758,
     48.800284
    ]
   },
   "properties": {
    "id": "VRS_008",
    "codes": [
     "VRS_008"
    ],
    "city": "VRS",
    "address": "40 rue du Vieux Versailles",
    "in_paris": false,
    "excluded": false,
    "exclude_reason": "",
    "raw_name": "Space Invader VRS_008, 40 rue du Vieux Versailles"
   }
  },
  {
   "type": "Feature",
   "geometry": {
    "type": "Point",
    "coordinates": [
     2.128459,
     48.800617
    ]
   },
   "properties": {
    "id": "VRS_009",
    "codes": [
     "VRS_009"
    ],
    "city": "VRS",
    "address": "12 avenue du Général de Gaulle",
    "in_paris": false,
    "excluded": false,
    "exclude_reason": "",
    "raw_name": "Space Invader VRS_009, 12 avenue du Général de Gaulle"
   }
  },
  {
   "type": "Feature",
   "geometry": {
    "type": "Point",
    "coordinates": [
     2.152928,
     48.832282
    ]
   },
   "properties": {
    "id": "VRS_010",
    "codes": [
     "VRS_010"
    ],
    "city": "VRS",
    "address": "48 boulevard de Jardy",
    "in_paris": false,
    "excluded": false,
    "exclude_reason": "",
    "raw_name": "Space Invader VRS_010, 48 boulevard de Jardy"
   }
  },
  {
   "type": "Feature",
   "geometry": {
    "type": "Point",
    "coordinates": [
     2.13536,
     48.80561
    ]
   },
   "properties": {
    "id": "VRS_011",
    "codes": [
     "VRS_011"
    ],
    "city": "VRS",
    "address": "65 avenue de Saint-Cloud",
    "in_paris": false,
    "excluded": false,
    "exclude_reason": "",
    "raw_name": "Space Invader VRS_011, 65 avenue de Saint-Cloud"
   }
  },
  {
   "type": "Feature",
   "geometry": {
    "type": "Point",
    "coordinates": [
     2.12728,
     48.8063
    ]
   },
   "properties": {
    "id": "VRS_012",
    "codes": [
     "VRS_012"
    ],
    "city": "VRS",
    "address": "1 place Hoche",
    "in_paris": false,
    "excluded": false,
    "exclude_reason": "",
    "raw_name": "Space Invader VRS_012, 1 place Hoche"
   }
  },
  {
   "type": "Feature",
   "geometry": {
    "type": "Point",
    "coordinates": [
     2.153225,
     48.798473
    ]
   },
   "properties": {
    "id": "VRS_013",
    "codes": [
     "VRS_013"
    ],
    "city": "VRS",
    "address": "pavillon de l'Octroi",
    "in_paris": false,
    "excluded": false,
    "exclude_reason": "",
    "raw_name": "Space Invader VRS_013, pavillon de l'Octroi"
   }
  },
  {
   "type": "Feature",
   "geometry": {
    "type": "Point",
    "coordinates": [
     2.13499,
     48.7981
    ]
   },
   "properties": {
    "id": "VRS_014",
    "codes": [
     "VRS_014"
    ],
    "city": "VRS",
    "address": "25 rue de Noailles",
    "in_paris": false,
    "excluded": false,
    "exclude_reason": "",
    "raw_name": "Space Invader VRS_014, 25 rue de Noailles"
   }
  },
  {
   "type": "Feature",
   "geometry": {
    "type": "Point",
    "coordinates": [
     2.12477,
     48.80652
    ]
   },
   "properties": {
    "id": "VRS_015",
    "codes": [
     "VRS_015"
    ],
    "city": "VRS",
    "address": "15 rue du Peintre Lebrun",
    "in_paris": false,
    "excluded": false,
    "exclude_reason": "",
    "raw_name": "Space Invader VRS_015, 15 rue du Peintre Lebrun"
   }
  },
  {
   "type": "Feature",
   "geometry": {
    "type": "Point",
    "coordinates": [
     2.12429,
     48.7996
    ]
   },
   "properties": {
    "id": "VRS_016",
    "codes": [
     "VRS_016"
    ],
    "city": "VRS",
    "address": "40 rue de l'Orangerie",
    "in_paris": false,
    "excluded": false,
    "exclude_reason": "",
    "raw_name": "Space Invader VRS_016, 40 rue de l'Orangerie"
   }
  },
  {
   "type": "Feature",
   "geometry": {
    "type": "Point",
    "coordinates": [
     2.12515,
     48.8094
    ]
   },
   "properties": {
    "id": "VRS_017",
    "codes": [
     "VRS_017"
    ],
    "city": "VRS",
    "address": "27 rue des Réservoirs",
    "in_paris": false,
    "excluded": false,
    "exclude_reason": "",
    "raw_name": "Space Invader VRS_017, 27 rue des Réservoirs"
   }
  },
  {
   "type": "Feature",
   "geometry": {
    "type": "Point",
    "coordinates": [
     2.127111,
     48.805025
    ]
   },
   "properties": {
    "id": "VRS_018",
    "codes": [
     "VRS_018"
    ],
    "city": "VRS",
    "address": "17 rue Colbert",
    "in_paris": false,
    "excluded": false,
    "exclude_reason": "",
    "raw_name": "Space Invader VRS_018, 17 rue Colbert"
   }
  },
  {
   "type": "Feature",
   "geometry": {
    "type": "Point",
    "coordinates": [
     2.123183,
     48.79795
    ]
   },
   "properties": {
    "id": "VRS_019",
    "codes": [
     "VRS_019"
    ],
    "city": "VRS",
    "address": "0 rue d'Anjou",
    "in_paris": false,
    "excluded": false,
    "exclude_reason": "",
    "raw_name": "Space Invader VRS_019, 0 rue d'Anjou"
   }
  },
  {
   "type": "Feature",
   "geometry": {
    "type": "Point",
    "coordinates": [
     2.119912,
     48.800811
    ]
   },
   "properties": {
    "id": "VRS_020",
    "codes": [
     "VRS_020"
    ],
    "city": "VRS",
    "address": "allée du Potager",
    "in_paris": false,
    "excluded": false,
    "exclude_reason": "",
    "raw_name": "Space Invader VRS_020, allée du Potager"
   }
  },
  {
   "type": "Feature",
   "geometry": {
    "type": "Point",
    "coordinates": [
     2.132251,
     48.800292
    ]
   },
   "properties": {
    "id": "VRS_021",
    "codes": [
     "VRS_021"
    ],
    "city": "VRS",
    "address": "0 rue de Limoges",
    "in_paris": false,
    "excluded": false,
    "exclude_reason": "",
    "raw_name": "Space Invader VRS_021, 0 rue de Limoges"
   }
  },
  {
   "type": "Feature",
   "geometry": {
    "type": "Point",
    "coordinates": [
     2.1258,
     48.80536
    ]
   },
   "properties": {
    "id": "VRS_022",
    "codes": [
     "VRS_022"
    ],
    "city": "VRS",
    "address": "16 rue Sainte-Anne",
    "in_paris": false,
    "excluded": false,
    "exclude_reason": "",
    "raw_name": "Space Invader VRS_022, 16 rue Sainte-Anne"
   }
  },
  {
   "type": "Feature",
   "geometry": {
    "type": "Point",
    "coordinates": [
     2.118563,
     48.801412
    ]
   },
   "properties": {
    "id": "VRS_023",
    "codes": [
     "VRS_023"
    ],
    "city": "VRS",
    "address": "jardins de l'Orangerie",
    "in_paris": false,
    "excluded": false,
    "exclude_reason": "",
    "raw_name": "Space Invader VRS_023, jardins de l'Orangerie"
   }
  },
  {
   "type": "Feature",
   "geometry": {
    "type": "Point",
    "coordinates": [
     2.143041,
     48.806876
    ]
   },
   "properties": {
    "id": "VRS_034",
    "codes": [
     "VRS_034"
    ],
    "city": "VRS",
    "address": "0 rue Pierre Bertin",
    "in_paris": false,
    "excluded": false,
    "exclude_reason": "",
    "raw_name": "Space Invader VRS_034, 0 rue Pierre Bertin"
   }
  },
  {
   "type": "Feature",
   "geometry": {
    "type": "Point",
    "coordinates": [
     2.15922,
     48.80226
    ]
   },
   "properties": {
    "id": "VRS_035",
    "codes": [
     "VRS_035"
    ],
    "city": "VRS",
    "address": "1 rue de Bretagne",
    "in_paris": false,
    "excluded": false,
    "exclude_reason": "",
    "raw_name": "Space Invader VRS_035, 1 rue de Bretagne"
   }
  },
  {
   "type": "Feature",
   "geometry": {
    "type": "Point",
    "coordinates": [
     2.138546,
     48.795779
    ]
   },
   "properties": {
    "id": "VRS_036",
    "codes": [
     "VRS_036"
    ],
    "city": "VRS",
    "address": "30 rue des Chantiers",
    "in_paris": false,
    "excluded": false,
    "exclude_reason": "",
    "raw_name": "Space Invader VRS_036, 30 rue des Chantiers"
   }
  },
  {
   "type": "Feature",
   "geometry": {
    "type": "Point",
    "coordinates": [
     2.125345,
     48.798534
    ]
   },
   "properties": {
    "id": "VRS_037",
    "codes": [
     "VRS_037"
    ],
    "city": "VRS",
    "address": "3 rue Saint-Honoré",
    "in_paris": false,
    "excluded": false,
    "exclude_reason": "",
    "raw_name": "Space Invader VRS_037, 3 rue Saint-Honoré"
   }
  },
  {
   "type": "Feature",
   "geometry": {
    "type": "Point",
    "coordinates": [
     2.126332,
     48.803361
    ]
   },
   "properties": {
    "id": "VRS_038",
    "codes": [
     "VRS_038"
    ],
    "city": "VRS",
    "address": "Place d'Armes",
    "in_paris": false,
    "excluded": false,
    "exclude_reason": "",
    "raw_name": "Space Invader VRS_038, Place d'Armes"
   }
  },
  {
   "type": "Feature",
   "geometry": {
    "type": "Point",
    "coordinates": [
     2.12389,
     48.8087
    ]
   },
   "properties": {
    "id": "VRS_039",
    "codes": [
     "VRS_039"
    ],
    "city": "VRS",
    "address": "0 rue de la Paroisse",
    "in_paris": false,
    "excluded": false,
    "exclude_reason": "",
    "raw_name": "Space Invader VRS_039, 0 rue de la Paroisse"
   }
  },
  {
   "type": "Feature",
   "geometry": {
    "type": "Point",
    "coordinates": [
     2.137759,
     48.819504
    ]
   },
   "properties": {
    "id": "VRS_040",
    "codes": [
     "VRS_040"
    ],
    "city": "VRS",
    "address": "1 avenue de Maintenon",
    "in_paris": false,
    "excluded": false,
    "exclude_reason": "",
    "raw_name": "Space Invader VRS_040, 1 avenue de Maintenon"
   }
  },
  {
   "type": "Feature",
   "geometry": {
    "type": "Point",
    "coordinates": [
     2.134159,
     48.809835
    ]
   },
   "properties": {
    "id": "VRS_041",
    "codes": [
     "VRS_041"
    ],
    "city": "VRS",
    "address": "42 rue du Maréchal Foch",
    "in_paris": false,
    "excluded": false,
    "exclude_reason": "",
    "raw_name": "Space Invader VRS_041, 42 rue du Maréchal Foch"
   }
  },
  {
   "type": "Feature",
   "geometry": {
    "type": "Point",
    "coordinates": [
     2.149957,
     48.81891
    ]
   },
   "properties": {
    "id": "VRS_042",
    "codes": [
     "VRS_042"
    ],
    "city": "VRS",
    "address": "54 avenue de Villeneuve l'Étang",
    "in_paris": false,
    "excluded": false,
    "exclude_reason": "",
    "raw_name": "Space Invader VRS_042, 54 avenue de Villeneuve l'Étang"
   }
  }
 ]
}