<?xml version="1.0" encoding="UTF-8"?>
<gpx xmlns="http://www.topografix.com/GPX/1/1" xmlns:xsi="http://www.w3.org/2001/XMLSchema-instance" xsi:schemaLocation="http://www.topografix.com/GPX/1/1 http://www.topografix.com/GPX/1/1/gpx.xsd" version="1.1" creator="invadrun">
  <metadata>
    <name>Invadrun stage 4</name>
    <desc>39.6 km, 225 walls</desc>
  </metadata>
  <wpt lat="48.884592" lon="2.363443">
    <name>PA_1105</name>
    <cmt>#1 · 118.4 km</cmt>
    <desc>16 boulevard de la Chapelle</desc>
    <sym>Flag, Blue</sym>
  </wpt>
  <wpt lat="48.884271" lon="2.365263">
    <name>PA_1090</name>
    <cmt>#2 · 118.5 km</cmt>
    <desc>métro Stalingrad</desc>
    <sym>Flag, Blue</sym>
  </wpt>
  <wpt lat="48.883149" lon="2.365842">
    <name>PA_0444</name>
    <cmt>#3 · 118.8 km</cmt>
    <desc>14 rue Chaudron</desc>
    <sym>Flag, Blue</sym>
  </wpt>
  <wpt lat="48.883703" lon="2.368895">
    <name>PA_0196</name>
    <cmt>#4 · 119.0 km</cmt>
    <desc>place de la Bataille de Stalingrad</desc>
    <sym>Flag, Blue</sym>
  </wpt>
  <wpt lat="48.884617" lon="2.370559">
    <name>PA_0162</name>
    <cmt>#5 · 119.2 km</cmt>
    <desc>8 quai de la Seine</desc>
    <sym>Flag, Blue</sym>
  </wpt>
  <wpt lat="48.883774" lon="2.371245">
    <name>PA_1288</name>
    <cmt>#6 · 119.5 km</cmt>
    <desc>5 quai de Loire</desc>
    <sym>Flag, Blue</sym>
  </wpt>
  <wpt lat="48.88318" lon="2.371115">
    <name>PA_0657</name>
    <cmt>#7 · 119.6 km</cmt>
    <desc>3 avenue Jean Jaurès</desc>
    <sym>Flag, Blue</sym>
  </wpt>
  <wpt lat="48.882881" lon="2.371915">
    <name>PA_1091</name>
    <cmt>#8 · 119.7 km</cmt>
    <desc>fontaine du Conservatoire Municipal du 19e</desc>
    <sym>Flag, Blue</sym>
  </wpt>
  <wpt lat="48.88212" lon="2.370526">
    <name>PA_0741</name>
    <cmt>#9 · 119.9 km</cmt>
    <desc>194 boulevard de la Villette</desc>
    <sym>Flag, Blue</sym>
  </wpt>
  <wpt lat="48.882124" lon="2.369949">
    <name>PA_0335</name>
    <cmt>#10 · 120.2 km</cmt>
    <desc>135 boulevard de la Villette</desc>
    <sym>Flag, Blue</sym>
  </wpt>
  <wpt lat="48.881777" lon="2.368809">
    <name>PA_0872 / PA_1148</name>
    <cmt>#11 · 120.5 km</cmt>
    <desc>Le Point (pas si) Ephémère</desc>
    <sym>Flag, Blue</sym>
  </wpt>
  <wpt lat="48.88157" lon="2.365937">
    <name>PA_0884</name>
    <cmt>#12 · 120.9 km</cmt>
    <desc>205 rue La Fayette</desc>
    <sym>Flag, Blue</sym>
  </wpt>
  <wpt lat="48.879429" lon="2.365226">
    <name>PA_0275</name>
    <cmt>#13 · 121.3 km</cmt>
    <desc>14 rue Pierre Dupont</desc>
    <sym>Flag, Blue</sym>
  </wpt>
  <wpt lat="48.877519" lon="2.365507">
    <name>PA_0499</name>
    <cmt>#14 · 121.8 km</cmt>
    <desc>pont Eugène-Varlin</desc>
    <sym>Flag, Blue</sym>
  </wpt>
  <wpt lat="48.880303" lon="2.360816">
    <name>PA_0445</name>
    <cmt>#15 · 122.8 km</cmt>
    <desc>181 rue Lafayette</desc>
    <sym>Flag, Blue</sym>
  </wpt>
  <wpt lat="48.877675" lon="2.358214">
    <name>PA_0352</name>
    <cmt>#16 · 123.2 km</cmt>
    <desc>21 rue d'Alsace</desc>
    <sym>Flag, Blue</sym>
  </wpt>
  <wpt lat="48.875807" lon="2.360599">
    <name>PA_1085</name>
    <cmt>#17 · 123.5 km</cmt>
    <desc>ancien Couvent des Récollets</desc>
    <sym>Flag, Blue</sym>
  </wpt>
  <wpt lat="48.877247" lon="2.354811">
    <name>PA_1355</name>
    <cmt>#18 · 124.0 km</cmt>
    <desc>85bis boulevard Magenta</desc>
    <sym>Flag, Blue</sym>
  </wpt>
  <wpt lat="48.875181" lon="2.355805">
    <name>PA_0947</name>
    <cmt>#19 · 124.3 km</cmt>
    <desc>105 rue du Faubourg Saint-Denis</desc>
    <sym>Flag, Blue</sym>
  </wpt>
  <wpt lat="48.87452" lon="2.35493">
    <name>PA_1324</name>
    <cmt>#20 · 124.4 km</cmt>
    <desc>4 rue Paradis</desc>
    <sym>Flag, Blue</sym>
  </wpt>
  <wpt lat="48.874683" lon="2.356845">
    <name>PA_1067</name>
    <cmt>#21 · 124.5 km</cmt>
    <desc>1 rue de la Fidélité</desc>
    <sym>Flag, Blue</sym>
  </wpt>
  <wpt lat="48.873262" lon="2.358945">
    <name>PA_0549</name>
    <cmt>#22 · 124.8 km</cmt>
    <desc>54 rue des Vinaigriers</desc>
    <sym>Flag, Blue</sym>
  </wpt>
  <wpt lat="48.873118" lon="2.361351">
    <name>PA_1207</name>
    <cmt>#23 · 125.0 km</cmt>
    <desc>31 rue Lucien Sampaix</desc>
    <sym>Flag, Blue</sym>
  </wpt>
  <wpt lat="48.8731" lon="2.363303">
    <name>PA_1019</name>
    <cmt>#24 · 125.1 km</cmt>
    <desc>23 rue des Vinaigriers</desc>
    <sym>Flag, Blue</sym>
  </wpt>
  <wpt lat="48.873073" lon="2.363517">
    <name>PA_0007</name>
    <cmt>#25 · 125.1 km</cmt>
    <desc>89 quai de Valmy</desc>
    <sym>Flag, Blue</sym>
  </wpt>
  <wpt lat="48.87265" lon="2.36377">
    <name>PA_0447</name>
    <cmt>#26 · 125.2 km</cmt>
    <desc>à l'intérieur d'Artazart</desc>
    <sym>Flag, Blue</sym>
  </wpt>
  <wpt lat="48.873024" lon="2.363929">
    <name>PA_1147</name>
    <cmt>#27 · 125.2 km</cmt>
    <desc>pont de la Grange aux Belles</desc>
    <sym>Flag, Blue</sym>
  </wpt>
  <wpt lat="48.873127" lon="2.363638">
    <name>PA_0454</name>
    <cmt>#28 · 125.3 km</cmt>
    <desc>Assainissement de Valmy</desc>
    <sym>Flag, Blue</sym>
  </wpt>
  <wpt lat="48.873203" lon="2.364043">
    <name>PA_0019</name>
    <cmt>#29 · 125.3 km</cmt>
    <desc>pont piéton de la Grange aux Belles</desc>
    <sym>Flag, Blue</sym>
  </wpt>
  <wpt lat="48.873725" lon="2.365062">
    <name>PA_0853</name>
    <cmt>#30 · 125.4 km</cmt>
    <desc>12 rue de la Grange aux Belles</desc>
    <sym>Flag, Blue</sym>
  </wpt>
  <wpt lat="48.872148" lon="2.365148">
    <name>PA_0448</name>
    <cmt>#31 · 125.7 km</cmt>
    <desc>80 quai Jemmapes</desc>
    <sym>Flag, Blue</sym>
  </wpt>
  <wpt lat="48.872183" lon="2.36513">
    <name>PA_0430</name>
    <cmt>#32 · 125.7 km</cmt>
    <desc>le Comptoire Général</desc>
    <sym>Flag, Blue</sym>
  </wpt>
  <wpt lat="48.87185" lon="2.365215">
    <name>PA_0813</name>
    <cmt>#33 · 125.7 km</cmt>
    <desc>passerelle Richerand</desc>
    <sym>Flag, Blue</sym>
  </wpt>
  <wpt lat="48.871724" lon="2.364704">
    <name>PA_0362</name>
    <cmt>#34 · 125.7 km</cmt>
    <desc>en face de Chez Prune</desc>
    <sym>Flag, Blue</sym>
  </wpt>
  <wpt lat="48.8717" lon="2.364576">
    <name>PA_0870</name>
    <cmt>#35 · 125.7 km</cmt>
    <desc>au dessus de chez Prune</desc>
    <sym>Flag, Blue</sym>
  </wpt>
  <wpt lat="48.871945" lon="2.364654">
    <name>PA_0869</name>
    <cmt>#36 · 125.8 km</cmt>
    <desc>quai de Valmy</desc>
    <sym>Flag, Blue</sym>
  </wpt>
  <wpt lat="48.871537" lon="2.363221">
    <name>PA_0416</name>
    <cmt>#37 · 125.9 km</cmt>
    <desc>9 rue de Marseille</desc>
    <sym>Flag, Blue</sym>
  </wpt>
  <wpt lat="48.871181" lon="2.36107">
    <name>PA_1163</name>
    <cmt>#38 · 126.1 km</cmt>
    <desc>8 place Jacques Bonsergent</desc>
    <sym>Flag, Blue</sym>
  </wpt>
  <wpt lat="48.87139" lon="2.36078">
    <name>PA_1212</name>
    <cmt>#39 · 126.1 km</cmt>
    <desc>16 place Jacques Bonsergent</desc>
    <sym>Flag, Blue</sym>
  </wpt>
  <wpt lat="48.869021" lon="2.358775">
    <name>PA_0713</name>
    <cmt>#40 · 126.5 km</cmt>
    <desc>1 rue Taylor</desc>
    <sym>Flag, Blue</sym>
  </wpt>
  <wpt lat="48.870268" lon="2.356426">
    <name>PA_1084</name>
    <cmt>#41 · 127.0 km</cmt>
    <desc>36 rue du Faubourg Saint-Martin</desc>
    <sym>Flag, Blue</sym>
  </wpt>
  <wpt lat="48.869025" lon="2.356239">
    <name>PA_0932</name>
    <cmt>#42 · 127.2 km</cmt>
    <desc>Théâtre de la Renaissance</desc>
    <sym>Flag, Blue</sym>
  </wpt>
  <wpt lat="48.868789" lon="2.356291">
    <name>PA_0496</name>
    <cmt>#43 · 127.2 km</cmt>
    <desc>51 boulevard Saint-Martin</desc>
    <sym>Flag, Blue</sym>
  </wpt>
  <wpt lat="48.8672" lon="2.353292">
    <name>PA_0973 / PA_0974 / PA_0975</name>
    <cmt>#44 · 127.6 km</cmt>
    <desc>entrée du square Emile Chautemps</desc>
    <sym>Flag, Blue</sym>
  </wpt>
  <wpt lat="48.866906" lon="2.353345">
    <name>PA_0956</name>
    <cmt>#45 · 127.6 km</cmt>
    <desc>5 rue Papin</desc>
    <sym>Flag, Blue</sym>
  </wpt>
  <wpt lat="48.86688" lon="2.35142">
    <name>PA_0814</name>
    <cmt>#46 · 127.8 km</cmt>
    <desc>10 rue du Ponceau</desc>
    <sym>Flag, Blue</sym>
  </wpt>
  <wpt lat="48.864981" lon="2.348423">
    <name>PA_0841</name>
    <cmt>#47 · 128.2 km</cmt>
    <desc>4 rue Marie Stuart</desc>
    <sym>Flag, Blue</sym>
  </wpt>
  <wpt lat="48.86592" lon="2.34698">
    <name>PA_0468</name>
    <cmt>#48 · 128.5 km</cmt>
    <desc>65 rue Montorgueil</desc>
    <sym>Flag, Blue</sym>
  </wpt>
  <wpt lat="48.86606" lon="2.351805">
    <name>PA_0977</name>
    <cmt>#49 · 129.0 km</cmt>
    <desc>passage Basfour</desc>
    <sym>Flag, Blue</sym>
  </wpt>
  <wpt lat="48.863924" lon="2.352013">
    <name>PA_0483</name>
    <cmt>#50 · 129.3 km</cmt>
    <desc>7 rue du Bourg l'Abbé</desc>
    <sym>Flag, Blue</sym>
  </wpt>
  <wpt lat="48.863976" lon="2.350135">
    <name>PA_0998</name>
    <cmt>#51 · 129.4 km</cmt>
    <desc>impasse des Peintres</desc>
    <sym>Flag, Blue</sym>
  </wpt>
  <wpt lat="48.864322" lon="2.349905">
    <name>PA_0231</name>
    <cmt>#52 · 129.4 km</cmt>
    <desc>1 rue Tiquetonne</desc>
    <sym>Flag, Blue</sym>
  </wpt>
  <wpt lat="48.863723" lon="2.349401">
    <name>PA_0590</name>
    <cmt>#53 · 129.5 km</cmt>
    <desc>17 rue Étienne Marcel</desc>
    <sym>Flag, Blue</sym>
  </wpt>
  <wpt lat="48.86372" lon="2.34899">
    <name>PA_0090</name>
    <cmt>#54 · 129.5 km</cmt>
    <desc>métro Etienne Marcel</desc>
    <sym>Flag, Blue</sym>
  </wpt>
  <wpt lat="48.862906" lon="2.348743">
    <name>PA_0839</name>
    <cmt>#55 · 129.6 km</cmt>
    <desc>20 rue de la Grande Truanderie</desc>
    <sym>Flag, Blue</sym>
  </wpt>
  <wpt lat="48.862629" lon="2.349708">
    <name>PA_0355</name>
    <cmt>#56 · 129.7 km</cmt>
    <desc>4 rue de la Grande Truanderie</desc>
    <sym>Flag, Blue</sym>
  </wpt>
  <wpt lat="48.861738" lon="2.350808">
    <name>PA_0997</name>
    <cmt>#57 · 129.8 km</cmt>
    <desc>61 rue Quincampoix</desc>
    <sym>Flag, Blue</sym>
  </wpt>
  <wpt lat="48.86125" lon="2.35068">
    <name>PA_0031</name>
    <cmt>#58 · 129.9 km</cmt>
    <desc>30 rue de Venise</desc>
    <sym>Flag, Blue</sym>
  </wpt>
  <wpt lat="48.860959" lon="2.350511">
    <name>PA_0030</name>
    <cmt>#59 · 129.9 km</cmt>
    <desc>44 rue Quincampoix</desc>
    <sym>Flag, Blue</sym>
  </wpt>
  <wpt lat="48.861071" lon="2.350494">
    <name>PA_0002</name>
    <cmt>#60 · 129.9 km</cmt>
    <desc>45 rue Quincampoix</desc>
    <sym>Flag, Blue</sym>
  </wpt>
  <wpt lat="48.860945" lon="2.350814">
    <name>PA_0436</name>
    <cmt>#61 · 130.0 km</cmt>
    <desc>Centre culturel de Serbie</desc>
    <sym>Flag, Blue</sym>
  </wpt>
  <wpt lat="48.86263" lon="2.35125">
    <name>PA_0110</name>
    <cmt>#62 · 130.2 km</cmt>
    <desc>91 rue Quincampoix</desc>
    <sym>Flag, Blue</sym>
  </wpt>
  <wpt lat="48.861722" lon="2.3516">
    <name>PA_0926</name>
    <cmt>#63 · 130.3 km</cmt>
    <desc>149 rue Saint-Martin</desc>
    <sym>Flag, Blue</sym>
  </wpt>
  <wpt lat="48.862014" lon="2.354191">
    <name>PA_0539</name>
    <cmt>#64 · 130.5 km</cmt>
    <desc>30 rue Beaubourg dans la cour</desc>
    <sym>Flag, Blue</sym>
  </wpt>
  <wpt lat="48.8622" lon="2.35343">
    <name>PA_0023</name>
    <cmt>#65 · 130.5 km</cmt>
    <desc>5 impasse Beaubourg</desc>
    <sym>Flag, Blue</sym>
  </wpt>
  <wpt lat="48.861338" lon="2.353407">
    <name>PA_0585</name>
    <cmt>#66 · 130.7 km</cmt>
    <desc>métro Rambuteau</desc>
    <sym>Flag, Blue</sym>
  </wpt>
  <wpt lat="48.860716" lon="2.355181">
    <name>PA_0769</name>
    <cmt>#67 · 130.8 km</cmt>
    <desc>65 rue du Temple</desc>
    <sym>Flag, Blue</sym>
  </wpt>
  <wpt lat="48.860515" lon="2.354532">
    <name>PA_0189</name>
    <cmt>#68 · 130.9 km</cmt>
    <desc>3 rue Geoffroy Langevin</desc>
    <sym>Flag, Blue</sym>
  </wpt>
  <wpt lat="48.85991" lon="2.354299">
    <name>PA_0156</name>
    <cmt>#69 · 130.9 km</cmt>
    <desc>2 rue Simon le Franc</desc>
    <sym>Flag, Blue</sym>
  </wpt>
  <wpt lat="48.859264" lon="2.354778">
    <name>PA_0953</name>
    <cmt>#70 · 131.0 km</cmt>
    <desc>9 rue du Plâtre</desc>
    <sym>Flag, Blue</sym>
  </wpt>
  <wpt lat="48.859253" lon="2.354045">
    <name>PA_0103</name>
    <cmt>#71 · 131.0 km</cmt>
    <desc>30 rue du Temple, dans la cour</desc>
    <sym>Flag, Blue</sym>
  </wpt>
  <wpt lat="48.859482" lon="2.352759">
    <name>PA_0525</name>
    <cmt>#72 · 131.2 km</cmt>
    <desc>16 rue Saint-Merri</desc>
    <sym>Flag, Blue</sym>
  </wpt>
  <wpt lat="48.859389" lon="2.353003">
    <name>PA_0331</name>
    <cmt>#73 · 131.3 km</cmt>
    <desc>2 rue Pierre au Lard</desc>
    <sym>Flag, Blue</sym>
  </wpt>
  <wpt lat="48.8593" lon="2.353009">
    <name>PA_0145</name>
    <cmt>#74 · 131.3 km</cmt>
    <desc>9 rue Saint-Merri</desc>
    <sym>Flag, Blue</sym>
  </wpt>
  <wpt lat="48.860307" lon="2.352155">
    <name>PA_1265</name>
    <cmt>#75 · 131.5 km</cmt>
    <desc>Centre Georges Pompidou</desc>
    <sym>Flag, Blue</sym>
  </wpt>
  <wpt lat="48.859764" lon="2.352534">
    <name>PA_0109 / PA_0587 / PA_1081</name>
    <cmt>#76 · 131.6 km</cmt>
    <desc>tuyaux d'évacuation du Centre Pompidou</desc>
    <sym>Flag, Blue</sym>
  </wpt>
  <wpt lat="48.858923" lon="2.352351">
    <name>PA_0612</name>
    <cmt>#77 · 131.7 km</cmt>
    <desc>14 rue du Renard</desc>
    <sym>Flag, Blue</sym>
  </wpt>
  <wpt lat="48.858605" lon="2.35195">
    <name>PA_0815</name>
    <cmt>#78 · 131.7 km</cmt>
    <desc>15 rue du Renard</desc>
    <sym>Flag, Blue</sym>
  </wpt>
  <wpt lat="48.858828" lon="2.350647">
    <name>PA_1172</name>
    <cmt>#79 · 131.8 km</cmt>
    <desc>93 rue de la Verrerie</desc>
    <sym>Flag, Blue</sym>
  </wpt>
  <wpt lat="48.85953" lon="2.35116">
    <name>PA_1432</name>
    <cmt>#80 · 131.9 km</cmt>
    <desc>place Igor Stravinsky</desc>
    <sym>Flag, Blue</sym>
  </wpt>
  <wpt lat="48.86014" lon="2.35078">
    <name>PA_0144</name>
    <cmt>#81 · 132.0 km</cmt>
    <desc>face au 49 rue Saint-Merri</desc>
    <sym>Flag, Blue</sym>
  </wpt>
  <wpt lat="48.86002" lon="2.35008">
    <name>PA_1295</name>
    <cmt>#82 · 132.1 km</cmt>
    <desc>4 place Edmond Michelet</desc>
    <sym>Flag, Blue</sym>
  </wpt>
  <wpt lat="48.860374" lon="2.350215">
    <name>PA_0273</name>
    <cmt>#83 · 132.1 km</cmt>
    <desc>21 rue Aubry le Boucher</desc>
    <sym>Flag, Blue</sym>
  </wpt>
  <wpt lat="48.86088" lon="2.34856">
    <name>PA_1213</name>
    <cmt>#84 · 132.2 km</cmt>
    <desc>4 rue Berger</desc>
    <sym>Flag, Blue</sym>
  </wpt>
  <wpt lat="48.860668" lon="2.348006">
    <name>PA_0251</name>
    <cmt>#85 · 132.3 km</cmt>
    <desc>à l'ouest de la fontaine des Innocents</desc>
    <sym>Flag, Blue</sym>
  </wpt>
  <wpt lat="48.86031" lon="2.347383">
    <name>PA_0092</name>
    <cmt>#86 · 132.4 km</cmt>
    <desc>8 rue de la Ferronnerie</desc>
    <sym>Flag, Blue</sym>
  </wpt>
  <wpt lat="48.86022" lon="2.347488">
    <name>PA_0720</name>
    <cmt>#87 · 132.4 km</cmt>
    <desc>19 rue de la Ferronnerie</desc>
    <sym>Flag, Blue</sym>
  </wpt>
  <wpt lat="48.862045" lon="2.34868">
    <name>PA_1162</name>
    <cmt>#88 · 132.6 km</cmt>
    <desc>14 rue des Précheurs</desc>
    <sym>Flag, Blue</sym>
  </wpt>
  <wpt lat="48.862751" lon="2.346483">
    <name>PA_0089</name>
    <cmt>#89 · 132.8 km</cmt>
    <desc>1 rue Baltard</desc>
    <sym>Flag, Blue</sym>
  </wpt>
  <wpt lat="48.863788" lon="2.344822">
    <name>PA_0295</name>
    <cmt>#90 · 133.0 km</cmt>
    <desc>4 rue du Jour</desc>
    <sym>Flag, Blue</sym>
  </wpt>
  <wpt lat="48.863739" lon="2.346475">
    <name>PA_0978</name>
    <cmt>#91 · 133.2 km</cmt>
    <desc>28 rue Montorgueil</desc>
    <sym>Flag, Blue</sym>
  </wpt>
  <wpt lat="48.864308" lon="2.347732">
    <name>PA_0919</name>
    <cmt>#92 · 133.3 km</cmt>
    <desc>12 rue Française</desc>
    <sym>Flag, Blue</sym>
  </wpt>
  <wpt lat="48.865095" lon="2.347384">
    <name>PA_1373</name>
    <cmt>#93 · 133.4 km</cmt>
    <desc>20 rue Marie Stuart</desc>
    <sym>Flag, Blue</sym>
  </wpt>
  <wpt lat="48.864543" lon="2.347672">
    <name>PA_0232</name>
    <cmt>#94 · 133.4 km</cmt>
    <desc>11 rue Française</desc>
    <sym>Flag, Blue</sym>
  </wpt>
  <wpt lat="48.864532" lon="2.346783">
    <name>PA_1395</name>
    <cmt>#95 · 133.5 km</cmt>
    <desc>44 rue Montorgueil</desc>
    <sym>Flag, Blue</sym>
  </wpt>
  <wpt lat="48.864784" lon="2.345683">
    <name>PA_0470 / PA_1057 / PA_1062</name>
    <cmt>#96 · 133.6 km</cmt>
    <desc>64 rue Tiquetonne</desc>
    <sym>Flag, Blue</sym>
  </wpt>
  <wpt lat="48.86603" lon="2.34607">
    <name>PA_0285</name>
    <cmt>#97 · 133.8 km</cmt>
    <desc>passage Ben Aiad</desc>
    <sym>Flag, Blue</sym>
  </wpt>
  <wpt lat="48.865113" lon="2.344234">
    <name>PA_0328</name>
    <cmt>#98 · 133.8 km</cmt>
    <desc>40 rue Étienne Marcel</desc>
    <sym>Flag, Blue</sym>
  </wpt>
  <wpt lat="48.86583" lon="2.3435">
    <name>PA_0800</name>
    <cmt>#99 · 133.9 km</cmt>
    <desc>56bis rue du Louvre</desc>
    <sym>Flag, Blue</sym>
  </wpt>
  <wpt lat="48.86657" lon="2.34065">
    <name>PA_1255</name>
    <cmt>#100 · 134.3 km</cmt>
    <desc>5 place des Petits Pères</desc>
    <sym>Flag, Blue</sym>
  </wpt>
  <wpt lat="48.865825" lon="2.340667">
    <name>PA_0775</name>
    <cmt>#101 · 134.4 km</cmt>
    <desc>4 place des Victoires</desc>
    <sym>Flag, Blue</sym>
  </wpt>
  <wpt lat="48.863506" lon="2.340478">
    <name>PA_1262</name>
    <cmt>#102 · 134.7 km</cmt>
    <desc>7 rue du Bouloi</desc>
    <sym>Flag, Blue</sym>
  </wpt>
  <wpt lat="48.86361" lon="2.344486">
    <name>PA_0060</name>
    <cmt>#103 · 135.1 km</cmt>
    <desc>église Saint-Eustache</desc>
    <sym>Flag, Blue</sym>
  </wpt>
  <wpt lat="48.861702" lon="2.344175">
    <name>PA_0508</name>
    <cmt>#104 · 135.3 km</cmt>
    <desc>9 rue des Prouvaires</desc>
    <sym>Flag, Blue</sym>
  </wpt>
  <wpt lat="48.86124" lon="2.3435">
    <name>PA_0493</name>
    <cmt>#105 · 135.4 km</cmt>
    <desc>87 rue Saint-Honoré</desc>
    <sym>Flag, Blue</sym>
  </wpt>
  <wpt lat="48.86119" lon="2.344233">
    <name>PA_1034</name>
    <cmt>#106 · 135.5 km</cmt>
    <desc>48 rue Saint-Honoré</desc>
    <sym>Flag, Blue</sym>
  </wpt>
  <wpt lat="48.86058" lon="2.345563">
    <name>PA_1030</name>
    <cmt>#107 · 135.7 km</cmt>
    <desc>41 rue des Bourdonnais</desc>
    <sym>Flag, Blue</sym>
  </wpt>
  <wpt lat="48.85967" lon="2.34593">
    <name>PA_1283</name>
    <cmt>#108 · 135.8 km</cmt>
    <desc>3 rue des Déchargeurs</desc>
    <sym>Flag, Blue</sym>
  </wpt>
  <wpt lat="48.858659" lon="2.345915">
    <name>PA_0354</name>
    <cmt>#109 · 136.0 km</cmt>
    <desc>13 rue Jean Lantier</desc>
    <sym>Flag, Blue</sym>
  </wpt>
  <wpt lat="48.857374" lon="2.347233">
    <name>PA_0143</name>
    <cmt>#110 · 136.2 km</cmt>
    <desc>place du Châtelet</desc>
    <sym>Flag, Blue</sym>
  </wpt>
  <wpt lat="48.858338" lon="2.34264">
    <name>PA_1268</name>
    <cmt>#111 · 136.5 km</cmt>
    <desc>Pont-Neuf</desc>
    <sym>Flag, Blue</sym>
  </wpt>
  <wpt lat="48.85844" lon="2.34213">
    <name>PA_1263</name>
    <cmt>#112 · 136.6 km</cmt>
    <desc>Pont Neuf</desc>
    <sym>Flag, Blue</sym>
  </wpt>
  <wpt lat="48.860166" lon="2.342157">
    <name>PA_1264</name>
    <cmt>#113 · 136.9 km</cmt>
    <desc>Musée en Herbes</desc>
    <sym>Flag, Blue</sym>
  </wpt>
  <wpt lat="48.860951" lon="2.34241">
    <name>PA_0819</name>
    <cmt>#114 · 137.1 km</cmt>
    <desc>2 rue Bailleul</desc>
    <sym>Flag, Blue</sym>
  </wpt>
  <wpt lat="48.861527" lon="2.34125">
    <name>PA_1097</name>
    <cmt>#115 · 137.2 km</cmt>
    <desc>20 rue du Louvre</desc>
    <sym>Flag, Blue</sym>
  </wpt>
  <wpt lat="48.860761" lon="2.34097">
    <name>PA_1260</name>
    <cmt>#116 · 137.3 km</cmt>
    <desc>8 rue de l'Amiral de Coligny</desc>
    <sym>Flag, Blue</sym>
  </wpt>
  <wpt lat="48.86133" lon="2.339842">
    <name>PA_0860</name>
    <cmt>#117 · 137.4 km</cmt>
    <desc>1 rue de l'Oratoire</desc>
    <sym>Flag, Blue</sym>
  </wpt>
  <wpt lat="48.862193" lon="2.337129">
    <name>PA_0563</name>
    <cmt>#118 · 137.7 km</cmt>
    <desc>2 place du Palais Royal</desc>
    <sym>Flag, Blue</sym>
  </wpt>
  <wpt lat="48.862441" lon="2.335272">
    <name>PA_0576</name>
    <cmt>#119 · 138.0 km</cmt>
    <desc>2 place du Carrousel</desc>
    <sym>Flag, Blue</sym>
  </wpt>
  <wpt lat="48.862465" lon="2.335164">
    <name>PA_0581</name>
    <cmt>#120 · 138.0 km</cmt>
    <desc>entrée nord-est du Carrousel</desc>
    <sym>Flag, Blue</sym>
  </wpt>
  <wpt lat="48.862666" lon="2.335168">
    <name>PA_0088</name>
    <cmt>#121 · 138.5 km</cmt>
    <desc>sortie nord du Carrousel</desc>
    <sym>Flag, Blue</sym>
  </wpt>
  <wpt lat="48.862527" lon="2.334869">
    <name>PA_0579</name>
    <cmt>#122 · 138.5 km</cmt>
    <desc>entrée nord-ouest du Carrousel</desc>
    <sym>Flag, Blue</sym>
  </wpt>
  <wpt lat="48.863935" lon="2.331188">
    <name>PA_0360</name>
    <cmt>#123 · 139.2 km</cmt>
    <desc>0 rue Saint-Roch</desc>
    <sym>Flag, Blue</sym>
  </wpt>
  <wpt lat="48.86423" lon="2.33027">
    <name>PA_1151</name>
    <cmt>#124 · 139.2 km</cmt>
    <desc>métro Tuileries</desc>
    <sym>Flag, Blue</sym>
  </wpt>
  <wpt lat="48.865373" lon="2.33081">
    <name>PA_0177</name>
    <cmt>#125 · 139.4 km</cmt>
    <desc>12 rue du 29 Juillet</desc>
    <sym>Flag, Blue</sym>
  </wpt>
  <wpt lat="48.8658" lon="2.33036">
    <name>PA_0736</name>
    <cmt>#126 · 139.4 km</cmt>
    <desc>334 rue Saint-Honoré</desc>
    <sym>Flag, Blue</sym>
  </wpt>
  <wpt lat="48.864492" lon="2.332738">
    <name>PA_0893</name>
    <cmt>#127 · 139.7 km</cmt>
    <desc>6 rue des Pyramides</desc>
    <sym>Flag, Blue</sym>
  </wpt>
  <wpt lat="48.866503" lon="2.333121">
    <name>PA_0842 / PA_1040</name>
    <cmt>#128 · 139.9 km</cmt>
    <desc>32 rue Saint-Roch</desc>
    <sym>Flag, Blue</sym>
  </wpt>
  <wpt lat="48.866424" lon="2.332864">
    <name>PA_0359</name>
    <cmt>#129 · 139.9 km</cmt>
    <desc>45 rue Saint-Roch</desc>
    <sym>Flag, Blue</sym>
  </wpt>
  <wpt lat="48.86757" lon="2.33329">
    <name>PA_1215</name>
    <cmt>#130 · 140.1 km</cmt>
    <desc>3 rue Danielle Casanova</desc>
    <sym>Flag, Blue</sym>
  </wpt>
  <wpt lat="48.868334" lon="2.33012">
    <name>PA_1334</name>
    <cmt>#131 · 140.3 km</cmt>
    <desc>25 place Vendôme</desc>
    <sym>Flag, Blue</sym>
  </wpt>
  <wpt lat="48.868992" lon="2.331137">
    <name>PA_1333</name>
    <cmt>#132 · 140.5 km</cmt>
    <desc>10 rue de la Paix</desc>
    <sym>Flag, Blue</sym>
  </wpt>
  <wpt lat="48.871768" lon="2.330301">
    <name>PA_0552</name>
    <cmt>#133 · 140.9 km</cmt>
    <desc>3 rue Auber</desc>
    <sym>Flag, Blue</sym>
  </wpt>
  <wpt lat="48.872642" lon="2.33117">
    <name>PA_0185</name>
    <cmt>#134 · 141.0 km</cmt>
    <desc>8 rue Scribe</desc>
    <sym>Flag, Blue</sym>
  </wpt>
  <wpt lat="48.872847" lon="2.331371">
    <name>PA_0631</name>
    <cmt>#135 · 141.1 km</cmt>
    <desc>entrée Nord de l'Opéra</desc>
    <sym>Flag, Blue</sym>
  </wpt>
  <wpt lat="48.874302" lon="2.331238">
    <name>PA_1278</name>
    <cmt>#136 · 141.3 km</cmt>
    <desc>80 rue de Provence</desc>
    <sym>Flag, Blue</sym>
  </wpt>
  <wpt lat="48.874285" lon="2.330577">
    <name>PA_1125</name>
    <cmt>#137 · 141.3 km</cmt>
    <desc>88 rue de Provence</desc>
    <sym>Flag, Blue</sym>
  </wpt>
  <wpt lat="48.874815" lon="2.328576">
    <name>PA_1181</name>
    <cmt>#138 · 141.6 km</cmt>
    <desc>58 rue Caumartin</desc>
    <sym>Flag, Blue</sym>
  </wpt>
  <wpt lat="48.87584" lon="2.326082">
    <name>PA_0729</name>
    <cmt>#139 · 141.9 km</cmt>
    <desc>cour du Havre</desc>
    <sym>Flag, Blue</sym>
  </wpt>
  <wpt lat="48.877251" lon="2.326795">
    <name>PA_0584</name>
    <cmt>#140 · 142.1 km</cmt>
    <desc>17 rue d'Amsterdam</desc>
    <sym>Flag, Blue</sym>
  </wpt>
  <wpt lat="48.877746" lon="2.326297">
    <name>PA_0583</name>
    <cmt>#141 · 142.2 km</cmt>
    <desc>2 impasse d'Amsterdam</desc>
    <sym>Flag, Blue</sym>
  </wpt>
  <wpt lat="48.873571" lon="2.334758">
    <name>PA_1230</name>
    <cmt>#142 · 143.1 km</cmt>
    <desc>7 rue Lafayette</desc>
    <sym>Flag, Blue</sym>
  </wpt>
  <wpt lat="48.868841" lon="2.337102">
    <name>PA_0894</name>
    <cmt>#143 · 143.8 km</cmt>
    <desc>11 rue Saint-Augustin</desc>
    <sym>Flag, Blue</sym>
  </wpt>
  <wpt lat="48.86687" lon="2.336551">
    <name>PA_1058</name>
    <cmt>#144 · 144.0 km</cmt>
    <desc>24 rue des Petits Champs</desc>
    <sym>Flag, Blue</sym>
  </wpt>
  <wpt lat="48.866571" lon="2.3357">
    <name>PA_0582</name>
    <cmt>#145 · 144.1 km</cmt>
    <desc>14 rue Villedo</desc>
    <sym>Flag, Blue</sym>
  </wpt>
  <wpt lat="48.866469" lon="2.335957">
    <name>PA_1140</name>
    <cmt>#146 · 144.1 km</cmt>
    <desc>10 rue Villedo</desc>
    <sym>Flag, Blue</sym>
  </wpt>
  <wpt lat="48.866262" lon="2.335576">
    <name>PA_1269</name>
    <cmt>#147 · 144.2 km</cmt>
    <desc>28 rue Sainte-Anne</desc>
    <sym>Flag, Blue</sym>
  </wpt>
  <wpt lat="48.865444" lon="2.336659">
    <name>PA_1100</name>
    <cmt>#148 · 144.3 km</cmt>
    <desc>à gauche de la Fontaine Molière</desc>
    <sym>Flag, Blue</sym>
  </wpt>
  <wpt lat="48.865523" lon="2.336674">
    <name>PA_0167 / PA_0168</name>
    <cmt>#149 · 144.3 km</cmt>
    <desc>37 rue Richelieu</desc>
    <sym>Flag, Blue</sym>
  </wpt>
  <wpt lat="48.867242" lon="2.337616">
    <name>PA_0095</name>
    <cmt>#150 · 144.6 km</cmt>
    <desc>65 rue Richelieu</desc>
    <sym>Flag, Blue</sym>
  </wpt>
  <wpt lat="48.86885" lon="2.337762">
    <name>PA_1210</name>
    <cmt>#151 · 144.7 km</cmt>
    <desc>3 rue Saint-Augustin</desc>
    <sym>Flag, Blue</sym>
  </wpt>
  <wpt lat="48.868701" lon="2.33839">
    <name>PA_1008</name>
    <cmt>#152 · 144.7 km</cmt>
    <desc>75 rue de Richelieu</desc>
    <sym>Flag, Blue</sym>
  </wpt>
  <wpt lat="48.868795" lon="2.340272">
    <name>PA_1177</name>
    <cmt>#153 · 144.8 km</cmt>
    <desc>Agence France Presse</desc>
    <sym>Flag, Blue</sym>
  </wpt>
  <wpt lat="48.869401" lon="2.342066">
    <name>PA_0404</name>
    <cmt>#154 · 145.1 km</cmt>
    <desc>face au 2 place de la Bourse</desc>
    <sym>Flag, Blue</sym>
  </wpt>
  <wpt lat="48.868233" lon="2.343669">
    <name>PA_0976</name>
    <cmt>#155 · 145.3 km</cmt>
    <desc>130 rue Montmartre</desc>
    <sym>Flag, Blue</sym>
  </wpt>
  <wpt lat="48.867182" lon="2.344938">
    <name>PA_0606</name>
    <cmt>#156 · 145.4 km</cmt>
    <desc>39 rue d'Aboukir</desc>
    <sym>Flag, Blue</sym>
  </wpt>
  <wpt lat="48.867695" lon="2.345456">
    <name>PA_0062 / PA_1078</name>
    <cmt>#157 · 145.5 km</cmt>
    <desc>99 rue de Réaumur</desc>
    <sym>Flag, Blue</sym>
  </wpt>
  <wpt lat="48.866362" lon="2.347259">
    <name>PA_0061</name>
    <cmt>#158 · 145.7 km</cmt>
    <desc>2 rue des Petits Carreaux</desc>
    <sym>Flag, Blue</sym>
  </wpt>
  <wpt lat="48.866887" lon="2.349292">
    <name>PA_0506</name>
    <cmt>#159 · 145.8 km</cmt>
    <desc>square Pierre Lazareff</desc>
    <sym>Flag, Blue</sym>
  </wpt>
  <wpt lat="48.868077" lon="2.348778">
    <name>PA_1165</name>
    <cmt>#160 · 146.0 km</cmt>
    <desc>48 rue du Caire</desc>
    <sym>Flag, Blue</sym>
  </wpt>
  <wpt lat="48.868378" lon="2.347578">
    <name>PA_0462</name>
    <cmt>#161 · 146.2 km</cmt>
    <desc>44 rue de Cléry</desc>
    <sym>Flag, Blue</sym>
  </wpt>
  <wpt lat="48.870137" lon="2.345564">
    <name>PA_0021</name>
    <cmt>#162 · 146.6 km</cmt>
    <desc>12 rue Saint-Fiacre</desc>
    <sym>Flag, Blue</sym>
  </wpt>
  <wpt lat="48.870718" lon="2.345908">
    <name>PA_0020</name>
    <cmt>#163 · 146.7 km</cmt>
    <desc>20 rue Saint-Fiacre</desc>
    <sym>Flag, Blue</sym>
  </wpt>
  <wpt lat="48.870216" lon="2.347786">
    <name>PA_1423</name>
    <cmt>#164 · 146.9 km</cmt>
    <desc>33 rue Poissonnière</desc>
    <sym>Flag, Blue</sym>
  </wpt>
  <wpt lat="48.871013" lon="2.34982">
    <name>PA_1392</name>
    <cmt>#165 · 147.1 km</cmt>
    <desc>8 rue d'Hauteville</desc>
    <sym>Flag, Blue</sym>
  </wpt>
  <wpt lat="48.869763" lon="2.351582">
    <name>PA_0859</name>
    <cmt>#166 · 147.3 km</cmt>
    <desc>1 rue de la Lune</desc>
    <sym>Flag, Blue</sym>
  </wpt>
  <wpt lat="48.871694" lon="2.352584">
    <name>PA_1220</name>
    <cmt>#167 · 147.6 km</cmt>
    <desc>7 rue d'Enghien</desc>
    <sym>Flag, Blue</sym>
  </wpt>
  <wpt lat="48.87101" lon="2.35325">
    <name>PA_0948</name>
    <cmt>#168 · 147.7 km</cmt>
    <desc>33 rue du Faubourg Saint-Denis</desc>
    <sym>Flag, Blue</sym>
  </wpt>
  <wpt lat="48.870725" lon="2.35482">
    <name>PA_0946</name>
    <cmt>#169 · 147.8 km</cmt>
    <desc>1 rue de Metz</desc>
    <sym>Flag, Blue</sym>
  </wpt>
  <wpt lat="48.873174" lon="2.353176">
    <name>PA_1318</name>
    <cmt>#170 · 148.3 km</cmt>
    <desc>11 rue des Petites Écuries</desc>
    <sym>Flag, Blue</sym>
  </wpt>
  <wpt lat="48.873463" lon="2.352622">
    <name>PA_1011</name>
    <cmt>#171 · 148.3 km</cmt>
    <desc>1 rue Martel</desc>
    <sym>Flag, Blue</sym>
  </wpt>
  <wpt lat="48.87415" lon="2.353033">
    <name>PA_0227</name>
    <cmt>#172 · 148.4 km</cmt>
    <desc>15 rue Martel</desc>
    <sym>Flag, Blue</sym>
  </wpt>
  <wpt lat="48.875096" lon="2.351786">
    <name>PA_1328</name>
    <cmt>#173 · 148.6 km</cmt>
    <desc>27bis rue de Paradis</desc>
    <sym>Flag, Blue</sym>
  </wpt>
  <wpt lat="48.876025" lon="2.351035">
    <name>PA_0159</name>
    <cmt>#174 · 148.7 km</cmt>
    <desc>69 rue d'Hauteville</desc>
    <sym>Flag, Blue</sym>
  </wpt>
  <wpt lat="48.876749" lon="2.351173">
    <name>PA_0226</name>
    <cmt>#175 · 148.8 km</cmt>
    <desc>83 rue d'Hauteville</desc>
    <sym>Flag, Blue</sym>
  </wpt>
  <wpt lat="48.876683" lon="2.35138">
    <name>PA_1327</name>
    <cmt>#176 · 148.8 km</cmt>
    <desc>84 rue de Hauteville</desc>
    <sym>Flag, Blue</sym>
  </wpt>
  <wpt lat="48.87759" lon="2.352">
    <name>PA_1256</name>
    <cmt>#177 · 148.9 km</cmt>
    <desc>29 rue des Petits Hôtels</desc>
    <sym>Flag, Blue</sym>
  </wpt>
  <wpt lat="48.878073" lon="2.35168">
    <name>PA_0205</name>
    <cmt>#178 · 149.0 km</cmt>
    <desc>parvis de Saint-Vincent-de-Paul</desc>
    <sym>Flag, Blue</sym>
  </wpt>
  <wpt lat="48.878407" lon="2.349266">
    <name>PA_0330</name>
    <cmt>#179 · 149.2 km</cmt>
    <desc>102 rue du Faubourg Poissonnière</desc>
    <sym>Flag, Blue</sym>
  </wpt>
  <wpt lat="48.878535" lon="2.345251">
    <name>PA_1012</name>
    <cmt>#180 · 149.6 km</cmt>
    <desc>32 rue de Rochechouart</desc>
    <sym>Flag, Blue</sym>
  </wpt>
  <wpt lat="48.878821" lon="2.345214">
    <name>PA_0770</name>
    <cmt>#181 · 149.6 km</cmt>
    <desc>6 rue de la Tour d'Auvergne</desc>
    <sym>Flag, Blue</sym>
  </wpt>
  <wpt lat="48.87896" lon="2.344649">
    <name>PA_1320</name>
    <cmt>#182 · 149.6 km</cmt>
    <desc>12 rue de la Tour d'Auvergne</desc>
    <sym>Flag, Blue</sym>
  </wpt>
  <wpt lat="48.880004" lon="2.344263">
    <name>PA_0333</name>
    <cmt>#183 · 149.9 km</cmt>
    <desc>39 rue Condorcet</desc>
    <sym>Flag, Blue</sym>
  </wpt>
  <wpt lat="48.878305" lon="2.342657">
    <name>PA_1319</name>
    <cmt>#184 · 150.1 km</cmt>
    <desc>1 rue de l'agent Bailly</desc>
    <sym>Flag, Blue</sym>
  </wpt>
  <wpt lat="48.877403" lon="2.342256">
    <name>PA_1176</name>
    <cmt>#185 · 150.2 km</cmt>
    <desc>5 rue Rodier</desc>
    <sym>Flag, Blue</sym>
  </wpt>
  <wpt lat="48.877413" lon="2.342371">
    <name>PA_1175</name>
    <cmt>#186 · 150.2 km</cmt>
    <desc>2 rue Rodier</desc>
    <sym>Flag, Blue</sym>
  </wpt>
  <wpt lat="48.87657" lon="2.3443">
    <name>PA_1340</name>
    <cmt>#187 · 150.4 km</cmt>
    <desc>1 rue de Rochechouart</desc>
    <sym>Flag, Blue</sym>
  </wpt>
  <wpt lat="48.87706" lon="2.34802">
    <name>PA_1326</name>
    <cmt>#188 · 150.7 km</cmt>
    <desc>85 rue la Fayette</desc>
    <sym>Flag, Blue</sym>
  </wpt>
  <wpt lat="48.876741" lon="2.348639">
    <name>PA_1321</name>
    <cmt>#189 · 150.8 km</cmt>
    <desc>87 rue du Faubourg Montmartre</desc>
    <sym>Flag, Blue</sym>
  </wpt>
  <wpt lat="48.87571" lon="2.34906">
    <name>PA_1325</name>
    <cmt>#190 · 150.9 km</cmt>
    <desc>56 rue de Paradis</desc>
    <sym>Flag, Blue</sym>
  </wpt>
  <wpt lat="48.875964" lon="2.347827">
    <name>PA_0724</name>
    <cmt>#191 · 150.9 km</cmt>
    <desc>4 rue Papillon</desc>
    <sym>Flag, Blue</sym>
  </wpt>
  <wpt lat="48.87586" lon="2.34773">
    <name>PA_1329</name>
    <cmt>#192 · 151.0 km</cmt>
    <desc>2 rue Bleue</desc>
    <sym>Flag, Blue</sym>
  </wpt>
  <wpt lat="48.875865" lon="2.347215">
    <name>PA_0730</name>
    <cmt>#193 · 151.0 km</cmt>
    <desc>6 rue Bleue</desc>
    <sym>Flag, Blue</sym>
  </wpt>
  <wpt lat="48.874087" lon="2.347349">
    <name>PA_0931</name>
    <cmt>#194 · 151.3 km</cmt>
    <desc>2 rue Ambroise Thomas</desc>
    <sym>Flag, Blue</sym>
  </wpt>
  <wpt lat="48.87301" lon="2.34781">
    <name>PA_0327</name>
    <cmt>#195 · 151.4 km</cmt>
    <desc>29 rue du Faubourg Poissonnière</desc>
    <sym>Flag, Blue</sym>
  </wpt>
  <wpt lat="48.872126" lon="2.346739">
    <name>PA_1006</name>
    <cmt>#196 · 151.6 km</cmt>
    <desc>9 rue Bergère</desc>
    <sym>Flag, Blue</sym>
  </wpt>
  <wpt lat="48.873136" lon="2.345165">
    <name>PA_0930</name>
    <cmt>#197 · 151.8 km</cmt>
    <desc>8 rue de Trévise</desc>
    <sym>Flag, Blue</sym>
  </wpt>
  <wpt lat="48.873159" lon="2.343061">
    <name>PA_0734</name>
    <cmt>#198 · 152.0 km</cmt>
    <desc>20 rue du Faubourg Montmartre</desc>
    <sym>Flag, Blue</sym>
  </wpt>
  <wpt lat="48.873453" lon="2.340495">
    <name>PA_1007</name>
    <cmt>#199 · 152.2 km</cmt>
    <desc>11 rue Drouot</desc>
    <sym>Flag, Blue</sym>
  </wpt>
  <wpt lat="48.873141" lon="2.339479">
    <name>PA_1124</name>
    <cmt>#200 · 152.3 km</cmt>
    <desc>11 rue Chauchat</desc>
    <sym>Flag, Blue</sym>
  </wpt>
  <wpt lat="48.875067" lon="2.340506">
    <name>PA_0755</name>
    <cmt>#201 · 152.6 km</cmt>
    <desc>6 rue de la Victoire</desc>
    <sym>Flag, Blue</sym>
  </wpt>
  <wpt lat="48.875211" lon="2.340823">
    <name>PA_1322</name>
    <cmt>#202 · 152.6 km</cmt>
    <desc>53 rue du Faubourg Montmartre</desc>
    <sym>Flag, Blue</sym>
  </wpt>
  <wpt lat="48.876716" lon="2.339576">
    <name>PA_1229</name>
    <cmt>#203 · 152.9 km</cmt>
    <desc>62 rue Lamartine</desc>
    <sym>Flag, Blue</sym>
  </wpt>
  <wpt lat="48.87662" lon="2.339413">
    <name>PA_0756</name>
    <cmt>#204 · 152.9 km</cmt>
    <desc>4 rue Flechier</desc>
    <sym>Flag, Blue</sym>
  </wpt>
  <wpt lat="48.878599" lon="2.337431">
    <name>PA_0864</name>
    <cmt>#205 · 153.2 km</cmt>
    <desc>32 place Saint-Georges</desc>
    <sym>Flag, Blue</sym>
  </wpt>
  <wpt lat="48.878807" lon="2.336978">
    <name>PA_0858</name>
    <cmt>#206 · 153.2 km</cmt>
    <desc>1 rue la Bruyère</desc>
    <sym>Flag, Blue</sym>
  </wpt>
  <wpt lat="48.879075" lon="2.336928">
    <name>PA_0342</name>
    <cmt>#207 · 153.2 km</cmt>
    <desc>19 rue Laferrière</desc>
    <sym>Flag, Blue</sym>
  </wpt>
  <wpt lat="48.880778" lon="2.33573">
    <name>PA_0498</name>
    <cmt>#208 · 153.5 km</cmt>
    <desc>64 rue de la Rochefoucauld</desc>
    <sym>Flag, Blue</sym>
  </wpt>
  <wpt lat="48.881628" lon="2.330889">
    <name>PA_0080</name>
    <cmt>#209 · 153.8 km</cmt>
    <desc>5 rue Ballu</desc>
    <sym>Flag, Blue</sym>
  </wpt>
  <wpt lat="48.881236" lon="2.331532">
    <name>PA_0865</name>
    <cmt>#210 · 153.9 km</cmt>
    <desc>53 rue Blanche</desc>
    <sym>Flag, Blue</sym>
  </wpt>
  <wpt lat="48.880597" lon="2.331499">
    <name>PA_0866</name>
    <cmt>#211 · 154.0 km</cmt>
    <desc>0 rue Paul Escudier</desc>
    <sym>Flag, Blue</sym>
  </wpt>
  <wpt lat="48.880744" lon="2.328624">
    <name>PA_0727</name>
    <cmt>#212 · 154.3 km</cmt>
    <desc>51 rue de Clichy</desc>
    <sym>Flag, Blue</sym>
  </wpt>
  <wpt lat="48.881331" lon="2.327524">
    <name>PA_0723</name>
    <cmt>#213 · 154.4 km</cmt>
    <desc>12 rue de Parme</desc>
    <sym>Flag, Blue</sym>
  </wpt>
  <wpt lat="48.87968" lon="2.32403">
    <name>PA_1357</name>
    <cmt>#214 · 154.8 km</cmt>
    <desc>2 rue de Saint-Petersbourg</desc>
    <sym>Flag, Blue</sym>
  </wpt>
  <wpt lat="48.878388" lon="2.323006">
    <name>PA_0484</name>
    <cmt>#215 · 155.2 km</cmt>
    <desc>24 rue de Vienne</desc>
    <sym>Flag, Blue</sym>
  </wpt>
  <wpt lat="48.875058" lon="2.319318">
    <name>PA_1025</name>
    <cmt>#216 · 155.8 km</cmt>
    <desc>5 place Saint-Augustin</desc>
    <sym>Flag, Blue</sym>
  </wpt>
  <wpt lat="48.872937" lon="2.316054">
    <name>PA_1310</name>
    <cmt>#217 · 156.2 km</cmt>
    <desc>14 rue Penthièvre</desc>
    <sym>Flag, Blue</sym>
  </wpt>
  <wpt lat="48.872287" lon="2.313515">
    <name>PA_1073</name>
    <cmt>#218 · 156.4 km</cmt>
    <desc>41 rue de Penthièvre</desc>
    <sym>Flag, Blue</sym>
  </wpt>
  <wpt lat="48.87243" lon="2.31379">
    <name>PA_1294</name>
    <cmt>#219 · 156.4 km</cmt>
    <desc>34 rue de Penthièvre</desc>
    <sym>Flag, Blue</sym>
  </wpt>
  <wpt lat="48.873264" lon="2.309465">
    <name>PA_0862</name>
    <cmt>#220 · 156.8 km</cmt>
    <desc>127 rue du Faubourg Saint-Honoré</desc>
    <sym>Flag, Blue</sym>
  </wpt>
  <wpt lat="48.873719" lon="2.309874">
    <name>PA_0892</name>
    <cmt>#221 · 156.8 km</cmt>
    <desc>7 avenue Myron Herrick</desc>
    <sym>Flag, Blue</sym>
  </wpt>
  <wpt lat="48.87421" lon="2.31016">
    <name>PA_0844 / PA_0918</name>
    <cmt>#222 · 156.9 km</cmt>
    <desc>20 rue de Courcelles</desc>
    <sym>Flag, Blue</sym>
  </wpt>
  <wpt lat="48.874707" lon="2.305867">
    <name>PA_1160</name>
    <cmt>#223 · 157.2 km</cmt>
    <desc>165 rue du Faubourg Saint-Honoré</desc>
    <sym>Flag, Blue</sym>
  </wpt>
  <wpt lat="48.874702" lon="2.305926">
    <name>PA_0178</name>
    <cmt>#224 · 157.2 km</cmt>
    <desc>165 rue du Faubourg Saint-Honoré</desc>
    <sym>Flag, Blue</sym>
  </wpt>
  <wpt lat="48.877676" lon="2.306245">
    <name>PA_1004</name>
    <cmt>#225 · 157.7 km</cmt>
    <desc>66 rue de Courcelles</desc>
    <sym>Flag, Blue</sym>
  </wpt>
  <wpt lat="48.879002" lon="2.303607">
    <name>PA_0268</name>
    <cmt>#226 · 158.0 km</cmt>
    <desc>96 rue de Courcelles</desc>
    <sym>Flag, Blue</sym>
  </wpt>
  <trk>
    <name>Invadrun stage 4</name>
    <trkseg>
      <trkpt lat="48.884571" lon="2.3635316">
      </trkpt>
      <trkpt lat="48.884568" lon="2.3642109">
      </trkpt>
      <trkpt lat="48.8845678" lon="2.3642452">
      </trkpt>
      <trkpt lat="48.8845654" lon="2.3642904">
      </trkpt>
      <trkpt lat="48.8845518" lon="2.3645423">
      </trkpt>
      <trkpt lat="48.8845414" lon="2.3647561">
      </trkpt>
      <trkpt lat="48.8845404" lon="2.3647773">
      </trkpt>
      <trkpt lat="48.8845392" lon="2.3648088">
      </trkpt>
      <trkpt lat="48.8845346" lon="2.3648748">
      </trkpt>
      <trkpt lat="48.884531" lon="2.3649352">
      </trkpt>
      <trkpt lat="48.8845292" lon="2.3649513">
      </trkpt>
      <trkpt lat="48.8845204" lon="2.365019">
      </trkpt>
      <trkpt lat="48.8845075" lon="2.3650177">
      </trkpt>
      <trkpt lat="48.884498" lon="2.365011">
      </trkpt>
      <trkpt lat="48.8844534" lon="2.3649794">
      </trkpt>
      <trkpt lat="48.8844292" lon="2.3649623">
      </trkpt>
      <trkpt lat="48.8843495" lon="2.3648732">
      </trkpt>
      <trkpt lat="48.8843424" lon="2.3649667">
      </trkpt>
      <trkpt lat="48.8843382" lon="2.3650322">
      </trkpt>
      <trkpt lat="48.8843344" lon="2.3650852">
      </trkpt>
      <trkpt lat="48.8843382" lon="2.3650322">
      </trkpt>
      <trkpt lat="48.8843424" lon="2.3649667">
      </trkpt>
      <trkpt lat="48.8843495" lon="2.3648732">
      </trkpt>
      <trkpt lat="48.8842767" lon="2.3647919">
      </trkpt>
      <trkpt lat="48.884255" lon="2.3647771">
      </trkpt>
      <trkpt lat="48.8842087" lon="2.3647398">
      </trkpt>
      <trkpt lat="48.8841985" lon="2.3647346">
      </trkpt>
      <trkpt lat="48.884186" lon="2.3647264">
      </trkpt>
      <trkpt lat="48.8841501" lon="2.3646274">
      </trkpt>
      <trkpt lat="48.883882" lon="2.3644464">
      </trkpt>
      <trkpt lat="48.8838326" lon="2.3644149">
      </trkpt>
      <trkpt lat="48.8837806" lon="2.3644336">
      </trkpt>
      <trkpt lat="48.8836619" lon="2.3646858">
      </trkpt>
      <trkpt lat="48.8832598" lon="2.3655441">
      </trkpt>
      <trkpt lat="48.8832408" lon="2.3656066">
      </trkpt>
      <trkpt lat="48.8832519" lon="2.3656613">
      </trkpt>
      <trkpt lat="48.8832406" lon="2.3656801">
      </trkpt>
      <trkpt lat="48.8832257" lon="2.3657051">
      </trkpt>
      <trkpt lat="48.8832063" lon="2.3657376">
      </trkpt>
      <trkpt lat="48.8831923" lon="2.3657611">
      </trkpt>
      <trkpt lat="48.8831749" lon="2.3657531">
      </trkpt>
      <trkpt lat="48.8831923" lon="2.3657611">
      </trkpt>
      <trkpt lat="48.8832134" lon="2.3658098">
      </trkpt>
      <trkpt lat="48.8832369" lon="2.3658572">
      </trkpt>
      <trkpt lat="48.88389" lon="2.3672487">
      </trkpt>
      <trkpt lat="48.8839252" lon="2.3674149">
      </trkpt>
      <trkpt lat="48.8839455" lon="2.3675431">
      </trkpt>
      <trkpt lat="48.8839887" lon="2.367826">
      </trkpt>
      <trkpt lat="48.8839717" lon="2.3681093">
      </trkpt>
      <trkpt lat="48.8839627" lon="2.3682399">
      </trkpt>
      <trkpt lat="48.8838693" lon="2.3683935">
      </trkpt>
      <trkpt lat="48.8838376" lon="2.3683832">
      </trkpt>
      <trkpt lat="48.8838214" lon="2.3684085">
      </trkpt>
      <trkpt lat="48.8837771" lon="2.3684874">
      </trkpt>
      <trkpt lat="48.8837356" lon="2.3685612">
      </trkpt>
      <trkpt lat="48.8837276" lon="2.3685709">
      </trkpt>
      <trkpt lat="48.8837098" lon="2.3686169">
      </trkpt>
      <trkpt lat="48.8837202" lon="2.3686317">
      </trkpt>
      <trkpt lat="48.8837356" lon="2.3686543">
      </trkpt>
      <trkpt lat="48.8837608" lon="2.3686912">
      </trkpt>
      <trkpt lat="48.883794" lon="2.3687399">
      </trkpt>
      <trkpt lat="48.8838984" lon="2.3688812">
      </trkpt>
      <trkpt lat="48.8839303" lon="2.3689334">
      </trkpt>
      <trkpt lat="48.8839629" lon="2.3689868">
      </trkpt>
      <trkpt lat="48.8839991" lon="2.3690462">
      </trkpt>
      <trkpt lat="48.8840153" lon="2.3691528">
      </trkpt>
      <trkpt lat="48.8841009" lon="2.3691523">
      </trkpt>
      <trkpt lat="48.8841473" lon="2.3691571">
      </trkpt>
      <trkpt lat="48.8841783" lon="2.36927">
      </trkpt>
      <trkpt lat="48.8842223" lon="2.3695518">
      </trkpt>
      <trkpt lat="48.8842718" lon="2.3698684">
      </trkpt>
      <trkpt lat="48.8843059" lon="2.3700888">
      </trkpt>
      <trkpt lat="48.884335" lon="2.3702672">
      </trkpt>
      <trkpt lat="48.8843936" lon="2.370625">
      </trkpt>
      <trkpt lat="48.8845161" lon="2.3707081">
      </trkpt>
      <trkpt lat="48.8844119" lon="2.3707449">
      </trkpt>
      <trkpt lat="48.8842574" lon="2.3708591">
      </trkpt>
      <trkpt lat="48.8842405" lon="2.3708716">
      </trkpt>
      <trkpt lat="48.8839856" lon="2.3703546">
      </trkpt>
      <trkpt lat="48.883936" lon="2.3703982">
      </trkpt>
      <trkpt lat="48.8838647" lon="2.3704817">
      </trkpt>
      <trkpt lat="48.8838355" lon="2.3705226">
      </trkpt>
      <trkpt lat="48.8835511" lon="2.3700525">
      </trkpt>
      <trkpt lat="48.8832739" lon="2.3700176">
      </trkpt>
      <trkpt lat="48.8831185" lon="2.3701346">
      </trkpt>
      <trkpt lat="48.8830411" lon="2.3702723">
      </trkpt>
      <trkpt lat="48.8829938" lon="2.3703516">
      </trkpt>
      <trkpt lat="48.8830243" lon="2.3705248">
      </trkpt>
      <trkpt lat="48.8830398" lon="2.3705886">
      </trkpt>
      <trkpt lat="48.8831316" lon="2.3706706">
      </trkpt>
      <trkpt lat="48.883502" lon="2.3709851">
      </trkpt>
      <trkpt lat="48.8835415" lon="2.3709589">
      </trkpt>
      <trkpt lat="48.8837073" lon="2.3711053">
      </trkpt>
      <trkpt lat="48.8835415" lon="2.3709589">
      </trkpt>
      <trkpt lat="48.883502" lon="2.3709851">
      </trkpt>
      <trkpt lat="48.8831316" lon="2.3706706">
      </trkpt>
      <trkpt lat="48.8831206" lon="2.3707001">
      </trkpt>
      <trkpt lat="48.8831177" lon="2.3707124">
      </trkpt>
      <trkpt lat="48.8831018" lon="2.3707597">
      </trkpt>
      <trkpt lat="48.8830916" lon="2.3707979">
      </trkpt>
      <trkpt lat="48.883073" lon="2.3708676">
      </trkpt>
      <trkpt lat="48.8830895" lon="2.3709291">
      </trkpt>
      <trkpt lat="48.8830687" lon="2.3709426">
      </trkpt>
      <trkpt lat="48.8830801" lon="2.3709855">
      </trkpt>
      <trkpt lat="48.883096" lon="2.3710458">
      </trkpt>
      <trkpt lat="48.8830801" lon="2.3709855">
      </trkpt>
      <trkpt lat="48.8830687" lon="2.3709426">
      </trkpt>
      <trkpt lat="48.883023" lon="2.3709355">
      </trkpt>
      <trkpt lat="48.8830114" lon="2.3709414">
      </trkpt>
      <trkpt lat="48.8829859" lon="2.3709556">
      </trkpt>
      <trkpt lat="48.882976" lon="2.3709626">
      </trkpt>
      <trkpt lat="48.8829581" lon="2.3709725">
      </trkpt>
      <trkpt lat="48.8829437" lon="2.3709805">
      </trkpt>
      <trkpt lat="48.8829141" lon="2.3709968">
      </trkpt>
      <trkpt lat="48.8828747" lon="2.3710186">
      </trkpt>
      <trkpt lat="48.8829731" lon="2.3713996">
      </trkpt>
      <trkpt lat="48.8830016" lon="2.3714539">
      </trkpt>
      <trkpt lat="48.8830195" lon="2.3715262">
      </trkpt>
      <trkpt lat="48.8830355" lon="2.3715898">
      </trkpt>
      <trkpt lat="48.8830944" lon="2.3718296">
      </trkpt>
      <trkpt lat="48.883047" lon="2.3719526">
      </trkpt>
      <trkpt lat="48.8830067" lon="2.371919">
      </trkpt>
      <trkpt lat="48.8829753" lon="2.3719152">
      </trkpt>
      <trkpt lat="48.8829586" lon="2.371913">
      </trkpt>
      <trkpt lat="48.8829114" lon="2.3719056">
      </trkpt>
      <trkpt lat="48.8829586" lon="2.371913">
      </trkpt>
      <trkpt lat="48.8829753" lon="2.3719152">
      </trkpt>
      <trkpt lat="48.8830067" lon="2.371919">
      </trkpt>
      <trkpt lat="48.883047" lon="2.3719526">
      </trkpt>
      <trkpt lat="48.8830944" lon="2.3718296">
      </trkpt>
      <trkpt lat="48.8830355" lon="2.3715898">
      </trkpt>
      <trkpt lat="48.8830195" lon="2.3715262">
      </trkpt>
      <trkpt lat="48.8830016" lon="2.3714539">
      </trkpt>
      <trkpt lat="48.8829731" lon="2.3713996">
      </trkpt>
      <trkpt lat="48.8828747" lon="2.3710186">
      </trkpt>
      <trkpt lat="48.8827397" lon="2.370528">
      </trkpt>
      <trkpt lat="48.8827115" lon="2.3704927">
      </trkpt>
      <trkpt lat="48.8826266" lon="2.3704931">
      </trkpt>
      <trkpt lat="48.8825407" lon="2.3704939">
      </trkpt>
      <trkpt lat="48.8825049" lon="2.3705156">
      </trkpt>
      <trkpt lat="48.8824229" lon="2.3705111">
      </trkpt>
      <trkpt lat="48.8823799" lon="2.3705115">
      </trkpt>
      <trkpt lat="48.88233" lon="2.3705119">
      </trkpt>
      <trkpt lat="48.8823247" lon="2.3705124">
      </trkpt>
      <trkpt lat="48.8822994" lon="2.3704971">
      </trkpt>
      <trkpt lat="48.8822992" lon="2.370476">
      </trkpt>
      <trkpt lat="48.8822997" lon="2.370455">
      </trkpt>
      <trkpt lat="48.8823001" lon="2.3703878">
      </trkpt>
      <trkpt lat="48.8822948" lon="2.3703444">
      </trkpt>
      <trkpt lat="48.8822873" lon="2.3702881">
      </trkpt>
      <trkpt lat="48.8822637" lon="2.3701109">
      </trkpt>
      <trkpt lat="48.8822654" lon="2.3700427">
      </trkpt>
      <trkpt lat="48.8822669" lon="2.3699795">
      </trkpt>
      <trkpt lat="48.882266" lon="2.3699545">
      </trkpt>
      <trkpt lat="48.8821893" lon="2.3699571">
      </trkpt>
      <trkpt lat="48.8819207" lon="2.3699566">
      </trkpt>
      <trkpt lat="48.881859" lon="2.3699552">
      </trkpt>
      <trkpt lat="48.8815448" lon="2.3695042">
      </trkpt>
      <trkpt lat="48.8813696" lon="2.3693556">
      </trkpt>
      <trkpt lat="48.8814408" lon="2.3693059">
      </trkpt>
      <trkpt lat="48.8814657" lon="2.3692893">
      </trkpt>
      <trkpt lat="48.8818077" lon="2.3695797">
      </trkpt>
      <trkpt lat="48.8821878" lon="2.3698913">
      </trkpt>
      <trkpt lat="48.8818077" lon="2.3695797">
      </trkpt>
      <trkpt lat="48.8814657" lon="2.3692893">
      </trkpt>
      <trkpt lat="48.8814408" lon="2.3693059">
      </trkpt>
      <trkpt lat="48.8813696" lon="2.3693556">
      </trkpt>
      <trkpt lat="48.8815448" lon="2.3695042">
      </trkpt>
      <trkpt lat="48.881859" lon="2.3699552">
      </trkpt>
      <trkpt lat="48.8819207" lon="2.3699566">
      </trkpt>
      <trkpt lat="48.8821893" lon="2.3699571">
      </trkpt>
      <trkpt lat="48.882266" lon="2.3699545">
      </trkpt>
      <trkpt lat="48.8822922" lon="2.3698777">
      </trkpt>
      <trkpt lat="48.8824267" lon="2.3695088">
      </trkpt>
      <trkpt lat="48.8823939" lon="2.369359">
      </trkpt>
      <trkpt lat="48.88228" lon="2.3692398">
      </trkpt>
      <trkpt lat="48.8822619" lon="2.3692281">
      </trkpt>
      <trkpt lat="48.8821915" lon="2.3691687">
      </trkpt>
      <trkpt lat="48.8821194" lon="2.3691415">
      </trkpt>
      <trkpt lat="48.8820923" lon="2.3692189">
      </trkpt>
      <trkpt lat="48.8820764" lon="2.3692887">
      </trkpt>
      <trkpt lat="48.8818225" lon="2.3690702">
      </trkpt>
      <trkpt lat="48.8817412" lon="2.3689874">
      </trkpt>
      <trkpt lat="48.8817105" lon="2.3689262">
      </trkpt>
      <trkpt lat="48.8817412" lon="2.3689874">
      </trkpt>
      <trkpt lat="48.8818225" lon="2.3690702">
      </trkpt>
      <trkpt lat="48.8820764" lon="2.3692887">
      </trkpt>
      <trkpt lat="48.8820923" lon="2.3692189">
      </trkpt>
      <trkpt lat="48.8821194" lon="2.3691415">
      </trkpt>
      <trkpt lat="48.8821915" lon="2.3691687">
      </trkpt>
      <trkpt lat="48.8822619" lon="2.3692281">
      </trkpt>
      <trkpt lat="48.88228" lon="2.3692398">
      </trkpt>
      <trkpt lat="48.8823939" lon="2.369359">
      </trkpt>
      <trkpt lat="48.8824052" lon="2.3693126">
      </trkpt>
      <trkpt lat="48.8823911" lon="2.3692543">
      </trkpt>
      <trkpt lat="48.8823775" lon="2.3691983">
      </trkpt>
      <trkpt lat="48.8823675" lon="2.3691727">
      </trkpt>
      <trkpt lat="48.8823573" lon="2.3691456">
      </trkpt>
      <trkpt lat="48.8823375" lon="2.3690673">
      </trkpt>
      <trkpt lat="48.8823258" lon="2.369021">
      </trkpt>
      <trkpt lat="48.8823227" lon="2.3690025">
      </trkpt>
      <trkpt lat="48.8823294" lon="2.3689663">
      </trkpt>
      <trkpt lat="48.8823576" lon="2.3688959">
      </trkpt>
      <trkpt lat="48.881929" lon="2.3672727">
      </trkpt>
      <trkpt lat="48.8818632" lon="2.367063">
      </trkpt>
      <trkpt lat="48.8816672" lon="2.3663063">
      </trkpt>
      <trkpt lat="48.8816452" lon="2.3662228">
      </trkpt>
      <trkpt lat="48.8815514" lon="2.3658509">
      </trkpt>
      <trkpt lat="48.8814937" lon="2.365781">
      </trkpt>
      <trkpt lat="48.881111" lon="2.3653055">
      </trkpt>
      <trkpt lat="48.881094" lon="2.3652901">
      </trkpt>
      <trkpt lat="48.8810845" lon="2.3652789">
      </trkpt>
      <trkpt lat="48.8810573" lon="2.3652449">
      </trkpt>
      <trkpt lat="48.8810294" lon="2.3652102">
      </trkpt>
      <trkpt lat="48.88102" lon="2.3651974">
      </trkpt>
      <trkpt lat="48.8809926" lon="2.3651556">
      </trkpt>
      <trkpt lat="48.8809545" lon="2.3651215">
      </trkpt>
      <trkpt lat="48.8808183" lon="2.3649597">
      </trkpt>
      <trkpt lat="48.8806712" lon="2.364778">
      </trkpt>
      <trkpt lat="48.8803843" lon="2.3644239">
      </trkpt>
      <trkpt lat="48.8803723" lon="2.3644084">
      </trkpt>
      <trkpt lat="48.8803562" lon="2.3643876">
      </trkpt>
      <trkpt lat="48.8803435" lon="2.3643713">
      </trkpt>
      <trkpt lat="48.8803241" lon="2.3643484">
      </trkpt>
      <trkpt lat="48.8801744" lon="2.3646538">
      </trkpt>
      <trkpt lat="48.8798232" lon="2.3654022">
      </trkpt>
      <trkpt lat="48.879802" lon="2.3654343">
      </trkpt>
      <trkpt lat="48.8792969" lon="2.3649047">
      </trkpt>
      <trkpt lat="48.8792877" lon="2.3649253">
      </trkpt>
      <trkpt lat="48.8792755" lon="2.3649524">
      </trkpt>
      <trkpt lat="48.8792588" lon="2.3649894">
      </trkpt>
      <trkpt lat="48.8792527" lon="2.3650016">
      </trkpt>
      <trkpt lat="48.8792296" lon="2.364992">
      </trkpt>
      <trkpt lat="48.8792247" lon="2.3649858">
      </trkpt>
      <trkpt lat="48.8791921" lon="2.3649528">
      </trkpt>
      <trkpt lat="48.879164" lon="2.3649245">
      </trkpt>
      <trkpt lat="48.879157" lon="2.3649172">
      </trkpt>
      <trkpt lat="48.8791547" lon="2.3648975">
      </trkpt>
      <trkpt lat="48.8786242" lon="2.3643085">
      </trkpt>
      <trkpt lat="48.878578" lon="2.3643301">
      </trkpt>
      <trkpt lat="48.8784736" lon="2.3645422">
      </trkpt>
      <trkpt lat="48.8782479" lon="2.3648452">
      </trkpt>
      <trkpt lat="48.8781701" lon="2.3649372">
      </trkpt>
      <trkpt lat="48.8777978" lon="2.3653697">
      </trkpt>
      <trkpt lat="48.8777798" lon="2.365355">
      </trkpt>
      <trkpt lat="48.8777601" lon="2.3653365">
      </trkpt>
      <trkpt lat="48.8777281" lon="2.3653103">
      </trkpt>
      <trkpt lat="48.877724" lon="2.3653065">
      </trkpt>
      <trkpt lat="48.8776916" lon="2.3653121">
      </trkpt>
      <trkpt lat="48.8776464" lon="2.3652795">
      </trkpt>
      <trkpt lat="48.8776332" lon="2.3652868">
      </trkpt>
      <trkpt lat="48.8776193" lon="2.3652934">
      </trkpt>
      <trkpt lat="48.8775729" lon="2.3653156">
      </trkpt>
      <trkpt lat="48.8775276" lon="2.3653372">
      </trkpt>
      <trkpt lat="48.8775172" lon="2.3653441">
      </trkpt>
      <trkpt lat="48.8774631" lon="2.3652577">
      </trkpt>
      <trkpt lat="48.8764261" lon="2.3643723">
      </trkpt>
      <trkpt lat="48.8764227" lon="2.3643818">
      </trkpt>
      <trkpt lat="48.8764122" lon="2.3644108">
      </trkpt>
      <trkpt lat="48.8764664" lon="2.3644582">
      </trkpt>
      <trkpt lat="48.8769437" lon="2.3648782">
      </trkpt>
      <trkpt lat="48.876968" lon="2.3650507">
      </trkpt>
      <trkpt lat="48.8773078" lon="2.3653377">
      </trkpt>
      <trkpt lat="48.8773421" lon="2.3652339">
      </trkpt>
      <trkpt lat="48.8773492" lon="2.36524">
      </trkpt>
      <trkpt lat="48.8774298" lon="2.365309">
      </trkpt>
      <trkpt lat="48.8774929" lon="2.3654961">
      </trkpt>
      <trkpt lat="48.8774298" lon="2.365309">
      </trkpt>
      <trkpt lat="48.8773492" lon="2.36524">
      </trkpt>
      <trkpt lat="48.8773421" lon="2.3652339">
      </trkpt>
      <trkpt lat="48.8773078" lon="2.3653377">
      </trkpt>
      <trkpt lat="48.876968" lon="2.3650507">
      </trkpt>
      <trkpt lat="48.8769437" lon="2.3648782">
      </trkpt>
      <trkpt lat="48.8764664" lon="2.3644582">
      </trkpt>
      <trkpt lat="48.8764122" lon="2.3644108">
      </trkpt>
      <trkpt lat="48.8764227" lon="2.3643818">
      </trkpt>
      <trkpt lat="48.8764261" lon="2.3643723">
      </trkpt>
      <trkpt lat="48.8774631" lon="2.3652577">
      </trkpt>
      <trkpt lat="48.8775172" lon="2.3653441">
      </trkpt>
      <trkpt lat="48.8775276" lon="2.3653372">
      </trkpt>
      <trkpt lat="48.8775729" lon="2.3653156">
      </trkpt>
      <trkpt lat="48.8776193" lon="2.3652934">
      </trkpt>
      <trkpt lat="48.8776332" lon="2.3652868">
      </trkpt>
      <trkpt lat="48.8776464" lon="2.3652795">
      </trkpt>
      <trkpt lat="48.8776916" lon="2.3653121">
      </trkpt>
      <trkpt lat="48.877724" lon="2.3653065">
      </trkpt>
      <trkpt lat="48.8779964" lon="2.364975">
      </trkpt>
      <trkpt lat="48.8780216" lon="2.3649298">
      </trkpt>
      <trkpt lat="48.8780269" lon="2.3649233">
      </trkpt>
      <trkpt lat="48.8780557" lon="2.3648851">
      </trkpt>
      <trkpt lat="48.8780848" lon="2.3648466">
      </trkpt>
      <trkpt lat="48.8780902" lon="2.3648372">
      </trkpt>
      <trkpt lat="48.878113" lon="2.3648292">
      </trkpt>
      <trkpt lat="48.8782813" lon="2.3646136">
      </trkpt>
      <trkpt lat="48.8784029" lon="2.3644429">
      </trkpt>
      <trkpt lat="48.878509" lon="2.3642482">
      </trkpt>
      <trkpt lat="48.8786195" lon="2.3640242">
      </trkpt>
      <trkpt lat="48.8791559" lon="2.3629548">
      </trkpt>
      <trkpt lat="48.8791384" lon="2.3629321">
      </trkpt>
      <trkpt lat="48.8789456" lon="2.3626971">
      </trkpt>
      <trkpt lat="48.8789648" lon="2.3626596">
      </trkpt>
      <trkpt lat="48.8790006" lon="2.3625915">
      </trkpt>
      <trkpt lat="48.8790351" lon="2.362531">
      </trkpt>
      <trkpt lat="48.8790555" lon="2.3625004">
      </trkpt>
      <trkpt lat="48.879025" lon="2.3624552">
      </trkpt>
      <trkpt lat="48.8790106" lon="2.3624289">
      </trkpt>
      <trkpt lat="48.8789897" lon="2.362388">
      </trkpt>
      <trkpt lat="48.878968" lon="2.3623425">
      </trkpt>
      <trkpt lat="48.8788455" lon="2.3621765">
      </trkpt>
      <trkpt lat="48.8788497" lon="2.3621449">
      </trkpt>
      <trkpt lat="48.8788564" lon="2.3621175">
      </trkpt>
      <trkpt lat="48.8788628" lon="2.3620918">
      </trkpt>
      <trkpt lat="48.8788825" lon="2.3620589">
      </trkpt>
      <trkpt lat="48.8789019" lon="2.3620266">
      </trkpt>
      <trkpt lat="48.8789081" lon="2.3620076">
      </trkpt>
      <trkpt lat="48.8789438" lon="2.3620277">
      </trkpt>
      <trkpt lat="48.8790469" lon="2.3620817">
      </trkpt>
      <trkpt lat="48.8790631" lon="2.3620894">
      </trkpt>
      <trkpt lat="48.8790654" lon="2.3620778">
      </trkpt>
      <trkpt lat="48.8790951" lon="2.3620908">
      </trkpt>
      <trkpt lat="48.8792703" lon="2.3621672">
      </trkpt>
      <trkpt lat="48.8793088" lon="2.3620544">
      </trkpt>
      <trkpt lat="48.8793375" lon="2.3620778">
      </trkpt>
      <trkpt lat="48.8794013" lon="2.3618969">
      </trkpt>
      <trkpt lat="48.8794055" lon="2.3617534">
      </trkpt>
      <trkpt lat="48.8794101" lon="2.3615885">
      </trkpt>
      <trkpt lat="48.8794218" lon="2.3614309">
      </trkpt>
      <trkpt lat="48.8794399" lon="2.3612743">
      </trkpt>
      <trkpt lat="48.8794628" lon="2.3611164">
      </trkpt>
      <trkpt lat="48.8794939" lon="2.3609652">
      </trkpt>
      <trkpt lat="48.8795257" lon="2.3608113">
      </trkpt>
      <trkpt lat="48.8795636" lon="2.3606571">
      </trkpt>
      <trkpt lat="48.879602" lon="2.3605045">
      </trkpt>
      <trkpt lat="48.8796322" lon="2.3603996">
      </trkpt>
      <trkpt lat="48.8796405" lon="2.3604046">
      </trkpt>
      <trkpt lat="48.8796529" lon="2.36036">
      </trkpt>
      <trkpt lat="48.8796363" lon="2.3603475">
      </trkpt>
      <trkpt lat="48.8795526" lon="2.3602923">
      </trkpt>
      <trkpt lat="48.8795327" lon="2.3602789">
      </trkpt>
      <trkpt lat="48.8795499" lon="2.3603124">
      </trkpt>
      <trkpt lat="48.879643" lon="2.3603741">
      </trkpt>
      <trkpt lat="48.8796632" lon="2.3603664">
      </trkpt>
      <trkpt lat="48.8798943" lon="2.3605226">
      </trkpt>
      <trkpt lat="48.8800033" lon="2.3605857">
      </trkpt>
      <trkpt lat="48.8801338" lon="2.3606504">
      </trkpt>
      <trkpt lat="48.8800033" lon="2.3605857">
      </trkpt>
      <trkpt lat="48.8798943" lon="2.3605226">
      </trkpt>
      <trkpt lat="48.8796632" lon="2.3603664">
      </trkpt>
      <trkpt lat="48.879643" lon="2.3603741">
      </trkpt>
      <trkpt lat="48.8795499" lon="2.3603124">
      </trkpt>
      <trkpt lat="48.8795327" lon="2.3602789">
      </trkpt>
      <trkpt lat="48.8793226" lon="2.3601418">
      </trkpt>
      <trkpt lat="48.8791621" lon="2.3600462">
      </trkpt>
      <trkpt lat="48.8773829" lon="2.3589967">
      </trkpt>
      <trkpt lat="48.8773633" lon="2.3589853">
      </trkpt>
      <trkpt lat="48.8774091" lon="2.3588095">
      </trkpt>
      <trkpt lat="48.8772678" lon="2.358717">
      </trkpt>
      <trkpt lat="48.8773124" lon="2.3585477">
      </trkpt>
      <trkpt lat="48.8773502" lon="2.3584056">
      </trkpt>
      <trkpt lat="48.8773559" lon="2.3583847">
      </trkpt>
      <trkpt lat="48.8773772" lon="2.3583042">
      </trkpt>
      <trkpt lat="48.8773805" lon="2.3582918">
      </trkpt>
      <trkpt lat="48.8774031" lon="2.3582059">
      </trkpt>
      <trkpt lat="48.8774158" lon="2.358155">
      </trkpt>
      <trkpt lat="48.8774183" lon="2.3581448">
      </trkpt>
      <trkpt lat="48.8775619" lon="2.3582371">
      </trkpt>
      <trkpt lat="48.8776329" lon="2.3582425">
      </trkpt>
      <trkpt lat="48.8776671" lon="2.3582092">
      </trkpt>
      <trkpt lat="48.8776329" lon="2.3582425">
      </trkpt>
      <trkpt lat="48.8775619" lon="2.3582371">
      </trkpt>
      <trkpt lat="48.8774183" lon="2.3581448">
      </trkpt>
      <trkpt lat="48.8774158" lon="2.358155">
      </trkpt>
      <trkpt lat="48.8774031" lon="2.3582059">
      </trkpt>
      <trkpt lat="48.8773805" lon="2.3582918">
      </trkpt>
      <trkpt lat="48.8773772" lon="2.3583042">
      </trkpt>
      <trkpt lat="48.8773559" lon="2.3583847">
      </trkpt>
      <trkpt lat="48.8773502" lon="2.3584056">
      </trkpt>
      <trkpt lat="48.8773124" lon="2.3585477">
      </trkpt>
      <trkpt lat="48.8772678" lon="2.358717">
      </trkpt>
      <trkpt lat="48.8772222" lon="2.358899">
      </trkpt>
      <trkpt lat="48.8771808" lon="2.3590597">
      </trkpt>
      <trkpt lat="48.8771706" lon="2.359099">
      </trkpt>
      <trkpt lat="48.8771376" lon="2.3592308">
      </trkpt>
      <trkpt lat="48.8770952" lon="2.3593991">
      </trkpt>
      <trkpt lat="48.87707" lon="2.359501">
      </trkpt>
      <trkpt lat="48.8770536" lon="2.3595648">
      </trkpt>
      <trkpt lat="48.8770113" lon="2.3597326">
      </trkpt>
      <trkpt lat="48.8769938" lon="2.3598013">
      </trkpt>
      <trkpt lat="48.8769686" lon="2.3599003">
      </trkpt>
      <trkpt lat="48.8769258" lon="2.3600681">
      </trkpt>
      <trkpt lat="48.8768972" lon="2.3601773">
      </trkpt>
      <trkpt lat="48.8768783" lon="2.3602479">
      </trkpt>
      <trkpt lat="48.8768212" lon="2.3604669">
      </trkpt>
      <trkpt lat="48.8767634" lon="2.3606739">
      </trkpt>
      <trkpt lat="48.8767553" lon="2.3607059">
      </trkpt>
      <trkpt lat="48.8767497" lon="2.3607281">
      </trkpt>
      <trkpt lat="48.8767371" lon="2.3607768">
      </trkpt>
      <trkpt lat="48.8765458" lon="2.3606653">
      </trkpt>
      <trkpt lat="48.8762391" lon="2.3604859">
      </trkpt>
      <trkpt lat="48.876012" lon="2.3603594">
      </trkpt>
      <trkpt lat="48.8760027" lon="2.3603936">
      </trkpt>
      <trkpt lat="48.8759977" lon="2.3604151">
      </trkpt>
      <trkpt lat="48.8759734" lon="2.3605189">
      </trkpt>
      <trkpt lat="48.8759548" lon="2.3605973">
      </trkpt>
      <trkpt lat="48.8759734" lon="2.3605189">
      </trkpt>
      <trkpt lat="48.8759977" lon="2.3604151">
      </trkpt>
      <trkpt lat="48.8760027" lon="2.3603936">
      </trkpt>
      <trkpt lat="48.876012" lon="2.3603594">
      </trkpt>
      <trkpt lat="48.8759632" lon="2.3602321">
      </trkpt>
      <trkpt lat="48.8759671" lon="2.3601862">
      </trkpt>
      <trkpt lat="48.8759704" lon="2.3601467">
      </trkpt>
      <trkpt lat="48.8759742" lon="2.3601138">
      </trkpt>
      <trkpt lat="48.8759618" lon="2.3600199">
      </trkpt>
      <trkpt lat="48.8760188" lon="2.3596866">
      </trkpt>
      <trkpt lat="48.8760366" lon="2.3595765">
      </trkpt>
      <trkpt lat="48.8760426" lon="2.3595399">
      </trkpt>
      <trkpt lat="48.8760502" lon="2.3594926">
      </trkpt>
      <trkpt lat="48.8760656" lon="2.3593978">
      </trkpt>
      <trkpt lat="48.8761595" lon="2.3588418">
      </trkpt>
      <trkpt lat="48.8762151" lon="2.3585127">
      </trkpt>
      <trkpt lat="48.876237" lon="2.358435">
      </trkpt>
      <trkpt lat="48.8762473" lon="2.3583844">
      </trkpt>
      <trkpt lat="48.8762549" lon="2.3583503">
      </trkpt>
      <trkpt lat="48.8762635" lon="2.3583114">
      </trkpt>
      <trkpt lat="48.8762736" lon="2.3582656">
      </trkpt>
      <trkpt lat="48.8762814" lon="2.3582301">
      </trkpt>
      <trkpt lat="48.8762974" lon="2.3581342">
      </trkpt>
      <trkpt lat="48.8763514" lon="2.3578139">
      </trkpt>
      <trkpt lat="48.8763573" lon="2.3577791">
      </trkpt>
      <trkpt lat="48.8763621" lon="2.3577549">
      </trkpt>
      <trkpt lat="48.8763668" lon="2.3577307">
      </trkpt>
      <trkpt lat="48.8763744" lon="2.3576879">
      </trkpt>
      <trkpt lat="48.8763935" lon="2.3575803">
      </trkpt>
      <trkpt lat="48.8764028" lon="2.3575371">
      </trkpt>
      <trkpt lat="48.8764113" lon="2.3574974">
      </trkpt>
      <trkpt lat="48.8764228" lon="2.3574441">
      </trkpt>
      <trkpt lat="48.8764315" lon="2.3574259">
      </trkpt>
      <trkpt lat="48.8764109" lon="2.3573971">
      </trkpt>
      <trkpt lat="48.8763907" lon="2.3573509">
      </trkpt>
      <trkpt lat="48.8763785" lon="2.3573005">
      </trkpt>
      <trkpt lat="48.8763716" lon="2.3572571">
      </trkpt>
      <trkpt lat="48.8764691" lon="2.3566532">
      </trkpt>
      <trkpt lat="48.8765251" lon="2.3563796">
      </trkpt>
      <trkpt lat="48.87656" lon="2.3563139">
      </trkpt>
      <trkpt lat="48.8766194" lon="2.3562677">
      </trkpt>
      <trkpt lat="48.8766158" lon="2.3562359">
      </trkpt>
      <trkpt lat="48.8766117" lon="2.3561529">
      </trkpt>
      <trkpt lat="48.8766028" lon="2.3560838">
      </trkpt>
      <trkpt lat="48.8766109" lon="2.3560431">
      </trkpt>
      <trkpt lat="48.8766083" lon="2.35602">
      </trkpt>
      <trkpt lat="48.8766099" lon="2.355992">
      </trkpt>
      <trkpt lat="48.8766267" lon="2.355965">
      </trkpt>
      <trkpt lat="48.8766633" lon="2.3559227">
      </trkpt>
      <trkpt lat="48.876705" lon="2.3558832">
      </trkpt>
      <trkpt lat="48.8766971" lon="2.3558633">
      </trkpt>
      <trkpt lat="48.876693" lon="2.3558532">
      </trkpt>
      <trkpt lat="48.8766901" lon="2.3558461">
      </trkpt>
      <trkpt lat="48.8766799" lon="2.3558211">
      </trkpt>
      <trkpt lat="48.8766627" lon="2.355779">
      </trkpt>
      <trkpt lat="48.876652" lon="2.3557519">
      </trkpt>
      <trkpt lat="48.876643" lon="2.3557299">
      </trkpt>
      <trkpt lat="48.8766301" lon="2.3556981">
      </trkpt>
      <trkpt lat="48.8766136" lon="2.3556578">
      </trkpt>
      <trkpt lat="48.876605" lon="2.3556358">
      </trkpt>
      <trkpt lat="48.8766011" lon="2.3556266">
      </trkpt>
      <trkpt lat="48.8765977" lon="2.3556184">
      </trkpt>
      <trkpt lat="48.8765941" lon="2.3556098">
      </trkpt>
      <trkpt lat="48.8772222" lon="2.3550243">
      </trkpt>
      <trkpt lat="48.8772322" lon="2.3550104">
      </trkpt>
      <trkpt lat="48.877237" lon="2.3549814">
      </trkpt>
      <trkpt lat="48.8772363" lon="2.3549344">
      </trkpt>
      <trkpt lat="48.8772403" lon="2.3548926">
      </trkpt>
      <trkpt lat="48.8772363" lon="2.3549344">
      </trkpt>
      <trkpt lat="48.877237" lon="2.3549814">
      </trkpt>
      <trkpt lat="48.8772322" lon="2.3550104">
      </trkpt>
      <trkpt lat="48.8772222" lon="2.3550243">
      </trkpt>
      <trkpt lat="48.8765941" lon="2.3556098">
      </trkpt>
      <trkpt lat="48.8765679" lon="2.3556142">
      </trkpt>
      <trkpt lat="48.8765385" lon="2.3556217">
      </trkpt>
      <trkpt lat="48.8765155" lon="2.3556262">
      </trkpt>
      <trkpt lat="48.8764868" lon="2.355631">
      </trkpt>
      <trkpt lat="48.8764742" lon="2.3556336">
      </trkpt>
      <trkpt lat="48.8762158" lon="2.355882">
      </trkpt>
      <trkpt lat="48.8761621" lon="2.3559319">
      </trkpt>
      <trkpt lat="48.876158" lon="2.3559387">
      </trkpt>
      <trkpt lat="48.8761436" lon="2.3559649">
      </trkpt>
      <trkpt lat="48.8761282" lon="2.3559928">
      </trkpt>
      <trkpt lat="48.8761242" lon="2.3559987">
      </trkpt>
      <trkpt lat="48.8759759" lon="2.3561417">
      </trkpt>
      <trkpt lat="48.8759521" lon="2.3561638">
      </trkpt>
      <trkpt lat="48.8759089" lon="2.356204">
      </trkpt>
      <trkpt lat="48.875868" lon="2.3562427">
      </trkpt>
      <trkpt lat="48.8757723" lon="2.356326">
      </trkpt>
      <trkpt lat="48.8757533" lon="2.3563448">
      </trkpt>
      <trkpt lat="48.8757349" lon="2.3563628">
      </trkpt>
      <trkpt lat="48.8757132" lon="2.356384">
      </trkpt>
      <trkpt lat="48.8756826" lon="2.3563833">
      </trkpt>
      <trkpt lat="48.8756455" lon="2.3563005">
      </trkpt>
      <trkpt lat="48.8756281" lon="2.3562833">
      </trkpt>
      <trkpt lat="48.87553" lon="2.3562167">
      </trkpt>
      <trkpt lat="48.8753529" lon="2.3560993">
      </trkpt>
      <trkpt lat="48.8750735" lon="2.35592">
      </trkpt>
      <trkpt lat="48.8750722" lon="2.3559096">
      </trkpt>
      <trkpt lat="48.8750881" lon="2.3558522">
      </trkpt>
      <trkpt lat="48.8750958" lon="2.3558244">
      </trkpt>
      <trkpt lat="48.8751103" lon="2.3557869">
      </trkpt>
      <trkpt lat="48.8744276" lon="2.3553474">
      </trkpt>
      <trkpt lat="48.8744191" lon="2.3553092">
      </trkpt>
      <trkpt lat="48.8744051" lon="2.355303">
      </trkpt>
      <trkpt lat="48.8743815" lon="2.3552905">
      </trkpt>
      <trkpt lat="48.8743546" lon="2.3552762">
      </trkpt>
      <trkpt lat="48.8743427" lon="2.3552692">
      </trkpt>
      <trkpt lat="48.874326" lon="2.3552765">
      </trkpt>
      <trkpt lat="48.8743137" lon="2.3553232">
      </trkpt>
      <trkpt lat="48.8743067" lon="2.3553496">
      </trkpt>
      <trkpt lat="48.8742988" lon="2.3553798">
      </trkpt>
      <trkpt lat="48.8742865" lon="2.3554291">
      </trkpt>
      <trkpt lat="48.8743053" lon="2.3554633">
      </trkpt>
      <trkpt lat="48.8743345" lon="2.3556192">
      </trkpt>
      <trkpt lat="48.8743275" lon="2.3556967">
      </trkpt>
      <trkpt lat="48.8743427" lon="2.3557718">
      </trkpt>
      <trkpt lat="48.8743842" lon="2.3558633">
      </trkpt>
      <trkpt lat="48.8745481" lon="2.3566649">
      </trkpt>
      <trkpt lat="48.8745458" lon="2.356735">
      </trkpt>
      <trkpt lat="48.8745732" lon="2.3568906">
      </trkpt>
      <trkpt lat="48.8745578" lon="2.3570231">
      </trkpt>
      <trkpt lat="48.8745275" lon="2.3570096">
      </trkpt>
      <trkpt lat="48.8745167" lon="2.3570566">
      </trkpt>
      <trkpt lat="48.8744909" lon="2.3571741">
      </trkpt>
      <trkpt lat="48.8744713" lon="2.3572633">
      </trkpt>
      <trkpt lat="48.8744658" lon="2.3572903">
      </trkpt>
      <trkpt lat="48.8744605" lon="2.3573171">
      </trkpt>
      <trkpt lat="48.8744473" lon="2.3575149">
      </trkpt>
      <trkpt lat="48.8738651" lon="2.3580291">
      </trkpt>
      <trkpt lat="48.8738771" lon="2.3580572">
      </trkpt>
      <trkpt lat="48.8738851" lon="2.3580768">
      </trkpt>
      <trkpt lat="48.873888" lon="2.3580838">
      </trkpt>
      <trkpt lat="48.8738932" lon="2.3580944">
      </trkpt>
      <trkpt lat="48.873964" lon="2.3581364">
      </trkpt>
      <trkpt lat="48.8740412" lon="2.3581838">
      </trkpt>
      <trkpt lat="48.8740554" lon="2.3582042">
      </trkpt>
      <trkpt lat="48.8740583" lon="2.3582108">
      </trkpt>
      <trkpt lat="48.8740622" lon="2.3582196">
      </trkpt>
      <trkpt lat="48.874075" lon="2.3582514">
      </trkpt>
      <trkpt lat="48.8740113" lon="2.3582947">
      </trkpt>
      <trkpt lat="48.8739969" lon="2.3583065">
      </trkpt>
      <trkpt lat="48.8739092" lon="2.3583885">
      </trkpt>
      <trkpt lat="48.8738468" lon="2.3584469">
      </trkpt>
      <trkpt lat="48.8738307" lon="2.3584597">
      </trkpt>
      <trkpt lat="48.8737378" lon="2.3585448">
      </trkpt>
      <trkpt lat="48.8732865" lon="2.3589474">
      </trkpt>
      <trkpt lat="48.8732616" lon="2.3589677">
      </trkpt>
      <trkpt lat="48.8732407" lon="2.3589867">
      </trkpt>
      <trkpt lat="48.8732126" lon="2.3590121">
      </trkpt>
      <trkpt lat="48.873194" lon="2.3590294">
      </trkpt>
      <trkpt lat="48.8732252" lon="2.3590873">
      </trkpt>
      <trkpt lat="48.8731611" lon="2.3602912">
      </trkpt>
      <trkpt lat="48.8731454" lon="2.3605997">
      </trkpt>
      <trkpt lat="48.8731339" lon="2.3613493">
      </trkpt>
      <trkpt lat="48.8730952" lon="2.3613685">
      </trkpt>
      <trkpt lat="48.8730906" lon="2.3613872">
      </trkpt>
      <trkpt lat="48.8730846" lon="2.3614101">
      </trkpt>
      <trkpt lat="48.873079" lon="2.3614316">
      </trkpt>
      <trkpt lat="48.873073" lon="2.3614564">
      </trkpt>
      <trkpt lat="48.8731274" lon="2.3614949">
      </trkpt>
      <trkpt lat="48.8731323" lon="2.3616073">
      </trkpt>
      <trkpt lat="48.8731147" lon="2.3632984">
      </trkpt>
      <trkpt lat="48.8731089" lon="2.3633369">
      </trkpt>
      <trkpt lat="48.8730793" lon="2.3633634">
      </trkpt>
      <trkpt lat="48.8730784" lon="2.3633765">
      </trkpt>
      <trkpt lat="48.8730767" lon="2.3634088">
      </trkpt>
      <trkpt lat="48.8730751" lon="2.363438">
      </trkpt>
      <trkpt lat="48.8730672" lon="2.3634584">
      </trkpt>
      <trkpt lat="48.8730613" lon="2.3634737">
      </trkpt>
      <trkpt lat="48.8730699" lon="2.3635007">
      </trkpt>
      <trkpt lat="48.8730613" lon="2.3634737">
      </trkpt>
      <trkpt lat="48.8730672" lon="2.3634584">
      </trkpt>
      <trkpt lat="48.8731039" lon="2.3634486">
      </trkpt>
      <trkpt lat="48.873131" lon="2.3634308">
      </trkpt>
      <trkpt lat="48.8731546" lon="2.3633973">
      </trkpt>
      <trkpt lat="48.8731755" lon="2.363347">
      </trkpt>
      <trkpt lat="48.8731839" lon="2.3633757">
      </trkpt>
      <trkpt lat="48.8731845" lon="2.3634115">
      </trkpt>
      <trkpt lat="48.8731852" lon="2.3634437">
      </trkpt>
      <trkpt lat="48.8729188" lon="2.3636491">
      </trkpt>
      <trkpt lat="48.8728979" lon="2.3636555">
      </trkpt>
      <trkpt lat="48.8728838" lon="2.3636364">
      </trkpt>
      <trkpt lat="48.8728716" lon="2.3636454">
      </trkpt>
      <trkpt lat="48.8728508" lon="2.3636622">
      </trkpt>
      <trkpt lat="48.872825" lon="2.3636834">
      </trkpt>
      <trkpt lat="48.8728213" lon="2.3636863">
      </trkpt>
      <trkpt lat="48.8728162" lon="2.3637046">
      </trkpt>
      <trkpt lat="48.872809" lon="2.3637296">
      </trkpt>
      <trkpt lat="48.8728162" lon="2.3637422">
      </trkpt>
      <trkpt lat="48.8728498" lon="2.3637952">
      </trkpt>
      <trkpt lat="48.8728704" lon="2.363828">
      </trkpt>
      <trkpt lat="48.8728781" lon="2.3638467">
      </trkpt>
      <trkpt lat="48.8729088" lon="2.3638393">
      </trkpt>
      <trkpt lat="48.8729236" lon="2.3638269">
      </trkpt>
      <trkpt lat="48.8729575" lon="2.3638036">
      </trkpt>
      <trkpt lat="48.8729999" lon="2.3637745">
      </trkpt>
      <trkpt lat="48.8730073" lon="2.3637691">
      </trkpt>
      <trkpt lat="48.8730109" lon="2.3637412">
      </trkpt>
      <trkpt lat="48.8731015" lon="2.363661">
      </trkpt>
      <trkpt lat="48.8731133" lon="2.363697">
      </trkpt>
      <trkpt lat="48.8731553" lon="2.3638202">
      </trkpt>
      <trkpt lat="48.873197" lon="2.3639408">
      </trkpt>
      <trkpt lat="48.8732401" lon="2.3640687">
      </trkpt>
      <trkpt lat="48.8732625" lon="2.3641089">
      </trkpt>
      <trkpt lat="48.8732304" lon="2.3641275">
      </trkpt>
      <trkpt lat="48.8732625" lon="2.3641089">
      </trkpt>
      <trkpt lat="48.8732675" lon="2.3641179">
      </trkpt>
      <trkpt lat="48.8732815" lon="2.3641428">
      </trkpt>
      <trkpt lat="48.8733064" lon="2.3641885">
      </trkpt>
      <trkpt lat="48.8733129" lon="2.3641986">
      </trkpt>
      <trkpt lat="48.8733224" lon="2.3642131">
      </trkpt>
      <trkpt lat="48.8733134" lon="2.3642409">
      </trkpt>
      <trkpt lat="48.8736633" lon="2.3647555">
      </trkpt>
      <trkpt lat="48.8736559" lon="2.3647705">
      </trkpt>
      <trkpt lat="48.873641" lon="2.3648042">
      </trkpt>
      <trkpt lat="48.8736309" lon="2.3648271">
      </trkpt>
      <trkpt lat="48.8736238" lon="2.3648414">
      </trkpt>
      <trkpt lat="48.8736551" lon="2.3648911">
      </trkpt>
      <trkpt lat="48.8736391" lon="2.3649214">
      </trkpt>
      <trkpt lat="48.8736589" lon="2.3649533">
      </trkpt>
      <trkpt lat="48.8736687" lon="2.3649694">
      </trkpt>
      <trkpt lat="48.8736837" lon="2.3649938">
      </trkpt>
      <trkpt lat="48.8737" lon="2.3650214">
      </trkpt>
      <trkpt lat="48.8737291" lon="2.3650428">
      </trkpt>
      <trkpt lat="48.8737" lon="2.3650214">
      </trkpt>
      <trkpt lat="48.8736837" lon="2.3649938">
      </trkpt>
      <trkpt lat="48.8736687" lon="2.3649694">
      </trkpt>
      <trkpt lat="48.8736589" lon="2.3649533">
      </trkpt>
      <trkpt lat="48.8736391" lon="2.3649214">
      </trkpt>
      <trkpt lat="48.8736551" lon="2.3648911">
      </trkpt>
      <trkpt lat="48.8736238" lon="2.3648414">
      </trkpt>
      <trkpt lat="48.8732504" lon="2.3642885">
      </trkpt>
      <trkpt lat="48.8732152" lon="2.3642908">
      </trkpt>
      <trkpt lat="48.8728143" lon="2.3646133">
      </trkpt>
      <trkpt lat="48.8718554" lon="2.3653515">
      </trkpt>
      <trkpt lat="48.8718197" lon="2.3653811">
      </trkpt>
      <trkpt lat="48.8717981" lon="2.3653448">
      </trkpt>
      <trkpt lat="48.8717862" lon="2.3653116">
      </trkpt>
      <trkpt lat="48.8717738" lon="2.3652773">
      </trkpt>
      <trkpt lat="48.8717698" lon="2.3652653">
      </trkpt>
      <trkpt lat="48.8717655" lon="2.3652522">
      </trkpt>
      <trkpt lat="48.8717597" lon="2.3652342">
      </trkpt>
      <trkpt lat="48.8718407" lon="2.3651715">
      </trkpt>
      <trkpt lat="48.8717158" lon="2.3647748">
      </trkpt>
      <trkpt lat="48.8717612" lon="2.3647402">
      </trkpt>
      <trkpt lat="48.8717745" lon="2.3647298">
      </trkpt>
      <trkpt lat="48.8717652" lon="2.3647087">
      </trkpt>
      <trkpt lat="48.8717608" lon="2.3646991">
      </trkpt>
      <trkpt lat="48.8717545" lon="2.3646851">
      </trkpt>
      <trkpt lat="48.8717378" lon="2.3646503">
      </trkpt>
      <trkpt lat="48.871713" lon="2.3645985">
      </trkpt>
      <trkpt lat="48.8717062" lon="2.3645848">
      </trkpt>
      <trkpt lat="48.8717154" lon="2.3645299">
      </trkpt>
      <trkpt lat="48.8717276" lon="2.3645208">
      </trkpt>
      <trkpt lat="48.8717665" lon="2.3644924">
      </trkpt>
      <trkpt lat="48.8718044" lon="2.3644647">
      </trkpt>
      <trkpt lat="48.8718261" lon="2.3644504">
      </trkpt>
      <trkpt lat="48.8717804" lon="2.3643753">
      </trkpt>
      <trkpt lat="48.8717645" lon="2.3643524">
      </trkpt>
      <trkpt lat="48.8717537" lon="2.3643369">
      </trkpt>
      <trkpt lat="48.8717412" lon="2.3643197">
      </trkpt>
      <trkpt lat="48.8717518" lon="2.36426">
      </trkpt>
      <trkpt lat="48.8712781" lon="2.3628561">
      </trkpt>
      <trkpt lat="48.8712415" lon="2.362828">
      </trkpt>
      <trkpt lat="48.8712545" lon="2.3627839">
      </trkpt>
      <trkpt lat="48.8712833" lon="2.3627086">
      </trkpt>
      <trkpt lat="48.8713007" lon="2.3626634">
      </trkpt>
      <trkpt lat="48.8713169" lon="2.3626214">
      </trkpt>
      <trkpt lat="48.8713018" lon="2.3625759">
      </trkpt>
      <trkpt lat="48.8713151" lon="2.362547">
      </trkpt>
      <trkpt lat="48.8714882" lon="2.3621821">
      </trkpt>
      <trkpt lat="48.8714774" lon="2.3621714">
      </trkpt>
      <trkpt lat="48.8714539" lon="2.3621481">
      </trkpt>
      <trkpt lat="48.8714345" lon="2.3621289">
      </trkpt>
      <trkpt lat="48.8714226" lon="2.3621155">
      </trkpt>
      <trkpt lat="48.8714198" lon="2.3620871">
      </trkpt>
      <trkpt lat="48.8714173" lon="2.362068">
      </trkpt>
      <trkpt lat="48.8714277" lon="2.3620509">
      </trkpt>
      <trkpt lat="48.8714397" lon="2.3620304">
      </trkpt>
      <trkpt lat="48.8714514" lon="2.3620102">
      </trkpt>
      <trkpt lat="48.8714592" lon="2.3619942">
      </trkpt>
      <trkpt lat="48.8709189" lon="2.3614168">
      </trkpt>
      <trkpt lat="48.8709131" lon="2.361398">
      </trkpt>
      <trkpt lat="48.8709257" lon="2.3613796">
      </trkpt>
      <trkpt lat="48.8711727" lon="2.3610422">
      </trkpt>
      <trkpt lat="48.8714061" lon="2.3607172">
      </trkpt>
      <trkpt lat="48.8713767" lon="2.3606453">
      </trkpt>
      <trkpt lat="48.8713406" lon="2.3606772">
      </trkpt>
      <trkpt lat="48.8713146" lon="2.3607001">
      </trkpt>
      <trkpt lat="48.8712855" lon="2.3607272">
      </trkpt>
      <trkpt lat="48.8711578" lon="2.3608562">
      </trkpt>
      <trkpt lat="48.8711449" lon="2.3608174">
      </trkpt>
      <trkpt lat="48.8711341" lon="2.3607885">
      </trkpt>
      <trkpt lat="48.871103" lon="2.3607055">
      </trkpt>
      <trkpt lat="48.8710716" lon="2.3606219">
      </trkpt>
      <trkpt lat="48.8710601" lon="2.3605912">
      </trkpt>
      <trkpt lat="48.8710563" lon="2.360581">
      </trkpt>
      <trkpt lat="48.8710453" lon="2.3605518">
      </trkpt>
      <trkpt lat="48.8709006" lon="2.3606848">
      </trkpt>
      <trkpt lat="48.8706317" lon="2.3604063">
      </trkpt>
      <trkpt lat="48.8702891" lon="2.3600551">
      </trkpt>
      <trkpt lat="48.8704838" lon="2.3596834">
      </trkpt>
      <trkpt lat="48.8704729" lon="2.3596754">
      </trkpt>
      <trkpt lat="48.870445" lon="2.3596545">
      </trkpt>
      <trkpt lat="48.8704234" lon="2.3596385">
      </trkpt>
      <trkpt lat="48.8703971" lon="2.3596184">
      </trkpt>
      <trkpt lat="48.8704077" lon="2.3595728">
      </trkpt>
      <trkpt lat="48.8694093" lon="2.3590967">
      </trkpt>
      <trkpt lat="48.8693243" lon="2.3590026">
      </trkpt>
      <trkpt lat="48.8690981" lon="2.3589019">
      </trkpt>
      <trkpt lat="48.8689659" lon="2.3588409">
      </trkpt>
      <trkpt lat="48.8689572" lon="2.3588365">
      </trkpt>
      <trkpt lat="48.8689533" lon="2.3588131">
      </trkpt>
      <trkpt lat="48.8689579" lon="2.3587991">
      </trkpt>
      <trkpt lat="48.8689631" lon="2.3587826">
      </trkpt>
      <trkpt lat="48.8689727" lon="2.3587782">
      </trkpt>
      <trkpt lat="48.8691102" lon="2.3588386">
      </trkpt>
      <trkpt lat="48.8694137" lon="2.3589834">
      </trkpt>
      <trkpt lat="48.8704443" lon="2.3594779">
      </trkpt>
      <trkpt lat="48.8704795" lon="2.3594695">
      </trkpt>
      <trkpt lat="48.8705289" lon="2.3593753">
      </trkpt>
      <trkpt lat="48.8708287" lon="2.358821">
      </trkpt>
      <trkpt lat="48.8708302" lon="2.3587978">
      </trkpt>
      <trkpt lat="48.8708335" lon="2.3587923">
      </trkpt>
      <trkpt lat="48.8708528" lon="2.3587667">
      </trkpt>
      <trkpt lat="48.8708803" lon="2.3587302">
      </trkpt>
      <trkpt lat="48.8708894" lon="2.3587235">
      </trkpt>
      <trkpt lat="48.8710346" lon="2.3584574">
      </trkpt>
      <trkpt lat="48.8711693" lon="2.3582079">
      </trkpt>
      <trkpt lat="48.8711729" lon="2.3581776">
      </trkpt>
      <trkpt lat="48.8710277" lon="2.3580717">
      </trkpt>
      <trkpt lat="48.8709178" lon="2.3579923">
      </trkpt>
      <trkpt lat="48.8709213" lon="2.3579755">
      </trkpt>
      <trkpt lat="48.8709294" lon="2.3579431">
      </trkpt>
      <trkpt lat="48.8709323" lon="2.3579313">
      </trkpt>
      <trkpt lat="48.8709372" lon="2.3579105">
      </trkpt>
      <trkpt lat="48.8709072" lon="2.357885">
      </trkpt>
      <trkpt lat="48.8708638" lon="2.3578501">
      </trkpt>
      <trkpt lat="48.8710919" lon="2.3571319">
      </trkpt>
      <trkpt lat="48.871141" lon="2.3569773">
      </trkpt>
      <trkpt lat="48.871152" lon="2.3569414">
      </trkpt>
      <trkpt lat="48.8709112" lon="2.356784">
      </trkpt>
      <trkpt lat="48.8706399" lon="2.3566123">
      </trkpt>
      <trkpt lat="48.8701618" lon="2.356332">
      </trkpt>
      <trkpt lat="48.8700282" lon="2.3562462">
      </trkpt>
      <trkpt lat="48.8697706" lon="2.356106">
      </trkpt>
      <trkpt lat="48.8695924" lon="2.3560041">
      </trkpt>
      <trkpt lat="48.8692973" lon="2.3558372">
      </trkpt>
      <trkpt lat="48.8692638" lon="2.3558449">
      </trkpt>
      <trkpt lat="48.8691641" lon="2.3558962">
      </trkpt>
      <trkpt lat="48.8690506" lon="2.3559106">
      </trkpt>
      <trkpt lat="48.8690349" lon="2.3559957">
      </trkpt>
      <trkpt lat="48.8690309" lon="2.3560174">
      </trkpt>
      <trkpt lat="48.8690265" lon="2.3560399">
      </trkpt>
      <trkpt lat="48.8690089" lon="2.3561252">
      </trkpt>
      <trkpt lat="48.8689756" lon="2.3561113">
      </trkpt>
      <trkpt lat="48.8689695" lon="2.356108">
      </trkpt>
      <trkpt lat="48.868902" lon="2.3560722">
      </trkpt>
      <trkpt lat="48.8688652" lon="2.3560527">
      </trkpt>
      <trkpt lat="48.8688504" lon="2.3560448">
      </trkpt>
      <trkpt lat="48.8688163" lon="2.3560278">
      </trkpt>
      <trkpt lat="48.8688641" lon="2.355809">
      </trkpt>
      <trkpt lat="48.8688882" lon="2.3556464">
      </trkpt>
      <trkpt lat="48.8688924" lon="2.3556235">
      </trkpt>
      <trkpt lat="48.8689133" lon="2.3555286">
      </trkpt>
      <trkpt lat="48.8689266" lon="2.3554684">
      </trkpt>
      <trkpt lat="48.8689395" lon="2.3554174">
      </trkpt>
      <trkpt lat="48.8687229" lon="2.3553163">
      </trkpt>
      <trkpt lat="48.8687186" lon="2.3553141">
      </trkpt>
      <trkpt lat="48.8687053" lon="2.3553093">
      </trkpt>
      <trkpt lat="48.8687001" lon="2.355307">
      </trkpt>
      <trkpt lat="48.8686822" lon="2.3552991">
      </trkpt>
      <trkpt lat="48.8686608" lon="2.3552907">
      </trkpt>
      <trkpt lat="48.8686533" lon="2.3552847">
      </trkpt>
      <trkpt lat="48.8684925" lon="2.3551987">
      </trkpt>
      <trkpt lat="48.8684653" lon="2.3551817">
      </trkpt>
      <trkpt lat="48.8684621" lon="2.3551795">
      </trkpt>
      <trkpt lat="48.8684483" lon="2.355169">
      </trkpt>
      <trkpt lat="48.8684332" lon="2.3551599">
      </trkpt>
      <trkpt lat="48.8684276" lon="2.3551569">
      </trkpt>
      <trkpt lat="48.8684681" lon="2.3549487">
      </trkpt>
      <trkpt lat="48.8684676" lon="2.3549165">
      </trkpt>
      <trkpt lat="48.8686092" lon="2.3541078">
      </trkpt>
      <trkpt lat="48.8686098" lon="2.3540315">
      </trkpt>
      <trkpt lat="48.8685841" lon="2.3540149">
      </trkpt>
      <trkpt lat="48.8682158" lon="2.353798">
      </trkpt>
      <trkpt lat="48.8681939" lon="2.3537889">
      </trkpt>
      <trkpt lat="48.868153" lon="2.3537669">
      </trkpt>
      <trkpt lat="48.8681209" lon="2.3537497">
      </trkpt>
      <trkpt lat="48.8681119" lon="2.3537457">
      </trkpt>
      <trkpt lat="48.8680922" lon="2.353734">
      </trkpt>
      <trkpt lat="48.8677165" lon="2.3535439">
      </trkpt>
      <trkpt lat="48.8676251" lon="2.3534906">
      </trkpt>
      <trkpt lat="48.867619" lon="2.3534869">
      </trkpt>
      <trkpt lat="48.8675876" lon="2.3534679">
      </trkpt>
      <trkpt lat="48.8675603" lon="2.3534507">
      </trkpt>
      <trkpt lat="48.8675414" lon="2.353456">
      </trkpt>
      <trkpt lat="48.8675352" lon="2.3534185">
      </trkpt>
      <trkpt lat="48.8671011" lon="2.3531884">
      </trkpt>
      <trkpt lat="48.8669971" lon="2.3531254">
      </trkpt>
      <trkpt lat="48.8669425" lon="2.353093">
      </trkpt>
      <trkpt lat="48.8669554" lon="2.3530373">
      </trkpt>
      <trkpt lat="48.866969" lon="2.3529845">
      </trkpt>
      <trkpt lat="48.8669986" lon="2.3528691">
      </trkpt>
      <trkpt lat="48.8670043" lon="2.3528501">
      </trkpt>
      <trkpt lat="48.8670136" lon="2.3528066">
      </trkpt>
      <trkpt lat="48.867026" lon="2.3528133">
      </trkpt>
      <trkpt lat="48.8670791" lon="2.3525808">
      </trkpt>
      <trkpt lat="48.8670829" lon="2.3525248">
      </trkpt>
      <trkpt lat="48.8670902" lon="2.3524934">
      </trkpt>
      <trkpt lat="48.8670994" lon="2.3524568">
      </trkpt>
      <trkpt lat="48.8671065" lon="2.3524287">
      </trkpt>
      <trkpt lat="48.8671096" lon="2.3524156">
      </trkpt>
      <trkpt lat="48.867121" lon="2.3523808">
      </trkpt>
      <trkpt lat="48.8672908" lon="2.3516111">
      </trkpt>
      <trkpt lat="48.8672746" lon="2.3515802">
      </trkpt>
      <trkpt lat="48.8672805" lon="2.3515673">
      </trkpt>
      <trkpt lat="48.8672955" lon="2.3515277">
      </trkpt>
      <trkpt lat="48.8673083" lon="2.3514946">
      </trkpt>
      <trkpt lat="48.8673148" lon="2.3514748">
      </trkpt>
      <trkpt lat="48.8668406" lon="2.3512342">
      </trkpt>
      <trkpt lat="48.8668338" lon="2.3513137">
      </trkpt>
      <trkpt lat="48.8668406" lon="2.3512342">
      </trkpt>
      <trkpt lat="48.8666613" lon="2.3511319">
      </trkpt>
      <trkpt lat="48.8666203" lon="2.3510976">
      </trkpt>
      <trkpt lat="48.8666164" lon="2.3511146">
      </trkpt>
      <trkpt lat="48.8665747" lon="2.3510861">
      </trkpt>
      <trkpt lat="48.8665387" lon="2.3510619">
      </trkpt>
      <trkpt lat="48.8664899" lon="2.3510289">
      </trkpt>
      <trkpt lat="48.8664942" lon="2.3510067">
      </trkpt>
      <trkpt lat="48.8664569" lon="2.3509893">
      </trkpt>
      <trkpt lat="48.8664484" lon="2.3509853">
      </trkpt>
      <trkpt lat="48.8664198" lon="2.3509828">
      </trkpt>
      <trkpt lat="48.8662833" lon="2.3509044">
      </trkpt>
      <trkpt lat="48.8657298" lon="2.350556">
      </trkpt>
      <trkpt lat="48.8657226" lon="2.3505514">
      </trkpt>
      <trkpt lat="48.8657038" lon="2.350541">
      </trkpt>
      <trkpt lat="48.8656804" lon="2.3505281">
      </trkpt>
      <trkpt lat="48.8656733" lon="2.3505247">
      </trkpt>
      <trkpt lat="48.8654983" lon="2.3504522">
      </trkpt>
      <trkpt lat="48.8652264" lon="2.3503308">
      </trkpt>
      <trkpt lat="48.8651741" lon="2.3503011">
      </trkpt>
      <trkpt lat="48.8651666" lon="2.3502986">
      </trkpt>
      <trkpt lat="48.8651403" lon="2.3502893">
      </trkpt>
      <trkpt lat="48.8651089" lon="2.350278">
      </trkpt>
      <trkpt lat="48.8650967" lon="2.3502741">
      </trkpt>
      <trkpt lat="48.8651186" lon="2.3502293">
      </trkpt>
      <trkpt lat="48.8651929" lon="2.3496828">
      </trkpt>
      <trkpt lat="48.8653303" lon="2.3486646">
      </trkpt>
      <trkpt lat="48.8653069" lon="2.3486551">
      </trkpt>
      <trkpt lat="48.8650071" lon="2.3485187">
      </trkpt>
      <trkpt lat="48.8653069" lon="2.3486551">
      </trkpt>
      <trkpt lat="48.8653303" lon="2.3486646">
      </trkpt>
      <trkpt lat="48.8651929" lon="2.3496828">
      </trkpt>
      <trkpt lat="48.8651186" lon="2.3502293">
      </trkpt>
      <trkpt lat="48.8650967" lon="2.3502741">
      </trkpt>
      <trkpt lat="48.8651089" lon="2.350278">
      </trkpt>
      <trkpt lat="48.8651403" lon="2.3502893">
      </trkpt>
      <trkpt lat="48.8651666" lon="2.3502986">
      </trkpt>
      <trkpt lat="48.8651741" lon="2.3503011">
      </trkpt>
      <trkpt lat="48.8651681" lon="2.3502818">
      </trkpt>
      <trkpt lat="48.8651706" lon="2.3502486">
      </trkpt>
      <trkpt lat="48.8651908" lon="2.3501255">
      </trkpt>
      <trkpt lat="48.8652059" lon="2.3500747">
      </trkpt>
      <trkpt lat="48.8653915" lon="2.3487762">
      </trkpt>
      <trkpt lat="48.8653924" lon="2.3487702">
      </trkpt>
      <trkpt lat="48.8653971" lon="2.3487404">
      </trkpt>
      <trkpt lat="48.8654034" lon="2.3486994">
      </trkpt>
      <trkpt lat="48.8654048" lon="2.3486894">
      </trkpt>
      <trkpt lat="48.8653939" lon="2.3486572">
      </trkpt>
      <trkpt lat="48.8653897" lon="2.3486331">
      </trkpt>
      <trkpt lat="48.8653875" lon="2.3485955">
      </trkpt>
      <trkpt lat="48.8653897" lon="2.3485657">
      </trkpt>
      <trkpt lat="48.8654331" lon="2.3483451">
      </trkpt>
      <trkpt lat="48.8654378" lon="2.3483467">
      </trkpt>
      <trkpt lat="48.865513" lon="2.3483721">
      </trkpt>
      <trkpt lat="48.865747" lon="2.3484512">
      </trkpt>
      <trkpt lat="48.8657735" lon="2.3483022">
      </trkpt>
      <trkpt lat="48.8658035" lon="2.3483156">
      </trkpt>
      <trkpt lat="48.8657735" lon="2.3483022">
      </trkpt>
      <trkpt lat="48.865747" lon="2.3484512">
      </trkpt>
      <trkpt lat="48.865513" lon="2.3483721">
      </trkpt>
      <trkpt lat="48.8654378" lon="2.3483467">
      </trkpt>
      <trkpt lat="48.8654331" lon="2.3483451">
      </trkpt>
      <trkpt lat="48.8653897" lon="2.3485657">
      </trkpt>
      <trkpt lat="48.8653875" lon="2.3485955">
      </trkpt>
      <trkpt lat="48.8653897" lon="2.3486331">
      </trkpt>
      <trkpt lat="48.8653939" lon="2.3486572">
      </trkpt>
      <trkpt lat="48.8654048" lon="2.3486894">
      </trkpt>
      <trkpt lat="48.8654034" lon="2.3486994">
      </trkpt>
      <trkpt lat="48.8653971" lon="2.3487404">
      </trkpt>
      <trkpt lat="48.8653924" lon="2.3487702">
      </trkpt>
      <trkpt lat="48.8653915" lon="2.3487762">
      </trkpt>
      <trkpt lat="48.8652059" lon="2.3500747">
      </trkpt>
      <trkpt lat="48.8651908" lon="2.3501255">
      </trkpt>
      <trkpt lat="48.8651706" lon="2.3502486">
      </trkpt>
      <trkpt lat="48.8651681" lon="2.3502818">
      </trkpt>
      <trkpt lat="48.8651741" lon="2.3503011">
      </trkpt>
      <trkpt lat="48.8652264" lon="2.3503308">
      </trkpt>
      <trkpt lat="48.8654983" lon="2.3504522">
      </trkpt>
      <trkpt lat="48.8656733" lon="2.3505247">
      </trkpt>
      <trkpt lat="48.8656804" lon="2.3505281">
      </trkpt>
      <trkpt lat="48.8657038" lon="2.350541">
      </trkpt>
      <trkpt lat="48.8657226" lon="2.3505514">
      </trkpt>
      <trkpt lat="48.8657298" lon="2.350556">
      </trkpt>
      <trkpt lat="48.8662833" lon="2.3509044">
      </trkpt>
      <trkpt lat="48.8664198" lon="2.3509828">
      </trkpt>
      <trkpt lat="48.8664484" lon="2.3509853">
      </trkpt>
      <trkpt lat="48.8664569" lon="2.3509893">
      </trkpt>
      <trkpt lat="48.8664942" lon="2.3510067">
      </trkpt>
      <trkpt lat="48.8664899" lon="2.3510289">
      </trkpt>
      <trkpt lat="48.8664769" lon="2.3510952">
      </trkpt>
      <trkpt lat="48.8664636" lon="2.3511636">
      </trkpt>
      <trkpt lat="48.8664623" lon="2.3511702">
      </trkpt>
      <trkpt lat="48.8664561" lon="2.3511841">
      </trkpt>
      <trkpt lat="48.86643" lon="2.3513032">
      </trkpt>
      <trkpt lat="48.8662913" lon="2.3519258">
      </trkpt>
      <trkpt lat="48.8662772" lon="2.3519441">
      </trkpt>
      <trkpt lat="48.8660526" lon="2.3518211">
      </trkpt>
      <trkpt lat="48.8657645" lon="2.3516537">
      </trkpt>
      <trkpt lat="48.8657536" lon="2.3516086">
      </trkpt>
      <trkpt lat="48.8656058" lon="2.3515382">
      </trkpt>
      <trkpt lat="48.8655745" lon="2.351551">
      </trkpt>
      <trkpt lat="48.8652622" lon="2.3513776">
      </trkpt>
      <trkpt lat="48.8652452" lon="2.3513535">
      </trkpt>
      <trkpt lat="48.8652338" lon="2.3513486">
      </trkpt>
      <trkpt lat="48.8652159" lon="2.3513393">
      </trkpt>
      <trkpt lat="48.8651892" lon="2.3513256">
      </trkpt>
      <trkpt lat="48.865162" lon="2.351314">
      </trkpt>
      <trkpt lat="48.8651317" lon="2.3513012">
      </trkpt>
      <trkpt lat="48.8645072" lon="2.3509541">
      </trkpt>
      <trkpt lat="48.8645036" lon="2.3509707">
      </trkpt>
      <trkpt lat="48.8644979" lon="2.3509959">
      </trkpt>
      <trkpt lat="48.8644929" lon="2.3510197">
      </trkpt>
      <trkpt lat="48.8644821" lon="2.3510728">
      </trkpt>
      <trkpt lat="48.8644038" lon="2.3511184">
      </trkpt>
      <trkpt lat="48.8644581" lon="2.3513639">
      </trkpt>
      <trkpt lat="48.8644307" lon="2.3513536">
      </trkpt>
      <trkpt lat="48.8643911" lon="2.3513345">
      </trkpt>
      <trkpt lat="48.8643422" lon="2.3513124">
      </trkpt>
      <trkpt lat="48.8643226" lon="2.3513033">
      </trkpt>
      <trkpt lat="48.8642845" lon="2.3512807">
      </trkpt>
      <trkpt lat="48.8642599" lon="2.3512652">
      </trkpt>
      <trkpt lat="48.8642446" lon="2.3512556">
      </trkpt>
      <trkpt lat="48.8642258" lon="2.3512437">
      </trkpt>
      <trkpt lat="48.8641933" lon="2.3512233">
      </trkpt>
      <trkpt lat="48.8641309" lon="2.3511926">
      </trkpt>
      <trkpt lat="48.8641182" lon="2.3512448">
      </trkpt>
      <trkpt lat="48.8641132" lon="2.351265">
      </trkpt>
      <trkpt lat="48.8640922" lon="2.3513508">
      </trkpt>
      <trkpt lat="48.8640724" lon="2.3514315">
      </trkpt>
      <trkpt lat="48.8640594" lon="2.3514847">
      </trkpt>
      <trkpt lat="48.8640724" lon="2.3514315">
      </trkpt>
      <trkpt lat="48.8640922" lon="2.3513508">
      </trkpt>
      <trkpt lat="48.8641132" lon="2.351265">
      </trkpt>
      <trkpt lat="48.8641182" lon="2.3512448">
      </trkpt>
      <trkpt lat="48.8641309" lon="2.3511926">
      </trkpt>
      <trkpt lat="48.8641933" lon="2.3512233">
      </trkpt>
      <trkpt lat="48.8642139" lon="2.3511622">
      </trkpt>
      <trkpt lat="48.8642481" lon="2.3510371">
      </trkpt>
      <trkpt lat="48.8640491" lon="2.3501679">
      </trkpt>
      <trkpt lat="48.864041" lon="2.3501327">
      </trkpt>
      <trkpt lat="48.8640318" lon="2.3500927">
      </trkpt>
      <trkpt lat="48.8640237" lon="2.350057">
      </trkpt>
      <trkpt lat="48.8640124" lon="2.3500078">
      </trkpt>
      <trkpt lat="48.8640301" lon="2.3500105">
      </trkpt>
      <trkpt lat="48.8640417" lon="2.3500128">
      </trkpt>
      <trkpt lat="48.8640916" lon="2.3500223">
      </trkpt>
      <trkpt lat="48.8641316" lon="2.3500302">
      </trkpt>
      <trkpt lat="48.8641547" lon="2.3500347">
      </trkpt>
      <trkpt lat="48.8641316" lon="2.3500302">
      </trkpt>
      <trkpt lat="48.8640916" lon="2.3500223">
      </trkpt>
      <trkpt lat="48.8640417" lon="2.3500128">
      </trkpt>
      <trkpt lat="48.8640301" lon="2.3500105">
      </trkpt>
      <trkpt lat="48.8640124" lon="2.3500078">
      </trkpt>
      <trkpt lat="48.8638729" lon="2.34942">
      </trkpt>
      <trkpt lat="48.8638526" lon="2.3494089">
      </trkpt>
      <trkpt lat="48.8638339" lon="2.3493988">
      </trkpt>
      <trkpt lat="48.8637838" lon="2.3493715">
      </trkpt>
      <trkpt lat="48.8637329" lon="2.3493439">
      </trkpt>
      <trkpt lat="48.8637207" lon="2.3493372">
      </trkpt>
      <trkpt lat="48.8637475" lon="2.3491587">
      </trkpt>
      <trkpt lat="48.8637559" lon="2.3491009">
      </trkpt>
      <trkpt lat="48.8633146" lon="2.3488707">
      </trkpt>
      <trkpt lat="48.8629137" lon="2.3486831">
      </trkpt>
      <trkpt lat="48.8628989" lon="2.3486758">
      </trkpt>
      <trkpt lat="48.8628578" lon="2.3488373">
      </trkpt>
      <trkpt lat="48.8626666" lon="2.3495887">
      </trkpt>
      <trkpt lat="48.8621669" lon="2.3493687">
      </trkpt>
      <trkpt lat="48.8620195" lon="2.3500219">
      </trkpt>
      <trkpt lat="48.8620103" lon="2.3500626">
      </trkpt>
      <trkpt lat="48.8620046" lon="2.3500855">
      </trkpt>
      <trkpt lat="48.8619861" lon="2.3501758">
      </trkpt>
      <trkpt lat="48.8619752" lon="2.3502173">
      </trkpt>
      <trkpt lat="48.8619524" lon="2.3503194">
      </trkpt>
      <trkpt lat="48.8619367" lon="2.3503102">
      </trkpt>
      <trkpt lat="48.8619224" lon="2.3503028">
      </trkpt>
      <trkpt lat="48.8619095" lon="2.3503584">
      </trkpt>
      <trkpt lat="48.861814" lon="2.350775">
      </trkpt>
      <trkpt lat="48.8617915" lon="2.350876">
      </trkpt>
      <trkpt lat="48.8612423" lon="2.3506135">
      </trkpt>
      <trkpt lat="48.8610362" lon="2.350518">
      </trkpt>
      <trkpt lat="48.8610273" lon="2.3505505">
      </trkpt>
      <trkpt lat="48.8609863" lon="2.3507027">
      </trkpt>
      <trkpt lat="48.8609736" lon="2.350747">
      </trkpt>
      <trkpt lat="48.8609506" lon="2.3508271">
      </trkpt>
      <trkpt lat="48.8609736" lon="2.350747">
      </trkpt>
      <trkpt lat="48.8609863" lon="2.3507027">
      </trkpt>
      <trkpt lat="48.8610273" lon="2.3505505">
      </trkpt>
      <trkpt lat="48.8610362" lon="2.350518">
      </trkpt>
      <trkpt lat="48.8612423" lon="2.3506135">
      </trkpt>
      <trkpt lat="48.8617915" lon="2.350876">
      </trkpt>
      <trkpt lat="48.8617806" lon="2.3509236">
      </trkpt>
      <trkpt lat="48.8618147" lon="2.3509405">
      </trkpt>
      <trkpt lat="48.8618338" lon="2.3509488">
      </trkpt>
      <trkpt lat="48.8618501" lon="2.3509522">
      </trkpt>
      <trkpt lat="48.8619361" lon="2.3509837">
      </trkpt>
      <trkpt lat="48.8623952" lon="2.3512169">
      </trkpt>
      <trkpt lat="48.8624035" lon="2.351185">
      </trkpt>
      <trkpt lat="48.8623952" lon="2.3512169">
      </trkpt>
      <trkpt lat="48.8623867" lon="2.3512497">
      </trkpt>
      <trkpt lat="48.8623563" lon="2.3513663">
      </trkpt>
      <trkpt lat="48.8622379" lon="2.3518211">
      </trkpt>
      <trkpt lat="48.8622221" lon="2.3518817">
      </trkpt>
      <trkpt lat="48.8622181" lon="2.3518974">
      </trkpt>
      <trkpt lat="48.8617203" lon="2.3516284">
      </trkpt>
      <trkpt lat="48.8617144" lon="2.3516522">
      </trkpt>
      <trkpt lat="48.8617088" lon="2.3516739">
      </trkpt>
      <trkpt lat="48.8617027" lon="2.3516979">
      </trkpt>
      <trkpt lat="48.8617036" lon="2.351732">
      </trkpt>
      <trkpt lat="48.8616702" lon="2.3517447">
      </trkpt>
      <trkpt lat="48.8615798" lon="2.3521457">
      </trkpt>
      <trkpt lat="48.8614933" lon="2.3525336">
      </trkpt>
      <trkpt lat="48.8614821" lon="2.3525797">
      </trkpt>
      <trkpt lat="48.8615106" lon="2.3525941">
      </trkpt>
      <trkpt lat="48.8615038" lon="2.3526255">
      </trkpt>
      <trkpt lat="48.8616504" lon="2.3527007">
      </trkpt>
      <trkpt lat="48.8616351" lon="2.3527712">
      </trkpt>
      <trkpt lat="48.861593" lon="2.3529651">
      </trkpt>
      <trkpt lat="48.8615256" lon="2.3532755">
      </trkpt>
      <trkpt lat="48.861523" lon="2.3532864">
      </trkpt>
      <trkpt lat="48.861483" lon="2.3534724">
      </trkpt>
      <trkpt lat="48.8614763" lon="2.3535033">
      </trkpt>
      <trkpt lat="48.8615858" lon="2.3535664">
      </trkpt>
      <trkpt lat="48.861633" lon="2.3535936">
      </trkpt>
      <trkpt lat="48.861688" lon="2.3536223">
      </trkpt>
      <trkpt lat="48.8617844" lon="2.3536736">
      </trkpt>
      <trkpt lat="48.8620494" lon="2.3538155">
      </trkpt>
      <trkpt lat="48.8620429" lon="2.3538353">
      </trkpt>
      <trkpt lat="48.8620389" lon="2.3538473">
      </trkpt>
      <trkpt lat="48.8620321" lon="2.3538673">
      </trkpt>
      <trkpt lat="48.8620246" lon="2.3539076">
      </trkpt>
      <trkpt lat="48.8620321" lon="2.3538673">
      </trkpt>
      <trkpt lat="48.8620389" lon="2.3538473">
      </trkpt>
      <trkpt lat="48.8620429" lon="2.3538353">
      </trkpt>
      <trkpt lat="48.8620494" lon="2.3538155">
      </trkpt>
      <trkpt lat="48.8620669" lon="2.3537618">
      </trkpt>
      <trkpt lat="48.8621793" lon="2.3534306">
      </trkpt>
      <trkpt lat="48.8620669" lon="2.3537618">
      </trkpt>
      <trkpt lat="48.8620494" lon="2.3538155">
      </trkpt>
      <trkpt lat="48.8617844" lon="2.3536736">
      </trkpt>
      <trkpt lat="48.861688" lon="2.3536223">
      </trkpt>
      <trkpt lat="48.861633" lon="2.3535936">
      </trkpt>
      <trkpt lat="48.8615858" lon="2.3535664">
      </trkpt>
      <trkpt lat="48.8614763" lon="2.3535033">
      </trkpt>
      <trkpt lat="48.8614067" lon="2.3534838">
      </trkpt>
      <trkpt lat="48.8613518" lon="2.3534543">
      </trkpt>
      <trkpt lat="48.8613558" lon="2.3534364">
      </trkpt>
      <trkpt lat="48.8613031" lon="2.3534098">
      </trkpt>
      <trkpt lat="48.8612972" lon="2.3534297">
      </trkpt>
      <trkpt lat="48.8612933" lon="2.3534456">
      </trkpt>
      <trkpt lat="48.8612774" lon="2.353513">
      </trkpt>
      <trkpt lat="48.8612681" lon="2.3535521">
      </trkpt>
      <trkpt lat="48.8612651" lon="2.3535646">
      </trkpt>
      <trkpt lat="48.8612503" lon="2.3536183">
      </trkpt>
      <trkpt lat="48.8612173" lon="2.3536233">
      </trkpt>
      <trkpt lat="48.8609913" lon="2.3542942">
      </trkpt>
      <trkpt lat="48.8609252" lon="2.3544885">
      </trkpt>
      <trkpt lat="48.8607276" lon="2.3550737">
      </trkpt>
      <trkpt lat="48.8607188" lon="2.3551618">
      </trkpt>
      <trkpt lat="48.8607247" lon="2.3552159">
      </trkpt>
      <trkpt lat="48.8607188" lon="2.3551618">
      </trkpt>
      <trkpt lat="48.8607276" lon="2.3550737">
      </trkpt>
      <trkpt lat="48.8607128" lon="2.3550641">
      </trkpt>
      <trkpt lat="48.8606944" lon="2.355051">
      </trkpt>
      <trkpt lat="48.8606803" lon="2.355041">
      </trkpt>
      <trkpt lat="48.8606586" lon="2.3550241">
      </trkpt>
      <trkpt lat="48.8606405" lon="2.355064">
      </trkpt>
      <trkpt lat="48.8604435" lon="2.3548662">
      </trkpt>
      <trkpt lat="48.8604295" lon="2.3548365">
      </trkpt>
      <trkpt lat="48.8604258" lon="2.354832">
      </trkpt>
      <trkpt lat="48.8604111" lon="2.3548162">
      </trkpt>
      <trkpt lat="48.8603908" lon="2.3547928">
      </trkpt>
      <trkpt lat="48.8603876" lon="2.3547897">
      </trkpt>
      <trkpt lat="48.8599068" lon="2.354321">
      </trkpt>
      <trkpt lat="48.8598962" lon="2.3542962">
      </trkpt>
      <trkpt lat="48.8599001" lon="2.3542845">
      </trkpt>
      <trkpt lat="48.8598981" lon="2.3542828">
      </trkpt>
      <trkpt lat="48.859883" lon="2.35427">
      </trkpt>
      <trkpt lat="48.8598696" lon="2.3542584">
      </trkpt>
      <trkpt lat="48.8598669" lon="2.3542564">
      </trkpt>
      <trkpt lat="48.8598541" lon="2.3542614">
      </trkpt>
      <trkpt lat="48.8596291" lon="2.3540605">
      </trkpt>
      <trkpt lat="48.8595631" lon="2.3540174">
      </trkpt>
      <trkpt lat="48.8595153" lon="2.3539884">
      </trkpt>
      <trkpt lat="48.8595028" lon="2.3540213">
      </trkpt>
      <trkpt lat="48.8594862" lon="2.3540489">
      </trkpt>
      <trkpt lat="48.8594609" lon="2.354083">
      </trkpt>
      <trkpt lat="48.8594548" lon="2.3540971">
      </trkpt>
      <trkpt lat="48.8594635" lon="2.3541168">
      </trkpt>
      <trkpt lat="48.8594548" lon="2.3540971">
      </trkpt>
      <trkpt lat="48.8591595" lon="2.3538617">
      </trkpt>
      <trkpt lat="48.8590451" lon="2.35379">
      </trkpt>
      <trkpt lat="48.8590495" lon="2.3537754">
      </trkpt>
      <trkpt lat="48.8590631" lon="2.353734">
      </trkpt>
      <trkpt lat="48.8590709" lon="2.3537101">
      </trkpt>
      <trkpt lat="48.8590746" lon="2.3536975">
      </trkpt>
      <trkpt lat="48.8590671" lon="2.3536712">
      </trkpt>
      <trkpt lat="48.8590623" lon="2.353664">
      </trkpt>
      <trkpt lat="48.8590496" lon="2.3536472">
      </trkpt>
      <trkpt lat="48.859038" lon="2.3536335">
      </trkpt>
      <trkpt lat="48.8590156" lon="2.3536167">
      </trkpt>
      <trkpt lat="48.8591072" lon="2.3533984">
      </trkpt>
      <trkpt lat="48.8591809" lon="2.3532978">
      </trkpt>
      <trkpt lat="48.8592999" lon="2.353015">
      </trkpt>
      <trkpt lat="48.8593707" lon="2.3528447">
      </trkpt>
      <trkpt lat="48.8594177" lon="2.3527281">
      </trkpt>
      <trkpt lat="48.859433" lon="2.3527291">
      </trkpt>
      <trkpt lat="48.8594562" lon="2.3527278">
      </trkpt>
      <trkpt lat="48.859433" lon="2.3527291">
      </trkpt>
      <trkpt lat="48.8594177" lon="2.3527281">
      </trkpt>
      <trkpt lat="48.8593707" lon="2.3528447">
      </trkpt>
      <trkpt lat="48.8592999" lon="2.353015">
      </trkpt>
      <trkpt lat="48.8591809" lon="2.3532978">
      </trkpt>
      <trkpt lat="48.8591072" lon="2.3533984">
      </trkpt>
      <trkpt lat="48.8590156" lon="2.3536167">
      </trkpt>
      <trkpt lat="48.859038" lon="2.3536335">
      </trkpt>
      <trkpt lat="48.8590496" lon="2.3536472">
      </trkpt>
      <trkpt lat="48.8590623" lon="2.353664">
      </trkpt>
      <trkpt lat="48.8590671" lon="2.3536712">
      </trkpt>
      <trkpt lat="48.859207" lon="2.3533583">
      </trkpt>
      <trkpt lat="48.8593686" lon="2.3529897">
      </trkpt>
      <trkpt lat="48.8593753" lon="2.3529873">
      </trkpt>
      <trkpt lat="48.8593763" lon="2.3529848">
      </trkpt>
      <trkpt lat="48.8593804" lon="2.3529759">
      </trkpt>
      <trkpt lat="48.8593583" lon="2.3529596">
      </trkpt>
      <trkpt lat="48.8593804" lon="2.3529759">
      </trkpt>
      <trkpt lat="48.8593864" lon="2.352963">
      </trkpt>
      <trkpt lat="48.8593876" lon="2.3529599">
      </trkpt>
      <trkpt lat="48.8593851" lon="2.3529518">
      </trkpt>
      <trkpt lat="48.859465" lon="2.3527514">
      </trkpt>
      <trkpt lat="48.8595479" lon="2.3527035">
      </trkpt>
      <trkpt lat="48.8596066" lon="2.3527047">
      </trkpt>
      <trkpt lat="48.8596159" lon="2.3526705">
      </trkpt>
      <trkpt lat="48.8596198" lon="2.3526553">
      </trkpt>
      <trkpt lat="48.8596361" lon="2.3525924">
      </trkpt>
      <trkpt lat="48.8596491" lon="2.3525413">
      </trkpt>
      <trkpt lat="48.8596539" lon="2.3525225">
      </trkpt>
      <trkpt lat="48.8596647" lon="2.3524805">
      </trkpt>
      <trkpt lat="48.859708" lon="2.352505">
      </trkpt>
      <trkpt lat="48.8604439" lon="2.3529131">
      </trkpt>
      <trkpt lat="48.859708" lon="2.352505">
      </trkpt>
      <trkpt lat="48.8596647" lon="2.3524805">
      </trkpt>
      <trkpt lat="48.85963" lon="2.3524608">
      </trkpt>
      <trkpt lat="48.8596234" lon="2.352457">
      </trkpt>
      <trkpt lat="48.8595886" lon="2.3524373">
      </trkpt>
      <trkpt lat="48.8595196" lon="2.3523981">
      </trkpt>
      <trkpt lat="48.8594987" lon="2.3524126">
      </trkpt>
      <trkpt lat="48.8588188" lon="2.3520454">
      </trkpt>
      <trkpt lat="48.8588122" lon="2.3520134">
      </trkpt>
      <trkpt lat="48.858788" lon="2.3520221">
      </trkpt>
      <trkpt lat="48.8587456" lon="2.3520019">
      </trkpt>
      <trkpt lat="48.8587054" lon="2.3519792">
      </trkpt>
      <trkpt lat="48.858693" lon="2.3519757">
      </trkpt>
      <trkpt lat="48.8585915" lon="2.351953">
      </trkpt>
      <trkpt lat="48.858427" lon="2.351858">
      </trkpt>
      <trkpt lat="48.8583819" lon="2.3518313">
      </trkpt>
      <trkpt lat="48.8586014" lon="2.3512352">
      </trkpt>
      <trkpt lat="48.8588147" lon="2.3507691">
      </trkpt>
      <trkpt lat="48.8589984" lon="2.3502332">
      </trkpt>
      <trkpt lat="48.8590304" lon="2.3502533">
      </trkpt>
      <trkpt lat="48.8593549" lon="2.3504577">
      </trkpt>
      <trkpt lat="48.8594524" lon="2.3505112">
      </trkpt>
      <trkpt lat="48.859553" lon="2.3505665">
      </trkpt>
      <trkpt lat="48.859869" lon="2.3507399">
      </trkpt>
      <trkpt lat="48.8601533" lon="2.3508948">
      </trkpt>
      <trkpt lat="48.8601694" lon="2.3508388">
      </trkpt>
      <trkpt lat="48.8603532" lon="2.3502015">
      </trkpt>
      <trkpt lat="48.8600436" lon="2.3500439">
      </trkpt>
      <trkpt lat="48.8599842" lon="2.3499939">
      </trkpt>
      <trkpt lat="48.8600436" lon="2.3500439">
      </trkpt>
      <trkpt lat="48.8603532" lon="2.3502015">
      </trkpt>
      <trkpt lat="48.8605244" lon="2.3495885">
      </trkpt>
      <trkpt lat="48.8605453" lon="2.3495161">
      </trkpt>
      <trkpt lat="48.8605398" lon="2.3495132">
      </trkpt>
      <trkpt lat="48.8605037" lon="2.3494904">
      </trkpt>
      <trkpt lat="48.8605176" lon="2.3494481">
      </trkpt>
      <trkpt lat="48.8605389" lon="2.3493634">
      </trkpt>
      <trkpt lat="48.860562" lon="2.349271">
      </trkpt>
      <trkpt lat="48.860565" lon="2.3492565">
      </trkpt>
      <trkpt lat="48.8605831" lon="2.3491906">
      </trkpt>
      <trkpt lat="48.860626" lon="2.3492124">
      </trkpt>
      <trkpt lat="48.8606411" lon="2.349152">
      </trkpt>
      <trkpt lat="48.8607604" lon="2.3486844">
      </trkpt>
      <trkpt lat="48.8608098" lon="2.3486185">
      </trkpt>
      <trkpt lat="48.8603741" lon="2.3483827">
      </trkpt>
      <trkpt lat="48.8601791" lon="2.3482981">
      </trkpt>
      <trkpt lat="48.8602428" lon="2.3477267">
      </trkpt>
      <trkpt lat="48.8602869" lon="2.347331">
      </trkpt>
      <trkpt lat="48.8603349" lon="2.3473434">
      </trkpt>
      <trkpt lat="48.8604412" lon="2.3473707">
      </trkpt>
      <trkpt lat="48.8604946" lon="2.3473844">
      </trkpt>
      <trkpt lat="48.8605034" lon="2.3473119">
      </trkpt>
      <trkpt lat="48.8605872" lon="2.3473399">
      </trkpt>
      <trkpt lat="48.8609907" lon="2.3475458">
      </trkpt>
      <trkpt lat="48.8610058" lon="2.3474873">
      </trkpt>
      <trkpt lat="48.8610091" lon="2.3474746">
      </trkpt>
      <trkpt lat="48.8610825" lon="2.3475043">
      </trkpt>
      <trkpt lat="48.8610767" lon="2.3475292">
      </trkpt>
      <trkpt lat="48.8610208" lon="2.3477461">
      </trkpt>
      <trkpt lat="48.8616041" lon="2.3480357">
      </trkpt>
      <trkpt lat="48.8621013" lon="2.3482805">
      </trkpt>
      <trkpt lat="48.8623777" lon="2.3484175">
      </trkpt>
      <trkpt lat="48.8625147" lon="2.3478158">
      </trkpt>
      <trkpt lat="48.8626389" lon="2.3472702">
      </trkpt>
      <trkpt lat="48.8626825" lon="2.3470775">
      </trkpt>
      <trkpt lat="48.8627049" lon="2.3469758">
      </trkpt>
      <trkpt lat="48.8627697" lon="2.346687">
      </trkpt>
      <trkpt lat="48.8627861" lon="2.3466138">
      </trkpt>
      <trkpt lat="48.8628037" lon="2.3465353">
      </trkpt>
      <trkpt lat="48.8628212" lon="2.3463072">
      </trkpt>
      <trkpt lat="48.8629391" lon="2.3462175">
      </trkpt>
      <trkpt lat="48.8629936" lon="2.346176">
      </trkpt>
      <trkpt lat="48.8630252" lon="2.346152">
      </trkpt>
      <trkpt lat="48.863101" lon="2.3461869">
      </trkpt>
      <trkpt lat="48.863107" lon="2.3462109">
      </trkpt>
      <trkpt lat="48.8631626" lon="2.3462422">
      </trkpt>
      <trkpt lat="48.8631691" lon="2.3462241">
      </trkpt>
      <trkpt lat="48.8631871" lon="2.3461744">
      </trkpt>
      <trkpt lat="48.8632176" lon="2.3460937">
      </trkpt>
      <trkpt lat="48.8632311" lon="2.3461099">
      </trkpt>
      <trkpt lat="48.8632432" lon="2.3461244">
      </trkpt>
      <trkpt lat="48.863254" lon="2.3460601">
      </trkpt>
      <trkpt lat="48.8632623" lon="2.3460315">
      </trkpt>
      <trkpt lat="48.8632728" lon="2.3460054">
      </trkpt>
      <trkpt lat="48.8632858" lon="2.3459934">
      </trkpt>
      <trkpt lat="48.8633131" lon="2.3459734">
      </trkpt>
      <trkpt lat="48.8638515" lon="2.3456491">
      </trkpt>
      <trkpt lat="48.863812" lon="2.3455706">
      </trkpt>
      <trkpt lat="48.86364" lon="2.3452292">
      </trkpt>
      <trkpt lat="48.863812" lon="2.3455706">
      </trkpt>
      <trkpt lat="48.8638515" lon="2.3456491">
      </trkpt>
      <trkpt lat="48.8633131" lon="2.3459734">
      </trkpt>
      <trkpt lat="48.8632858" lon="2.3459934">
      </trkpt>
      <trkpt lat="48.8632728" lon="2.3460054">
      </trkpt>
      <trkpt lat="48.8632623" lon="2.3460315">
      </trkpt>
      <trkpt lat="48.863254" lon="2.3460601">
      </trkpt>
      <trkpt lat="48.8632432" lon="2.3461244">
      </trkpt>
      <trkpt lat="48.8632471" lon="2.3461671">
      </trkpt>
      <trkpt lat="48.8632695" lon="2.3462663">
      </trkpt>
      <trkpt lat="48.8632862" lon="2.3463405">
      </trkpt>
      <trkpt lat="48.8633465" lon="2.3463307">
      </trkpt>
      <trkpt lat="48.8633603" lon="2.3463284">
      </trkpt>
      <trkpt lat="48.8638519" lon="2.3464796">
      </trkpt>
      <trkpt lat="48.8641311" lon="2.3465718">
      </trkpt>
      <trkpt lat="48.864023" lon="2.3475533">
      </trkpt>
      <trkpt lat="48.8641366" lon="2.3475858">
      </trkpt>
      <trkpt lat="48.8641219" lon="2.3476307">
      </trkpt>
      <trkpt lat="48.8641408" lon="2.3476368">
      </trkpt>
      <trkpt lat="48.8641924" lon="2.3476644">
      </trkpt>
      <trkpt lat="48.8642285" lon="2.3476807">
      </trkpt>
      <trkpt lat="48.8642506" lon="2.3476899">
      </trkpt>
      <trkpt lat="48.8642824" lon="2.3476835">
      </trkpt>
      <trkpt lat="48.8646909" lon="2.3478073">
      </trkpt>
      <trkpt lat="48.8646914" lon="2.3477923">
      </trkpt>
      <trkpt lat="48.8646949" lon="2.3477671">
      </trkpt>
      <trkpt lat="48.8647377" lon="2.347781">
      </trkpt>
      <trkpt lat="48.8646949" lon="2.3477671">
      </trkpt>
      <trkpt lat="48.8646985" lon="2.3477413">
      </trkpt>
      <trkpt lat="48.8646993" lon="2.3477343">
      </trkpt>
      <trkpt lat="48.8647188" lon="2.3477256">
      </trkpt>
      <trkpt lat="48.8647439" lon="2.3472138">
      </trkpt>
      <trkpt lat="48.8647538" lon="2.3468652">
      </trkpt>
      <trkpt lat="48.8647483" lon="2.3468474">
      </trkpt>
      <trkpt lat="48.8644793" lon="2.3467567">
      </trkpt>
      <trkpt lat="48.8644938" lon="2.3466973">
      </trkpt>
      <trkpt lat="48.8645024" lon="2.3466659">
      </trkpt>
      <trkpt lat="48.864509" lon="2.3466415">
      </trkpt>
      <trkpt lat="48.8646459" lon="2.3460605">
      </trkpt>
      <trkpt lat="48.8646352" lon="2.3460542">
      </trkpt>
      <trkpt lat="48.8645831" lon="2.3460273">
      </trkpt>
      <trkpt lat="48.8645327" lon="2.3460023">
      </trkpt>
      <trkpt lat="48.864512" lon="2.3459928">
      </trkpt>
      <trkpt lat="48.8646594" lon="2.3453723">
      </trkpt>
      <trkpt lat="48.8646581" lon="2.3453384">
      </trkpt>
      <trkpt lat="48.8646791" lon="2.3453254">
      </trkpt>
      <trkpt lat="48.8647565" lon="2.3452979">
      </trkpt>
      <trkpt lat="48.8648051" lon="2.3452806">
      </trkpt>
      <trkpt lat="48.8648289" lon="2.3452811">
      </trkpt>
      <trkpt lat="48.864864" lon="2.3451347">
      </trkpt>
      <trkpt lat="48.8648686" lon="2.3451125">
      </trkpt>
      <trkpt lat="48.8648791" lon="2.3450759">
      </trkpt>
      <trkpt lat="48.864884" lon="2.3450738">
      </trkpt>
      <trkpt lat="48.8649184" lon="2.3450586">
      </trkpt>
      <trkpt lat="48.8653801" lon="2.3448554">
      </trkpt>
      <trkpt lat="48.865595" lon="2.344776">
      </trkpt>
      <trkpt lat="48.8655782" lon="2.344743">
      </trkpt>
      <trkpt lat="48.8655639" lon="2.3447162">
      </trkpt>
      <trkpt lat="48.8655457" lon="2.3446828">
      </trkpt>
      <trkpt lat="48.8655308" lon="2.3446526">
      </trkpt>
      <trkpt lat="48.865305" lon="2.3441823">
      </trkpt>
      <trkpt lat="48.8651272" lon="2.3440766">
      </trkpt>
      <trkpt lat="48.8651782" lon="2.3438684">
      </trkpt>
      <trkpt lat="48.8653241" lon="2.3432721">
      </trkpt>
      <trkpt lat="48.8653491" lon="2.3432329">
      </trkpt>
      <trkpt lat="48.86537" lon="2.3432381">
      </trkpt>
      <trkpt lat="48.8657039" lon="2.3434075">
      </trkpt>
      <trkpt lat="48.8657661" lon="2.3434351">
      </trkpt>
      <trkpt lat="48.8658247" lon="2.3434631">
      </trkpt>
      <trkpt lat="48.8657661" lon="2.3434351">
      </trkpt>
      <trkpt lat="48.8657039" lon="2.3434075">
      </trkpt>
      <trkpt lat="48.8657146" lon="2.3433875">
      </trkpt>
      <trkpt lat="48.8657386" lon="2.3433102">
      </trkpt>
      <trkpt lat="48.8657493" lon="2.3432759">
      </trkpt>
      <trkpt lat="48.8656889" lon="2.3431625">
      </trkpt>
      <trkpt lat="48.8655608" lon="2.3428865">
      </trkpt>
      <trkpt lat="48.8654681" lon="2.3426969">
      </trkpt>
      <trkpt lat="48.8654737" lon="2.3426708">
      </trkpt>
      <trkpt lat="48.8654789" lon="2.3426328">
      </trkpt>
      <trkpt lat="48.8657004" lon="2.3417013">
      </trkpt>
      <trkpt lat="48.8657072" lon="2.3416693">
      </trkpt>
      <trkpt lat="48.8657526" lon="2.3416772">
      </trkpt>
      <trkpt lat="48.8657848" lon="2.3416765">
      </trkpt>
      <trkpt lat="48.8658107" lon="2.3416727">
      </trkpt>
      <trkpt lat="48.8658477" lon="2.3416632">
      </trkpt>
      <trkpt lat="48.8658783" lon="2.341657">
      </trkpt>
      <trkpt lat="48.86589" lon="2.3416459">
      </trkpt>
      <trkpt lat="48.8659151" lon="2.3416221">
      </trkpt>
      <trkpt lat="48.86594" lon="2.3415986">
      </trkpt>
      <trkpt lat="48.8659509" lon="2.3415883">
      </trkpt>
      <trkpt lat="48.8659626" lon="2.3415723">
      </trkpt>
      <trkpt lat="48.8660001" lon="2.341514">
      </trkpt>
      <trkpt lat="48.8660413" lon="2.3415309">
      </trkpt>
      <trkpt lat="48.866089" lon="2.341498">
      </trkpt>
      <trkpt lat="48.8661305" lon="2.3414611">
      </trkpt>
      <trkpt lat="48.8662292" lon="2.3413761">
      </trkpt>
      <trkpt lat="48.8662808" lon="2.3413334">
      </trkpt>
      <trkpt lat="48.8662959" lon="2.3413696">
      </trkpt>
      <trkpt lat="48.8663136" lon="2.3413549">
      </trkpt>
      <trkpt lat="48.8663291" lon="2.341342">
      </trkpt>
      <trkpt lat="48.8663402" lon="2.3413327">
      </trkpt>
      <trkpt lat="48.8663504" lon="2.3413242">
      </trkpt>
      <trkpt lat="48.8663306" lon="2.3412561">
      </trkpt>
      <trkpt lat="48.8664046" lon="2.3410627">
      </trkpt>
      <trkpt lat="48.8664065" lon="2.3410511">
      </trkpt>
      <trkpt lat="48.8664103" lon="2.3410282">
      </trkpt>
      <trkpt lat="48.8664154" lon="2.3409976">
      </trkpt>
      <trkpt lat="48.8664184" lon="2.3409795">
      </trkpt>
      <trkpt lat="48.8664046" lon="2.3407919">
      </trkpt>
      <trkpt lat="48.8664447" lon="2.3406079">
      </trkpt>
      <trkpt lat="48.8665611" lon="2.3406642">
      </trkpt>
      <trkpt lat="48.8664447" lon="2.3406079">
      </trkpt>
      <trkpt lat="48.8664313" lon="2.3405405">
      </trkpt>
      <trkpt lat="48.8663869" lon="2.3405488">
      </trkpt>
      <trkpt lat="48.8662589" lon="2.3404919">
      </trkpt>
      <trkpt lat="48.8662536" lon="2.3404477">
      </trkpt>
      <trkpt lat="48.8662142" lon="2.3400769">
      </trkpt>
      <trkpt lat="48.8662131" lon="2.3400667">
      </trkpt>
      <trkpt lat="48.8662015" lon="2.3400672">
      </trkpt>
      <trkpt lat="48.8661785" lon="2.3400682">
      </trkpt>
      <trkpt lat="48.8661386" lon="2.34007">
      </trkpt>
      <trkpt lat="48.8661265" lon="2.3400706">
      </trkpt>
      <trkpt lat="48.8661214" lon="2.3400323">
      </trkpt>
      <trkpt lat="48.8660887" lon="2.340017">
      </trkpt>
      <trkpt lat="48.866062" lon="2.3400045">
      </trkpt>
      <trkpt lat="48.8660531" lon="2.3400003">
      </trkpt>
      <trkpt lat="48.8660278" lon="2.3399885">
      </trkpt>
      <trkpt lat="48.8659966" lon="2.3399738">
      </trkpt>
      <trkpt lat="48.8659888" lon="2.3399702">
      </trkpt>
      <trkpt lat="48.865834" lon="2.3406602">
      </trkpt>
      <trkpt lat="48.8658248" lon="2.3406975">
      </trkpt>
      <trkpt lat="48.8657858" lon="2.3406918">
      </trkpt>
      <trkpt lat="48.8657422" lon="2.3406904">
      </trkpt>
      <trkpt lat="48.8656959" lon="2.3406995">
      </trkpt>
      <trkpt lat="48.8656535" lon="2.3407157">
      </trkpt>
      <trkpt lat="48.8656172" lon="2.3407364">
      </trkpt>
      <trkpt lat="48.8656095" lon="2.3407407">
      </trkpt>
      <trkpt lat="48.8655872" lon="2.3407595">
      </trkpt>
      <trkpt lat="48.8655682" lon="2.3407755">
      </trkpt>
      <trkpt lat="48.8655608" lon="2.3407823">
      </trkpt>
      <trkpt lat="48.8655388" lon="2.3408027">
      </trkpt>
      <trkpt lat="48.8654845" lon="2.3408914">
      </trkpt>
      <trkpt lat="48.8654666" lon="2.3409438">
      </trkpt>
      <trkpt lat="48.865462" lon="2.3409573">
      </trkpt>
      <trkpt lat="48.8654508" lon="2.3409875">
      </trkpt>
      <trkpt lat="48.8654377" lon="2.3410227">
      </trkpt>
      <trkpt lat="48.8654356" lon="2.3410342">
      </trkpt>
      <trkpt lat="48.8654129" lon="2.3410185">
      </trkpt>
      <trkpt lat="48.8651033" lon="2.3408106">
      </trkpt>
      <trkpt lat="48.8647443" lon="2.3405615">
      </trkpt>
      <trkpt lat="48.8647228" lon="2.3405663">
      </trkpt>
      <trkpt lat="48.8647096" lon="2.3405584">
      </trkpt>
      <trkpt lat="48.8646972" lon="2.3405502">
      </trkpt>
      <trkpt lat="48.8646802" lon="2.3405389">
      </trkpt>
      <trkpt lat="48.8646569" lon="2.3405264">
      </trkpt>
      <trkpt lat="48.8646239" lon="2.3404916">
      </trkpt>
      <trkpt lat="48.8644378" lon="2.3403744">
      </trkpt>
      <trkpt lat="48.8643425" lon="2.3403058">
      </trkpt>
      <trkpt lat="48.8637093" lon="2.3399572">
      </trkpt>
      <trkpt lat="48.8636129" lon="2.3399088">
      </trkpt>
      <trkpt lat="48.8635748" lon="2.3399181">
      </trkpt>
      <trkpt lat="48.8634692" lon="2.3403718">
      </trkpt>
      <trkpt lat="48.8634677" lon="2.3404639">
      </trkpt>
      <trkpt lat="48.8634608" lon="2.3404898">
      </trkpt>
      <trkpt lat="48.8634494" lon="2.3405349">
      </trkpt>
      <trkpt lat="48.8634355" lon="2.3405893">
      </trkpt>
      <trkpt lat="48.8634249" lon="2.3406305">
      </trkpt>
      <trkpt lat="48.8633929" lon="2.3407133">
      </trkpt>
      <trkpt lat="48.863167" lon="2.3416722">
      </trkpt>
      <trkpt lat="48.8631675" lon="2.3417686">
      </trkpt>
      <trkpt lat="48.8631834" lon="2.3418416">
      </trkpt>
      <trkpt lat="48.8631704" lon="2.341896">
      </trkpt>
      <trkpt lat="48.8631537" lon="2.3419685">
      </trkpt>
      <trkpt lat="48.8631354" lon="2.3420476">
      </trkpt>
      <trkpt lat="48.8631283" lon="2.3420775">
      </trkpt>
      <trkpt lat="48.8631343" lon="2.3420806">
      </trkpt>
      <trkpt lat="48.8635643" lon="2.3422948">
      </trkpt>
      <trkpt lat="48.8635556" lon="2.3423295">
      </trkpt>
      <trkpt lat="48.8634715" lon="2.3427072">
      </trkpt>
      <trkpt lat="48.8634456" lon="2.3429166">
      </trkpt>
      <trkpt lat="48.863442" lon="2.3429769">
      </trkpt>
      <trkpt lat="48.8635369" lon="2.3430177">
      </trkpt>
      <trkpt lat="48.8635417" lon="2.3430198">
      </trkpt>
      <trkpt lat="48.8635535" lon="2.3430261">
      </trkpt>
      <trkpt lat="48.8635647" lon="2.3430321">
      </trkpt>
      <trkpt lat="48.8635947" lon="2.3430504">
      </trkpt>
      <trkpt lat="48.8635045" lon="2.3433695">
      </trkpt>
      <trkpt lat="48.8633743" lon="2.3439475">
      </trkpt>
      <trkpt lat="48.8633809" lon="2.3440038">
      </trkpt>
      <trkpt lat="48.8633898" lon="2.3440209">
      </trkpt>
      <trkpt lat="48.8633796" lon="2.344053">
      </trkpt>
      <trkpt lat="48.8633722" lon="2.3440777">
      </trkpt>
      <trkpt lat="48.8633659" lon="2.3440988">
      </trkpt>
      <trkpt lat="48.8633276" lon="2.3442425">
      </trkpt>
      <trkpt lat="48.8631157" lon="2.3450384">
      </trkpt>
      <trkpt lat="48.8630878" lon="2.345021">
      </trkpt>
      <trkpt lat="48.8629777" lon="2.3449525">
      </trkpt>
      <trkpt lat="48.8629573" lon="2.3449398">
      </trkpt>
      <trkpt lat="48.8629096" lon="2.3448952">
      </trkpt>
      <trkpt lat="48.862877" lon="2.3448595">
      </trkpt>
      <trkpt lat="48.862672" lon="2.3447314">
      </trkpt>
      <trkpt lat="48.862491" lon="2.3446275">
      </trkpt>
      <trkpt lat="48.8624452" lon="2.3446275">
      </trkpt>
      <trkpt lat="48.8624126" lon="2.3445291">
      </trkpt>
      <trkpt lat="48.862401" lon="2.3444952">
      </trkpt>
      <trkpt lat="48.862365" lon="2.3445165">
      </trkpt>
      <trkpt lat="48.8622889" lon="2.3445616">
      </trkpt>
      <trkpt lat="48.8621805" lon="2.344472">
      </trkpt>
      <trkpt lat="48.8620971" lon="2.3444177">
      </trkpt>
      <trkpt lat="48.8620698" lon="2.3444286">
      </trkpt>
      <trkpt lat="48.8620364" lon="2.344442">
      </trkpt>
      <trkpt lat="48.8619709" lon="2.3444155">
      </trkpt>
      <trkpt lat="48.8619342" lon="2.3443966">
      </trkpt>
      <trkpt lat="48.8618488" lon="2.3443528">
      </trkpt>
      <trkpt lat="48.8618304" lon="2.3443434">
      </trkpt>
      <trkpt lat="48.8618569" lon="2.3442293">
      </trkpt>
      <trkpt lat="48.8618281" lon="2.3442147">
      </trkpt>
      <trkpt lat="48.8618106" lon="2.3442068">
      </trkpt>
      <trkpt lat="48.8617914" lon="2.3441982">
      </trkpt>
      <trkpt lat="48.8617572" lon="2.344189">
      </trkpt>
      <trkpt lat="48.8617436" lon="2.3442115">
      </trkpt>
      <trkpt lat="48.8616966" lon="2.3441881">
      </trkpt>
      <trkpt lat="48.8615469" lon="2.3441188">
      </trkpt>
      <trkpt lat="48.861525" lon="2.3441295">
      </trkpt>
      <trkpt lat="48.861248" lon="2.3439871">
      </trkpt>
      <trkpt lat="48.8612296" lon="2.3439776">
      </trkpt>
      <trkpt lat="48.8612273" lon="2.3439495">
      </trkpt>
      <trkpt lat="48.8612136" lon="2.3439426">
      </trkpt>
      <trkpt lat="48.8611939" lon="2.3439268">
      </trkpt>
      <trkpt lat="48.8611765" lon="2.3439128">
      </trkpt>
      <trkpt lat="48.8611678" lon="2.3439072">
      </trkpt>
      <trkpt lat="48.8612487" lon="2.3435206">
      </trkpt>
      <trkpt lat="48.8612729" lon="2.3433699">
      </trkpt>
      <trkpt lat="48.8612487" lon="2.3435206">
      </trkpt>
      <trkpt lat="48.8611678" lon="2.3439072">
      </trkpt>
      <trkpt lat="48.8611572" lon="2.3439271">
      </trkpt>
      <trkpt lat="48.8611576" lon="2.343942">
      </trkpt>
      <trkpt lat="48.8611505" lon="2.3439712">
      </trkpt>
      <trkpt lat="48.8611399" lon="2.3440145">
      </trkpt>
      <trkpt lat="48.8611382" lon="2.3440189">
      </trkpt>
      <trkpt lat="48.8611472" lon="2.3440358">
      </trkpt>
      <trkpt lat="48.8611455" lon="2.3440577">
      </trkpt>
      <trkpt lat="48.8611526" lon="2.3440635">
      </trkpt>
      <trkpt lat="48.8611783" lon="2.3440897">
      </trkpt>
      <trkpt lat="48.8611971" lon="2.3441088">
      </trkpt>
      <trkpt lat="48.8612131" lon="2.3441219">
      </trkpt>
      <trkpt lat="48.8611877" lon="2.3442544">
      </trkpt>
      <trkpt lat="48.8611386" lon="2.3447672">
      </trkpt>
      <trkpt lat="48.8611318" lon="2.3448505">
      </trkpt>
      <trkpt lat="48.8611442" lon="2.3448794">
      </trkpt>
      <trkpt lat="48.8611391" lon="2.3448995">
      </trkpt>
      <trkpt lat="48.8611318" lon="2.3449283">
      </trkpt>
      <trkpt lat="48.8611249" lon="2.3449554">
      </trkpt>
      <trkpt lat="48.8611171" lon="2.3449859">
      </trkpt>
      <trkpt lat="48.8610911" lon="2.3449991">
      </trkpt>
      <trkpt lat="48.8610778" lon="2.3450058">
      </trkpt>
      <trkpt lat="48.8610696" lon="2.3450004">
      </trkpt>
      <trkpt lat="48.8610499" lon="2.3449937">
      </trkpt>
      <trkpt lat="48.8610253" lon="2.3449853">
      </trkpt>
      <trkpt lat="48.8610066" lon="2.3449863">
      </trkpt>
      <trkpt lat="48.8609268" lon="2.3452511">
      </trkpt>
      <trkpt lat="48.8609153" lon="2.3452961">
      </trkpt>
      <trkpt lat="48.8607891" lon="2.3455348">
      </trkpt>
      <trkpt lat="48.8607027" lon="2.3456991">
      </trkpt>
      <trkpt lat="48.8606801" lon="2.3457138">
      </trkpt>
      <trkpt lat="48.8606696" lon="2.3457346">
      </trkpt>
      <trkpt lat="48.86047" lon="2.3455316">
      </trkpt>
      <trkpt lat="48.8604912" lon="2.3454679">
      </trkpt>
      <trkpt lat="48.86047" lon="2.3455316">
      </trkpt>
      <trkpt lat="48.8604185" lon="2.3454792">
      </trkpt>
      <trkpt lat="48.8600861" lon="2.3452176">
      </trkpt>
      <trkpt lat="48.8596917" lon="2.3448847">
      </trkpt>
      <trkpt lat="48.8596849" lon="2.3449058">
      </trkpt>
      <trkpt lat="48.8596804" lon="2.3449186">
      </trkpt>
      <trkpt lat="48.8596609" lon="2.3449685">
      </trkpt>
      <trkpt lat="48.8594298" lon="2.3456784">
      </trkpt>
      <trkpt lat="48.8594205" lon="2.3457092">
      </trkpt>
      <trkpt lat="48.8594102" lon="2.3457368">
      </trkpt>
      <trkpt lat="48.8594007" lon="2.3457626">
      </trkpt>
      <trkpt lat="48.8593971" lon="2.3457718">
      </trkpt>
      <trkpt lat="48.8593867" lon="2.3458026">
      </trkpt>
      <trkpt lat="48.8593642" lon="2.3457835">
      </trkpt>
      <trkpt lat="48.8593446" lon="2.3457676">
      </trkpt>
      <trkpt lat="48.859308" lon="2.3457379">
      </trkpt>
      <trkpt lat="48.8592821" lon="2.345717">
      </trkpt>
      <trkpt lat="48.8592675" lon="2.3457052">
      </trkpt>
      <trkpt lat="48.8592435" lon="2.3456891">
      </trkpt>
      <trkpt lat="48.859227" lon="2.3457383">
      </trkpt>
      <trkpt lat="48.8590749" lon="2.3462156">
      </trkpt>
      <trkpt lat="48.859043" lon="2.3462561">
      </trkpt>
      <trkpt lat="48.8590338" lon="2.3462485">
      </trkpt>
      <trkpt lat="48.8589982" lon="2.3462187">
      </trkpt>
      <trkpt lat="48.8589488" lon="2.3461896">
      </trkpt>
      <trkpt lat="48.8589257" lon="2.3461634">
      </trkpt>
      <trkpt lat="48.8589184" lon="2.34614">
      </trkpt>
      <trkpt lat="48.8588984" lon="2.3461385">
      </trkpt>
      <trkpt lat="48.8588824" lon="2.3461241">
      </trkpt>
      <trkpt lat="48.8588571" lon="2.3461012">
      </trkpt>
      <trkpt lat="48.8588529" lon="2.3460907">
      </trkpt>
      <trkpt lat="48.8588405" lon="2.3460893">
      </trkpt>
      <trkpt lat="48.8587064" lon="2.3459894">
      </trkpt>
      <trkpt lat="48.8586945" lon="2.345972">
      </trkpt>
      <trkpt lat="48.8586789" lon="2.3459746">
      </trkpt>
      <trkpt lat="48.8586578" lon="2.3459615">
      </trkpt>
      <trkpt lat="48.8586518" lon="2.3459546">
      </trkpt>
      <trkpt lat="48.8586448" lon="2.3459443">
      </trkpt>
      <trkpt lat="48.8586182" lon="2.3459458">
      </trkpt>
      <trkpt lat="48.8585877" lon="2.3459331">
      </trkpt>
      <trkpt lat="48.8585833" lon="2.3459478">
      </trkpt>
      <trkpt lat="48.8585746" lon="2.3459857">
      </trkpt>
      <trkpt lat="48.858566" lon="2.3460232">
      </trkpt>
      <trkpt lat="48.8585507" lon="2.3460384">
      </trkpt>
      <trkpt lat="48.8585591" lon="2.3460699">
      </trkpt>
      <trkpt lat="48.858432" lon="2.3465614">
      </trkpt>
      <trkpt lat="48.858308" lon="2.3470348">
      </trkpt>
      <trkpt lat="48.8582727" lon="2.3471361">
      </trkpt>
      <trkpt lat="48.8582599" lon="2.3471448">
      </trkpt>
      <trkpt lat="48.8582074" lon="2.3471408">
      </trkpt>
      <trkpt lat="48.8580133" lon="2.3471052">
      </trkpt>
      <trkpt lat="48.858007" lon="2.3471434">
      </trkpt>
      <trkpt lat="48.8579937" lon="2.3472213">
      </trkpt>
      <trkpt lat="48.8579743" lon="2.3473238">
      </trkpt>
      <trkpt lat="48.8579626" lon="2.3473969">
      </trkpt>
      <trkpt lat="48.8579374" lon="2.3473882">
      </trkpt>
      <trkpt lat="48.8578987" lon="2.347365">
      </trkpt>
      <trkpt lat="48.8578495" lon="2.3473353">
      </trkpt>
      <trkpt lat="48.8577656" lon="2.3472837">
      </trkpt>
      <trkpt lat="48.8577431" lon="2.3472718">
      </trkpt>
      <trkpt lat="48.8573882" lon="2.3470562">
      </trkpt>
      <trkpt lat="48.8573922" lon="2.3470353">
      </trkpt>
      <trkpt lat="48.8574089" lon="2.3469122">
      </trkpt>
      <trkpt lat="48.8574297" lon="2.3467727">
      </trkpt>
      <trkpt lat="48.8574373" lon="2.3467255">
      </trkpt>
      <trkpt lat="48.8577104" lon="2.3457027">
      </trkpt>
      <trkpt lat="48.8576796" lon="2.3456855">
      </trkpt>
      <trkpt lat="48.8576193" lon="2.3456514">
      </trkpt>
      <trkpt lat="48.8575649" lon="2.3456206">
      </trkpt>
      <trkpt lat="48.8576485" lon="2.3452636">
      </trkpt>
      <trkpt lat="48.8582996" lon="2.3427922">
      </trkpt>
      <trkpt lat="48.8583427" lon="2.3426209">
      </trkpt>
      <trkpt lat="48.8583327" lon="2.342566">
      </trkpt>
      <trkpt lat="48.8582992" lon="2.3424375">
      </trkpt>
      <trkpt lat="48.8583094" lon="2.3424083">
      </trkpt>
      <trkpt lat="48.8583329" lon="2.3423422">
      </trkpt>
      <trkpt lat="48.8583584" lon="2.3422706">
      </trkpt>
      <trkpt lat="48.8583736" lon="2.3422352">
      </trkpt>
      <trkpt lat="48.8583848" lon="2.3422128">
      </trkpt>
      <trkpt lat="48.8583888" lon="2.3422042">
      </trkpt>
      <trkpt lat="48.8584305" lon="2.3421839">
      </trkpt>
      <trkpt lat="48.8584636" lon="2.3421575">
      </trkpt>
      <trkpt lat="48.8584878" lon="2.3421624">
      </trkpt>
      <trkpt lat="48.858508" lon="2.3421593">
      </trkpt>
      <trkpt lat="48.8586343" lon="2.3422251">
      </trkpt>
      <trkpt lat="48.8586558" lon="2.3422346">
      </trkpt>
      <trkpt lat="48.8586807" lon="2.3422457">
      </trkpt>
      <trkpt lat="48.8586729" lon="2.3422794">
      </trkpt>
      <trkpt lat="48.8586575" lon="2.3423464">
      </trkpt>
      <trkpt lat="48.8586491" lon="2.3423769">
      </trkpt>
      <trkpt lat="48.8586464" lon="2.3424422">
      </trkpt>
      <trkpt lat="48.8586287" lon="2.3424943">
      </trkpt>
      <trkpt lat="48.8590798" lon="2.3428409">
      </trkpt>
      <trkpt lat="48.8592753" lon="2.3429532">
      </trkpt>
      <trkpt lat="48.8596895" lon="2.3431995">
      </trkpt>
      <trkpt lat="48.8599916" lon="2.3433718">
      </trkpt>
      <trkpt lat="48.8600056" lon="2.3433275">
      </trkpt>
      <trkpt lat="48.8600157" lon="2.3433018">
      </trkpt>
      <trkpt lat="48.8600317" lon="2.3432606">
      </trkpt>
      <trkpt lat="48.8603036" lon="2.3424081">
      </trkpt>
      <trkpt lat="48.8602677" lon="2.342333">
      </trkpt>
      <trkpt lat="48.8603036" lon="2.3424081">
      </trkpt>
      <trkpt lat="48.8603226" lon="2.3424478">
      </trkpt>
      <trkpt lat="48.8603362" lon="2.3424565">
      </trkpt>
      <trkpt lat="48.8603607" lon="2.3424723">
      </trkpt>
      <trkpt lat="48.8604063" lon="2.3425016">
      </trkpt>
      <trkpt lat="48.8604223" lon="2.3425119">
      </trkpt>
      <trkpt lat="48.8604499" lon="2.3425293">
      </trkpt>
      <trkpt lat="48.8604857" lon="2.3424344">
      </trkpt>
      <trkpt lat="48.860533" lon="2.3424508">
      </trkpt>
      <trkpt lat="48.8606907" lon="2.3425138">
      </trkpt>
      <trkpt lat="48.8608757" lon="2.3425554">
      </trkpt>
      <trkpt lat="48.8609331" lon="2.3425605">
      </trkpt>
      <trkpt lat="48.8611153" lon="2.3425693">
      </trkpt>
      <trkpt lat="48.8613343" lon="2.342578">
      </trkpt>
      <trkpt lat="48.8613321" lon="2.3425297">
      </trkpt>
      <trkpt lat="48.8613315" lon="2.342505">
      </trkpt>
      <trkpt lat="48.8613308" lon="2.3424763">
      </trkpt>
      <trkpt lat="48.8613301" lon="2.3424334">
      </trkpt>
      <trkpt lat="48.8610522" lon="2.3424331">
      </trkpt>
      <trkpt lat="48.8609428" lon="2.3424194">
      </trkpt>
      <trkpt lat="48.8610522" lon="2.3424331">
      </trkpt>
      <trkpt lat="48.8613301" lon="2.3424334">
      </trkpt>
      <trkpt lat="48.8613918" lon="2.3424335">
      </trkpt>
      <trkpt lat="48.8614132" lon="2.3424033">
      </trkpt>
      <trkpt lat="48.8614602" lon="2.3422043">
      </trkpt>
      <trkpt lat="48.8614501" lon="2.3421859">
      </trkpt>
      <trkpt lat="48.8615971" lon="2.3414592">
      </trkpt>
      <trkpt lat="48.861632" lon="2.341336">
      </trkpt>
      <trkpt lat="48.8616198" lon="2.3412636">
      </trkpt>
      <trkpt lat="48.8611603" lon="2.3410539">
      </trkpt>
      <trkpt lat="48.8611379" lon="2.3410789">
      </trkpt>
      <trkpt lat="48.8611242" lon="2.3410752">
      </trkpt>
      <trkpt lat="48.8611099" lon="2.3410706">
      </trkpt>
      <trkpt lat="48.8610938" lon="2.3410653">
      </trkpt>
      <trkpt lat="48.8610846" lon="2.3410475">
      </trkpt>
      <trkpt lat="48.8610727" lon="2.3410242">
      </trkpt>
      <trkpt lat="48.8610041" lon="2.3409956">
      </trkpt>
      <trkpt lat="48.860916" lon="2.341044">
      </trkpt>
      <trkpt lat="48.8609068" lon="2.3410686">
      </trkpt>
      <trkpt lat="48.8608917" lon="2.3410584">
      </trkpt>
      <trkpt lat="48.8608778" lon="2.3410482">
      </trkpt>
      <trkpt lat="48.8608492" lon="2.3410272">
      </trkpt>
      <trkpt lat="48.8608082" lon="2.3409972">
      </trkpt>
      <trkpt lat="48.8607951" lon="2.3409877">
      </trkpt>
      <trkpt lat="48.8607737" lon="2.3409588">
      </trkpt>
      <trkpt lat="48.8607951" lon="2.3409877">
      </trkpt>
      <trkpt lat="48.8608082" lon="2.3409972">
      </trkpt>
      <trkpt lat="48.8608492" lon="2.3410272">
      </trkpt>
      <trkpt lat="48.8608778" lon="2.3410482">
      </trkpt>
      <trkpt lat="48.8608917" lon="2.3410584">
      </trkpt>
      <trkpt lat="48.8609068" lon="2.3410686">
      </trkpt>
      <trkpt lat="48.860916" lon="2.341044">
      </trkpt>
      <trkpt lat="48.8610041" lon="2.3409956">
      </trkpt>
      <trkpt lat="48.8610092" lon="2.34097">
      </trkpt>
      <trkpt lat="48.8610294" lon="2.3408793">
      </trkpt>
      <trkpt lat="48.8610472" lon="2.3407942">
      </trkpt>
      <trkpt lat="48.861053" lon="2.3407719">
      </trkpt>
      <trkpt lat="48.8610601" lon="2.3407471">
      </trkpt>
      <trkpt lat="48.8613066" lon="2.3399875">
      </trkpt>
      <trkpt lat="48.8613122" lon="2.3399713">
      </trkpt>
      <trkpt lat="48.8613172" lon="2.3399567">
      </trkpt>
      <trkpt lat="48.8613325" lon="2.3399124">
      </trkpt>
      <trkpt lat="48.861348" lon="2.3398678">
      </trkpt>
      <trkpt lat="48.8613534" lon="2.3398521">
      </trkpt>
      <trkpt lat="48.8613578" lon="2.3398393">
      </trkpt>
      <trkpt lat="48.8615238" lon="2.3393217">
      </trkpt>
      <trkpt lat="48.8615347" lon="2.3392823">
      </trkpt>
      <trkpt lat="48.8615409" lon="2.3392592">
      </trkpt>
      <trkpt lat="48.8615696" lon="2.3391697">
      </trkpt>
      <trkpt lat="48.8615964" lon="2.3390861">
      </trkpt>
      <trkpt lat="48.8616055" lon="2.3390594">
      </trkpt>
      <trkpt lat="48.8615969" lon="2.3390228">
      </trkpt>
      <trkpt lat="48.8616007" lon="2.3390109">
      </trkpt>
      <trkpt lat="48.8622148" lon="2.3371146">
      </trkpt>
      <trkpt lat="48.8622107" lon="2.3371117">
      </trkpt>
      <trkpt lat="48.8621926" lon="2.337099">
      </trkpt>
      <trkpt lat="48.8621377" lon="2.3370603">
      </trkpt>
      <trkpt lat="48.8621109" lon="2.3370414">
      </trkpt>
      <trkpt lat="48.8620784" lon="2.3370185">
      </trkpt>
      <trkpt lat="48.8620619" lon="2.3370069">
      </trkpt>
      <trkpt lat="48.8622082" lon="2.3365516">
      </trkpt>
      <trkpt lat="48.8621898" lon="2.3365392">
      </trkpt>
      <trkpt lat="48.8618834" lon="2.3363572">
      </trkpt>
      <trkpt lat="48.8619047" lon="2.3362735">
      </trkpt>
      <trkpt lat="48.8617616" lon="2.336183">
      </trkpt>
      <trkpt lat="48.8616436" lon="2.3361172">
      </trkpt>
      <trkpt lat="48.8615601" lon="2.3360688">
      </trkpt>
      <trkpt lat="48.861536" lon="2.3360549">
      </trkpt>
      <trkpt lat="48.8614975" lon="2.3360326">
      </trkpt>
      <trkpt lat="48.8614749" lon="2.3360195">
      </trkpt>
      <trkpt lat="48.8614826" lon="2.3359891">
      </trkpt>
      <trkpt lat="48.8616733" lon="2.3352335">
      </trkpt>
      <trkpt lat="48.8617824" lon="2.3349221">
      </trkpt>
      <trkpt lat="48.8623207" lon="2.3352348">
      </trkpt>
      <trkpt lat="48.8623767" lon="2.3353116">
      </trkpt>
      <trkpt lat="48.862374" lon="2.3352395">
      </trkpt>
      <trkpt lat="48.8618162" lon="2.3345866">
      </trkpt>
      <trkpt lat="48.8618221" lon="2.3345629">
      </trkpt>
      <trkpt lat="48.8618317" lon="2.3345251">
      </trkpt>
      <trkpt lat="48.8618405" lon="2.3344885">
      </trkpt>
      <trkpt lat="48.8618718" lon="2.3343589">
      </trkpt>
      <trkpt lat="48.8618898" lon="2.334284">
      </trkpt>
      <trkpt lat="48.8618961" lon="2.3342226">
      </trkpt>
      <trkpt lat="48.8618994" lon="2.3341921">
      </trkpt>
      <trkpt lat="48.8619148" lon="2.3340514">
      </trkpt>
      <trkpt lat="48.8619091" lon="2.3339108">
      </trkpt>
      <trkpt lat="48.8618861" lon="2.3337795">
      </trkpt>
      <trkpt lat="48.8618488" lon="2.3336628">
      </trkpt>
      <trkpt lat="48.8617917" lon="2.3335485">
      </trkpt>
      <trkpt lat="48.8617159" lon="2.3334497">
      </trkpt>
      <trkpt lat="48.8618507" lon="2.3330005">
      </trkpt>
      <trkpt lat="48.8619643" lon="2.3330853">
      </trkpt>
      <trkpt lat="48.8619842" lon="2.3330993">
      </trkpt>
      <trkpt lat="48.8619708" lon="2.3331391">
      </trkpt>
      <trkpt lat="48.8619407" lon="2.3332335">
      </trkpt>
      <trkpt lat="48.8619315" lon="2.3332615">
      </trkpt>
      <trkpt lat="48.8618755" lon="2.3334432">
      </trkpt>
      <trkpt lat="48.8616771" lon="2.333304">
      </trkpt>
      <trkpt lat="48.8616552" lon="2.3333733">
      </trkpt>
      <trkpt lat="48.861632" lon="2.3333563">
      </trkpt>
      <trkpt lat="48.8615962" lon="2.333498">
      </trkpt>
      <trkpt lat="48.8622111" lon="2.3339133">
      </trkpt>
      <trkpt lat="48.8620563" lon="2.3345246">
      </trkpt>
      <trkpt lat="48.8623268" lon="2.3348669">
      </trkpt>
      <trkpt lat="48.8625462" lon="2.3349927">
      </trkpt>
      <trkpt lat="48.862527" lon="2.3350495">
      </trkpt>
      <trkpt lat="48.8625799" lon="2.3350994">
      </trkpt>
      <trkpt lat="48.8627209" lon="2.3352141">
      </trkpt>
      <trkpt lat="48.8625799" lon="2.3350994">
      </trkpt>
      <trkpt lat="48.862527" lon="2.3350495">
      </trkpt>
      <trkpt lat="48.8625462" lon="2.3349927">
      </trkpt>
      <trkpt lat="48.8626019" lon="2.3348316">
      </trkpt>
      <trkpt lat="48.8625462" lon="2.3349927">
      </trkpt>
      <trkpt lat="48.8623268" lon="2.3348669">
      </trkpt>
      <trkpt lat="48.8620563" lon="2.3345246">
      </trkpt>
      <trkpt lat="48.8622111" lon="2.3339133">
      </trkpt>
      <trkpt lat="48.8615962" lon="2.333498">
      </trkpt>
      <trkpt lat="48.861632" lon="2.3333563">
      </trkpt>
      <trkpt lat="48.8616552" lon="2.3333733">
      </trkpt>
      <trkpt lat="48.8616771" lon="2.333304">
      </trkpt>
      <trkpt lat="48.8618755" lon="2.3334432">
      </trkpt>
      <trkpt lat="48.8619315" lon="2.3332615">
      </trkpt>
      <trkpt lat="48.8619407" lon="2.3332335">
      </trkpt>
      <trkpt lat="48.8619708" lon="2.3331391">
      </trkpt>
      <trkpt lat="48.8619842" lon="2.3330993">
      </trkpt>
      <trkpt lat="48.8620072" lon="2.3331155">
      </trkpt>
      <trkpt lat="48.8620422" lon="2.3331401">
      </trkpt>
      <trkpt lat="48.8620978" lon="2.3331791">
      </trkpt>
      <trkpt lat="48.8621765" lon="2.3329308">
      </trkpt>
      <trkpt lat="48.8623378" lon="2.3330489">
      </trkpt>
      <trkpt lat="48.8623424" lon="2.3330337">
      </trkpt>
      <trkpt lat="48.8623599" lon="2.3329798">
      </trkpt>
      <trkpt lat="48.8623685" lon="2.3329518">
      </trkpt>
      <trkpt lat="48.8623763" lon="2.3329264">
      </trkpt>
      <trkpt lat="48.8628528" lon="2.3332878">
      </trkpt>
      <trkpt lat="48.863075" lon="2.332583">
      </trkpt>
      <trkpt lat="48.8632759" lon="2.3319486">
      </trkpt>
      <trkpt lat="48.863326" lon="2.331979">
      </trkpt>
      <trkpt lat="48.8635895" lon="2.3321732">
      </trkpt>
      <trkpt lat="48.8635995" lon="2.3321403">
      </trkpt>
      <trkpt lat="48.86361" lon="2.3321062">
      </trkpt>
      <trkpt lat="48.8636411" lon="2.3320039">
      </trkpt>
      <trkpt lat="48.8636691" lon="2.3319122">
      </trkpt>
      <trkpt lat="48.8636784" lon="2.3318812">
      </trkpt>
      <trkpt lat="48.8637067" lon="2.3317938">
      </trkpt>
      <trkpt lat="48.863744" lon="2.3318085">
      </trkpt>
      <trkpt lat="48.8637684" lon="2.3317311">
      </trkpt>
      <trkpt lat="48.8638227" lon="2.3315701">
      </trkpt>
      <trkpt lat="48.8639502" lon="2.331161">
      </trkpt>
      <trkpt lat="48.8642271" lon="2.3302941">
      </trkpt>
      <trkpt lat="48.8642411" lon="2.3303043">
      </trkpt>
      <trkpt lat="48.8642853" lon="2.330169">
      </trkpt>
      <trkpt lat="48.8642956" lon="2.3301768">
      </trkpt>
      <trkpt lat="48.8643062" lon="2.3301847">
      </trkpt>
      <trkpt lat="48.8643194" lon="2.3301946">
      </trkpt>
      <trkpt lat="48.8643339" lon="2.3302055">
      </trkpt>
      <trkpt lat="48.8643536" lon="2.3302202">
      </trkpt>
      <trkpt lat="48.8643999" lon="2.3302549">
      </trkpt>
      <trkpt lat="48.8644227" lon="2.3302719">
      </trkpt>
      <trkpt lat="48.8644276" lon="2.3302757">
      </trkpt>
      <trkpt lat="48.8644496" lon="2.3302179">
      </trkpt>
      <trkpt lat="48.8644759" lon="2.3302265">
      </trkpt>
      <trkpt lat="48.864516" lon="2.3302548">
      </trkpt>
      <trkpt lat="48.8654152" lon="2.3308343">
      </trkpt>
      <trkpt lat="48.8654258" lon="2.3308246">
      </trkpt>
      <trkpt lat="48.8654457" lon="2.3307939">
      </trkpt>
      <trkpt lat="48.8654632" lon="2.3307517">
      </trkpt>
      <trkpt lat="48.8654655" lon="2.3307403">
      </trkpt>
      <trkpt lat="48.8654932" lon="2.3307108">
      </trkpt>
      <trkpt lat="48.8655004" lon="2.3307187">
      </trkpt>
      <trkpt lat="48.8655306" lon="2.3307475">
      </trkpt>
      <trkpt lat="48.8655555" lon="2.3307652">
      </trkpt>
      <trkpt lat="48.8655665" lon="2.3307719">
      </trkpt>
      <trkpt lat="48.8658011" lon="2.3303084">
      </trkpt>
      <trkpt lat="48.8655665" lon="2.3307719">
      </trkpt>
      <trkpt lat="48.8655665" lon="2.3308034">
      </trkpt>
      <trkpt lat="48.8655577" lon="2.3308121">
      </trkpt>
      <trkpt lat="48.8655368" lon="2.330848">
      </trkpt>
      <trkpt lat="48.8655196" lon="2.3308836">
      </trkpt>
      <trkpt lat="48.8655088" lon="2.330905">
      </trkpt>
      <trkpt lat="48.8654997" lon="2.3309077">
      </trkpt>
      <trkpt lat="48.8651966" lon="2.3315077">
      </trkpt>
      <trkpt lat="48.865151" lon="2.331598">
      </trkpt>
      <trkpt lat="48.8651462" lon="2.3316108">
      </trkpt>
      <trkpt lat="48.8651353" lon="2.331631">
      </trkpt>
      <trkpt lat="48.8651241" lon="2.3316517">
      </trkpt>
      <trkpt lat="48.8651171" lon="2.3316678">
      </trkpt>
      <trkpt lat="48.864998" lon="2.3319112">
      </trkpt>
      <trkpt lat="48.864986" lon="2.3319346">
      </trkpt>
      <trkpt lat="48.8649862" lon="2.3319435">
      </trkpt>
      <trkpt lat="48.8649754" lon="2.3319532">
      </trkpt>
      <trkpt lat="48.8649639" lon="2.3319785">
      </trkpt>
      <trkpt lat="48.8649575" lon="2.3319929">
      </trkpt>
      <trkpt lat="48.8649499" lon="2.3320138">
      </trkpt>
      <trkpt lat="48.8649247" lon="2.3320681">
      </trkpt>
      <trkpt lat="48.8648824" lon="2.3321593">
      </trkpt>
      <trkpt lat="48.8648363" lon="2.3322587">
      </trkpt>
      <trkpt lat="48.8647981" lon="2.332341">
      </trkpt>
      <trkpt lat="48.8647871" lon="2.3323615">
      </trkpt>
      <trkpt lat="48.8647761" lon="2.3323819">
      </trkpt>
      <trkpt lat="48.8646676" lon="2.332622">
      </trkpt>
      <trkpt lat="48.8646449" lon="2.3326281">
      </trkpt>
      <trkpt lat="48.8646082" lon="2.3325998">
      </trkpt>
      <trkpt lat="48.8645755" lon="2.3325776">
      </trkpt>
      <trkpt lat="48.8645677" lon="2.3325737">
      </trkpt>
      <trkpt lat="48.8645545" lon="2.3325867">
      </trkpt>
      <trkpt lat="48.8645477" lon="2.3325934">
      </trkpt>
      <trkpt lat="48.8645428" lon="2.3326059">
      </trkpt>
      <trkpt lat="48.8645193" lon="2.3326606">
      </trkpt>
      <trkpt lat="48.8644918" lon="2.3327216">
      </trkpt>
      <trkpt lat="48.8644792" lon="2.3327547">
      </trkpt>
      <trkpt lat="48.8644874" lon="2.3327672">
      </trkpt>
      <trkpt lat="48.8645146" lon="2.3327944">
      </trkpt>
      <trkpt lat="48.8645444" lon="2.3328224">
      </trkpt>
      <trkpt lat="48.8645535" lon="2.3328415">
      </trkpt>
      <trkpt lat="48.8645842" lon="2.3328365">
      </trkpt>
      <trkpt lat="48.8646512" lon="2.3328627">
      </trkpt>
      <trkpt lat="48.8650822" lon="2.3332053">
      </trkpt>
      <trkpt lat="48.8655946" lon="2.3335762">
      </trkpt>
      <trkpt lat="48.8656047" lon="2.3335642">
      </trkpt>
      <trkpt lat="48.8656526" lon="2.3335071">
      </trkpt>
      <trkpt lat="48.8656938" lon="2.333458">
      </trkpt>
      <trkpt lat="48.8657079" lon="2.333441">
      </trkpt>
      <trkpt lat="48.8657796" lon="2.3334957">
      </trkpt>
      <trkpt lat="48.8657965" lon="2.333494">
      </trkpt>
      <trkpt lat="48.8658599" lon="2.3334635">
      </trkpt>
      <trkpt lat="48.8665297" lon="2.3331001">
      </trkpt>
      <trkpt lat="48.8665332" lon="2.3330853">
      </trkpt>
      <trkpt lat="48.8665253" lon="2.3330706">
      </trkpt>
      <trkpt lat="48.8665282" lon="2.3330635">
      </trkpt>
      <trkpt lat="48.8665368" lon="2.3330348">
      </trkpt>
      <trkpt lat="48.8665466" lon="2.3330046">
      </trkpt>
      <trkpt lat="48.8665552" lon="2.332982">
      </trkpt>
      <trkpt lat="48.8665855" lon="2.3330022">
      </trkpt>
      <trkpt lat="48.8670963" lon="2.3333542">
      </trkpt>
      <trkpt lat="48.8671814" lon="2.3334045">
      </trkpt>
      <trkpt lat="48.8671964" lon="2.3333949">
      </trkpt>
      <trkpt lat="48.8672022" lon="2.3333984">
      </trkpt>
      <trkpt lat="48.8672245" lon="2.3334118">
      </trkpt>
      <trkpt lat="48.8672453" lon="2.3334243">
      </trkpt>
      <trkpt lat="48.8672513" lon="2.3334279">
      </trkpt>
      <trkpt lat="48.8673353" lon="2.3334782">
      </trkpt>
      <trkpt lat="48.8674072" lon="2.3335219">
      </trkpt>
      <trkpt lat="48.8675225" lon="2.333472">
      </trkpt>
      <trkpt lat="48.8675427" lon="2.3334633">
      </trkpt>
      <trkpt lat="48.8675594" lon="2.3334561">
      </trkpt>
      <trkpt lat="48.8676078" lon="2.3334352">
      </trkpt>
      <trkpt lat="48.8676248" lon="2.3334278">
      </trkpt>
      <trkpt lat="48.8676247" lon="2.3333683">
      </trkpt>
      <trkpt lat="48.8678087" lon="2.332516">
      </trkpt>
      <trkpt lat="48.8678356" lon="2.332398">
      </trkpt>
      <trkpt lat="48.8678281" lon="2.3323973">
      </trkpt>
      <trkpt lat="48.8678062" lon="2.3323786">
      </trkpt>
      <trkpt lat="48.8677849" lon="2.3323655">
      </trkpt>
      <trkpt lat="48.8677762" lon="2.3323634">
      </trkpt>
      <trkpt lat="48.8677712" lon="2.3323175">
      </trkpt>
      <trkpt lat="48.8677738" lon="2.3323088">
      </trkpt>
      <trkpt lat="48.8677812" lon="2.3322689">
      </trkpt>
      <trkpt lat="48.8677879" lon="2.3322277">
      </trkpt>
      <trkpt lat="48.8677892" lon="2.3322109">
      </trkpt>
      <trkpt lat="48.8678056" lon="2.3321941">
      </trkpt>
      <trkpt lat="48.868053" lon="2.3311105">
      </trkpt>
      <trkpt lat="48.8682136" lon="2.3304474">
      </trkpt>
      <trkpt lat="48.8682268" lon="2.3303635">
      </trkpt>
      <trkpt lat="48.8682074" lon="2.3303119">
      </trkpt>
      <trkpt lat="48.8682149" lon="2.3302884">
      </trkpt>
      <trkpt lat="48.8682505" lon="2.3302069">
      </trkpt>
      <trkpt lat="48.868286" lon="2.3301424">
      </trkpt>
      <trkpt lat="48.8682965" lon="2.3301215">
      </trkpt>
      <trkpt lat="48.8683331" lon="2.3301329">
      </trkpt>
      <trkpt lat="48.8683383" lon="2.330143">
      </trkpt>
      <trkpt lat="48.8683759" lon="2.3301801">
      </trkpt>
      <trkpt lat="48.8684257" lon="2.3302328">
      </trkpt>
      <trkpt lat="48.8684451" lon="2.3302341">
      </trkpt>
      <trkpt lat="48.8684544" lon="2.3302717">
      </trkpt>
      <trkpt lat="48.8685197" lon="2.3303495">
      </trkpt>
      <trkpt lat="48.8691897" lon="2.331024">
      </trkpt>
      <trkpt lat="48.8692206" lon="2.3310462">
      </trkpt>
      <trkpt lat="48.8695465" lon="2.3313573">
      </trkpt>
      <trkpt lat="48.8695381" lon="2.3313801">
      </trkpt>
      <trkpt lat="48.8695072" lon="2.3314533">
      </trkpt>
      <trkpt lat="48.8694671" lon="2.3315511">
      </trkpt>
      <trkpt lat="48.8694596" lon="2.3315705">
      </trkpt>
      <trkpt lat="48.8694671" lon="2.3315511">
      </trkpt>
      <trkpt lat="48.8695072" lon="2.3314533">
      </trkpt>
      <trkpt lat="48.8695381" lon="2.3313801">
      </trkpt>
      <trkpt lat="48.8695465" lon="2.3313573">
      </trkpt>
      <trkpt lat="48.8695818" lon="2.3313808">
      </trkpt>
      <trkpt lat="48.8699373" lon="2.3305801">
      </trkpt>
      <trkpt lat="48.8699417" lon="2.3305862">
      </trkpt>
      <trkpt lat="48.8699651" lon="2.3306118">
      </trkpt>
      <trkpt lat="48.8699871" lon="2.3306381">
      </trkpt>
      <trkpt lat="48.8699935" lon="2.3306448">
      </trkpt>
      <trkpt lat="48.8701298" lon="2.3303233">
      </trkpt>
      <trkpt lat="48.8701896" lon="2.3302907">
      </trkpt>
      <trkpt lat="48.8702067" lon="2.3303912">
      </trkpt>
      <trkpt lat="48.8702379" lon="2.3303796">
      </trkpt>
      <trkpt lat="48.8702304" lon="2.3303384">
      </trkpt>
      <trkpt lat="48.8702383" lon="2.330334">
      </trkpt>
      <trkpt lat="48.8703198" lon="2.3302957">
      </trkpt>
      <trkpt lat="48.8703806" lon="2.330267">
      </trkpt>
      <trkpt lat="48.8704198" lon="2.3302507">
      </trkpt>
      <trkpt lat="48.8704192" lon="2.3301597">
      </trkpt>
      <trkpt lat="48.8705948" lon="2.3301482">
      </trkpt>
      <trkpt lat="48.8715247" lon="2.3305997">
      </trkpt>
      <trkpt lat="48.8715661" lon="2.3306071">
      </trkpt>
      <trkpt lat="48.8715721" lon="2.3305894">
      </trkpt>
      <trkpt lat="48.8715953" lon="2.3304959">
      </trkpt>
      <trkpt lat="48.8716189" lon="2.3304004">
      </trkpt>
      <trkpt lat="48.8716266" lon="2.3303695">
      </trkpt>
      <trkpt lat="48.871697" lon="2.3303498">
      </trkpt>
      <trkpt lat="48.8717761" lon="2.3303273">
      </trkpt>
      <trkpt lat="48.8718771" lon="2.3302261">
      </trkpt>
      <trkpt lat="48.8718899" lon="2.3302422">
      </trkpt>
      <trkpt lat="48.8719385" lon="2.3303043">
      </trkpt>
      <trkpt lat="48.8719869" lon="2.3303662">
      </trkpt>
      <trkpt lat="48.8720072" lon="2.3303877">
      </trkpt>
      <trkpt lat="48.8720244" lon="2.3305587">
      </trkpt>
      <trkpt lat="48.8721477" lon="2.3306257">
      </trkpt>
      <trkpt lat="48.8722862" lon="2.3307072">
      </trkpt>
      <trkpt lat="48.8727877" lon="2.330942">
      </trkpt>
      <trkpt lat="48.8727846" lon="2.3309652">
      </trkpt>
      <trkpt lat="48.8727719" lon="2.3310629">
      </trkpt>
      <trkpt lat="48.8727587" lon="2.3311644">
      </trkpt>
      <trkpt lat="48.8727558" lon="2.3311885">
      </trkpt>
      <trkpt lat="48.8727835" lon="2.3312507">
      </trkpt>
      <trkpt lat="48.8728035" lon="2.3313003">
      </trkpt>
      <trkpt lat="48.8728159" lon="2.3313566">
      </trkpt>
      <trkpt lat="48.8728219" lon="2.3313858">
      </trkpt>
      <trkpt lat="48.8728298" lon="2.3314504">
      </trkpt>
      <trkpt lat="48.8728323" lon="2.3315064">
      </trkpt>
      <trkpt lat="48.8728324" lon="2.331551">
      </trkpt>
      <trkpt lat="48.8728473" lon="2.33157">
      </trkpt>
      <trkpt lat="48.8729008" lon="2.3316381">
      </trkpt>
      <trkpt lat="48.8729349" lon="2.3316815">
      </trkpt>
      <trkpt lat="48.8729813" lon="2.3317406">
      </trkpt>
      <trkpt lat="48.8730295" lon="2.3317549">
      </trkpt>
      <trkpt lat="48.873078" lon="2.3317512">
      </trkpt>
      <trkpt lat="48.8730912" lon="2.3317546">
      </trkpt>
      <trkpt lat="48.8731474" lon="2.331769">
      </trkpt>
      <trkpt lat="48.8732049" lon="2.3317835">
      </trkpt>
      <trkpt lat="48.8732378" lon="2.3317921">
      </trkpt>
      <trkpt lat="48.8732919" lon="2.3313668">
      </trkpt>
      <trkpt lat="48.8733339" lon="2.3313011">
      </trkpt>
      <trkpt lat="48.8733873" lon="2.3312993">
      </trkpt>
      <trkpt lat="48.8740124" lon="2.3313782">
      </trkpt>
      <trkpt lat="48.87408" lon="2.3313459">
      </trkpt>
      <trkpt lat="48.8741644" lon="2.3313606">
      </trkpt>
      <trkpt lat="48.8741875" lon="2.3313672">
      </trkpt>
      <trkpt lat="48.8742333" lon="2.3313794">
      </trkpt>
      <trkpt lat="48.8742332" lon="2.3313609">
      </trkpt>
      <trkpt lat="48.8742329" lon="2.3313103">
      </trkpt>
      <trkpt lat="48.8742326" lon="2.3312583">
      </trkpt>
      <trkpt lat="48.8742325" lon="2.3312478">
      </trkpt>
      <trkpt lat="48.8742408" lon="2.3312335">
      </trkpt>
      <trkpt lat="48.8742512" lon="2.3312368">
      </trkpt>
      <trkpt lat="48.8742689" lon="2.3312424">
      </trkpt>
      <trkpt lat="48.8742846" lon="2.3312473">
      </trkpt>
      <trkpt lat="48.8742913" lon="2.3312494">
      </trkpt>
      <trkpt lat="48.8742846" lon="2.3312473">
      </trkpt>
      <trkpt lat="48.8742689" lon="2.3312424">
      </trkpt>
      <trkpt lat="48.8742512" lon="2.3312368">
      </trkpt>
      <trkpt lat="48.8742408" lon="2.3312335">
      </trkpt>
      <trkpt lat="48.8742369" lon="2.3308657">
      </trkpt>
      <trkpt lat="48.8741907" lon="2.3307796">
      </trkpt>
      <trkpt lat="48.8742548" lon="2.3307547">
      </trkpt>
      <trkpt lat="48.8741907" lon="2.3307796">
      </trkpt>
      <trkpt lat="48.874184" lon="2.3298577">
      </trkpt>
      <trkpt lat="48.8741713" lon="2.3298133">
      </trkpt>
      <trkpt lat="48.8741713" lon="2.3298043">
      </trkpt>
      <trkpt lat="48.874171" lon="2.3297727">
      </trkpt>
      <trkpt lat="48.8741708" lon="2.3297453">
      </trkpt>
      <trkpt lat="48.8741706" lon="2.3297117">
      </trkpt>
      <trkpt lat="48.8741802" lon="2.3296671">
      </trkpt>
      <trkpt lat="48.874193" lon="2.3296663">
      </trkpt>
      <trkpt lat="48.8742193" lon="2.3296645">
      </trkpt>
      <trkpt lat="48.8742459" lon="2.3296627">
      </trkpt>
      <trkpt lat="48.8742625" lon="2.3296616">
      </trkpt>
      <trkpt lat="48.8742443" lon="2.3283951">
      </trkpt>
      <trkpt lat="48.8745913" lon="2.3284241">
      </trkpt>
      <trkpt lat="48.8746367" lon="2.3284279">
      </trkpt>
      <trkpt lat="48.8747016" lon="2.3284334">
      </trkpt>
      <trkpt lat="48.874786" lon="2.3284404">
      </trkpt>
      <trkpt lat="48.8748186" lon="2.328443">
      </trkpt>
      <trkpt lat="48.8748803" lon="2.3284479">
      </trkpt>
      <trkpt lat="48.8748763" lon="2.3285815">
      </trkpt>
      <trkpt lat="48.874821" lon="2.3286339">
      </trkpt>
      <trkpt lat="48.8748763" lon="2.3285815">
      </trkpt>
      <trkpt lat="48.8748803" lon="2.3284479">
      </trkpt>
      <trkpt lat="48.8751613" lon="2.3284706">
      </trkpt>
      <trkpt lat="48.8751642" lon="2.3284033">
      </trkpt>
      <trkpt lat="48.8751728" lon="2.3281858">
      </trkpt>
      <trkpt lat="48.8751998" lon="2.3281877">
      </trkpt>
      <trkpt lat="48.8752045" lon="2.328026">
      </trkpt>
      <trkpt lat="48.8751789" lon="2.3280245">
      </trkpt>
      <trkpt lat="48.875181" lon="2.3279738">
      </trkpt>
      <trkpt lat="48.8751848" lon="2.3278814">
      </trkpt>
      <trkpt lat="48.8751932" lon="2.3275075">
      </trkpt>
      <trkpt lat="48.8751972" lon="2.3273232">
      </trkpt>
      <trkpt lat="48.875198" lon="2.3272853">
      </trkpt>
      <trkpt lat="48.8752269" lon="2.3272705">
      </trkpt>
      <trkpt lat="48.8752511" lon="2.3272365">
      </trkpt>
      <trkpt lat="48.8752604" lon="2.3271952">
      </trkpt>
      <trkpt lat="48.8752525" lon="2.3271445">
      </trkpt>
      <trkpt lat="48.8752278" lon="2.3271091">
      </trkpt>
      <trkpt lat="48.8752041" lon="2.3270949">
      </trkpt>
      <trkpt lat="48.8752087" lon="2.3268121">
      </trkpt>
      <trkpt lat="48.8752093" lon="2.3267843">
      </trkpt>
      <trkpt lat="48.8752805" lon="2.3267671">
      </trkpt>
      <trkpt lat="48.8753113" lon="2.3267597">
      </trkpt>
      <trkpt lat="48.8753084" lon="2.326733">
      </trkpt>
      <trkpt lat="48.8753056" lon="2.3267072">
      </trkpt>
      <trkpt lat="48.875299" lon="2.326646">
      </trkpt>
      <trkpt lat="48.875291" lon="2.3265728">
      </trkpt>
      <trkpt lat="48.8752885" lon="2.3265493">
      </trkpt>
      <trkpt lat="48.8754655" lon="2.3264351">
      </trkpt>
      <trkpt lat="48.8755012" lon="2.3264266">
      </trkpt>
      <trkpt lat="48.8755558" lon="2.3264094">
      </trkpt>
      <trkpt lat="48.875634" lon="2.3263882">
      </trkpt>
      <trkpt lat="48.8756834" lon="2.3263718">
      </trkpt>
      <trkpt lat="48.8757361" lon="2.3263606">
      </trkpt>
      <trkpt lat="48.8757488" lon="2.3263553">
      </trkpt>
      <trkpt lat="48.8757467" lon="2.3263373">
      </trkpt>
      <trkpt lat="48.8757309" lon="2.3262008">
      </trkpt>
      <trkpt lat="48.8759808" lon="2.3261186">
      </trkpt>
      <trkpt lat="48.8760214" lon="2.3261086">
      </trkpt>
      <trkpt lat="48.8760335" lon="2.3262013">
      </trkpt>
      <trkpt lat="48.876096" lon="2.3262066">
      </trkpt>
      <trkpt lat="48.8760942" lon="2.3261815">
      </trkpt>
      <trkpt lat="48.8760919" lon="2.3261498">
      </trkpt>
      <trkpt lat="48.8760753" lon="2.3260177">
      </trkpt>
      <trkpt lat="48.8760724" lon="2.3259952">
      </trkpt>
      <trkpt lat="48.8760421" lon="2.3260044">
      </trkpt>
      <trkpt lat="48.8760432" lon="2.3260219">
      </trkpt>
      <trkpt lat="48.8760939" lon="2.3264105">
      </trkpt>
      <trkpt lat="48.8761248" lon="2.3266822">
      </trkpt>
      <trkpt lat="48.8761317" lon="2.3267442">
      </trkpt>
      <trkpt lat="48.8761695" lon="2.3268082">
      </trkpt>
      <trkpt lat="48.8762012" lon="2.3268102">
      </trkpt>
      <trkpt lat="48.8765845" lon="2.3268318">
      </trkpt>
      <trkpt lat="48.8770123" lon="2.3268473">
      </trkpt>
      <trkpt lat="48.8770444" lon="2.3268485">
      </trkpt>
      <trkpt lat="48.877076" lon="2.32685">
      </trkpt>
      <trkpt lat="48.8771155" lon="2.3268512">
      </trkpt>
      <trkpt lat="48.8771308" lon="2.3268516">
      </trkpt>
      <trkpt lat="48.8771655" lon="2.3268529">
      </trkpt>
      <trkpt lat="48.8772017" lon="2.3268542">
      </trkpt>
      <trkpt lat="48.877702" lon="2.3268723">
      </trkpt>
      <trkpt lat="48.8777633" lon="2.3268132">
      </trkpt>
      <trkpt lat="48.8777791" lon="2.3268005">
      </trkpt>
      <trkpt lat="48.8777475" lon="2.3266176">
      </trkpt>
      <trkpt lat="48.8776979" lon="2.326331">
      </trkpt>
      <trkpt lat="48.8777475" lon="2.3266176">
      </trkpt>
      <trkpt lat="48.8777791" lon="2.3268005">
      </trkpt>
      <trkpt lat="48.8777633" lon="2.3268132">
      </trkpt>
      <trkpt lat="48.877702" lon="2.3268723">
      </trkpt>
      <trkpt lat="48.8777011" lon="2.326886">
      </trkpt>
      <trkpt lat="48.8777006" lon="2.3269423">
      </trkpt>
      <trkpt lat="48.8777001" lon="2.3269914">
      </trkpt>
      <trkpt lat="48.8777043" lon="2.3270697">
      </trkpt>
      <trkpt lat="48.8776716" lon="2.3270905">
      </trkpt>
      <trkpt lat="48.8776526" lon="2.3271943">
      </trkpt>
      <trkpt lat="48.8776541" lon="2.3273475">
      </trkpt>
      <trkpt lat="48.8776074" lon="2.3274934">
      </trkpt>
      <trkpt lat="48.8775236" lon="2.3277551">
      </trkpt>
      <trkpt lat="48.8769498" lon="2.3295292">
      </trkpt>
      <trkpt lat="48.8769076" lon="2.3296596">
      </trkpt>
      <trkpt lat="48.8765711" lon="2.3307026">
      </trkpt>
      <trkpt lat="48.876568" lon="2.3307124">
      </trkpt>
      <trkpt lat="48.8765025" lon="2.3309052">
      </trkpt>
      <trkpt lat="48.8764087" lon="2.3309619">
      </trkpt>
      <trkpt lat="48.8764105" lon="2.3309802">
      </trkpt>
      <trkpt lat="48.8764148" lon="2.3310164">
      </trkpt>
      <trkpt lat="48.8764173" lon="2.3310486">
      </trkpt>
      <trkpt lat="48.8764103" lon="2.3311239">
      </trkpt>
      <trkpt lat="48.8763956" lon="2.3314099">
      </trkpt>
      <trkpt lat="48.8763738" lon="2.3314328">
      </trkpt>
      <trkpt lat="48.8763906" lon="2.3316897">
      </trkpt>
      <trkpt lat="48.8763403" lon="2.3317025">
      </trkpt>
      <trkpt lat="48.8763049" lon="2.3317116">
      </trkpt>
      <trkpt lat="48.8762329" lon="2.3317314">
      </trkpt>
      <trkpt lat="48.8761886" lon="2.3317435">
      </trkpt>
      <trkpt lat="48.8761699" lon="2.3317512">
      </trkpt>
      <trkpt lat="48.8761695" lon="2.3318142">
      </trkpt>
      <trkpt lat="48.8757558" lon="2.3319943">
      </trkpt>
      <trkpt lat="48.8753228" lon="2.3321825">
      </trkpt>
      <trkpt lat="48.8753226" lon="2.3321996">
      </trkpt>
      <trkpt lat="48.8753221" lon="2.3322671">
      </trkpt>
      <trkpt lat="48.8753217" lon="2.3323057">
      </trkpt>
      <trkpt lat="48.8753216" lon="2.33232">
      </trkpt>
      <trkpt lat="48.8753215" lon="2.3323384">
      </trkpt>
      <trkpt lat="48.8753049" lon="2.3323707">
      </trkpt>
      <trkpt lat="48.8752971" lon="2.3323736">
      </trkpt>
      <trkpt lat="48.8752666" lon="2.3323847">
      </trkpt>
      <trkpt lat="48.8752385" lon="2.3323949">
      </trkpt>
      <trkpt lat="48.8752348" lon="2.3323963">
      </trkpt>
      <trkpt lat="48.8752114" lon="2.3323918">
      </trkpt>
      <trkpt lat="48.8747011" lon="2.3326109">
      </trkpt>
      <trkpt lat="48.8743615" lon="2.3327588">
      </trkpt>
      <trkpt lat="48.8743442" lon="2.3327755">
      </trkpt>
      <trkpt lat="48.8743398" lon="2.3327769">
      </trkpt>
      <trkpt lat="48.8743063" lon="2.3327877">
      </trkpt>
      <trkpt lat="48.8742771" lon="2.3327972">
      </trkpt>
      <trkpt lat="48.8742701" lon="2.3327995">
      </trkpt>
      <trkpt lat="48.874243" lon="2.333826">
      </trkpt>
      <trkpt lat="48.8742418" lon="2.3338643">
      </trkpt>
      <trkpt lat="48.8742405" lon="2.3339031">
      </trkpt>
      <trkpt lat="48.8742269" lon="2.3344114">
      </trkpt>
      <trkpt lat="48.8742258" lon="2.3344488">
      </trkpt>
      <trkpt lat="48.8742247" lon="2.3344861">
      </trkpt>
      <trkpt lat="48.8742169" lon="2.3344858">
      </trkpt>
      <trkpt lat="48.8741276" lon="2.3344776">
      </trkpt>
      <trkpt lat="48.8740847" lon="2.334497">
      </trkpt>
      <trkpt lat="48.8734927" lon="2.3344528">
      </trkpt>
      <trkpt lat="48.8734618" lon="2.3344502">
      </trkpt>
      <trkpt lat="48.8736563" lon="2.335171">
      </trkpt>
      <trkpt lat="48.8736421" lon="2.3351757">
      </trkpt>
      <trkpt lat="48.8736296" lon="2.3351808">
      </trkpt>
      <trkpt lat="48.8736131" lon="2.3351861">
      </trkpt>
      <trkpt lat="48.8735927" lon="2.3351926">
      </trkpt>
      <trkpt lat="48.8735645" lon="2.3352026">
      </trkpt>
      <trkpt lat="48.8735325" lon="2.3352128">
      </trkpt>
      <trkpt lat="48.8735124" lon="2.3352189">
      </trkpt>
      <trkpt lat="48.8735175" lon="2.3352424">
      </trkpt>
      <trkpt lat="48.8735204" lon="2.335256">
      </trkpt>
      <trkpt lat="48.8735336" lon="2.3353209">
      </trkpt>
      <trkpt lat="48.8735433" lon="2.3353684">
      </trkpt>
      <trkpt lat="48.8735453" lon="2.3353773">
      </trkpt>
      <trkpt lat="48.8730771" lon="2.3353965">
      </trkpt>
      <trkpt lat="48.8729722" lon="2.3354202">
      </trkpt>
      <trkpt lat="48.8727054" lon="2.3357002">
      </trkpt>
      <trkpt lat="48.8726987" lon="2.3357396">
      </trkpt>
      <trkpt lat="48.8726645" lon="2.335741">
      </trkpt>
      <trkpt lat="48.872654" lon="2.3357414">
      </trkpt>
      <trkpt lat="48.8725927" lon="2.335744">
      </trkpt>
      <trkpt lat="48.8725456" lon="2.335746">
      </trkpt>
      <trkpt lat="48.8725344" lon="2.3357464">
      </trkpt>
      <trkpt lat="48.8724924" lon="2.3357482">
      </trkpt>
      <trkpt lat="48.8724751" lon="2.3357997">
      </trkpt>
      <trkpt lat="48.8722859" lon="2.3359975">
      </trkpt>
      <trkpt lat="48.8721387" lon="2.3360978">
      </trkpt>
      <trkpt lat="48.8720883" lon="2.3361322">
      </trkpt>
      <trkpt lat="48.8718118" lon="2.3364059">
      </trkpt>
      <trkpt lat="48.871521" lon="2.3366971">
      </trkpt>
      <trkpt lat="48.8715153" lon="2.3366593">
      </trkpt>
      <trkpt lat="48.8714879" lon="2.3366791">
      </trkpt>
      <trkpt lat="48.8714117" lon="2.3367342">
      </trkpt>
      <trkpt lat="48.8713404" lon="2.3367694">
      </trkpt>
      <trkpt lat="48.8713008" lon="2.3367874">
      </trkpt>
      <trkpt lat="48.871323" lon="2.3369146">
      </trkpt>
      <trkpt lat="48.8712402" lon="2.3369296">
      </trkpt>
      <trkpt lat="48.8704242" lon="2.336829">
      </trkpt>
      <trkpt lat="48.8703604" lon="2.3368213">
      </trkpt>
      <trkpt lat="48.8700929" lon="2.3367889">
      </trkpt>
      <trkpt lat="48.8696696" lon="2.3367358">
      </trkpt>
      <trkpt lat="48.8696363" lon="2.3367232">
      </trkpt>
      <trkpt lat="48.8696309" lon="2.3366995">
      </trkpt>
      <trkpt lat="48.8696135" lon="2.3367019">
      </trkpt>
      <trkpt lat="48.869594" lon="2.3366988">
      </trkpt>
      <trkpt lat="48.8695418" lon="2.3366903">
      </trkpt>
      <trkpt lat="48.8695006" lon="2.3366845">
      </trkpt>
      <trkpt lat="48.8694808" lon="2.336678">
      </trkpt>
      <trkpt lat="48.8694534" lon="2.3367117">
      </trkpt>
      <trkpt lat="48.8692426" lon="2.3366855">
      </trkpt>
      <trkpt lat="48.8691685" lon="2.3367063">
      </trkpt>
      <trkpt lat="48.8689347" lon="2.3366768">
      </trkpt>
      <trkpt lat="48.8689347" lon="2.3366921">
      </trkpt>
      <trkpt lat="48.868934" lon="2.3367152">
      </trkpt>
      <trkpt lat="48.8689343" lon="2.3367412">
      </trkpt>
      <trkpt lat="48.8689363" lon="2.3367526">
      </trkpt>
      <trkpt lat="48.8689219" lon="2.3367576">
      </trkpt>
      <trkpt lat="48.8689182" lon="2.3367774">
      </trkpt>
      <trkpt lat="48.8689144" lon="2.3367754">
      </trkpt>
      <trkpt lat="48.8688938" lon="2.3367758">
      </trkpt>
      <trkpt lat="48.8688739" lon="2.3367727">
      </trkpt>
      <trkpt lat="48.8688653" lon="2.3367723">
      </trkpt>
      <trkpt lat="48.8688653" lon="2.3367428">
      </trkpt>
      <trkpt lat="48.8688459" lon="2.3367318">
      </trkpt>
      <trkpt lat="48.8684765" lon="2.3365745">
      </trkpt>
      <trkpt lat="48.8684581" lon="2.3365806">
      </trkpt>
      <trkpt lat="48.8684522" lon="2.3365772">
      </trkpt>
      <trkpt lat="48.8684225" lon="2.3365673">
      </trkpt>
      <trkpt lat="48.8683953" lon="2.336548">
      </trkpt>
      <trkpt lat="48.8683843" lon="2.3365568">
      </trkpt>
      <trkpt lat="48.8683785" lon="2.3365326">
      </trkpt>
      <trkpt lat="48.8680476" lon="2.3363999">
      </trkpt>
      <trkpt lat="48.8680441" lon="2.3363953">
      </trkpt>
      <trkpt lat="48.8680079" lon="2.3363833">
      </trkpt>
      <trkpt lat="48.8679819" lon="2.3363735">
      </trkpt>
      <trkpt lat="48.8679728" lon="2.3363666">
      </trkpt>
      <trkpt lat="48.8679135" lon="2.3363347">
      </trkpt>
      <trkpt lat="48.8678757" lon="2.3363266">
      </trkpt>
      <trkpt lat="48.8678697" lon="2.3363194">
      </trkpt>
      <trkpt lat="48.8678494" lon="2.3363098">
      </trkpt>
      <trkpt lat="48.8678281" lon="2.3362992">
      </trkpt>
      <trkpt lat="48.8678187" lon="2.3362936">
      </trkpt>
      <trkpt lat="48.8670513" lon="2.3359533">
      </trkpt>
      <trkpt lat="48.8670262" lon="2.3359459">
      </trkpt>
      <trkpt lat="48.867009" lon="2.3359405">
      </trkpt>
      <trkpt lat="48.8670015" lon="2.3359553">
      </trkpt>
      <trkpt lat="48.8668718" lon="2.3365045">
      </trkpt>
      <trkpt lat="48.8668643" lon="2.3365313">
      </trkpt>
      <trkpt lat="48.8668718" lon="2.3365045">
      </trkpt>
      <trkpt lat="48.8670015" lon="2.3359553">
      </trkpt>
      <trkpt lat="48.8669935" lon="2.3359533">
      </trkpt>
      <trkpt lat="48.866971" lon="2.3359523">
      </trkpt>
      <trkpt lat="48.8669419" lon="2.3359492">
      </trkpt>
      <trkpt lat="48.8669309" lon="2.3359492">
      </trkpt>
      <trkpt lat="48.8669384" lon="2.3359117">
      </trkpt>
      <trkpt lat="48.8669216" lon="2.3358963">
      </trkpt>
      <trkpt lat="48.8665895" lon="2.3357286">
      </trkpt>
      <trkpt lat="48.8665798" lon="2.3357387">
      </trkpt>
      <trkpt lat="48.8665731" lon="2.3357353">
      </trkpt>
      <trkpt lat="48.8665583" lon="2.3357268">
      </trkpt>
      <trkpt lat="48.8665458" lon="2.3357202">
      </trkpt>
      <trkpt lat="48.8665403" lon="2.3357152">
      </trkpt>
      <trkpt lat="48.8665385" lon="2.3357068">
      </trkpt>
      <trkpt lat="48.8662758" lon="2.3355737">
      </trkpt>
      <trkpt lat="48.8662478" lon="2.3355593">
      </trkpt>
      <trkpt lat="48.8662388" lon="2.3355711">
      </trkpt>
      <trkpt lat="48.8662331" lon="2.335569">
      </trkpt>
      <trkpt lat="48.8662117" lon="2.3355644">
      </trkpt>
      <trkpt lat="48.8661799" lon="2.3355523">
      </trkpt>
      <trkpt lat="48.8661679" lon="2.3355553">
      </trkpt>
      <trkpt lat="48.8661605" lon="2.335612">
      </trkpt>
      <trkpt lat="48.8656221" lon="2.336569">
      </trkpt>
      <trkpt lat="48.8656155" lon="2.3365786">
      </trkpt>
      <trkpt lat="48.8655951" lon="2.336565">
      </trkpt>
      <trkpt lat="48.865591" lon="2.3365725">
      </trkpt>
      <trkpt lat="48.8655779" lon="2.3365914">
      </trkpt>
      <trkpt lat="48.8655652" lon="2.3366084">
      </trkpt>
      <trkpt lat="48.8655601" lon="2.3366162">
      </trkpt>
      <trkpt lat="48.8655514" lon="2.3366855">
      </trkpt>
      <trkpt lat="48.8655422" lon="2.3367374">
      </trkpt>
      <trkpt lat="48.8655795" lon="2.3367661">
      </trkpt>
      <trkpt lat="48.8656098" lon="2.3367813">
      </trkpt>
      <trkpt lat="48.8656367" lon="2.336696">
      </trkpt>
      <trkpt lat="48.8656477" lon="2.3366785">
      </trkpt>
      <trkpt lat="48.8656595" lon="2.3366598">
      </trkpt>
      <trkpt lat="48.8656639" lon="2.3366505">
      </trkpt>
      <trkpt lat="48.8657483" lon="2.336764">
      </trkpt>
      <trkpt lat="48.8658548" lon="2.3368837">
      </trkpt>
      <trkpt lat="48.8658879" lon="2.336876">
      </trkpt>
      <trkpt lat="48.8658937" lon="2.3368811">
      </trkpt>
      <trkpt lat="48.8659235" lon="2.3369017">
      </trkpt>
      <trkpt lat="48.8659591" lon="2.3369229">
      </trkpt>
      <trkpt lat="48.8659664" lon="2.3369272">
      </trkpt>
      <trkpt lat="48.8660562" lon="2.3369712">
      </trkpt>
      <trkpt lat="48.866211" lon="2.3370798">
      </trkpt>
      <trkpt lat="48.8666049" lon="2.3372943">
      </trkpt>
      <trkpt lat="48.8666168" lon="2.3372924">
      </trkpt>
      <trkpt lat="48.8666243" lon="2.3372702">
      </trkpt>
      <trkpt lat="48.8666345" lon="2.3372756">
      </trkpt>
      <trkpt lat="48.866659" lon="2.3372878">
      </trkpt>
      <trkpt lat="48.8666783" lon="2.3373054">
      </trkpt>
      <trkpt lat="48.8666834" lon="2.3373051">
      </trkpt>
      <trkpt lat="48.8666841" lon="2.3373266">
      </trkpt>
      <trkpt lat="48.8667044" lon="2.3373383">
      </trkpt>
      <trkpt lat="48.8668471" lon="2.3374141">
      </trkpt>
      <trkpt lat="48.8675341" lon="2.3377886">
      </trkpt>
      <trkpt lat="48.8676525" lon="2.3378231">
      </trkpt>
      <trkpt lat="48.8676591" lon="2.337805">
      </trkpt>
      <trkpt lat="48.867671" lon="2.3378047">
      </trkpt>
      <trkpt lat="48.8677027" lon="2.3378164">
      </trkpt>
      <trkpt lat="48.867739" lon="2.3378281">
      </trkpt>
      <trkpt lat="48.8677531" lon="2.3378248">
      </trkpt>
      <trkpt lat="48.8678994" lon="2.3379038">
      </trkpt>
      <trkpt lat="48.8680621" lon="2.3379888">
      </trkpt>
      <trkpt lat="48.8680672" lon="2.337992">
      </trkpt>
      <trkpt lat="48.8680974" lon="2.3380086">
      </trkpt>
      <trkpt lat="48.8681144" lon="2.3380179">
      </trkpt>
      <trkpt lat="48.8681308" lon="2.3380279">
      </trkpt>
      <trkpt lat="48.8681414" lon="2.3380676">
      </trkpt>
      <trkpt lat="48.8682548" lon="2.3381362">
      </trkpt>
      <trkpt lat="48.8684169" lon="2.3382499">
      </trkpt>
      <trkpt lat="48.8686816" lon="2.3383914">
      </trkpt>
      <trkpt lat="48.8687215" lon="2.338382">
      </trkpt>
      <trkpt lat="48.868817" lon="2.3384253">
      </trkpt>
      <trkpt lat="48.8688375" lon="2.3384028">
      </trkpt>
      <trkpt lat="48.868817" lon="2.3384253">
      </trkpt>
      <trkpt lat="48.8688209" lon="2.3384413">
      </trkpt>
      <trkpt lat="48.8688282" lon="2.3385086">
      </trkpt>
      <trkpt lat="48.8688346" lon="2.3385684">
      </trkpt>
      <trkpt lat="48.8688355" lon="2.3385822">
      </trkpt>
      <trkpt lat="48.8688534" lon="2.3385929">
      </trkpt>
      <trkpt lat="48.8688573" lon="2.338625">
      </trkpt>
      <trkpt lat="48.8688549" lon="2.3387726">
      </trkpt>
      <trkpt lat="48.8688412" lon="2.3395048">
      </trkpt>
      <trkpt lat="48.8688333" lon="2.3398569">
      </trkpt>
      <trkpt lat="48.8688198" lon="2.3399354">
      </trkpt>
      <trkpt lat="48.8688101" lon="2.3399505">
      </trkpt>
      <trkpt lat="48.8688106" lon="2.3399746">
      </trkpt>
      <trkpt lat="48.8688121" lon="2.3400358">
      </trkpt>
      <trkpt lat="48.8688133" lon="2.3400861">
      </trkpt>
      <trkpt lat="48.8688022" lon="2.3401035">
      </trkpt>
      <trkpt lat="48.8688112" lon="2.3401281">
      </trkpt>
      <trkpt lat="48.8688155" lon="2.3401556">
      </trkpt>
      <trkpt lat="48.8688133" lon="2.3401785">
      </trkpt>
      <trkpt lat="48.8688351" lon="2.3401905">
      </trkpt>
      <trkpt lat="48.8688769" lon="2.3402135">
      </trkpt>
      <trkpt lat="48.8689172" lon="2.3402336">
      </trkpt>
      <trkpt lat="48.8689468" lon="2.3402483">
      </trkpt>
      <trkpt lat="48.8689624" lon="2.3402748">
      </trkpt>
      <trkpt lat="48.8689844" lon="2.340312">
      </trkpt>
      <trkpt lat="48.8689963" lon="2.3404381">
      </trkpt>
      <trkpt lat="48.8689815" lon="2.3405287">
      </trkpt>
      <trkpt lat="48.8693987" lon="2.3407417">
      </trkpt>
      <trkpt lat="48.8695888" lon="2.3408305">
      </trkpt>
      <trkpt lat="48.8696946" lon="2.3408767">
      </trkpt>
      <trkpt lat="48.8696418" lon="2.3411384">
      </trkpt>
      <trkpt lat="48.8695608" lon="2.3415351">
      </trkpt>
      <trkpt lat="48.8694237" lon="2.3421832">
      </trkpt>
      <trkpt lat="48.8694173" lon="2.3422117">
      </trkpt>
      <trkpt lat="48.8694136" lon="2.3422329">
      </trkpt>
      <trkpt lat="48.8694045" lon="2.3422779">
      </trkpt>
      <trkpt lat="48.8693974" lon="2.342313">
      </trkpt>
      <trkpt lat="48.8693924" lon="2.3423378">
      </trkpt>
      <trkpt lat="48.8686586" lon="2.3420063">
      </trkpt>
      <trkpt lat="48.8686315" lon="2.341997">
      </trkpt>
      <trkpt lat="48.8686176" lon="2.3419983">
      </trkpt>
      <trkpt lat="48.868604" lon="2.3420055">
      </trkpt>
      <trkpt lat="48.8685945" lon="2.3420198">
      </trkpt>
      <trkpt lat="48.8685141" lon="2.3423962">
      </trkpt>
      <trkpt lat="48.868314" lon="2.3433216">
      </trkpt>
      <trkpt lat="48.8682904" lon="2.343423">
      </trkpt>
      <trkpt lat="48.8683003" lon="2.3434384">
      </trkpt>
      <trkpt lat="48.8682927" lon="2.3434645">
      </trkpt>
      <trkpt lat="48.8682815" lon="2.3435085">
      </trkpt>
      <trkpt lat="48.8682672" lon="2.3435646">
      </trkpt>
      <trkpt lat="48.8682472" lon="2.3436432">
      </trkpt>
      <trkpt lat="48.8682426" lon="2.3436614">
      </trkpt>
      <trkpt lat="48.8682248" lon="2.3436843">
      </trkpt>
      <trkpt lat="48.8682114" lon="2.3436913">
      </trkpt>
      <trkpt lat="48.8681849" lon="2.3437041">
      </trkpt>
      <trkpt lat="48.8681221" lon="2.3437344">
      </trkpt>
      <trkpt lat="48.8680559" lon="2.3437726">
      </trkpt>
      <trkpt lat="48.8680449" lon="2.3437783">
      </trkpt>
      <trkpt lat="48.8680492" lon="2.3438148">
      </trkpt>
      <trkpt lat="48.8677574" lon="2.3451623">
      </trkpt>
      <trkpt lat="48.8677404" lon="2.3451843">
      </trkpt>
      <trkpt lat="48.8677373" lon="2.3451993">
      </trkpt>
      <trkpt lat="48.8677134" lon="2.3453168">
      </trkpt>
      <trkpt lat="48.8676521" lon="2.3450895">
      </trkpt>
      <trkpt lat="48.8677134" lon="2.3453168">
      </trkpt>
      <trkpt lat="48.8677032" lon="2.3453667">
      </trkpt>
      <trkpt lat="48.8676954" lon="2.3454045">
      </trkpt>
      <trkpt lat="48.8677011" lon="2.3454489">
      </trkpt>
      <trkpt lat="48.8676748" lon="2.3455509">
      </trkpt>
      <trkpt lat="48.8675662" lon="2.3460618">
      </trkpt>
      <trkpt lat="48.8675391" lon="2.3461095">
      </trkpt>
      <trkpt lat="48.8675249" lon="2.3461538">
      </trkpt>
      <trkpt lat="48.8675156" lon="2.3461826">
      </trkpt>
      <trkpt lat="48.8675072" lon="2.3462083">
      </trkpt>
      <trkpt lat="48.8675019" lon="2.3462253">
      </trkpt>
      <trkpt lat="48.8674981" lon="2.3462372">
      </trkpt>
      <trkpt lat="48.8675011" lon="2.3462672">
      </trkpt>
      <trkpt lat="48.867499" lon="2.3463457">
      </trkpt>
      <trkpt lat="48.8674915" lon="2.3463807">
      </trkpt>
      <trkpt lat="48.8673894" lon="2.3468526">
      </trkpt>
      <trkpt lat="48.8673238" lon="2.3471613">
      </trkpt>
      <trkpt lat="48.8673051" lon="2.3472468">
      </trkpt>
      <trkpt lat="48.8672895" lon="2.3473184">
      </trkpt>
      <trkpt lat="48.8672383" lon="2.3473092">
      </trkpt>
      <trkpt lat="48.8672031" lon="2.3473026">
      </trkpt>
      <trkpt lat="48.8671911" lon="2.3473641">
      </trkpt>
      <trkpt lat="48.8671643" lon="2.3473618">
      </trkpt>
      <trkpt lat="48.8671501" lon="2.3473606">
      </trkpt>
      <trkpt lat="48.8671276" lon="2.3474891">
      </trkpt>
      <trkpt lat="48.8671427" lon="2.3474949">
      </trkpt>
      <trkpt lat="48.8671634" lon="2.3475049">
      </trkpt>
      <trkpt lat="48.8671578" lon="2.3475333">
      </trkpt>
      <trkpt lat="48.8671513" lon="2.3475667">
      </trkpt>
      <trkpt lat="48.8668244" lon="2.3492312">
      </trkpt>
      <trkpt lat="48.8668432" lon="2.3492404">
      </trkpt>
      <trkpt lat="48.8668889" lon="2.3492596">
      </trkpt>
      <trkpt lat="48.866929" lon="2.3492768">
      </trkpt>
      <trkpt lat="48.866965" lon="2.3492912">
      </trkpt>
      <trkpt lat="48.8669787" lon="2.3492966">
      </trkpt>
      <trkpt lat="48.8670076" lon="2.349308">
      </trkpt>
      <trkpt lat="48.8669942" lon="2.3494368">
      </trkpt>
      <trkpt lat="48.867705" lon="2.3497442">
      </trkpt>
      <trkpt lat="48.8677348" lon="2.3497485">
      </trkpt>
      <trkpt lat="48.8677619" lon="2.3496781">
      </trkpt>
      <trkpt lat="48.8679464" lon="2.3489246">
      </trkpt>
      <trkpt lat="48.8679552" lon="2.3489296">
      </trkpt>
      <trkpt lat="48.8679783" lon="2.3489418">
      </trkpt>
      <trkpt lat="48.8679996" lon="2.348953">
      </trkpt>
      <trkpt lat="48.868009" lon="2.3489584">
      </trkpt>
      <trkpt lat="48.8680395" lon="2.3488136">
      </trkpt>
      <trkpt lat="48.8680447" lon="2.34879">
      </trkpt>
      <trkpt lat="48.8680688" lon="2.3487714">
      </trkpt>
      <trkpt lat="48.8680447" lon="2.34879">
      </trkpt>
      <trkpt lat="48.8680334" lon="2.3487836">
      </trkpt>
      <trkpt lat="48.8680182" lon="2.348775">
      </trkpt>
      <trkpt lat="48.8680027" lon="2.3487662">
      </trkpt>
      <trkpt lat="48.8679902" lon="2.3487625">
      </trkpt>
      <trkpt lat="48.868083" lon="2.3483907">
      </trkpt>
      <trkpt lat="48.8680786" lon="2.3483531">
      </trkpt>
      <trkpt lat="48.8680643" lon="2.3483364">
      </trkpt>
      <trkpt lat="48.8680658" lon="2.3483263">
      </trkpt>
      <trkpt lat="48.8680679" lon="2.348293">
      </trkpt>
      <trkpt lat="48.8680731" lon="2.3482659">
      </trkpt>
      <trkpt lat="48.8680707" lon="2.3482566">
      </trkpt>
      <trkpt lat="48.8680938" lon="2.3482388">
      </trkpt>
      <trkpt lat="48.8680951" lon="2.3482012">
      </trkpt>
      <trkpt lat="48.8679379" lon="2.3476799">
      </trkpt>
      <trkpt lat="48.8679599" lon="2.3476635">
      </trkpt>
      <trkpt lat="48.867974" lon="2.3476559">
      </trkpt>
      <trkpt lat="48.8679941" lon="2.347628">
      </trkpt>
      <trkpt lat="48.8680001" lon="2.3476242">
      </trkpt>
      <trkpt lat="48.8681229" lon="2.3475482">
      </trkpt>
      <trkpt lat="48.8681602" lon="2.3475251">
      </trkpt>
      <trkpt lat="48.8683866" lon="2.3476462">
      </trkpt>
      <trkpt lat="48.8684499" lon="2.3476779">
      </trkpt>
      <trkpt lat="48.8683866" lon="2.3476462">
      </trkpt>
      <trkpt lat="48.8681602" lon="2.3475251">
      </trkpt>
      <trkpt lat="48.8681229" lon="2.3475482">
      </trkpt>
      <trkpt lat="48.8684233" lon="2.3476977">
      </trkpt>
      <trkpt lat="48.8684387" lon="2.3477694">
      </trkpt>
      <trkpt lat="48.8684487" lon="2.3477687">
      </trkpt>
      <trkpt lat="48.868477" lon="2.3477782">
      </trkpt>
      <trkpt lat="48.8684998" lon="2.3477858">
      </trkpt>
      <trkpt lat="48.8685091" lon="2.3477831">
      </trkpt>
      <trkpt lat="48.8685042" lon="2.347756">
      </trkpt>
      <trkpt lat="48.8685124" lon="2.3477419">
      </trkpt>
      <trkpt lat="48.8685077" lon="2.3477153">
      </trkpt>
      <trkpt lat="48.8685046" lon="2.3476892">
      </trkpt>
      <trkpt lat="48.8685003" lon="2.3476649">
      </trkpt>
      <trkpt lat="48.868497" lon="2.3476537">
      </trkpt>
      <trkpt lat="48.868637" lon="2.3476688">
      </trkpt>
      <trkpt lat="48.8686738" lon="2.3476457">
      </trkpt>
      <trkpt lat="48.868785" lon="2.3476604">
      </trkpt>
      <trkpt lat="48.8688059" lon="2.3475947">
      </trkpt>
      <trkpt lat="48.8689464" lon="2.3468347">
      </trkpt>
      <trkpt lat="48.868957" lon="2.346835">
      </trkpt>
      <trkpt lat="48.8689746" lon="2.3468411">
      </trkpt>
      <trkpt lat="48.8689905" lon="2.3468467">
      </trkpt>
      <trkpt lat="48.8689978" lon="2.3468477">
      </trkpt>
      <trkpt lat="48.8690589" lon="2.3465141">
      </trkpt>
      <trkpt lat="48.8690693" lon="2.3464682">
      </trkpt>
      <trkpt lat="48.8691191" lon="2.3462037">
      </trkpt>
      <trkpt lat="48.8691407" lon="2.3461809">
      </trkpt>
      <trkpt lat="48.8691897" lon="2.3459445">
      </trkpt>
      <trkpt lat="48.8692263" lon="2.345919">
      </trkpt>
      <trkpt lat="48.8692287" lon="2.3458992">
      </trkpt>
      <trkpt lat="48.869251" lon="2.3458704">
      </trkpt>
      <trkpt lat="48.8692644" lon="2.345853">
      </trkpt>
      <trkpt lat="48.8692861" lon="2.3458436">
      </trkpt>
      <trkpt lat="48.8692633" lon="2.3457879">
      </trkpt>
      <trkpt lat="48.8692771" lon="2.3457099">
      </trkpt>
      <trkpt lat="48.8693982" lon="2.345261">
      </trkpt>
      <trkpt lat="48.8694274" lon="2.3451971">
      </trkpt>
      <trkpt lat="48.8694526" lon="2.3451807">
      </trkpt>
      <trkpt lat="48.8694545" lon="2.3451489">
      </trkpt>
      <trkpt lat="48.8694624" lon="2.3451134">
      </trkpt>
      <trkpt lat="48.86947" lon="2.345079">
      </trkpt>
      <trkpt lat="48.8694851" lon="2.3450532">
      </trkpt>
      <trkpt lat="48.869895" lon="2.3452954">
      </trkpt>
      <trkpt lat="48.8702906" lon="2.3455254">
      </trkpt>
      <trkpt lat="48.8703099" lon="2.3455265">
      </trkpt>
      <trkpt lat="48.8703231" lon="2.3455223">
      </trkpt>
      <trkpt lat="48.8703294" lon="2.3455341">
      </trkpt>
      <trkpt lat="48.870369" lon="2.3455542">
      </trkpt>
      <trkpt lat="48.8704009" lon="2.3455703">
      </trkpt>
      <trkpt lat="48.8704141" lon="2.3455663">
      </trkpt>
      <trkpt lat="48.8704224" lon="2.34559">
      </trkpt>
      <trkpt lat="48.8704344" lon="2.3456065">
      </trkpt>
      <trkpt lat="48.8704317" lon="2.3456186">
      </trkpt>
      <trkpt lat="48.8704211" lon="2.3456585">
      </trkpt>
      <trkpt lat="48.8704103" lon="2.3456989">
      </trkpt>
      <trkpt lat="48.870407" lon="2.3457124">
      </trkpt>
      <trkpt lat="48.8708543" lon="2.3459733">
      </trkpt>
      <trkpt lat="48.8708921" lon="2.3459911">
      </trkpt>
      <trkpt lat="48.8708891" lon="2.3460551">
      </trkpt>
      <trkpt lat="48.8707916" lon="2.3466278">
      </trkpt>
      <trkpt lat="48.8707868" lon="2.3466627">
      </trkpt>
      <trkpt lat="48.8707849" lon="2.3466874">
      </trkpt>
      <trkpt lat="48.8707815" lon="2.3467136">
      </trkpt>
      <trkpt lat="48.8707762" lon="2.3467297">
      </trkpt>
      <trkpt lat="48.8707802" lon="2.3467699">
      </trkpt>
      <trkpt lat="48.8706825" lon="2.3471697">
      </trkpt>
      <trkpt lat="48.8706362" lon="2.3473592">
      </trkpt>
      <trkpt lat="48.8706342" lon="2.3473674">
      </trkpt>
      <trkpt lat="48.8705927" lon="2.3476611">
      </trkpt>
      <trkpt lat="48.8705544" lon="2.3478368">
      </trkpt>
      <trkpt lat="48.8701503" lon="2.3478086">
      </trkpt>
      <trkpt lat="48.8701472" lon="2.3478556">
      </trkpt>
      <trkpt lat="48.8701461" lon="2.3478733">
      </trkpt>
      <trkpt lat="48.8701443" lon="2.347903">
      </trkpt>
      <trkpt lat="48.8701483" lon="2.3479382">
      </trkpt>
      <trkpt lat="48.8702153" lon="2.3479446">
      </trkpt>
      <trkpt lat="48.8705041" lon="2.3479712">
      </trkpt>
      <trkpt lat="48.8705387" lon="2.3479947">
      </trkpt>
      <trkpt lat="48.8705506" lon="2.3480406">
      </trkpt>
      <trkpt lat="48.870509" lon="2.3482331">
      </trkpt>
      <trkpt lat="48.8705069" lon="2.3482443">
      </trkpt>
      <trkpt lat="48.870503" lon="2.3482649">
      </trkpt>
      <trkpt lat="48.8704983" lon="2.3482894">
      </trkpt>
      <trkpt lat="48.8704968" lon="2.3483008">
      </trkpt>
      <trkpt lat="48.8704205" lon="2.3486495">
      </trkpt>
      <trkpt lat="48.8704177" lon="2.3486663">
      </trkpt>
      <trkpt lat="48.8704129" lon="2.348689">
      </trkpt>
      <trkpt lat="48.8704081" lon="2.3487114">
      </trkpt>
      <trkpt lat="48.8703901" lon="2.3487286">
      </trkpt>
      <trkpt lat="48.8704046" lon="2.3487799">
      </trkpt>
      <trkpt lat="48.8704305" lon="2.3488017">
      </trkpt>
      <trkpt lat="48.8704493" lon="2.3488131">
      </trkpt>
      <trkpt lat="48.8704924" lon="2.3488393">
      </trkpt>
      <trkpt lat="48.8705602" lon="2.3488804">
      </trkpt>
      <trkpt lat="48.8705692" lon="2.3488859">
      </trkpt>
      <trkpt lat="48.8706368" lon="2.3489191">
      </trkpt>
      <trkpt lat="48.8705266" lon="2.3495172">
      </trkpt>
      <trkpt lat="48.8705365" lon="2.3495628">
      </trkpt>
      <trkpt lat="48.8705318" lon="2.349594">
      </trkpt>
      <trkpt lat="48.8705297" lon="2.3496153">
      </trkpt>
      <trkpt lat="48.8705256" lon="2.3496481">
      </trkpt>
      <trkpt lat="48.8705195" lon="2.3497385">
      </trkpt>
      <trkpt lat="48.8705636" lon="2.3497311">
      </trkpt>
      <trkpt lat="48.8706796" lon="2.3497445">
      </trkpt>
      <trkpt lat="48.8708687" lon="2.3497951">
      </trkpt>
      <trkpt lat="48.8709126" lon="2.3497949">
      </trkpt>
      <trkpt lat="48.8708687" lon="2.3497951">
      </trkpt>
      <trkpt lat="48.8706796" lon="2.3497445">
      </trkpt>
      <trkpt lat="48.8705636" lon="2.3497311">
      </trkpt>
      <trkpt lat="48.8705195" lon="2.3497385">
      </trkpt>
      <trkpt lat="48.8704388" lon="2.3498344">
      </trkpt>
      <trkpt lat="48.8703745" lon="2.3497873">
      </trkpt>
      <trkpt lat="48.8703649" lon="2.3497808">
      </trkpt>
      <trkpt lat="48.8703078" lon="2.3497521">
      </trkpt>
      <trkpt lat="48.8702544" lon="2.3497231">
      </trkpt>
      <trkpt lat="48.8702389" lon="2.3497157">
      </trkpt>
      <trkpt lat="48.8701973" lon="2.3497239">
      </trkpt>
      <trkpt lat="48.8700934" lon="2.3501546">
      </trkpt>
      <trkpt lat="48.8700814" lon="2.3502112">
      </trkpt>
      <trkpt lat="48.8700001" lon="2.3505946">
      </trkpt>
      <trkpt lat="48.8699829" lon="2.3506756">
      </trkpt>
      <trkpt lat="48.8699807" lon="2.3506769">
      </trkpt>
      <trkpt lat="48.869821" lon="2.3515242">
      </trkpt>
      <trkpt lat="48.8698028" lon="2.3515262">
      </trkpt>
      <trkpt lat="48.8697988" lon="2.3515267">
      </trkpt>
      <trkpt lat="48.869779" lon="2.3515295">
      </trkpt>
      <trkpt lat="48.8697666" lon="2.3515304">
      </trkpt>
      <trkpt lat="48.8697561" lon="2.3515321">
      </trkpt>
      <trkpt lat="48.8697666" lon="2.3515304">
      </trkpt>
      <trkpt lat="48.869779" lon="2.3515295">
      </trkpt>
      <trkpt lat="48.8697988" lon="2.3515267">
      </trkpt>
      <trkpt lat="48.8698028" lon="2.3515262">
      </trkpt>
      <trkpt lat="48.869821" lon="2.3515242">
      </trkpt>
      <trkpt lat="48.8699807" lon="2.3506769">
      </trkpt>
      <trkpt lat="48.8699829" lon="2.3506756">
      </trkpt>
      <trkpt lat="48.8700411" lon="2.3507161">
      </trkpt>
      <trkpt lat="48.8700506" lon="2.3507186">
      </trkpt>
      <trkpt lat="48.8700967" lon="2.3507308">
      </trkpt>
      <trkpt lat="48.8701598" lon="2.3507474">
      </trkpt>
      <trkpt lat="48.870169" lon="2.3507498">
      </trkpt>
      <trkpt lat="48.8702121" lon="2.3507584">
      </trkpt>
      <trkpt lat="48.8701861" lon="2.3509824">
      </trkpt>
      <trkpt lat="48.8701953" lon="2.3510179">
      </trkpt>
      <trkpt lat="48.8706302" lon="2.3515175">
      </trkpt>
      <trkpt lat="48.8706615" lon="2.3516151">
      </trkpt>
      <trkpt lat="48.8710986" lon="2.3521458">
      </trkpt>
      <trkpt lat="48.8711291" lon="2.3521652">
      </trkpt>
      <trkpt lat="48.8711295" lon="2.3521914">
      </trkpt>
      <trkpt lat="48.8711185" lon="2.352249">
      </trkpt>
      <trkpt lat="48.8711083" lon="2.3523027">
      </trkpt>
      <trkpt lat="48.8711039" lon="2.3523174">
      </trkpt>
      <trkpt lat="48.8711194" lon="2.3523456">
      </trkpt>
      <trkpt lat="48.8710263" lon="2.3527801">
      </trkpt>
      <trkpt lat="48.8709465" lon="2.3531891">
      </trkpt>
      <trkpt lat="48.8709544" lon="2.3532052">
      </trkpt>
      <trkpt lat="48.8709744" lon="2.3532201">
      </trkpt>
      <trkpt lat="48.8710027" lon="2.3532304">
      </trkpt>
      <trkpt lat="48.8710137" lon="2.3532277">
      </trkpt>
      <trkpt lat="48.8710512" lon="2.3532575">
      </trkpt>
      <trkpt lat="48.8710417" lon="2.3532924">
      </trkpt>
      <trkpt lat="48.8710305" lon="2.3533333">
      </trkpt>
      <trkpt lat="48.8710285" lon="2.3533528">
      </trkpt>
      <trkpt lat="48.8710329" lon="2.3534035">
      </trkpt>
      <trkpt lat="48.8709972" lon="2.3534138">
      </trkpt>
      <trkpt lat="48.8709989" lon="2.3534768">
      </trkpt>
      <trkpt lat="48.8708388" lon="2.3541769">
      </trkpt>
      <trkpt lat="48.8706953" lon="2.3548505">
      </trkpt>
      <trkpt lat="48.8707176" lon="2.3548621">
      </trkpt>
      <trkpt lat="48.8710214" lon="2.3550536">
      </trkpt>
      <trkpt lat="48.8710443" lon="2.3550438">
      </trkpt>
      <trkpt lat="48.8710512" lon="2.3550488">
      </trkpt>
      <trkpt lat="48.8710672" lon="2.355065">
      </trkpt>
      <trkpt lat="48.8710929" lon="2.3550801">
      </trkpt>
      <trkpt lat="48.871099" lon="2.3550835">
      </trkpt>
      <trkpt lat="48.8711392" lon="2.3551038">
      </trkpt>
      <trkpt lat="48.8712406" lon="2.355174">
      </trkpt>
      <trkpt lat="48.8712451" lon="2.355176">
      </trkpt>
      <trkpt lat="48.871444" lon="2.3552799">
      </trkpt>
      <trkpt lat="48.8717614" lon="2.3554606">
      </trkpt>
      <trkpt lat="48.8720906" lon="2.355644">
      </trkpt>
      <trkpt lat="48.8721717" lon="2.3557124">
      </trkpt>
      <trkpt lat="48.8722414" lon="2.3557608">
      </trkpt>
      <trkpt lat="48.8722939" lon="2.3557466">
      </trkpt>
      <trkpt lat="48.8723195" lon="2.3556521">
      </trkpt>
      <trkpt lat="48.872781" lon="2.3545051">
      </trkpt>
      <trkpt lat="48.8727435" lon="2.354434">
      </trkpt>
      <trkpt lat="48.8727566" lon="2.3543754">
      </trkpt>
      <trkpt lat="48.8727638" lon="2.3543444">
      </trkpt>
      <trkpt lat="48.872772" lon="2.354309">
      </trkpt>
      <trkpt lat="48.8727779" lon="2.3542865">
      </trkpt>
      <trkpt lat="48.8727933" lon="2.3542741">
      </trkpt>
      <trkpt lat="48.8730432" lon="2.353564">
      </trkpt>
      <trkpt lat="48.8730589" lon="2.3534785">
      </trkpt>
      <trkpt lat="48.8730915" lon="2.3533903">
      </trkpt>
      <trkpt lat="48.873114" lon="2.3533521">
      </trkpt>
      <trkpt lat="48.8733264" lon="2.3527415">
      </trkpt>
      <trkpt lat="48.873333" lon="2.3527479">
      </trkpt>
      <trkpt lat="48.8733507" lon="2.3527619">
      </trkpt>
      <trkpt lat="48.8733762" lon="2.3527821">
      </trkpt>
      <trkpt lat="48.8733828" lon="2.3527868">
      </trkpt>
      <trkpt lat="48.8734057" lon="2.3527338">
      </trkpt>
      <trkpt lat="48.8734177" lon="2.3527298">
      </trkpt>
      <trkpt lat="48.8734199" lon="2.3527211">
      </trkpt>
      <trkpt lat="48.8734319" lon="2.3526851">
      </trkpt>
      <trkpt lat="48.8734433" lon="2.3526517">
      </trkpt>
      <trkpt lat="48.8734565" lon="2.3526386">
      </trkpt>
      <trkpt lat="48.8738199" lon="2.3528565">
      </trkpt>
      <trkpt lat="48.8741586" lon="2.3530617">
      </trkpt>
      <trkpt lat="48.8747346" lon="2.353393">
      </trkpt>
      <trkpt lat="48.8747311" lon="2.3534118">
      </trkpt>
      <trkpt lat="48.874724" lon="2.3534391">
      </trkpt>
      <trkpt lat="48.8747174" lon="2.3534647">
      </trkpt>
      <trkpt lat="48.874705" lon="2.3534862">
      </trkpt>
      <trkpt lat="48.8747174" lon="2.3534647">
      </trkpt>
      <trkpt lat="48.874724" lon="2.3534391">
      </trkpt>
      <trkpt lat="48.8747311" lon="2.3534118">
      </trkpt>
      <trkpt lat="48.8747346" lon="2.353393">
      </trkpt>
      <trkpt lat="48.8747531" lon="2.3533984">
      </trkpt>
      <trkpt lat="48.8747672" lon="2.353338">
      </trkpt>
      <trkpt lat="48.8748647" lon="2.3529149">
      </trkpt>
      <trkpt lat="48.874881" lon="2.3527781">
      </trkpt>
      <trkpt lat="48.8749392" lon="2.3525407">
      </trkpt>
      <trkpt lat="48.8750261" lon="2.3521116">
      </trkpt>
      <trkpt lat="48.8752149" lon="2.3512828">
      </trkpt>
      <trkpt lat="48.8752671" lon="2.3509877">
      </trkpt>
      <trkpt lat="48.8752846" lon="2.3509869">
      </trkpt>
      <trkpt lat="48.87531" lon="2.3509877">
      </trkpt>
      <trkpt lat="48.8753411" lon="2.3509886">
      </trkpt>
      <trkpt lat="48.8753527" lon="2.3509894">
      </trkpt>
      <trkpt lat="48.8753692" lon="2.3509816">
      </trkpt>
      <trkpt lat="48.875375" lon="2.3509523">
      </trkpt>
      <trkpt lat="48.8753796" lon="2.350927">
      </trkpt>
      <trkpt lat="48.8753844" lon="2.3508996">
      </trkpt>
      <trkpt lat="48.8753867" lon="2.3508848">
      </trkpt>
      <trkpt lat="48.8759822" lon="2.3510521">
      </trkpt>
      <trkpt lat="48.8759858" lon="2.3510655">
      </trkpt>
      <trkpt lat="48.8759862" lon="2.3510871">
      </trkpt>
      <trkpt lat="48.8759869" lon="2.3511202">
      </trkpt>
      <trkpt lat="48.8759875" lon="2.3511316">
      </trkpt>
      <trkpt lat="48.8760171" lon="2.3511587">
      </trkpt>
      <trkpt lat="48.8761622" lon="2.3512067">
      </trkpt>
      <trkpt lat="48.876184" lon="2.3511976">
      </trkpt>
      <trkpt lat="48.8763855" lon="2.3512704">
      </trkpt>
      <trkpt lat="48.8764012" lon="2.3512774">
      </trkpt>
      <trkpt lat="48.8764153" lon="2.3512693">
      </trkpt>
      <trkpt lat="48.8764526" lon="2.3512833">
      </trkpt>
      <trkpt lat="48.8764868" lon="2.3512962">
      </trkpt>
      <trkpt lat="48.8764947" lon="2.3513123">
      </trkpt>
      <trkpt lat="48.8765304" lon="2.3512935">
      </trkpt>
      <trkpt lat="48.8769899" lon="2.3514108">
      </trkpt>
      <trkpt lat="48.8770416" lon="2.351424">
      </trkpt>
      <trkpt lat="48.8770427" lon="2.3515086">
      </trkpt>
      <trkpt lat="48.8770521" lon="2.3515124">
      </trkpt>
      <trkpt lat="48.8770837" lon="2.3515222">
      </trkpt>
      <trkpt lat="48.8771135" lon="2.3515315">
      </trkpt>
      <trkpt lat="48.8771245" lon="2.3515349">
      </trkpt>
      <trkpt lat="48.8771497" lon="2.3514906">
      </trkpt>
      <trkpt lat="48.8775229" lon="2.3515962">
      </trkpt>
      <trkpt lat="48.8775429" lon="2.3516012">
      </trkpt>
      <trkpt lat="48.877576" lon="2.351614">
      </trkpt>
      <trkpt lat="48.8776439" lon="2.3519237">
      </trkpt>
      <trkpt lat="48.8776279" lon="2.3519547">
      </trkpt>
      <trkpt lat="48.8776439" lon="2.3519237">
      </trkpt>
      <trkpt lat="48.8776715" lon="2.3518786">
      </trkpt>
      <trkpt lat="48.8776956" lon="2.351839">
      </trkpt>
      <trkpt lat="48.8777122" lon="2.3518119">
      </trkpt>
      <trkpt lat="48.8777293" lon="2.351781">
      </trkpt>
      <trkpt lat="48.8778003" lon="2.3516652">
      </trkpt>
      <trkpt lat="48.8778056" lon="2.3516329">
      </trkpt>
      <trkpt lat="48.8778225" lon="2.351609">
      </trkpt>
      <trkpt lat="48.8778535" lon="2.3515598">
      </trkpt>
      <trkpt lat="48.8778657" lon="2.3515395">
      </trkpt>
      <trkpt lat="48.8778816" lon="2.3515128">
      </trkpt>
      <trkpt lat="48.8778913" lon="2.3514966">
      </trkpt>
      <trkpt lat="48.8779024" lon="2.3514784">
      </trkpt>
      <trkpt lat="48.8779296" lon="2.3514413">
      </trkpt>
      <trkpt lat="48.8779414" lon="2.351485">
      </trkpt>
      <trkpt lat="48.8779546" lon="2.3515378">
      </trkpt>
      <trkpt lat="48.8779858" lon="2.3516599">
      </trkpt>
      <trkpt lat="48.8780315" lon="2.3516712">
      </trkpt>
      <trkpt lat="48.8781711" lon="2.3513165">
      </trkpt>
      <trkpt lat="48.8782332" lon="2.3512161">
      </trkpt>
      <trkpt lat="48.8782424" lon="2.3512012">
      </trkpt>
      <trkpt lat="48.8785831" lon="2.3506462">
      </trkpt>
      <trkpt lat="48.8785907" lon="2.35062">
      </trkpt>
      <trkpt lat="48.8786038" lon="2.3505968">
      </trkpt>
      <trkpt lat="48.8786231" lon="2.3505624">
      </trkpt>
      <trkpt lat="48.8786455" lon="2.3505226">
      </trkpt>
      <trkpt lat="48.878657" lon="2.3505022">
      </trkpt>
      <trkpt lat="48.8786478" lon="2.350468">
      </trkpt>
      <trkpt lat="48.8786423" lon="2.3504604">
      </trkpt>
      <trkpt lat="48.8786211" lon="2.3504261">
      </trkpt>
      <trkpt lat="48.8785952" lon="2.3503842">
      </trkpt>
      <trkpt lat="48.8785908" lon="2.3503735">
      </trkpt>
      <trkpt lat="48.8791453" lon="2.3494527">
      </trkpt>
      <trkpt lat="48.8791563" lon="2.3494191">
      </trkpt>
      <trkpt lat="48.8791459" lon="2.3493951">
      </trkpt>
      <trkpt lat="48.8791491" lon="2.349375">
      </trkpt>
      <trkpt lat="48.8791539" lon="2.3493228">
      </trkpt>
      <trkpt lat="48.8791579" lon="2.3492791">
      </trkpt>
      <trkpt lat="48.879161" lon="2.3492585">
      </trkpt>
      <trkpt lat="48.8791888" lon="2.3492409">
      </trkpt>
      <trkpt lat="48.8792068" lon="2.3491437">
      </trkpt>
      <trkpt lat="48.8792725" lon="2.3487239">
      </trkpt>
      <trkpt lat="48.8792509" lon="2.3486254">
      </trkpt>
      <trkpt lat="48.8792562" lon="2.3486032">
      </trkpt>
      <trkpt lat="48.8792668" lon="2.348551">
      </trkpt>
      <trkpt lat="48.8792774" lon="2.3484993">
      </trkpt>
      <trkpt lat="48.8792841" lon="2.3484731">
      </trkpt>
      <trkpt lat="48.8792959" lon="2.3484249">
      </trkpt>
      <trkpt lat="48.8793218" lon="2.3484076">
      </trkpt>
      <trkpt lat="48.8793465" lon="2.3483912">
      </trkpt>
      <trkpt lat="48.8793711" lon="2.3483748">
      </trkpt>
      <trkpt lat="48.8793914" lon="2.3483612">
      </trkpt>
      <trkpt lat="48.8793584" lon="2.3482296">
      </trkpt>
      <trkpt lat="48.8793521" lon="2.3482056">
      </trkpt>
      <trkpt lat="48.8793114" lon="2.3480498">
      </trkpt>
      <trkpt lat="48.8790097" lon="2.3470489">
      </trkpt>
      <trkpt lat="48.8787279" lon="2.3460746">
      </trkpt>
      <trkpt lat="48.878701" lon="2.3460431">
      </trkpt>
      <trkpt lat="48.8786724" lon="2.3459405">
      </trkpt>
      <trkpt lat="48.8786763" lon="2.3458701">
      </trkpt>
      <trkpt lat="48.8786684" lon="2.34586">
      </trkpt>
      <trkpt lat="48.8786433" lon="2.345775">
      </trkpt>
      <trkpt lat="48.8786053" lon="2.3456776">
      </trkpt>
      <trkpt lat="48.8786027" lon="2.3456488">
      </trkpt>
      <trkpt lat="48.8784938" lon="2.3452954">
      </trkpt>
      <trkpt lat="48.8785026" lon="2.3452632">
      </trkpt>
      <trkpt lat="48.8785431" lon="2.3452344">
      </trkpt>
      <trkpt lat="48.8786838" lon="2.3453417">
      </trkpt>
      <trkpt lat="48.8786944" lon="2.3453309">
      </trkpt>
      <trkpt lat="48.8787118" lon="2.3452847">
      </trkpt>
      <trkpt lat="48.8787288" lon="2.3452297">
      </trkpt>
      <trkpt lat="48.8787315" lon="2.3452136">
      </trkpt>
      <trkpt lat="48.8787473" lon="2.3452096">
      </trkpt>
      <trkpt lat="48.8787531" lon="2.3452163">
      </trkpt>
      <trkpt lat="48.8787774" lon="2.3452339">
      </trkpt>
      <trkpt lat="48.8788011" lon="2.3452511">
      </trkpt>
      <trkpt lat="48.8788126" lon="2.3452505">
      </trkpt>
      <trkpt lat="48.8788258" lon="2.345286">
      </trkpt>
      <trkpt lat="48.8793761" lon="2.3456867">
      </trkpt>
      <trkpt lat="48.8794151" lon="2.3457183">
      </trkpt>
      <trkpt lat="48.8797251" lon="2.3455895">
      </trkpt>
      <trkpt lat="48.879745" lon="2.3454993">
      </trkpt>
      <trkpt lat="48.8798192" lon="2.3451576">
      </trkpt>
      <trkpt lat="48.8801129" lon="2.3438478">
      </trkpt>
      <trkpt lat="48.8801219" lon="2.3437994">
      </trkpt>
      <trkpt lat="48.8801188" lon="2.3437583">
      </trkpt>
      <trkpt lat="48.8801221" lon="2.3437257">
      </trkpt>
      <trkpt lat="48.8801249" lon="2.343698">
      </trkpt>
      <trkpt lat="48.8801279" lon="2.3436673">
      </trkpt>
      <trkpt lat="48.880129" lon="2.3436566">
      </trkpt>
      <trkpt lat="48.8795032" lon="2.3433253">
      </trkpt>
      <trkpt lat="48.8793056" lon="2.3432039">
      </trkpt>
      <trkpt lat="48.8792981" lon="2.3431604">
      </trkpt>
      <trkpt lat="48.8792844" lon="2.3431557">
      </trkpt>
      <trkpt lat="48.879257" lon="2.3431462">
      </trkpt>
      <trkpt lat="48.8792477" lon="2.3431425">
      </trkpt>
      <trkpt lat="48.8792409" lon="2.3431399">
      </trkpt>
      <trkpt lat="48.8792247" lon="2.3431335">
      </trkpt>
      <trkpt lat="48.8792068" lon="2.343156">
      </trkpt>
      <trkpt lat="48.8791835" lon="2.3431483">
      </trkpt>
      <trkpt lat="48.8783727" lon="2.3427101">
      </trkpt>
      <trkpt lat="48.8783401" lon="2.342688">
      </trkpt>
      <trkpt lat="48.8783427" lon="2.3426571">
      </trkpt>
      <trkpt lat="48.8783216" lon="2.3426444">
      </trkpt>
      <trkpt lat="48.8783024" lon="2.3426346">
      </trkpt>
      <trkpt lat="48.8782973" lon="2.3426631">
      </trkpt>
      <trkpt lat="48.8782885" lon="2.3426672">
      </trkpt>
      <trkpt lat="48.8777273" lon="2.3423765">
      </trkpt>
      <trkpt lat="48.8773789" lon="2.3422611">
      </trkpt>
      <trkpt lat="48.8773754" lon="2.3422793">
      </trkpt>
      <trkpt lat="48.8773711" lon="2.342296">
      </trkpt>
      <trkpt lat="48.8773688" lon="2.3423222">
      </trkpt>
      <trkpt lat="48.8773661" lon="2.3423537">
      </trkpt>
      <trkpt lat="48.8773016" lon="2.3423648">
      </trkpt>
      <trkpt lat="48.8772668" lon="2.3426299">
      </trkpt>
      <trkpt lat="48.8773414" lon="2.3427869">
      </trkpt>
      <trkpt lat="48.8773167" lon="2.342811">
      </trkpt>
      <trkpt lat="48.8773017" lon="2.3428332">
      </trkpt>
      <trkpt lat="48.8772762" lon="2.3428598">
      </trkpt>
      <trkpt lat="48.8772518" lon="2.3428871">
      </trkpt>
      <trkpt lat="48.8771634" lon="2.3429894">
      </trkpt>
      <trkpt lat="48.8771263" lon="2.3430288">
      </trkpt>
      <trkpt lat="48.8770026" lon="2.3444672">
      </trkpt>
      <trkpt lat="48.8765622" lon="2.3443003">
      </trkpt>
      <trkpt lat="48.8765675" lon="2.3443211">
      </trkpt>
      <trkpt lat="48.8765876" lon="2.3443798">
      </trkpt>
      <trkpt lat="48.8766116" lon="2.3444498">
      </trkpt>
      <trkpt lat="48.8766129" lon="2.3444713">
      </trkpt>
      <trkpt lat="48.8765926" lon="2.3444968">
      </trkpt>
      <trkpt lat="48.8766186" lon="2.3459116">
      </trkpt>
      <trkpt lat="48.8766574" lon="2.3459505">
      </trkpt>
      <trkpt lat="48.876661" lon="2.345966">
      </trkpt>
      <trkpt lat="48.8766757" lon="2.3460169">
      </trkpt>
      <trkpt lat="48.8766874" lon="2.3460571">
      </trkpt>
      <trkpt lat="48.8766918" lon="2.3460692">
      </trkpt>
      <trkpt lat="48.8766182" lon="2.3461745">
      </trkpt>
      <trkpt lat="48.8766385" lon="2.346375">
      </trkpt>
      <trkpt lat="48.8767245" lon="2.3467056">
      </trkpt>
      <trkpt lat="48.876802" lon="2.3469958">
      </trkpt>
      <trkpt lat="48.8768404" lon="2.3470643">
      </trkpt>
      <trkpt lat="48.8768832" lon="2.3470871">
      </trkpt>
      <trkpt lat="48.8768685" lon="2.3471267">
      </trkpt>
      <trkpt lat="48.8768643" lon="2.3471381">
      </trkpt>
      <trkpt lat="48.8768604" lon="2.3472049">
      </trkpt>
      <trkpt lat="48.8768598" lon="2.3472601">
      </trkpt>
      <trkpt lat="48.8768612" lon="2.3472742">
      </trkpt>
      <trkpt lat="48.8768546" lon="2.3473037">
      </trkpt>
      <trkpt lat="48.876851" lon="2.3473674">
      </trkpt>
      <trkpt lat="48.8768391" lon="2.3473714">
      </trkpt>
      <trkpt lat="48.8768156" lon="2.3473884">
      </trkpt>
      <trkpt lat="48.8768012" lon="2.3473997">
      </trkpt>
      <trkpt lat="48.876787" lon="2.3474108">
      </trkpt>
      <trkpt lat="48.8767612" lon="2.347431">
      </trkpt>
      <trkpt lat="48.8767355" lon="2.3474472">
      </trkpt>
      <trkpt lat="48.8767293" lon="2.3474573">
      </trkpt>
      <trkpt lat="48.8767015" lon="2.3474164">
      </trkpt>
      <trkpt lat="48.8766561" lon="2.3474284">
      </trkpt>
      <trkpt lat="48.8766486" lon="2.3474492">
      </trkpt>
      <trkpt lat="48.8766671" lon="2.3485992">
      </trkpt>
      <trkpt lat="48.8766754" lon="2.3486428">
      </trkpt>
      <trkpt lat="48.8766636" lon="2.3486401">
      </trkpt>
      <trkpt lat="48.8766352" lon="2.3486249">
      </trkpt>
      <trkpt lat="48.8766036" lon="2.3486079">
      </trkpt>
      <trkpt lat="48.8765864" lon="2.3485724">
      </trkpt>
      <trkpt lat="48.8765688" lon="2.3485731">
      </trkpt>
      <trkpt lat="48.8762455" lon="2.348386">
      </trkpt>
      <trkpt lat="48.8760841" lon="2.3482894">
      </trkpt>
      <trkpt lat="48.8758495" lon="2.3482049">
      </trkpt>
      <trkpt lat="48.8758468" lon="2.348221">
      </trkpt>
      <trkpt lat="48.8758402" lon="2.3482616">
      </trkpt>
      <trkpt lat="48.875838" lon="2.3482867">
      </trkpt>
      <trkpt lat="48.8758367" lon="2.3483115">
      </trkpt>
      <trkpt lat="48.8758151" lon="2.3483209">
      </trkpt>
      <trkpt lat="48.8758367" lon="2.3483115">
      </trkpt>
      <trkpt lat="48.875838" lon="2.3482867">
      </trkpt>
      <trkpt lat="48.8758402" lon="2.3482616">
      </trkpt>
      <trkpt lat="48.8758468" lon="2.348221">
      </trkpt>
      <trkpt lat="48.8758495" lon="2.3482049">
      </trkpt>
      <trkpt lat="48.8758354" lon="2.3481996">
      </trkpt>
      <trkpt lat="48.8758266" lon="2.3481593">
      </trkpt>
      <trkpt lat="48.875864" lon="2.3479716">
      </trkpt>
      <trkpt lat="48.8759174" lon="2.347871">
      </trkpt>
      <trkpt lat="48.8759108" lon="2.3478616">
      </trkpt>
      <trkpt lat="48.8758991" lon="2.3478286">
      </trkpt>
      <trkpt lat="48.8758795" lon="2.3477732">
      </trkpt>
      <trkpt lat="48.8758764" lon="2.3477567">
      </trkpt>
      <trkpt lat="48.8758532" lon="2.3477453">
      </trkpt>
      <trkpt lat="48.875883" lon="2.3471237">
      </trkpt>
      <trkpt lat="48.8758761" lon="2.3471247">
      </trkpt>
      <trkpt lat="48.8758444" lon="2.3471168">
      </trkpt>
      <trkpt lat="48.8758288" lon="2.3471129">
      </trkpt>
      <trkpt lat="48.8758139" lon="2.3471058">
      </trkpt>
      <trkpt lat="48.8758043" lon="2.3471012">
      </trkpt>
      <trkpt lat="48.8757986" lon="2.3471074">
      </trkpt>
      <trkpt lat="48.8757443" lon="2.3471069">
      </trkpt>
      <trkpt lat="48.8750603" lon="2.3469691">
      </trkpt>
      <trkpt lat="48.8750512" lon="2.3469356">
      </trkpt>
      <trkpt lat="48.8750709" lon="2.3467032">
      </trkpt>
      <trkpt lat="48.8750581" lon="2.3466821">
      </trkpt>
      <trkpt lat="48.8740742" lon="2.3464878">
      </trkpt>
      <trkpt lat="48.874076" lon="2.3464958">
      </trkpt>
      <trkpt lat="48.8740746" lon="2.3465278">
      </trkpt>
      <trkpt lat="48.8740733" lon="2.3465592">
      </trkpt>
      <trkpt lat="48.874073" lon="2.3465715">
      </trkpt>
      <trkpt lat="48.874066" lon="2.3465835">
      </trkpt>
      <trkpt lat="48.8740607" lon="2.347187">
      </trkpt>
      <trkpt lat="48.8740889" lon="2.3472306">
      </trkpt>
      <trkpt lat="48.8740841" lon="2.3472434">
      </trkpt>
      <trkpt lat="48.8740815" lon="2.3472825">
      </trkpt>
      <trkpt lat="48.8740791" lon="2.347318">
      </trkpt>
      <trkpt lat="48.8740723" lon="2.3473308">
      </trkpt>
      <trkpt lat="48.8740645" lon="2.3473453">
      </trkpt>
      <trkpt lat="48.8740636" lon="2.3478135">
      </trkpt>
      <trkpt lat="48.8740523" lon="2.3478135">
      </trkpt>
      <trkpt lat="48.8740234" lon="2.3478145">
      </trkpt>
      <trkpt lat="48.8740035" lon="2.3478168">
      </trkpt>
      <trkpt lat="48.8739939" lon="2.3478179">
      </trkpt>
      <trkpt lat="48.8739773" lon="2.3478199">
      </trkpt>
      <trkpt lat="48.873975" lon="2.3478346">
      </trkpt>
      <trkpt lat="48.873108" lon="2.3478277">
      </trkpt>
      <trkpt lat="48.8730918" lon="2.3478276">
      </trkpt>
      <trkpt lat="48.8730572" lon="2.3478273">
      </trkpt>
      <trkpt lat="48.8730679" lon="2.3469108">
      </trkpt>
      <trkpt lat="48.8730186" lon="2.3469045">
      </trkpt>
      <trkpt lat="48.87221" lon="2.3467922">
      </trkpt>
      <trkpt lat="48.872192" lon="2.3468417">
      </trkpt>
      <trkpt lat="48.8721796" lon="2.3468377">
      </trkpt>
      <trkpt lat="48.8721606" lon="2.3468299">
      </trkpt>
      <trkpt lat="48.8721491" lon="2.3468252">
      </trkpt>
      <trkpt lat="48.8721245" lon="2.3468068">
      </trkpt>
      <trkpt lat="48.8722127" lon="2.3462147">
      </trkpt>
      <trkpt lat="48.8722403" lon="2.3461945">
      </trkpt>
      <trkpt lat="48.8722718" lon="2.346208">
      </trkpt>
      <trkpt lat="48.8722789" lon="2.3462094">
      </trkpt>
      <trkpt lat="48.8723071" lon="2.3460209">
      </trkpt>
      <trkpt lat="48.87245" lon="2.3450513">
      </trkpt>
      <trkpt lat="48.8724641" lon="2.3450312">
      </trkpt>
      <trkpt lat="48.8724901" lon="2.3450292">
      </trkpt>
      <trkpt lat="48.8730093" lon="2.3451526">
      </trkpt>
      <trkpt lat="48.873022" lon="2.3451807">
      </trkpt>
      <trkpt lat="48.8730317" lon="2.3451707">
      </trkpt>
      <trkpt lat="48.873072" lon="2.3451845">
      </trkpt>
      <trkpt lat="48.873108" lon="2.3451968">
      </trkpt>
      <trkpt lat="48.8731129" lon="2.3452076">
      </trkpt>
      <trkpt lat="48.8731336" lon="2.3451834">
      </trkpt>
      <trkpt lat="48.8731297" lon="2.345172">
      </trkpt>
      <trkpt lat="48.8731209" lon="2.3451065">
      </trkpt>
      <trkpt lat="48.8731142" lon="2.345056">
      </trkpt>
      <trkpt lat="48.8731222" lon="2.3450426">
      </trkpt>
      <trkpt lat="48.8731116" lon="2.3450225">
      </trkpt>
      <trkpt lat="48.8731067" lon="2.3450037">
      </trkpt>
      <trkpt lat="48.8731133" lon="2.3447623">
      </trkpt>
      <trkpt lat="48.8731279" lon="2.3447382">
      </trkpt>
      <trkpt lat="48.8731261" lon="2.3447261">
      </trkpt>
      <trkpt lat="48.8731274" lon="2.3446633">
      </trkpt>
      <trkpt lat="48.8731283" lon="2.3446235">
      </trkpt>
      <trkpt lat="48.8731332" lon="2.3446067">
      </trkpt>
      <trkpt lat="48.8731217" lon="2.3445558">
      </trkpt>
      <trkpt lat="48.8731495" lon="2.3434266">
      </trkpt>
      <trkpt lat="48.8731469" lon="2.343385">
      </trkpt>
      <trkpt lat="48.8731817" lon="2.3433837">
      </trkpt>
      <trkpt lat="48.873202" lon="2.3433642">
      </trkpt>
      <trkpt lat="48.8732169" lon="2.3433485">
      </trkpt>
      <trkpt lat="48.8732421" lon="2.343322">
      </trkpt>
      <trkpt lat="48.8732514" lon="2.3433132">
      </trkpt>
      <trkpt lat="48.8731633" lon="2.3431429">
      </trkpt>
      <trkpt lat="48.8731575" lon="2.3431194">
      </trkpt>
      <trkpt lat="48.8731431" lon="2.3431247">
      </trkpt>
      <trkpt lat="48.8731131" lon="2.3431397">
      </trkpt>
      <trkpt lat="48.8730868" lon="2.3431536">
      </trkpt>
      <trkpt lat="48.8730714" lon="2.3431617">
      </trkpt>
      <trkpt lat="48.8730601" lon="2.3431405">
      </trkpt>
      <trkpt lat="48.8730459" lon="2.3431302">
      </trkpt>
      <trkpt lat="48.8730419" lon="2.3431121">
      </trkpt>
      <trkpt lat="48.8730322" lon="2.3430613">
      </trkpt>
      <trkpt lat="48.8730225" lon="2.3430155">
      </trkpt>
      <trkpt lat="48.8730238" lon="2.3429994">
      </trkpt>
      <trkpt lat="48.8730127" lon="2.3429992">
      </trkpt>
      <trkpt lat="48.8730066" lon="2.3429827">
      </trkpt>
      <trkpt lat="48.8730938" lon="2.3422452">
      </trkpt>
      <trkpt lat="48.8732448" lon="2.3410575">
      </trkpt>
      <trkpt lat="48.8732899" lon="2.3406793">
      </trkpt>
      <trkpt lat="48.8732986" lon="2.3406438">
      </trkpt>
      <trkpt lat="48.8733297" lon="2.340634">
      </trkpt>
      <trkpt lat="48.8733888" lon="2.3406461">
      </trkpt>
      <trkpt lat="48.8733908" lon="2.340629">
      </trkpt>
      <trkpt lat="48.8733968" lon="2.3405719">
      </trkpt>
      <trkpt lat="48.8734005" lon="2.3405365">
      </trkpt>
      <trkpt lat="48.8734031" lon="2.3405157">
      </trkpt>
      <trkpt lat="48.8732135" lon="2.3404641">
      </trkpt>
      <trkpt lat="48.8730578" lon="2.3404319">
      </trkpt>
      <trkpt lat="48.8729769" lon="2.3404099">
      </trkpt>
      <trkpt lat="48.8729396" lon="2.3403893">
      </trkpt>
      <trkpt lat="48.8729293" lon="2.3403786">
      </trkpt>
      <trkpt lat="48.8729231" lon="2.3403619">
      </trkpt>
      <trkpt lat="48.8729207" lon="2.3403417">
      </trkpt>
      <trkpt lat="48.8729455" lon="2.3402244">
      </trkpt>
      <trkpt lat="48.8729734" lon="2.3401911">
      </trkpt>
      <trkpt lat="48.8730536" lon="2.3397781">
      </trkpt>
      <trkpt lat="48.8730419" lon="2.3397091">
      </trkpt>
      <trkpt lat="48.8730573" lon="2.3396219">
      </trkpt>
      <trkpt lat="48.8730712" lon="2.339602">
      </trkpt>
      <trkpt lat="48.873085" lon="2.3395959">
      </trkpt>
      <trkpt lat="48.8730966" lon="2.3395964">
      </trkpt>
      <trkpt lat="48.8731006" lon="2.3395684">
      </trkpt>
      <trkpt lat="48.8731088" lon="2.3395137">
      </trkpt>
      <trkpt lat="48.8731143" lon="2.3394808">
      </trkpt>
      <trkpt lat="48.8731177" lon="2.3394569">
      </trkpt>
      <trkpt lat="48.8740561" lon="2.3396835">
      </trkpt>
      <trkpt lat="48.874067" lon="2.3396414">
      </trkpt>
      <trkpt lat="48.8740783" lon="2.339643">
      </trkpt>
      <trkpt lat="48.8741113" lon="2.3396499">
      </trkpt>
      <trkpt lat="48.8741402" lon="2.3396559">
      </trkpt>
      <trkpt lat="48.8741507" lon="2.3396621">
      </trkpt>
      <trkpt lat="48.8741681" lon="2.3397054">
      </trkpt>
      <trkpt lat="48.8746521" lon="2.339727">
      </trkpt>
      <trkpt lat="48.8746897" lon="2.3397185">
      </trkpt>
      <trkpt lat="48.8746965" lon="2.3397418">
      </trkpt>
      <trkpt lat="48.8747122" lon="2.3397956">
      </trkpt>
      <trkpt lat="48.8747214" lon="2.3398273">
      </trkpt>
      <trkpt lat="48.8747315" lon="2.3398619">
      </trkpt>
      <trkpt lat="48.8748521" lon="2.3403173">
      </trkpt>
      <trkpt lat="48.8748722" lon="2.3403065">
      </trkpt>
      <trkpt lat="48.8749034" lon="2.3402896">
      </trkpt>
      <trkpt lat="48.8749333" lon="2.3402736">
      </trkpt>
      <trkpt lat="48.8749418" lon="2.3402689">
      </trkpt>
      <trkpt lat="48.8749593" lon="2.3402592">
      </trkpt>
      <trkpt lat="48.8749724" lon="2.340252">
      </trkpt>
      <trkpt lat="48.8749827" lon="2.3402465">
      </trkpt>
      <trkpt lat="48.8750028" lon="2.3402511">
      </trkpt>
      <trkpt lat="48.8750008" lon="2.3402806">
      </trkpt>
      <trkpt lat="48.8750225" lon="2.3403506">
      </trkpt>
      <trkpt lat="48.8750435" lon="2.3404058">
      </trkpt>
      <trkpt lat="48.8750563" lon="2.3404397">
      </trkpt>
      <trkpt lat="48.8750558" lon="2.340484">
      </trkpt>
      <trkpt lat="48.8750601" lon="2.3405278">
      </trkpt>
      <trkpt lat="48.8751085" lon="2.3407227">
      </trkpt>
      <trkpt lat="48.8751287" lon="2.3407912">
      </trkpt>
      <trkpt lat="48.875147" lon="2.3408387">
      </trkpt>
      <trkpt lat="48.8751616" lon="2.3408598">
      </trkpt>
      <trkpt lat="48.8751659" lon="2.3408734">
      </trkpt>
      <trkpt lat="48.8751836" lon="2.3409391">
      </trkpt>
      <trkpt lat="48.8751972" lon="2.3409898">
      </trkpt>
      <trkpt lat="48.8752017" lon="2.3410052">
      </trkpt>
      <trkpt lat="48.8752145" lon="2.3409824">
      </trkpt>
      <trkpt lat="48.8752325" lon="2.3409636">
      </trkpt>
      <trkpt lat="48.8757278" lon="2.340517">
      </trkpt>
      <trkpt lat="48.875763" lon="2.3405184">
      </trkpt>
      <trkpt lat="48.8757807" lon="2.340564">
      </trkpt>
      <trkpt lat="48.875793" lon="2.3405564">
      </trkpt>
      <trkpt lat="48.8758193" lon="2.3405356">
      </trkpt>
      <trkpt lat="48.8758758" lon="2.3404911">
      </trkpt>
      <trkpt lat="48.8759022" lon="2.3404704">
      </trkpt>
      <trkpt lat="48.8759121" lon="2.3404626">
      </trkpt>
      <trkpt lat="48.8759355" lon="2.3404634">
      </trkpt>
      <trkpt lat="48.8759395" lon="2.3404218">
      </trkpt>
      <trkpt lat="48.8759492" lon="2.3403863">
      </trkpt>
      <trkpt lat="48.8760321" lon="2.3403434">
      </trkpt>
      <trkpt lat="48.8760484" lon="2.3403005">
      </trkpt>
      <trkpt lat="48.8760733" lon="2.3402716">
      </trkpt>
      <trkpt lat="48.8760916" lon="2.3402388">
      </trkpt>
      <trkpt lat="48.8761132" lon="2.3402341">
      </trkpt>
      <trkpt lat="48.8761097" lon="2.3401925">
      </trkpt>
      <trkpt lat="48.8761163" lon="2.3401617">
      </trkpt>
      <trkpt lat="48.8761392" lon="2.3401254">
      </trkpt>
      <trkpt lat="48.8762407" lon="2.3400121">
      </trkpt>
      <trkpt lat="48.876608" lon="2.3396172">
      </trkpt>
      <trkpt lat="48.8766213" lon="2.3396319">
      </trkpt>
      <trkpt lat="48.8766305" lon="2.3396319">
      </trkpt>
      <trkpt lat="48.8766531" lon="2.3396094">
      </trkpt>
      <trkpt lat="48.8766865" lon="2.3395776">
      </trkpt>
      <trkpt lat="48.8766993" lon="2.3395736">
      </trkpt>
      <trkpt lat="48.8767033" lon="2.3395233">
      </trkpt>
      <trkpt lat="48.876743" lon="2.3394187">
      </trkpt>
      <trkpt lat="48.876732" lon="2.339412">
      </trkpt>
      <trkpt lat="48.8767051" lon="2.3393963">
      </trkpt>
      <trkpt lat="48.876649" lon="2.3393905">
      </trkpt>
      <trkpt lat="48.8766323" lon="2.3394012">
      </trkpt>
      <trkpt lat="48.876649" lon="2.3393905">
      </trkpt>
      <trkpt lat="48.8767051" lon="2.3393963">
      </trkpt>
      <trkpt lat="48.876732" lon="2.339412">
      </trkpt>
      <trkpt lat="48.876743" lon="2.3394187">
      </trkpt>
      <trkpt lat="48.8767562" lon="2.3393912">
      </trkpt>
      <trkpt lat="48.8768695" lon="2.3393127">
      </trkpt>
      <trkpt lat="48.8768718" lon="2.3392899">
      </trkpt>
      <trkpt lat="48.8768814" lon="2.3392479">
      </trkpt>
      <trkpt lat="48.8768925" lon="2.3392134">
      </trkpt>
      <trkpt lat="48.8768982" lon="2.3392031">
      </trkpt>
      <trkpt lat="48.8769017" lon="2.3391501">
      </trkpt>
      <trkpt lat="48.8768993" lon="2.339145">
      </trkpt>
      <trkpt lat="48.8769079" lon="2.3391243">
      </trkpt>
      <trkpt lat="48.8779214" lon="2.3381156">
      </trkpt>
      <trkpt lat="48.8779418" lon="2.3381098">
      </trkpt>
      <trkpt lat="48.8779482" lon="2.3381026">
      </trkpt>
      <trkpt lat="48.8779811" lon="2.338069">
      </trkpt>
      <trkpt lat="48.8780014" lon="2.3380483">
      </trkpt>
      <trkpt lat="48.878008" lon="2.3380424">
      </trkpt>
      <trkpt lat="48.8780331" lon="2.3380058">
      </trkpt>
      <trkpt lat="48.8783247" lon="2.337718">
      </trkpt>
      <trkpt lat="48.8783469" lon="2.3377349">
      </trkpt>
      <trkpt lat="48.8783723" lon="2.3377436">
      </trkpt>
      <trkpt lat="48.8783998" lon="2.3377497">
      </trkpt>
      <trkpt lat="48.8784337" lon="2.3377411">
      </trkpt>
      <trkpt lat="48.8784558" lon="2.3377289">
      </trkpt>
      <trkpt lat="48.8784825" lon="2.3376999">
      </trkpt>
      <trkpt lat="48.8785061" lon="2.3376605">
      </trkpt>
      <trkpt lat="48.8785242" lon="2.33761">
      </trkpt>
      <trkpt lat="48.8785297" lon="2.3375505">
      </trkpt>
      <trkpt lat="48.8785233" lon="2.3375009">
      </trkpt>
      <trkpt lat="48.8785157" lon="2.3374903">
      </trkpt>
      <trkpt lat="48.8784912" lon="2.3374484">
      </trkpt>
      <trkpt lat="48.878466" lon="2.3374055">
      </trkpt>
      <trkpt lat="48.8784606" lon="2.3373969">
      </trkpt>
      <trkpt lat="48.8786587" lon="2.3371413">
      </trkpt>
      <trkpt lat="48.8786679" lon="2.33713">
      </trkpt>
      <trkpt lat="48.8788114" lon="2.3369707">
      </trkpt>
      <trkpt lat="48.8788246" lon="2.3369249">
      </trkpt>
      <trkpt lat="48.8788352" lon="2.3369234">
      </trkpt>
      <trkpt lat="48.8788595" lon="2.3369012">
      </trkpt>
      <trkpt lat="48.878879" lon="2.3368834">
      </trkpt>
      <trkpt lat="48.8788975" lon="2.3368665">
      </trkpt>
      <trkpt lat="48.8789055" lon="2.3368926">
      </trkpt>
      <trkpt lat="48.878924" lon="2.3369316">
      </trkpt>
      <trkpt lat="48.8789426" lon="2.336971">
      </trkpt>
      <trkpt lat="48.8789504" lon="2.336986">
      </trkpt>
      <trkpt lat="48.8790054" lon="2.3369193">
      </trkpt>
      <trkpt lat="48.8790224" lon="2.3369254">
      </trkpt>
      <trkpt lat="48.8790744" lon="2.3369587">
      </trkpt>
      <trkpt lat="48.879072" lon="2.3369732">
      </trkpt>
      <trkpt lat="48.8790744" lon="2.3369587">
      </trkpt>
      <trkpt lat="48.8790224" lon="2.3369254">
      </trkpt>
      <trkpt lat="48.8790281" lon="2.3369153">
      </trkpt>
      <trkpt lat="48.8790623" lon="2.3368779">
      </trkpt>
      <trkpt lat="48.8791079" lon="2.3368281">
      </trkpt>
      <trkpt lat="48.8791268" lon="2.3368207">
      </trkpt>
      <trkpt lat="48.8791258" lon="2.3367778">
      </trkpt>
      <trkpt lat="48.8802139" lon="2.3354575">
      </trkpt>
      <trkpt lat="48.8802528" lon="2.3354103">
      </trkpt>
      <trkpt lat="48.8802736" lon="2.3353954">
      </trkpt>
      <trkpt lat="48.8806365" lon="2.3356275">
      </trkpt>
      <trkpt lat="48.8806398" lon="2.3356159">
      </trkpt>
      <trkpt lat="48.8806489" lon="2.3355811">
      </trkpt>
      <trkpt lat="48.8806567" lon="2.3355517">
      </trkpt>
      <trkpt lat="48.8806602" lon="2.3355385">
      </trkpt>
      <trkpt lat="48.8806812" lon="2.3354772">
      </trkpt>
      <trkpt lat="48.8806867" lon="2.3354677">
      </trkpt>
      <trkpt lat="48.8807052" lon="2.3354354">
      </trkpt>
      <trkpt lat="48.8807246" lon="2.3354015">
      </trkpt>
      <trkpt lat="48.8807281" lon="2.3353953">
      </trkpt>
      <trkpt lat="48.8805296" lon="2.3351081">
      </trkpt>
      <trkpt lat="48.8805322" lon="2.3350844">
      </trkpt>
      <trkpt lat="48.8805328" lon="2.335068">
      </trkpt>
      <trkpt lat="48.8805358" lon="2.3350016">
      </trkpt>
      <trkpt lat="48.8805382" lon="2.3349478">
      </trkpt>
      <trkpt lat="48.8805396" lon="2.3349316">
      </trkpt>
      <trkpt lat="48.8805365" lon="2.3349268">
      </trkpt>
      <trkpt lat="48.8805207" lon="2.3349021">
      </trkpt>
      <trkpt lat="48.8807012" lon="2.3340643">
      </trkpt>
      <trkpt lat="48.8808555" lon="2.3333614">
      </trkpt>
      <trkpt lat="48.8808764" lon="2.3332781">
      </trkpt>
      <trkpt lat="48.8809597" lon="2.3329235">
      </trkpt>
      <trkpt lat="48.8809694" lon="2.3328824">
      </trkpt>
      <trkpt lat="48.8810977" lon="2.3322967">
      </trkpt>
      <trkpt lat="48.8812374" lon="2.3316584">
      </trkpt>
      <trkpt lat="48.8812651" lon="2.3316408">
      </trkpt>
      <trkpt lat="48.8812664" lon="2.3316256">
      </trkpt>
      <trkpt lat="48.8812772" lon="2.3315755">
      </trkpt>
      <trkpt lat="48.8812855" lon="2.3315374">
      </trkpt>
      <trkpt lat="48.8812877" lon="2.3315258">
      </trkpt>
      <trkpt lat="48.8814204" lon="2.3315519">
      </trkpt>
      <trkpt lat="48.881488" lon="2.3315286">
      </trkpt>
      <trkpt lat="48.8814957" lon="2.331536">
      </trkpt>
      <trkpt lat="48.8815304" lon="2.3315463">
      </trkpt>
      <trkpt lat="48.8815628" lon="2.3315559">
      </trkpt>
      <trkpt lat="48.8815726" lon="2.3315533">
      </trkpt>
      <trkpt lat="48.8815628" lon="2.3315559">
      </trkpt>
      <trkpt lat="48.8815304" lon="2.3315463">
      </trkpt>
      <trkpt lat="48.8814957" lon="2.331536">
      </trkpt>
      <trkpt lat="48.881488" lon="2.3315286">
      </trkpt>
      <trkpt lat="48.8814204" lon="2.3315519">
      </trkpt>
      <trkpt lat="48.8812877" lon="2.3315258">
      </trkpt>
      <trkpt lat="48.8812855" lon="2.3315374">
      </trkpt>
      <trkpt lat="48.8812772" lon="2.3315755">
      </trkpt>
      <trkpt lat="48.8812664" lon="2.3316256">
      </trkpt>
      <trkpt lat="48.8812651" lon="2.3316408">
      </trkpt>
      <trkpt lat="48.8812374" lon="2.3316584">
      </trkpt>
      <trkpt lat="48.8812203" lon="2.3316461">
      </trkpt>
      <trkpt lat="48.8811944" lon="2.3316322">
      </trkpt>
      <trkpt lat="48.8811688" lon="2.3316185">
      </trkpt>
      <trkpt lat="48.8811575" lon="2.3316136">
      </trkpt>
      <trkpt lat="48.8811487" lon="2.3316055">
      </trkpt>
      <trkpt lat="48.8806929" lon="2.3315162">
      </trkpt>
      <trkpt lat="48.8806781" lon="2.331528">
      </trkpt>
      <trkpt lat="48.8806711" lon="2.3315259">
      </trkpt>
      <trkpt lat="48.8806355" lon="2.3315154">
      </trkpt>
      <trkpt lat="48.880602" lon="2.3315055">
      </trkpt>
      <trkpt lat="48.8805949" lon="2.3315033">
      </trkpt>
      <trkpt lat="48.8804511" lon="2.331466">
      </trkpt>
      <trkpt lat="48.8802061" lon="2.3314628">
      </trkpt>
      <trkpt lat="48.8802083" lon="2.3314451">
      </trkpt>
      <trkpt lat="48.8802083" lon="2.3314104">
      </trkpt>
      <trkpt lat="48.8802066" lon="2.3313756">
      </trkpt>
      <trkpt lat="48.8802108" lon="2.3313572">
      </trkpt>
      <trkpt lat="48.8801832" lon="2.3313217">
      </trkpt>
      <trkpt lat="48.8801893" lon="2.3312317">
      </trkpt>
      <trkpt lat="48.8801275" lon="2.3306969">
      </trkpt>
      <trkpt lat="48.8801265" lon="2.3306847">
      </trkpt>
      <trkpt lat="48.8801201" lon="2.3306257">
      </trkpt>
      <trkpt lat="48.8801148" lon="2.3305771">
      </trkpt>
      <trkpt lat="48.8801128" lon="2.3305668">
      </trkpt>
      <trkpt lat="48.8799287" lon="2.3291828">
      </trkpt>
      <trkpt lat="48.8799395" lon="2.3291584">
      </trkpt>
      <trkpt lat="48.8799509" lon="2.329152">
      </trkpt>
      <trkpt lat="48.880446" lon="2.3289257">
      </trkpt>
      <trkpt lat="48.8804481" lon="2.3289248">
      </trkpt>
      <trkpt lat="48.8806227" lon="2.3288478">
      </trkpt>
      <trkpt lat="48.8806204" lon="2.328829">
      </trkpt>
      <trkpt lat="48.8806141" lon="2.3287771">
      </trkpt>
      <trkpt lat="48.880608" lon="2.3287264">
      </trkpt>
      <trkpt lat="48.8806052" lon="2.3287038">
      </trkpt>
      <trkpt lat="48.8807206" lon="2.328639">
      </trkpt>
      <trkpt lat="48.8807457" lon="2.3286507">
      </trkpt>
      <trkpt lat="48.8809318" lon="2.3285659">
      </trkpt>
      <trkpt lat="48.8812296" lon="2.3284301">
      </trkpt>
      <trkpt lat="48.881249" lon="2.3284062">
      </trkpt>
      <trkpt lat="48.8812614" lon="2.3284016">
      </trkpt>
      <trkpt lat="48.8812953" lon="2.3283888">
      </trkpt>
      <trkpt lat="48.8813261" lon="2.3283773">
      </trkpt>
      <trkpt lat="48.8813346" lon="2.3283741">
      </trkpt>
      <trkpt lat="48.8813118" lon="2.3271591">
      </trkpt>
      <trkpt lat="48.8813024" lon="2.3271596">
      </trkpt>
      <trkpt lat="48.881271" lon="2.3271581">
      </trkpt>
      <trkpt lat="48.8812384" lon="2.3271565">
      </trkpt>
      <trkpt lat="48.8812267" lon="2.3271548">
      </trkpt>
      <trkpt lat="48.8811928" lon="2.3271432">
      </trkpt>
      <trkpt lat="48.8809026" lon="2.3271266">
      </trkpt>
      <trkpt lat="48.8809018" lon="2.3271001">
      </trkpt>
      <trkpt lat="48.880903" lon="2.3270669">
      </trkpt>
      <trkpt lat="48.8809043" lon="2.3270342">
      </trkpt>
      <trkpt lat="48.8809052" lon="2.3270045">
      </trkpt>
      <trkpt lat="48.8808434" lon="2.3269902">
      </trkpt>
      <trkpt lat="48.8808247" lon="2.3269879">
      </trkpt>
      <trkpt lat="48.8807961" lon="2.3269841">
      </trkpt>
      <trkpt lat="48.8807585" lon="2.326979">
      </trkpt>
      <trkpt lat="48.8807511" lon="2.3269766">
      </trkpt>
      <trkpt lat="48.8807517" lon="2.3269263">
      </trkpt>
      <trkpt lat="48.8805245" lon="2.325401">
      </trkpt>
      <trkpt lat="48.8805061" lon="2.3253417">
      </trkpt>
      <trkpt lat="48.8805031" lon="2.3253267">
      </trkpt>
      <trkpt lat="48.8804862" lon="2.3252431">
      </trkpt>
      <trkpt lat="48.880479" lon="2.325202">
      </trkpt>
      <trkpt lat="48.8804762" lon="2.3251862">
      </trkpt>
      <trkpt lat="48.8804936" lon="2.3251525">
      </trkpt>
      <trkpt lat="48.8805592" lon="2.3250159">
      </trkpt>
      <trkpt lat="48.880563" lon="2.3249805">
      </trkpt>
      <trkpt lat="48.880508" lon="2.324955">
      </trkpt>
      <trkpt lat="48.8804616" lon="2.324971">
      </trkpt>
      <trkpt lat="48.8804568" lon="2.3249524">
      </trkpt>
      <trkpt lat="48.8804442" lon="2.3249036">
      </trkpt>
      <trkpt lat="48.8804325" lon="2.3248583">
      </trkpt>
      <trkpt lat="48.8804291" lon="2.3248452">
      </trkpt>
      <trkpt lat="48.880444" lon="2.3248211">
      </trkpt>
      <trkpt lat="48.8804282" lon="2.3247285">
      </trkpt>
      <trkpt lat="48.8804096" lon="2.3246196">
      </trkpt>
      <trkpt lat="48.8800148" lon="2.3242936">
      </trkpt>
      <trkpt lat="48.880009" lon="2.324289">
      </trkpt>
      <trkpt lat="48.8798571" lon="2.3241677">
      </trkpt>
      <trkpt lat="48.8792135" lon="2.323655">
      </trkpt>
      <trkpt lat="48.8791963" lon="2.3236487">
      </trkpt>
      <trkpt lat="48.87914" lon="2.3237243">
      </trkpt>
      <trkpt lat="48.8791423" lon="2.3237456">
      </trkpt>
      <trkpt lat="48.8791258" lon="2.323752">
      </trkpt>
      <trkpt lat="48.8790906" lon="2.3237724">
      </trkpt>
      <trkpt lat="48.8790474" lon="2.3237929">
      </trkpt>
      <trkpt lat="48.8790379" lon="2.3237925">
      </trkpt>
      <trkpt lat="48.8790216" lon="2.3237811">
      </trkpt>
      <trkpt lat="48.8789463" lon="2.3237701">
      </trkpt>
      <trkpt lat="48.8789274" lon="2.3237677">
      </trkpt>
      <trkpt lat="48.878905" lon="2.3237393">
      </trkpt>
      <trkpt lat="48.8788685" lon="2.3236806">
      </trkpt>
      <trkpt lat="48.8788557" lon="2.3236559">
      </trkpt>
      <trkpt lat="48.8787949" lon="2.3234271">
      </trkpt>
      <trkpt lat="48.8787613" lon="2.3232798">
      </trkpt>
      <trkpt lat="48.878751" lon="2.3232714">
      </trkpt>
      <trkpt lat="48.8781446" lon="2.3227863">
      </trkpt>
      <trkpt lat="48.8781254" lon="2.322773">
      </trkpt>
      <trkpt lat="48.8780411" lon="2.3227559">
      </trkpt>
      <trkpt lat="48.877936" lon="2.322801">
      </trkpt>
      <trkpt lat="48.8775165" lon="2.3230187">
      </trkpt>
      <trkpt lat="48.8774439" lon="2.3230806">
      </trkpt>
      <trkpt lat="48.8772959" lon="2.32316">
      </trkpt>
      <trkpt lat="48.877255" lon="2.3231806">
      </trkpt>
      <trkpt lat="48.8772576" lon="2.323192">
      </trkpt>
      <trkpt lat="48.877273" lon="2.3232634">
      </trkpt>
      <trkpt lat="48.8772847" lon="2.3233136">
      </trkpt>
      <trkpt lat="48.8775973" lon="2.3231792">
      </trkpt>
      <trkpt lat="48.877812" lon="2.3231001">
      </trkpt>
      <trkpt lat="48.8779624" lon="2.323074">
      </trkpt>
      <trkpt lat="48.878141" lon="2.3230679">
      </trkpt>
      <trkpt lat="48.8779624" lon="2.323074">
      </trkpt>
      <trkpt lat="48.877812" lon="2.3231001">
      </trkpt>
      <trkpt lat="48.8775973" lon="2.3231792">
      </trkpt>
      <trkpt lat="48.8772847" lon="2.3233136">
      </trkpt>
      <trkpt lat="48.877273" lon="2.3232634">
      </trkpt>
      <trkpt lat="48.8772576" lon="2.323192">
      </trkpt>
      <trkpt lat="48.877255" lon="2.3231806">
      </trkpt>
      <trkpt lat="48.877182" lon="2.3232172">
      </trkpt>
      <trkpt lat="48.8771723" lon="2.3231761">
      </trkpt>
      <trkpt lat="48.8771562" lon="2.3231036">
      </trkpt>
      <trkpt lat="48.8771363" lon="2.323021">
      </trkpt>
      <trkpt lat="48.8771312" lon="2.3229965">
      </trkpt>
      <trkpt lat="48.8771482" lon="2.3229786">
      </trkpt>
      <trkpt lat="48.876985" lon="2.3219546">
      </trkpt>
      <trkpt lat="48.876981" lon="2.3218656">
      </trkpt>
      <trkpt lat="48.8769648" lon="2.321836">
      </trkpt>
      <trkpt lat="48.8768629" lon="2.3217566">
      </trkpt>
      <trkpt lat="48.8768467" lon="2.3217722">
      </trkpt>
      <trkpt lat="48.8768405" lon="2.3217648">
      </trkpt>
      <trkpt lat="48.8768043" lon="2.3217349">
      </trkpt>
      <trkpt lat="48.8767625" lon="2.3217004">
      </trkpt>
      <trkpt lat="48.8767508" lon="2.3216941">
      </trkpt>
      <trkpt lat="48.8767441" lon="2.321667">
      </trkpt>
      <trkpt lat="48.8767193" lon="2.3216395">
      </trkpt>
      <trkpt lat="48.8761779" lon="2.3212033">
      </trkpt>
      <trkpt lat="48.8761444" lon="2.3212029">
      </trkpt>
      <trkpt lat="48.8761436" lon="2.3211838">
      </trkpt>
      <trkpt lat="48.8761343" lon="2.3211303">
      </trkpt>
      <trkpt lat="48.8761261" lon="2.3210835">
      </trkpt>
      <trkpt lat="48.8761202" lon="2.3210699">
      </trkpt>
      <trkpt lat="48.8760894" lon="2.321073">
      </trkpt>
      <trkpt lat="48.8760893" lon="2.3210562">
      </trkpt>
      <trkpt lat="48.8760797" lon="2.3210191">
      </trkpt>
      <trkpt lat="48.8760719" lon="2.3209539">
      </trkpt>
      <trkpt lat="48.8760525" lon="2.3209502">
      </trkpt>
      <trkpt lat="48.8760147" lon="2.3209237">
      </trkpt>
      <trkpt lat="48.875995" lon="2.3209019">
      </trkpt>
      <trkpt lat="48.8760056" lon="2.3208774">
      </trkpt>
      <trkpt lat="48.8760111" lon="2.3208492">
      </trkpt>
      <trkpt lat="48.8760109" lon="2.3208199">
      </trkpt>
      <trkpt lat="48.8760051" lon="2.3207919">
      </trkpt>
      <trkpt lat="48.8759943" lon="2.3207676">
      </trkpt>
      <trkpt lat="48.8759792" lon="2.3207493">
      </trkpt>
      <trkpt lat="48.8759613" lon="2.3207384">
      </trkpt>
      <trkpt lat="48.8759421" lon="2.3207359">
      </trkpt>
      <trkpt lat="48.8759393" lon="2.320618">
      </trkpt>
      <trkpt lat="48.8759375" lon="2.3204719">
      </trkpt>
      <trkpt lat="48.8759362" lon="2.3203631">
      </trkpt>
      <trkpt lat="48.8759276" lon="2.3203134">
      </trkpt>
      <trkpt lat="48.8758957" lon="2.3201291">
      </trkpt>
      <trkpt lat="48.8758844" lon="2.3199611">
      </trkpt>
      <trkpt lat="48.8758043" lon="2.3198805">
      </trkpt>
      <trkpt lat="48.8757946" lon="2.3198144">
      </trkpt>
      <trkpt lat="48.8757889" lon="2.3197602">
      </trkpt>
      <trkpt lat="48.8757601" lon="2.3197671">
      </trkpt>
      <trkpt lat="48.8757415" lon="2.3197813">
      </trkpt>
      <trkpt lat="48.8757147" lon="2.3197874">
      </trkpt>
      <trkpt lat="48.8756762" lon="2.3197959">
      </trkpt>
      <trkpt lat="48.8756343" lon="2.3198051">
      </trkpt>
      <trkpt lat="48.8756206" lon="2.3198083">
      </trkpt>
      <trkpt lat="48.8756024" lon="2.3197986">
      </trkpt>
      <trkpt lat="48.8755986" lon="2.3197718">
      </trkpt>
      <trkpt lat="48.8755903" lon="2.319691">
      </trkpt>
      <trkpt lat="48.8755854" lon="2.3196361">
      </trkpt>
      <trkpt lat="48.8755766" lon="2.3195446">
      </trkpt>
      <trkpt lat="48.8755662" lon="2.3194888">
      </trkpt>
      <trkpt lat="48.875555" lon="2.319477">
      </trkpt>
      <trkpt lat="48.8755479" lon="2.3194695">
      </trkpt>
      <trkpt lat="48.8755016" lon="2.319312">
      </trkpt>
      <trkpt lat="48.8755101" lon="2.3192942">
      </trkpt>
      <trkpt lat="48.8754955" lon="2.319262">
      </trkpt>
      <trkpt lat="48.8754915" lon="2.319253">
      </trkpt>
      <trkpt lat="48.8754473" lon="2.3191555">
      </trkpt>
      <trkpt lat="48.8754016" lon="2.3190546">
      </trkpt>
      <trkpt lat="48.8753903" lon="2.3190296">
      </trkpt>
      <trkpt lat="48.8753768" lon="2.3189998">
      </trkpt>
      <trkpt lat="48.8753578" lon="2.3190242">
      </trkpt>
      <trkpt lat="48.8753395" lon="2.3190478">
      </trkpt>
      <trkpt lat="48.8753026" lon="2.3190944">
      </trkpt>
      <trkpt lat="48.8752667" lon="2.3191381">
      </trkpt>
      <trkpt lat="48.8752517" lon="2.3191499">
      </trkpt>
      <trkpt lat="48.8750689" lon="2.3193553">
      </trkpt>
      <trkpt lat="48.874909" lon="2.3192949">
      </trkpt>
      <trkpt lat="48.8748789" lon="2.3192835">
      </trkpt>
      <trkpt lat="48.8748657" lon="2.3192784">
      </trkpt>
      <trkpt lat="48.8747999" lon="2.3192528">
      </trkpt>
      <trkpt lat="48.8747539" lon="2.3192349">
      </trkpt>
      <trkpt lat="48.8747173" lon="2.3192207">
      </trkpt>
      <trkpt lat="48.874698" lon="2.3192297">
      </trkpt>
      <trkpt lat="48.874653" lon="2.3192391">
      </trkpt>
      <trkpt lat="48.8746208" lon="2.3192371">
      </trkpt>
      <trkpt lat="48.8745837" lon="2.3192156">
      </trkpt>
      <trkpt lat="48.8745534" lon="2.3191779">
      </trkpt>
      <trkpt lat="48.8744728" lon="2.3186941">
      </trkpt>
      <trkpt lat="48.8744674" lon="2.3186637">
      </trkpt>
      <trkpt lat="48.8744638" lon="2.3186412">
      </trkpt>
      <trkpt lat="48.8744589" lon="2.3185931">
      </trkpt>
      <trkpt lat="48.8744555" lon="2.3185587">
      </trkpt>
      <trkpt lat="48.8744543" lon="2.3185468">
      </trkpt>
      <trkpt lat="48.874437" lon="2.3185122">
      </trkpt>
      <trkpt lat="48.8742765" lon="2.3175409">
      </trkpt>
      <trkpt lat="48.8742879" lon="2.3174931">
      </trkpt>
      <trkpt lat="48.8742799" lon="2.3174752">
      </trkpt>
      <trkpt lat="48.8742685" lon="2.3174183">
      </trkpt>
      <trkpt lat="48.8742568" lon="2.31736">
      </trkpt>
      <trkpt lat="48.8742532" lon="2.3173372">
      </trkpt>
      <trkpt lat="48.8742385" lon="2.3173297">
      </trkpt>
      <trkpt lat="48.8740093" lon="2.3159965">
      </trkpt>
      <trkpt lat="48.8739952" lon="2.3159977">
      </trkpt>
      <trkpt lat="48.8739376" lon="2.3160024">
      </trkpt>
      <trkpt lat="48.8738834" lon="2.3160069">
      </trkpt>
      <trkpt lat="48.8738666" lon="2.3160083">
      </trkpt>
      <trkpt lat="48.873838" lon="2.3159567">
      </trkpt>
      <trkpt lat="48.8738164" lon="2.3159587">
      </trkpt>
      <trkpt lat="48.8729321" lon="2.3160312">
      </trkpt>
      <trkpt lat="48.8729263" lon="2.3160321">
      </trkpt>
      <trkpt lat="48.872921" lon="2.3160526">
      </trkpt>
      <trkpt lat="48.8729263" lon="2.3160321">
      </trkpt>
      <trkpt lat="48.872925" lon="2.3160231">
      </trkpt>
      <trkpt lat="48.8729252" lon="2.3159772">
      </trkpt>
      <trkpt lat="48.8729255" lon="2.3159312">
      </trkpt>
      <trkpt lat="48.8729253" lon="2.315918">
      </trkpt>
      <trkpt lat="48.8729071" lon="2.3159032">
      </trkpt>
      <trkpt lat="48.8727049" lon="2.3150159">
      </trkpt>
      <trkpt lat="48.8726882" lon="2.3149388">
      </trkpt>
      <trkpt lat="48.8727032" lon="2.3148919">
      </trkpt>
      <trkpt lat="48.8726974" lon="2.3148677">
      </trkpt>
      <trkpt lat="48.8726881" lon="2.3148186">
      </trkpt>
      <trkpt lat="48.8726753" lon="2.3147511">
      </trkpt>
      <trkpt lat="48.8726622" lon="2.314682">
      </trkpt>
      <trkpt lat="48.8726542" lon="2.3146565">
      </trkpt>
      <trkpt lat="48.8726004" lon="2.3145559">
      </trkpt>
      <trkpt lat="48.8725907" lon="2.3145553">
      </trkpt>
      <trkpt lat="48.8725511" lon="2.3145369">
      </trkpt>
      <trkpt lat="48.8725069" lon="2.3145164">
      </trkpt>
      <trkpt lat="48.8724967" lon="2.3145111">
      </trkpt>
      <trkpt lat="48.8724831" lon="2.3144319">
      </trkpt>
      <trkpt lat="48.8724183" lon="2.3141382">
      </trkpt>
      <trkpt lat="48.872338" lon="2.3137815">
      </trkpt>
      <trkpt lat="48.8723481" lon="2.3137768">
      </trkpt>
      <trkpt lat="48.8723756" lon="2.3137611">
      </trkpt>
      <trkpt lat="48.8724024" lon="2.3137459">
      </trkpt>
      <trkpt lat="48.8724081" lon="2.3137406">
      </trkpt>
      <trkpt lat="48.8723552" lon="2.3135112">
      </trkpt>
      <trkpt lat="48.8723578" lon="2.3134676">
      </trkpt>
      <trkpt lat="48.8722599" lon="2.3130304">
      </trkpt>
      <trkpt lat="48.8722282" lon="2.3128648">
      </trkpt>
      <trkpt lat="48.8724015" lon="2.3123109">
      </trkpt>
      <trkpt lat="48.8727909" lon="2.3111281">
      </trkpt>
      <trkpt lat="48.8728412" lon="2.310972">
      </trkpt>
      <trkpt lat="48.8728624" lon="2.3109524">
      </trkpt>
      <trkpt lat="48.8728874" lon="2.3109059">
      </trkpt>
      <trkpt lat="48.8729366" lon="2.3108143">
      </trkpt>
      <trkpt lat="48.8729477" lon="2.3107935">
      </trkpt>
      <trkpt lat="48.8729309" lon="2.3106988">
      </trkpt>
      <trkpt lat="48.8729624" lon="2.3106004">
      </trkpt>
      <trkpt lat="48.8729752" lon="2.3105652">
      </trkpt>
      <trkpt lat="48.8729829" lon="2.3105439">
      </trkpt>
      <trkpt lat="48.8731096" lon="2.3101749">
      </trkpt>
      <trkpt lat="48.8731231" lon="2.3101363">
      </trkpt>
      <trkpt lat="48.8732885" lon="2.3101406">
      </trkpt>
      <trkpt lat="48.8732901" lon="2.3101128">
      </trkpt>
      <trkpt lat="48.8732921" lon="2.310079">
      </trkpt>
      <trkpt lat="48.8732958" lon="2.3100172">
      </trkpt>
      <trkpt lat="48.8732963" lon="2.3100083">
      </trkpt>
      <trkpt lat="48.8732969" lon="2.309998">
      </trkpt>
      <trkpt lat="48.8733027" lon="2.3098992">
      </trkpt>
      <trkpt lat="48.8733046" lon="2.309866">
      </trkpt>
      <trkpt lat="48.8732917" lon="2.3098357">
      </trkpt>
      <trkpt lat="48.8733046" lon="2.309866">
      </trkpt>
      <trkpt lat="48.8733645" lon="2.309905">
      </trkpt>
      <trkpt lat="48.8740417" lon="2.3099235">
      </trkpt>
      <trkpt lat="48.8740412" lon="2.3099432">
      </trkpt>
      <trkpt lat="48.8740391" lon="2.3100203">
      </trkpt>
      <trkpt lat="48.8740369" lon="2.3100999">
      </trkpt>
      <trkpt lat="48.8740358" lon="2.3101402">
      </trkpt>
      <trkpt lat="48.8740353" lon="2.3101594">
      </trkpt>
      <trkpt lat="48.8740488" lon="2.3101815">
      </trkpt>
      <trkpt lat="48.874065" lon="2.3101816">
      </trkpt>
      <trkpt lat="48.8741527" lon="2.3101821">
      </trkpt>
      <trkpt lat="48.8741947" lon="2.3101824">
      </trkpt>
      <trkpt lat="48.8742096" lon="2.3101824">
      </trkpt>
      <trkpt lat="48.87422" lon="2.3101663">
      </trkpt>
      <trkpt lat="48.8742525" lon="2.3101761">
      </trkpt>
      <trkpt lat="48.8742649" lon="2.3101734">
      </trkpt>
      <trkpt lat="48.874291" lon="2.3101678">
      </trkpt>
      <trkpt lat="48.8743215" lon="2.3101612">
      </trkpt>
      <trkpt lat="48.8743546" lon="2.3101542">
      </trkpt>
      <trkpt lat="48.8744213" lon="2.3100265">
      </trkpt>
      <trkpt lat="48.874445" lon="2.3099822">
      </trkpt>
      <trkpt lat="48.874539" lon="2.3098424">
      </trkpt>
      <trkpt lat="48.8746364" lon="2.3097166">
      </trkpt>
      <trkpt lat="48.8747309" lon="2.309619">
      </trkpt>
      <trkpt lat="48.8748415" lon="2.3095029">
      </trkpt>
      <trkpt lat="48.8749039" lon="2.3094917">
      </trkpt>
      <trkpt lat="48.8749031" lon="2.3094474">
      </trkpt>
      <trkpt lat="48.8749058" lon="2.3093085">
      </trkpt>
      <trkpt lat="48.8749077" lon="2.3092062">
      </trkpt>
      <trkpt lat="48.8749062" lon="2.3091722">
      </trkpt>
      <trkpt lat="48.8749036" lon="2.3091133">
      </trkpt>
      <trkpt lat="48.87488" lon="2.3085698">
      </trkpt>
      <trkpt lat="48.8748794" lon="2.3085551">
      </trkpt>
      <trkpt lat="48.8748788" lon="2.3084671">
      </trkpt>
      <trkpt lat="48.8748782" lon="2.3083972">
      </trkpt>
      <trkpt lat="48.874878" lon="2.3083224">
      </trkpt>
      <trkpt lat="48.8748753" lon="2.3082516">
      </trkpt>
      <trkpt lat="48.8747991" lon="2.3062818">
      </trkpt>
      <trkpt lat="48.8747747" lon="2.3062515">
      </trkpt>
      <trkpt lat="48.874774" lon="2.3061798">
      </trkpt>
      <trkpt lat="48.8747409" lon="2.3060719">
      </trkpt>
      <trkpt lat="48.8746996" lon="2.305981">
      </trkpt>
      <trkpt lat="48.874692" lon="2.3059651">
      </trkpt>
      <trkpt lat="48.8746996" lon="2.305981">
      </trkpt>
      <trkpt lat="48.8747409" lon="2.3060719">
      </trkpt>
      <trkpt lat="48.874774" lon="2.3061798">
      </trkpt>
      <trkpt lat="48.8747747" lon="2.3062515">
      </trkpt>
      <trkpt lat="48.8747991" lon="2.3062818">
      </trkpt>
      <trkpt lat="48.8748273" lon="2.306279">
      </trkpt>
      <trkpt lat="48.8748719" lon="2.3062745">
      </trkpt>
      <trkpt lat="48.8749104" lon="2.3062707">
      </trkpt>
      <trkpt lat="48.8749241" lon="2.3062696">
      </trkpt>
      <trkpt lat="48.8749225" lon="2.3062246">
      </trkpt>
      <trkpt lat="48.8749357" lon="2.3062236">
      </trkpt>
      <trkpt lat="48.8749727" lon="2.3062208">
      </trkpt>
      <trkpt lat="48.8750233" lon="2.3062169">
      </trkpt>
      <trkpt lat="48.8750502" lon="2.3062168">
      </trkpt>
      <trkpt lat="48.8750785" lon="2.3062177">
      </trkpt>
      <trkpt lat="48.8751326" lon="2.3062778">
      </trkpt>
      <trkpt lat="48.8755903" lon="2.3068883">
      </trkpt>
      <trkpt lat="48.8755966" lon="2.306877">
      </trkpt>
      <trkpt lat="48.8756148" lon="2.3068445">
      </trkpt>
      <trkpt lat="48.875633" lon="2.306812">
      </trkpt>
      <trkpt lat="48.875638" lon="2.3068029">
      </trkpt>
      <trkpt lat="48.8759251" lon="2.3071847">
      </trkpt>
      <trkpt lat="48.8763273" lon="2.3077249">
      </trkpt>
      <trkpt lat="48.8763663" lon="2.3077599">
      </trkpt>
      <trkpt lat="48.8763817" lon="2.3077439">
      </trkpt>
      <trkpt lat="48.8764095" lon="2.3077527">
      </trkpt>
      <trkpt lat="48.8764837" lon="2.3077762">
      </trkpt>
      <trkpt lat="48.8765579" lon="2.3077998">
      </trkpt>
      <trkpt lat="48.8765825" lon="2.3078076">
      </trkpt>
      <trkpt lat="48.8766222" lon="2.3077379">
      </trkpt>
      <trkpt lat="48.8772736" lon="2.3069328">
      </trkpt>
      <trkpt lat="48.8772886" lon="2.3069486">
      </trkpt>
      <trkpt lat="48.8773062" lon="2.3069252">
      </trkpt>
      <trkpt lat="48.8773614" lon="2.3068512">
      </trkpt>
      <trkpt lat="48.8774053" lon="2.3067925">
      </trkpt>
      <trkpt lat="48.877414" lon="2.3067809">
      </trkpt>
      <trkpt lat="48.8774281" lon="2.3067169">
      </trkpt>
      <trkpt lat="48.8776761" lon="2.3061974">
      </trkpt>
      <trkpt lat="48.877684" lon="2.3062059">
      </trkpt>
      <trkpt lat="48.877692" lon="2.3061888">
      </trkpt>
      <trkpt lat="48.8777607" lon="2.3060641">
      </trkpt>
      <trkpt lat="48.8777901" lon="2.3059939">
      </trkpt>
      <trkpt lat="48.8778" lon="2.3059744">
      </trkpt>
      <trkpt lat="48.8778028" lon="2.3059233">
      </trkpt>
      <trkpt lat="48.8779467" lon="2.3056132">
      </trkpt>
      <trkpt lat="48.8779858" lon="2.305554">
      </trkpt>
      <trkpt lat="48.8780188" lon="2.3055223">
      </trkpt>
      <trkpt lat="48.8780416" lon="2.3055004">
      </trkpt>
      <trkpt lat="48.8781144" lon="2.3054306">
      </trkpt>
      <trkpt lat="48.8781437" lon="2.3054029">
      </trkpt>
      <trkpt lat="48.8781875" lon="2.3053616">
      </trkpt>
      <trkpt lat="48.8782179" lon="2.3053533">
      </trkpt>
      <trkpt lat="48.8782426" lon="2.3053257">
      </trkpt>
      <trkpt lat="48.8782693" lon="2.3052974">
      </trkpt>
      <trkpt lat="48.878269" lon="2.3052768">
      </trkpt>
      <trkpt lat="48.8782682" lon="2.3052119">
      </trkpt>
      <trkpt lat="48.8782674" lon="2.3051493">
      </trkpt>
      <trkpt lat="48.8782673" lon="2.3051283">
      </trkpt>
      <trkpt lat="48.878235" lon="2.3050509">
      </trkpt>
      <trkpt lat="48.8789853" lon="2.3035723">
      </trkpt>
      <trkpt lat="48.8790824" lon="2.3035363">
      </trkpt>
    </trkseg>
  </trk>
</gpx>