<?xml version="1.0" encoding="UTF-8"?>
<gpx xmlns="http://www.topografix.com/GPX/1/1" xmlns:xsi="http://www.w3.org/2001/XMLSchema-instance" xsi:schemaLocation="http://www.topografix.com/GPX/1/1 http://www.topografix.com/GPX/1/1/gpx.xsd" version="1.1" creator="invadrun">
  <metadata>
    <name>Invadrun stage 6</name>
    <desc>42.5 km, 135 walls</desc>
  </metadata>
  <wpt lat="48.883149" lon="2.365842">
    <name>PA_0444</name>
    <cmt>#1 · 212.3 km</cmt>
    <desc>14 rue Chaudron</desc>
    <sym>Flag, Blue</sym>
  </wpt>
  <wpt lat="48.884271" lon="2.365263">
    <name>PA_1090</name>
    <cmt>#2 · 212.5 km</cmt>
    <desc>métro Stalingrad</desc>
    <sym>Flag, Blue</sym>
  </wpt>
  <wpt lat="48.884592" lon="2.363443">
    <name>PA_1105</name>
    <cmt>#3 · 212.6 km</cmt>
    <desc>16 boulevard de la Chapelle</desc>
    <sym>Flag, Blue</sym>
  </wpt>
  <wpt lat="48.884479" lon="2.360347">
    <name>PA_0990</name>
    <cmt>#4 · 212.8 km</cmt>
    <desc>métro La Chapelle</desc>
    <sym>Flag, Blue</sym>
  </wpt>
  <wpt lat="48.884224" lon="2.359716">
    <name>PA_0609</name>
    <cmt>#5 · 212.9 km</cmt>
    <desc>35 boulevard de la Chapelle</desc>
    <sym>Flag, Blue</sym>
  </wpt>
  <wpt lat="48.884037" lon="2.356254">
    <name>PA_0348</name>
    <cmt>#6 · 213.2 km</cmt>
    <desc>39bis boulevard de la Chapelle</desc>
    <sym>Flag, Blue</sym>
  </wpt>
  <wpt lat="48.884381" lon="2.356058">
    <name>PA_0854</name>
    <cmt>#7 · 213.3 km</cmt>
    <desc>1 rue de Tombouctou</desc>
    <sym>Flag, Blue</sym>
  </wpt>
  <wpt lat="48.883751" lon="2.350654">
    <name>PA_0988</name>
    <cmt>#8 · 213.7 km</cmt>
    <desc>métro Barbès-Rochechouart</desc>
    <sym>Flag, Blue</sym>
  </wpt>
  <wpt lat="48.883048" lon="2.349524">
    <name>PA_1050</name>
    <cmt>#9 · 214.0 km</cmt>
    <desc>191 rue du Faubourg Poissonnière</desc>
    <sym>Flag, Blue</sym>
  </wpt>
  <wpt lat="48.88558" lon="2.34984">
    <name>PA_1233</name>
    <cmt>#10 · 214.3 km</cmt>
    <desc>2 rue des Poissonniers</desc>
    <sym>Flag, Blue</sym>
  </wpt>
  <wpt lat="48.885039" lon="2.354615">
    <name>PA_0906</name>
    <cmt>#11 · 214.7 km</cmt>
    <desc>9 rue de la Goutte d'Or</desc>
    <sym>Flag, Blue</sym>
  </wpt>
  <wpt lat="48.885295" lon="2.359571">
    <name>PA_0210</name>
    <cmt>#12 · 215.1 km</cmt>
    <desc>6 rue Marx Dormoy</desc>
    <sym>Flag, Blue</sym>
  </wpt>
  <wpt lat="48.88652" lon="2.36116">
    <name>PA_0329</name>
    <cmt>#13 · 215.3 km</cmt>
    <desc>14 rue Pajol</desc>
    <sym>Flag, Blue</sym>
  </wpt>
  <wpt lat="48.889951" lon="2.360135">
    <name>PA_1018</name>
    <cmt>#14 · 215.8 km</cmt>
    <desc>place Paul Eluard</desc>
    <sym>Flag, Blue</sym>
  </wpt>
  <wpt lat="48.89142" lon="2.361296">
    <name>PA_0989</name>
    <cmt>#15 · 216.0 km</cmt>
    <desc>2 rue de l'Évangile</desc>
    <sym>Flag, Blue</sym>
  </wpt>
  <wpt lat="48.890439" lon="2.353239">
    <name>PA_0336</name>
    <cmt>#16 · 216.7 km</cmt>
    <desc>centre d'Hygiène Sociale</desc>
    <sym>Flag, Blue</sym>
  </wpt>
  <wpt lat="48.8953" lon="2.34591">
    <name>PA_1232</name>
    <cmt>#17 · 217.5 km</cmt>
    <desc>102 rue du Mont Cenis</desc>
    <sym>Flag, Blue</sym>
  </wpt>
  <wpt lat="48.895855" lon="2.346609">
    <name>PA_1372</name>
    <cmt>#18 · 217.6 km</cmt>
    <desc>64 rue Championnet</desc>
    <sym>Flag, Blue</sym>
  </wpt>
  <wpt lat="48.895858" lon="2.343033">
    <name>PA_1020</name>
    <cmt>#19 · 217.9 km</cmt>
    <desc>86 rue Championnet</desc>
    <sym>Flag, Blue</sym>
  </wpt>
  <wpt lat="48.89589" lon="2.3395">
    <name>PA_0656</name>
    <cmt>#20 · 218.2 km</cmt>
    <desc>112bis rue Championnet</desc>
    <sym>Flag, Blue</sym>
  </wpt>
  <wpt lat="48.895526" lon="2.338842">
    <name>PA_1021</name>
    <cmt>#21 · 218.2 km</cmt>
    <desc>1 impasse Robert</desc>
    <sym>Flag, Blue</sym>
  </wpt>
  <wpt lat="48.900816" lon="2.343811">
    <name>PA_0533</name>
    <cmt>#22 · 219.1 km</cmt>
    <desc>sous le périph' porte de Cligancourt</desc>
    <sym>Flag, Blue</sym>
  </wpt>
  <wpt lat="48.898293" lon="2.35365">
    <name>PA_0669</name>
    <cmt>#23 · 220.1 km</cmt>
    <desc>pont ferroviaire de la porte des Poissonniers</desc>
    <sym>Flag, Blue</sym>
  </wpt>
  <wpt lat="48.900471" lon="2.367302">
    <name>PA_1408</name>
    <cmt>#24 · 221.2 km</cmt>
    <desc>derrière le square Charles-Hermite</desc>
    <sym>Flag, Blue</sym>
  </wpt>
  <wpt lat="48.889524" lon="2.371311">
    <name>PA_0883</name>
    <cmt>#25 · 222.8 km</cmt>
    <desc>3 rue Curial</desc>
    <sym>Flag, Blue</sym>
  </wpt>
  <wpt lat="48.89116" lon="2.373707">
    <name>PA_0889</name>
    <cmt>#26 · 223.1 km</cmt>
    <desc>34 rue Mathis</desc>
    <sym>Flag, Blue</sym>
  </wpt>
  <wpt lat="48.89067" lon="2.37648">
    <name>PA_1218</name>
    <cmt>#27 · 223.3 km</cmt>
    <desc>2 rue Mathys</desc>
    <sym>Flag, Blue</sym>
  </wpt>
  <wpt lat="48.89626" lon="2.384498">
    <name>PA_1122</name>
    <cmt>#28 · 224.2 km</cmt>
    <desc>avenue Corentin Cariou</desc>
    <sym>Flag, Blue</sym>
  </wpt>
  <wpt lat="48.89768" lon="2.386005">
    <name>PA_0041</name>
    <cmt>#29 · 224.4 km</cmt>
    <desc>Porte de la Villette</desc>
    <sym>Flag, Blue</sym>
  </wpt>
  <wpt lat="48.900435" lon="2.387233">
    <name>PA_0895</name>
    <cmt>#30 · 224.8 km</cmt>
    <desc>place Auguste Baron</desc>
    <sym>Flag, Blue</sym>
  </wpt>
  <wpt lat="48.90018" lon="2.38639">
    <name>PA_0911</name>
    <cmt>#31 · 224.8 km</cmt>
    <desc>7Z place Auguste Baron</desc>
    <sym>Flag, Blue</sym>
  </wpt>
  <wpt lat="48.90066" lon="2.38924">
    <name>PA_1031</name>
    <cmt>#32 · 225.1 km</cmt>
    <desc>face à un entrepôt abandonné</desc>
    <sym>Flag, Blue</sym>
  </wpt>
  <wpt lat="48.899579" lon="2.391981">
    <name>PA_0490</name>
    <cmt>#33 · 225.4 km</cmt>
    <desc>10 rue du Chemin de Fer</desc>
    <sym>Flag, Blue</sym>
  </wpt>
  <wpt lat="48.89966" lon="2.38804">
    <name>PA_0748</name>
    <cmt>#34 · 225.7 km</cmt>
    <desc>Avenue de la Porte de la Villette</desc>
    <sym>Flag, Blue</sym>
  </wpt>
  <wpt lat="48.889956" lon="2.395975">
    <name>PA_0204</name>
    <cmt>#35 · 227.3 km</cmt>
    <desc>place de la porte de Pantin</desc>
    <sym>Flag, Blue</sym>
  </wpt>
  <wpt lat="48.886487" lon="2.396877">
    <name>PA_0600</name>
    <cmt>#36 · 227.8 km</cmt>
    <desc>entrée du tunnel de la porte Chaumont</desc>
    <sym>Flag, Blue</sym>
  </wpt>
  <wpt lat="48.888993" lon="2.396147">
    <name>PA_0621</name>
    <cmt>#37 · 228.3 km</cmt>
    <desc>porte de Pantin</desc>
    <sym>Flag, Blue</sym>
  </wpt>
  <wpt lat="48.888359" lon="2.392077">
    <name>PA_1231 / PA_1237</name>
    <cmt>#38 · 228.7 km</cmt>
    <desc>200 avenue Jean Jaurès</desc>
    <sym>Flag, Blue</sym>
  </wpt>
  <wpt lat="48.882785" lon="2.389945">
    <name>PA_0649</name>
    <cmt>#39 · 229.6 km</cmt>
    <desc>1 rue Gaston Pinot</desc>
    <sym>Flag, Blue</sym>
  </wpt>
  <wpt lat="48.882183" lon="2.392771">
    <name>PA_0984</name>
    <cmt>#40 · 229.8 km</cmt>
    <desc>1 place Rhin et Danube</desc>
    <sym>Flag, Blue</sym>
  </wpt>
  <wpt lat="48.879782" lon="2.399501">
    <name>PA_0985</name>
    <cmt>#41 · 230.5 km</cmt>
    <desc>52 boulevard Sérurier</desc>
    <sym>Flag, Blue</sym>
  </wpt>
  <wpt lat="48.879724" lon="2.400606">
    <name>PA_0645</name>
    <cmt>#42 · 230.6 km</cmt>
    <desc>rue Charles Monselet</desc>
    <sym>Flag, Blue</sym>
  </wpt>
  <wpt lat="48.881194" lon="2.402437">
    <name>PA_1247</name>
    <cmt>#43 · 231.2 km</cmt>
    <desc>Hôpital Robert Debré</desc>
    <sym>Flag, Blue</sym>
  </wpt>
  <wpt lat="48.876705" lon="2.408995">
    <name>PA_0993</name>
    <cmt>#44 · 232.1 km</cmt>
    <desc>entrée du périphérique porte des Lilas</desc>
    <sym>Flag, Blue</sym>
  </wpt>
  <wpt lat="48.876826" lon="2.406605">
    <name>PA_0962</name>
    <cmt>#45 · 232.4 km</cmt>
    <desc>métro Porte des Lilas</desc>
    <sym>Flag, Blue</sym>
  </wpt>
  <wpt lat="48.876023" lon="2.402223">
    <name>PA_0567</name>
    <cmt>#46 · 232.7 km</cmt>
    <desc>117 rue Haxo</desc>
    <sym>Flag, Blue</sym>
  </wpt>
  <wpt lat="48.87559" lon="2.39896">
    <name>PA_1219</name>
    <cmt>#47 · 233.0 km</cmt>
    <desc>261 rue de Belleville</desc>
    <sym>Flag, Blue</sym>
  </wpt>
  <wpt lat="48.875538" lon="2.399825">
    <name>PA_0521</name>
    <cmt>#48 · 233.1 km</cmt>
    <desc>cimetière de Belleville</desc>
    <sym>Flag, Blue</sym>
  </wpt>
  <wpt lat="48.871633" lon="2.404115">
    <name>PA_0658</name>
    <cmt>#49 · 233.8 km</cmt>
    <desc>métro Saint-Fargeau</desc>
    <sym>Flag, Blue</sym>
  </wpt>
  <wpt lat="48.868227" lon="2.401491">
    <name>PA_0648</name>
    <cmt>#50 · 234.3 km</cmt>
    <desc>métro Pelleport</desc>
    <sym>Flag, Blue</sym>
  </wpt>
  <wpt lat="48.86761" lon="2.39659">
    <name>PA_0545</name>
    <cmt>#51 · 234.7 km</cmt>
    <desc>62 rue Villiers de l'Isle Adam</desc>
    <sym>Flag, Blue</sym>
  </wpt>
  <wpt lat="48.867053" lon="2.397994">
    <name>PA_0411</name>
    <cmt>#52 · 235.1 km</cmt>
    <desc>68 rue Orfila</desc>
    <sym>Flag, Blue</sym>
  </wpt>
  <wpt lat="48.865787" lon="2.397594">
    <name>PA_0008 / PA_1083</name>
    <cmt>#53 · 235.2 km</cmt>
    <desc>Impasse Cordon-Boussard</desc>
    <sym>Flag, Blue</sym>
  </wpt>
  <wpt lat="48.86541" lon="2.39475">
    <name>PA_0339</name>
    <cmt>#54 · 235.5 km</cmt>
    <desc>square du Docteur-Grancher</desc>
    <sym>Flag, Blue</sym>
  </wpt>
  <wpt lat="48.86496" lon="2.39397">
    <name>PA_0325</name>
    <cmt>#55 · 235.6 km</cmt>
    <desc>17 rue Robineau</desc>
    <sym>Flag, Blue</sym>
  </wpt>
  <wpt lat="48.864799" lon="2.393552">
    <name>PA_0412</name>
    <cmt>#56 · 235.7 km</cmt>
    <desc>15 rue Robineau</desc>
    <sym>Flag, Blue</sym>
  </wpt>
  <wpt lat="48.86476" lon="2.39571">
    <name>PA_0421</name>
    <cmt>#57 · 235.9 km</cmt>
    <desc>71 rue des Rondeaux</desc>
    <sym>Flag, Blue</sym>
  </wpt>
  <wpt lat="48.863391" lon="2.399423">
    <name>PA_0827</name>
    <cmt>#58 · 236.2 km</cmt>
    <desc>1 bis rue des Rondonneaux</desc>
    <sym>Flag, Blue</sym>
  </wpt>
  <wpt lat="48.861765" lon="2.400009">
    <name>PA_0461</name>
    <cmt>#59 · 236.4 km</cmt>
    <desc>5-7 rue Charles Renouvier</desc>
    <sym>Flag, Blue</sym>
  </wpt>
  <wpt lat="48.861698" lon="2.400375">
    <name>PA_0610</name>
    <cmt>#60 · 236.5 km</cmt>
    <desc>passage Stendhal</desc>
    <sym>Flag, Blue</sym>
  </wpt>
  <wpt lat="48.864685" lon="2.401248">
    <name>PA_1045</name>
    <cmt>#61 · 236.9 km</cmt>
    <desc>3 rue de la Chine</desc>
    <sym>Flag, Blue</sym>
  </wpt>
  <wpt lat="48.865966" lon="2.406642">
    <name>PA_0983</name>
    <cmt>#62 · 237.5 km</cmt>
    <desc>rue Mondoville</desc>
    <sym>Flag, Blue</sym>
  </wpt>
  <wpt lat="48.865235" lon="2.411501">
    <name>PA_0551</name>
    <cmt>#63 · 237.9 km</cmt>
    <desc>1 avenue Ibsen</desc>
    <sym>Flag, Blue</sym>
  </wpt>
  <wpt lat="48.864658" lon="2.408417">
    <name>PA_1066</name>
    <cmt>#64 · 238.1 km</cmt>
    <desc>McDo de la porte de Bagnolet</desc>
    <sym>Flag, Blue</sym>
  </wpt>
  <wpt lat="48.864018" lon="2.408127">
    <name>PA_1250</name>
    <cmt>#65 · 238.2 km</cmt>
    <desc>176 rue de Bagnolet</desc>
    <sym>Flag, Blue</sym>
  </wpt>
  <wpt lat="48.860974" lon="2.404965">
    <name>PA_0192 / PA_0785</name>
    <cmt>#66 · 238.6 km</cmt>
    <desc>face au 130 rue de Bagnolet</desc>
    <sym>Flag, Blue</sym>
  </wpt>
  <wpt lat="48.86068" lon="2.402905">
    <name>PA_0191</name>
    <cmt>#67 · 238.9 km</cmt>
    <desc>21 chemin du Parc de Charonne</desc>
    <sym>Flag, Blue</sym>
  </wpt>
  <wpt lat="48.860202" lon="2.404223">
    <name>PA_0817</name>
    <cmt>#68 · 239.0 km</cmt>
    <desc>1 rue Saint-Blaise</desc>
    <sym>Flag, Blue</sym>
  </wpt>
  <wpt lat="48.860208" lon="2.403704">
    <name>PA_0190</name>
    <cmt>#69 · 239.0 km</cmt>
    <desc>1 rue Stendhal</desc>
    <sym>Flag, Blue</sym>
  </wpt>
  <wpt lat="48.859426" lon="2.402789">
    <name>PA_0119 / PA_0824</name>
    <cmt>#70 · 239.1 km</cmt>
    <desc>102 rue de Bagnolet</desc>
    <sym>Flag, Blue</sym>
  </wpt>
  <wpt lat="48.858452" lon="2.400672">
    <name>PA_0822</name>
    <cmt>#71 · 239.3 km</cmt>
    <desc>2 rue de Lesseps</desc>
    <sym>Flag, Blue</sym>
  </wpt>
  <wpt lat="48.85916" lon="2.39961">
    <name>PA_0835</name>
    <cmt>#72 · 239.4 km</cmt>
    <desc>13 rue de Lasseps</desc>
    <sym>Flag, Blue</sym>
  </wpt>
  <wpt lat="48.857551" lon="2.399387">
    <name>PA_0832</name>
    <cmt>#73 · 239.7 km</cmt>
    <desc>100 rue de la Réunion</desc>
    <sym>Flag, Blue</sym>
  </wpt>
  <wpt lat="48.857411" lon="2.399298">
    <name>PA_0833</name>
    <cmt>#74 · 239.7 km</cmt>
    <desc>dans l'Abribus</desc>
    <sym>Flag, Blue</sym>
  </wpt>
  <wpt lat="48.856953" lon="2.398039">
    <name>PA_0717</name>
    <cmt>#75 · 239.8 km</cmt>
    <desc>2 rue des Orteaux</desc>
    <sym>Flag, Blue</sym>
  </wpt>
  <wpt lat="48.856768" lon="2.395604">
    <name>PA_1027</name>
    <cmt>#76 · 240.0 km</cmt>
    <desc>Cité Aubry</desc>
    <sym>Flag, Blue</sym>
  </wpt>
  <wpt lat="48.857119" lon="2.395469">
    <name>PA_0715</name>
    <cmt>#77 · 240.0 km</cmt>
    <desc>3 Cité Aubry</desc>
    <sym>Flag, Blue</sym>
  </wpt>
  <wpt lat="48.85637" lon="2.39423">
    <name>PA_0838</name>
    <cmt>#78 · 240.1 km</cmt>
    <desc>113 boulevard de Charonne</desc>
    <sym>Flag, Blue</sym>
  </wpt>
  <wpt lat="48.85705" lon="2.39305">
    <name>PA_0212</name>
    <cmt>#79 · 240.2 km</cmt>
    <desc>123 boulevard de Charonne</desc>
    <sym>Flag, Blue</sym>
  </wpt>
  <wpt lat="48.858285" lon="2.389569">
    <name>PA_0960</name>
    <cmt>#80 · 240.6 km</cmt>
    <desc>141 boulevard Philippe Auguste</desc>
    <sym>Flag, Blue</sym>
  </wpt>
  <wpt lat="48.85849" lon="2.38921">
    <name>PA_1009</name>
    <cmt>#81 · 240.6 km</cmt>
    <desc>1 boulevard de Ménilmontant</desc>
    <sym>Flag, Blue</sym>
  </wpt>
  <wpt lat="48.859626" lon="2.38935">
    <name>PA_0332</name>
    <cmt>#82 · 240.8 km</cmt>
    <desc>41 rue du Repos sous la plaque du cimètière</desc>
    <sym>Flag, Blue</sym>
  </wpt>
  <wpt lat="48.859867" lon="2.388514">
    <name>PA_0566</name>
    <cmt>#83 · 240.8 km</cmt>
    <desc>181 rue de la Roquette</desc>
    <sym>Flag, Blue</sym>
  </wpt>
  <wpt lat="48.8597" lon="2.388525">
    <name>PA_1115</name>
    <cmt>#84 · 240.9 km</cmt>
    <desc>208 rue de la Roquette</desc>
    <sym>Flag, Blue</sym>
  </wpt>
  <wpt lat="48.859383" lon="2.388855">
    <name>PA_1243</name>
    <cmt>#85 · 240.9 km</cmt>
    <desc>15 boulevard de Ménilmontant</desc>
    <sym>Flag, Blue</sym>
  </wpt>
  <wpt lat="48.859408" lon="2.38287">
    <name>PA_0852</name>
    <cmt>#86 · 241.4 km</cmt>
    <desc>10 rue Saint-Maur</desc>
    <sym>Flag, Blue</sym>
  </wpt>
  <wpt lat="48.857783" lon="2.380989">
    <name>PA_0999</name>
    <cmt>#87 · 241.6 km</cmt>
    <desc>136 rue de la Roquette</desc>
    <sym>Flag, Blue</sym>
  </wpt>
  <wpt lat="48.85615" lon="2.38256">
    <name>PA_1301</name>
    <cmt>#88 · 241.9 km</cmt>
    <desc>11 rue François de Neufchâteau</desc>
    <sym>Flag, Blue</sym>
  </wpt>
  <wpt lat="48.856021" lon="2.386367">
    <name>PA_0390</name>
    <cmt>#89 · 242.3 km</cmt>
    <desc>1 passage Gustave Lepeu</desc>
    <sym>Flag, Blue</sym>
  </wpt>
  <wpt lat="48.853621" lon="2.38963">
    <name>PA_0908</name>
    <cmt>#90 · 242.8 km</cmt>
    <desc>10 cité Beauharnais</desc>
    <sym>Flag, Blue</sym>
  </wpt>
  <wpt lat="48.852527" lon="2.389316">
    <name>PA_1098</name>
    <cmt>#91 · 243.0 km</cmt>
    <desc>1 cité Voltaire</desc>
    <sym>Flag, Blue</sym>
  </wpt>
  <wpt lat="48.850527" lon="2.392899">
    <name>PA_0810</name>
    <cmt>#92 · 243.4 km</cmt>
    <desc>1 passage Turquetil</desc>
    <sym>Flag, Blue</sym>
  </wpt>
  <wpt lat="48.849187" lon="2.391903">
    <name>PA_1362</name>
    <cmt>#93 · 243.7 km</cmt>
    <desc>2 rue des Boulets</desc>
    <sym>Flag, Blue</sym>
  </wpt>
  <wpt lat="48.849242" lon="2.38951">
    <name>PA_1135</name>
    <cmt>#94 · 243.9 km</cmt>
    <desc>36 rue Tillier</desc>
    <sym>Flag, Blue</sym>
  </wpt>
  <wpt lat="48.847904" lon="2.392827">
    <name>PA_1356</name>
    <cmt>#95 · 244.2 km</cmt>
    <desc>168 boulevard Diderot</desc>
    <sym>Flag, Blue</sym>
  </wpt>
  <wpt lat="48.84783" lon="2.39293">
    <name>PA_0326</name>
    <cmt>#96 · 244.2 km</cmt>
    <desc>10 rue de Picpus</desc>
    <sym>Flag, Blue</sym>
  </wpt>
  <wpt lat="48.848534" lon="2.393914">
    <name>PA_0515</name>
    <cmt>#97 · 244.3 km</cmt>
    <desc>278 rue du Faubourg Saint-Antoine</desc>
    <sym>Flag, Blue</sym>
  </wpt>
  <wpt lat="48.847363" lon="2.395058">
    <name>PA_1095</name>
    <cmt>#98 · 244.5 km</cmt>
    <desc>18ter rue Jaucourt</desc>
    <sym>Flag, Blue</sym>
  </wpt>
  <wpt lat="48.848006" lon="2.397285">
    <name>PA_0262</name>
    <cmt>#99 · 244.7 km</cmt>
    <desc>place de la Nation (côté avenue du Trône)</desc>
    <sym>Flag, Blue</sym>
  </wpt>
  <wpt lat="48.848529" lon="2.398585">
    <name>PA_1070</name>
    <cmt>#100 · 244.8 km</cmt>
    <desc>pavillon Saint-Louis</desc>
    <sym>Flag, Blue</sym>
  </wpt>
  <wpt lat="48.849797" lon="2.400222">
    <name>PA_1142</name>
    <cmt>#101 · 245.2 km</cmt>
    <desc>8 rue de la Plaine</desc>
    <sym>Flag, Blue</sym>
  </wpt>
  <wpt lat="48.84986" lon="2.402556">
    <name>PA_1242</name>
    <cmt>#102 · 245.3 km</cmt>
    <desc>26 rue de la Plaine</desc>
    <sym>Flag, Blue</sym>
  </wpt>
  <wpt lat="48.84958" lon="2.403919">
    <name>PA_1323</name>
    <cmt>#103 · 245.5 km</cmt>
    <desc>square Sarah Bernhart</desc>
    <sym>Flag, Blue</sym>
  </wpt>
  <wpt lat="48.847343" lon="2.40358">
    <name>PA_1121</name>
    <cmt>#104 · 245.9 km</cmt>
    <desc>52 cours de Vincennes</desc>
    <sym>Flag, Blue</sym>
  </wpt>
  <wpt lat="48.845604" lon="2.402938">
    <name>PA_1183</name>
    <cmt>#105 · 246.1 km</cmt>
    <desc>9 rue Marsoulan</desc>
    <sym>Flag, Blue</sym>
  </wpt>
  <wpt lat="48.844904" lon="2.405649">
    <name>PA_1224</name>
    <cmt>#106 · 246.3 km</cmt>
    <desc>57 avenue du docteur Netter</desc>
    <sym>Flag, Blue</sym>
  </wpt>
  <wpt lat="48.844487" lon="2.406932">
    <name>PA_0242</name>
    <cmt>#107 · 246.4 km</cmt>
    <desc>94-100 avenue Saint-Mandé</desc>
    <sym>Flag, Blue</sym>
  </wpt>
  <wpt lat="48.84537" lon="2.40917">
    <name>PA_1133</name>
    <cmt>#108 · 246.7 km</cmt>
    <desc>19 rue Montera</desc>
    <sym>Flag, Blue</sym>
  </wpt>
  <wpt lat="48.84691" lon="2.40845">
    <name>PA_1225 / PA_1226</name>
    <cmt>#109 · 246.9 km</cmt>
    <desc>100 cours de Vincennes</desc>
    <sym>Flag, Blue</sym>
  </wpt>
  <wpt lat="48.846892" lon="2.408596">
    <name>PA_0082</name>
    <cmt>#110 · 246.9 km</cmt>
    <desc>pasage de la Voûte</desc>
    <sym>Flag, Blue</sym>
  </wpt>
  <wpt lat="48.852627" lon="2.407411">
    <name>PA_1421</name>
    <cmt>#111 · 247.8 km</cmt>
    <desc>49 du Volga</desc>
    <sym>Flag, Blue</sym>
  </wpt>
  <wpt lat="48.852952" lon="2.407912">
    <name>PA_0753</name>
    <cmt>#112 · 247.9 km</cmt>
    <desc>120 rue d'Avron</desc>
    <sym>Flag, Blue</sym>
  </wpt>
  <wpt lat="48.85287" lon="2.40656">
    <name>PA_0278</name>
    <cmt>#113 · 248.0 km</cmt>
    <desc>53 rue des Maraîchers</desc>
    <sym>Flag, Blue</sym>
  </wpt>
  <wpt lat="48.852469" lon="2.406015">
    <name>PA_0700</name>
    <cmt>#114 · 248.1 km</cmt>
    <desc>65 rue des Pyrénées</desc>
    <sym>Flag, Blue</sym>
  </wpt>
  <wpt lat="48.852293" lon="2.40426">
    <name>PA_1116</name>
    <cmt>#115 · 248.2 km</cmt>
    <desc>74 rue d'Avron</desc>
    <sym>Flag, Blue</sym>
  </wpt>
  <wpt lat="48.852275" lon="2.403237">
    <name>PA_1204</name>
    <cmt>#116 · 248.3 km</cmt>
    <desc>61 rue d'Avron</desc>
    <sym>Flag, Blue</sym>
  </wpt>
  <wpt lat="48.851954" lon="2.401255">
    <name>PA_0831</name>
    <cmt>#117 · 248.5 km</cmt>
    <desc>métro Buzenval</desc>
    <sym>Flag, Blue</sym>
  </wpt>
  <wpt lat="48.851057" lon="2.398819">
    <name>PA_1149</name>
    <cmt>#118 · 248.8 km</cmt>
    <desc>42 boulevard de Charonne</desc>
    <sym>Flag, Blue</sym>
  </wpt>
  <wpt lat="48.851158" lon="2.398184">
    <name>PA_1158</name>
    <cmt>#119 · 248.8 km</cmt>
    <desc>33 boulevard de Charonne</desc>
    <sym>Flag, Blue</sym>
  </wpt>
  <wpt lat="48.854407" lon="2.395969">
    <name>PA_0821</name>
    <cmt>#120 · 249.2 km</cmt>
    <desc>édicule EDF face au 81 boulevard de Charonne</desc>
    <sym>Flag, Blue</sym>
  </wpt>
  <wpt lat="48.855099" lon="2.398948">
    <name>PA_0829</name>
    <cmt>#121 · 249.5 km</cmt>
    <desc>104 rue de Buzenval</desc>
    <sym>Flag, Blue</sym>
  </wpt>
  <wpt lat="48.855303" lon="2.39992">
    <name>PA_0535</name>
    <cmt>#122 · 249.6 km</cmt>
    <desc>37 rue de Terre Neuve</desc>
    <sym>Flag, Blue</sym>
  </wpt>
  <wpt lat="48.854906" lon="2.399089">
    <name>PA_0871</name>
    <cmt>#123 · 249.7 km</cmt>
    <desc>29 rue de Terre Neuve</desc>
    <sym>Flag, Blue</sym>
  </wpt>
  <wpt lat="48.853717" lon="2.399535">
    <name>PA_1186</name>
    <cmt>#124 · 249.8 km</cmt>
    <desc>32 impasse de la Confiance</desc>
    <sym>Flag, Blue</sym>
  </wpt>
  <wpt lat="48.856488" lon="2.403152">
    <name>PA_0131</name>
    <cmt>#125 · 250.2 km</cmt>
    <desc>53 rue des Orteaux</desc>
    <sym>Flag, Blue</sym>
  </wpt>
  <wpt lat="48.85736" lon="2.40393">
    <name>PA_0699</name>
    <cmt>#126 · 250.4 km</cmt>
    <desc>127 rue des Pyrénées</desc>
    <sym>Flag, Blue</sym>
  </wpt>
  <wpt lat="48.858658" lon="2.402883">
    <name>PA_0771</name>
    <cmt>#127 · 250.5 km</cmt>
    <desc>132 rue des Pyrénées</desc>
    <sym>Flag, Blue</sym>
  </wpt>
  <wpt lat="48.85681" lon="2.40473">
    <name>PA_1128</name>
    <cmt>#128 · 250.7 km</cmt>
    <desc>112 rue des Pyrénées</desc>
    <sym>Flag, Blue</sym>
  </wpt>
  <wpt lat="48.856255" lon="2.405541">
    <name>PA_0132</name>
    <cmt>#129 · 250.8 km</cmt>
    <desc>97 rue des Maraîchers</desc>
    <sym>Flag, Blue</sym>
  </wpt>
  <wpt lat="48.856031" lon="2.405892">
    <name>PA_0830</name>
    <cmt>#130 · 250.9 km</cmt>
    <desc>68 rue des Orteaux</desc>
    <sym>Flag, Blue</sym>
  </wpt>
  <wpt lat="48.857685" lon="2.414452">
    <name>PA_1155</name>
    <cmt>#131 · 251.7 km</cmt>
    <desc>pont piéton de la rue Lucien Lambeau</desc>
    <sym>Flag, Blue</sym>
  </wpt>
  <wpt lat="48.853403" lon="2.414337">
    <name>PA_0104</name>
    <cmt>#132 · 252.2 km</cmt>
    <desc>sud de la place de la Porte de Montreuil</desc>
    <sym>Flag, Blue</sym>
  </wpt>
  <wpt lat="48.847269" lon="2.414288">
    <name>PA_0431</name>
    <cmt>#133 · 253.0 km</cmt>
    <desc>rond-point de la porte de Vincennes</desc>
    <sym>Flag, Blue</sym>
  </wpt>
  <wpt lat="48.845788" lon="2.413853">
    <name>PA_1110</name>
    <cmt>#134 · 253.2 km</cmt>
    <desc>direction de la Voirie et des Déplacements</desc>
    <sym>Flag, Blue</sym>
  </wpt>
  <wpt lat="48.846276" lon="2.415351">
    <name>PA_0972</name>
    <cmt>#135 · 253.5 km</cmt>
    <desc>22 rue Bernard Lecache</desc>
    <sym>Flag, Blue</sym>
  </wpt>
  <wpt lat="48.835582" lon="2.412255">
    <name>PA_0622</name>
    <cmt>#136 · 254.7 km</cmt>
    <desc>au pied du 18 boulevard de la Guyane</desc>
    <sym>Flag, Blue</sym>
  </wpt>
  <trk>
    <name>Invadrun stage 6</name>
    <trkseg>
      <trkpt lat="48.8831749" lon="2.3657531">
      </trkpt>
      <trkpt lat="48.8831923" lon="2.3657611">
      </trkpt>
      <trkpt lat="48.8832063" lon="2.3657376">
      </trkpt>
      <trkpt lat="48.8832257" lon="2.3657051">
      </trkpt>
      <trkpt lat="48.8832406" lon="2.3656801">
      </trkpt>
      <trkpt lat="48.8832519" lon="2.3656613">
      </trkpt>
      <trkpt lat="48.8832408" lon="2.3656066">
      </trkpt>
      <trkpt lat="48.8832598" lon="2.3655441">
      </trkpt>
      <trkpt lat="48.8836619" lon="2.3646858">
      </trkpt>
      <trkpt lat="48.8837806" lon="2.3644336">
      </trkpt>
      <trkpt lat="48.8838326" lon="2.3644149">
      </trkpt>
      <trkpt lat="48.883882" lon="2.3644464">
      </trkpt>
      <trkpt lat="48.8841501" lon="2.3646274">
      </trkpt>
      <trkpt lat="48.884186" lon="2.3647264">
      </trkpt>
      <trkpt lat="48.8841985" lon="2.3647346">
      </trkpt>
      <trkpt lat="48.8842087" lon="2.3647398">
      </trkpt>
      <trkpt lat="48.884255" lon="2.3647771">
      </trkpt>
      <trkpt lat="48.8842767" lon="2.3647919">
      </trkpt>
      <trkpt lat="48.8843495" lon="2.3648732">
      </trkpt>
      <trkpt lat="48.8843424" lon="2.3649667">
      </trkpt>
      <trkpt lat="48.8843382" lon="2.3650322">
      </trkpt>
      <trkpt lat="48.8843344" lon="2.3650852">
      </trkpt>
      <trkpt lat="48.8843382" lon="2.3650322">
      </trkpt>
      <trkpt lat="48.8843424" lon="2.3649667">
      </trkpt>
      <trkpt lat="48.8843495" lon="2.3648732">
      </trkpt>
      <trkpt lat="48.8844292" lon="2.3649623">
      </trkpt>
      <trkpt lat="48.8844534" lon="2.3649794">
      </trkpt>
      <trkpt lat="48.884498" lon="2.365011">
      </trkpt>
      <trkpt lat="48.8845075" lon="2.3650177">
      </trkpt>
      <trkpt lat="48.8845204" lon="2.365019">
      </trkpt>
      <trkpt lat="48.8845292" lon="2.3649513">
      </trkpt>
      <trkpt lat="48.884531" lon="2.3649352">
      </trkpt>
      <trkpt lat="48.8845346" lon="2.3648748">
      </trkpt>
      <trkpt lat="48.8845392" lon="2.3648088">
      </trkpt>
      <trkpt lat="48.8845404" lon="2.3647773">
      </trkpt>
      <trkpt lat="48.8845414" lon="2.3647561">
      </trkpt>
      <trkpt lat="48.8845518" lon="2.3645423">
      </trkpt>
      <trkpt lat="48.8845654" lon="2.3642904">
      </trkpt>
      <trkpt lat="48.8845678" lon="2.3642452">
      </trkpt>
      <trkpt lat="48.884568" lon="2.3642109">
      </trkpt>
      <trkpt lat="48.884571" lon="2.3635316">
      </trkpt>
      <trkpt lat="48.8845715" lon="2.3634231">
      </trkpt>
      <trkpt lat="48.8845758" lon="2.3627157">
      </trkpt>
      <trkpt lat="48.8845761" lon="2.3626653">
      </trkpt>
      <trkpt lat="48.8845835" lon="2.3615181">
      </trkpt>
      <trkpt lat="48.8845937" lon="2.3614766">
      </trkpt>
      <trkpt lat="48.8845937" lon="2.3614557">
      </trkpt>
      <trkpt lat="48.8845947" lon="2.3614267">
      </trkpt>
      <trkpt lat="48.8845954" lon="2.3614041">
      </trkpt>
      <trkpt lat="48.884595" lon="2.3613803">
      </trkpt>
      <trkpt lat="48.8845844" lon="2.3613491">
      </trkpt>
      <trkpt lat="48.884588" lon="2.360867">
      </trkpt>
      <trkpt lat="48.8845908" lon="2.3607029">
      </trkpt>
      <trkpt lat="48.8845916" lon="2.3606583">
      </trkpt>
      <trkpt lat="48.8845722" lon="2.3606612">
      </trkpt>
      <trkpt lat="48.8845643" lon="2.3606615">
      </trkpt>
      <trkpt lat="48.8845164" lon="2.3606633">
      </trkpt>
      <trkpt lat="48.8844848" lon="2.3606644">
      </trkpt>
      <trkpt lat="48.8844807" lon="2.3606643">
      </trkpt>
      <trkpt lat="48.8844835" lon="2.359811">
      </trkpt>
      <trkpt lat="48.8844782" lon="2.3596912">
      </trkpt>
      <trkpt lat="48.8844784" lon="2.3596167">
      </trkpt>
      <trkpt lat="48.8844784" lon="2.3595566">
      </trkpt>
      <trkpt lat="48.8844787" lon="2.3595475">
      </trkpt>
      <trkpt lat="48.8843662" lon="2.3595402">
      </trkpt>
      <trkpt lat="48.8843493" lon="2.3595539">
      </trkpt>
      <trkpt lat="48.8843491" lon="2.3596136">
      </trkpt>
      <trkpt lat="48.8843285" lon="2.3596186">
      </trkpt>
      <trkpt lat="48.8843206" lon="2.3596205">
      </trkpt>
      <trkpt lat="48.8842931" lon="2.359626">
      </trkpt>
      <trkpt lat="48.8842571" lon="2.3596337">
      </trkpt>
      <trkpt lat="48.8842437" lon="2.3596351">
      </trkpt>
      <trkpt lat="48.8842351" lon="2.3596355">
      </trkpt>
      <trkpt lat="48.8842137" lon="2.3596352">
      </trkpt>
      <trkpt lat="48.8842146" lon="2.3594722">
      </trkpt>
      <trkpt lat="48.8842167" lon="2.3593825">
      </trkpt>
      <trkpt lat="48.8842177" lon="2.3593371">
      </trkpt>
      <trkpt lat="48.8842187" lon="2.359296">
      </trkpt>
      <trkpt lat="48.8842191" lon="2.3592609">
      </trkpt>
      <trkpt lat="48.884221" lon="2.3591959">
      </trkpt>
      <trkpt lat="48.8842215" lon="2.3591737">
      </trkpt>
      <trkpt lat="48.8842229" lon="2.3591027">
      </trkpt>
      <trkpt lat="48.8842189" lon="2.3589465">
      </trkpt>
      <trkpt lat="48.8841793" lon="2.3583083">
      </trkpt>
      <trkpt lat="48.8841777" lon="2.3582864">
      </trkpt>
      <trkpt lat="48.8841289" lon="2.3575713">
      </trkpt>
      <trkpt lat="48.884052" lon="2.3564478">
      </trkpt>
      <trkpt lat="48.8840337" lon="2.3561798">
      </trkpt>
      <trkpt lat="48.8840295" lon="2.3560262">
      </trkpt>
      <trkpt lat="48.8840354" lon="2.3560256">
      </trkpt>
      <trkpt lat="48.8840581" lon="2.356024">
      </trkpt>
      <trkpt lat="48.8840896" lon="2.3560126">
      </trkpt>
      <trkpt lat="48.8841194" lon="2.3560054">
      </trkpt>
      <trkpt lat="48.8841249" lon="2.3560041">
      </trkpt>
      <trkpt lat="48.8842778" lon="2.3561317">
      </trkpt>
      <trkpt lat="48.884291" lon="2.3563194">
      </trkpt>
      <trkpt lat="48.8842944" lon="2.3563183">
      </trkpt>
      <trkpt lat="48.8843375" lon="2.3563131">
      </trkpt>
      <trkpt lat="48.8843771" lon="2.3563084">
      </trkpt>
      <trkpt lat="48.88439" lon="2.3563068">
      </trkpt>
      <trkpt lat="48.8843961" lon="2.3563079">
      </trkpt>
      <trkpt lat="48.8844074" lon="2.3562868">
      </trkpt>
      <trkpt lat="48.8844056" lon="2.3562804">
      </trkpt>
      <trkpt lat="48.884399" lon="2.3561435">
      </trkpt>
      <trkpt lat="48.8843959" lon="2.3560775">
      </trkpt>
      <trkpt lat="48.8843958" lon="2.3560563">
      </trkpt>
      <trkpt lat="48.8843805" lon="2.3560367">
      </trkpt>
      <trkpt lat="48.8843536" lon="2.3555941">
      </trkpt>
      <trkpt lat="48.8843664" lon="2.3555305">
      </trkpt>
      <trkpt lat="48.8843454" lon="2.3554167">
      </trkpt>
      <trkpt lat="48.8843282" lon="2.3553231">
      </trkpt>
      <trkpt lat="48.8843769" lon="2.3551894">
      </trkpt>
      <trkpt lat="48.8844362" lon="2.3548608">
      </trkpt>
      <trkpt lat="48.8845178" lon="2.354376">
      </trkpt>
      <trkpt lat="48.8845544" lon="2.3541608">
      </trkpt>
      <trkpt lat="48.8845551" lon="2.3540883">
      </trkpt>
      <trkpt lat="48.8845412" lon="2.3539368">
      </trkpt>
      <trkpt lat="48.8845174" lon="2.3538208">
      </trkpt>
      <trkpt lat="48.8844085" lon="2.3533702">
      </trkpt>
      <trkpt lat="48.8842462" lon="2.3526721">
      </trkpt>
      <trkpt lat="48.8842184" lon="2.3525427">
      </trkpt>
      <trkpt lat="48.8842444" lon="2.352526">
      </trkpt>
      <trkpt lat="48.8842495" lon="2.3525234">
      </trkpt>
      <trkpt lat="48.8842757" lon="2.3525099">
      </trkpt>
      <trkpt lat="48.8842819" lon="2.3525065">
      </trkpt>
      <trkpt lat="48.884285" lon="2.3524763">
      </trkpt>
      <trkpt lat="48.8842894" lon="2.3524663">
      </trkpt>
      <trkpt lat="48.8842784" lon="2.352424">
      </trkpt>
      <trkpt lat="48.8842714" lon="2.3523954">
      </trkpt>
      <trkpt lat="48.8842678" lon="2.3523805">
      </trkpt>
      <trkpt lat="48.8842656" lon="2.352363">
      </trkpt>
      <trkpt lat="48.8842189" lon="2.3523248">
      </trkpt>
      <trkpt lat="48.8841554" lon="2.3520485">
      </trkpt>
      <trkpt lat="48.8840822" lon="2.35172">
      </trkpt>
      <trkpt lat="48.8840645" lon="2.3516261">
      </trkpt>
      <trkpt lat="48.8840478" lon="2.3514135">
      </trkpt>
      <trkpt lat="48.8840372" lon="2.3514142">
      </trkpt>
      <trkpt lat="48.8840317" lon="2.3514143">
      </trkpt>
      <trkpt lat="48.8839892" lon="2.3514153">
      </trkpt>
      <trkpt lat="48.8839653" lon="2.3514159">
      </trkpt>
      <trkpt lat="48.8839494" lon="2.3514175">
      </trkpt>
      <trkpt lat="48.883923" lon="2.3513914">
      </trkpt>
      <trkpt lat="48.8839208" lon="2.3513332">
      </trkpt>
      <trkpt lat="48.8839178" lon="2.3512912">
      </trkpt>
      <trkpt lat="48.8839146" lon="2.3512472">
      </trkpt>
      <trkpt lat="48.8839124" lon="2.3512291">
      </trkpt>
      <trkpt lat="48.8838639" lon="2.3512259">
      </trkpt>
      <trkpt lat="48.8838627" lon="2.3511963">
      </trkpt>
      <trkpt lat="48.8838596" lon="2.351145">
      </trkpt>
      <trkpt lat="48.8838226" lon="2.3506728">
      </trkpt>
      <trkpt lat="48.8838596" lon="2.351145">
      </trkpt>
      <trkpt lat="48.8838627" lon="2.3511963">
      </trkpt>
      <trkpt lat="48.8838639" lon="2.3512259">
      </trkpt>
      <trkpt lat="48.8838008" lon="2.3512217">
      </trkpt>
      <trkpt lat="48.883766" lon="2.3511701">
      </trkpt>
      <trkpt lat="48.8837559" lon="2.3511681">
      </trkpt>
      <trkpt lat="48.8837303" lon="2.351166">
      </trkpt>
      <trkpt lat="48.883699" lon="2.3511651">
      </trkpt>
      <trkpt lat="48.8836752" lon="2.3511614">
      </trkpt>
      <trkpt lat="48.8836648" lon="2.3511604">
      </trkpt>
      <trkpt lat="48.883673" lon="2.3511124">
      </trkpt>
      <trkpt lat="48.8835861" lon="2.3498813">
      </trkpt>
      <trkpt lat="48.883583" lon="2.3498329">
      </trkpt>
      <trkpt lat="48.8835482" lon="2.3497455">
      </trkpt>
      <trkpt lat="48.883537" lon="2.3496996">
      </trkpt>
      <trkpt lat="48.8835311" lon="2.3496751">
      </trkpt>
      <trkpt lat="48.8835119" lon="2.3495966">
      </trkpt>
      <trkpt lat="48.8835075" lon="2.3495785">
      </trkpt>
      <trkpt lat="48.883504" lon="2.3495639">
      </trkpt>
      <trkpt lat="48.8834866" lon="2.3494927">
      </trkpt>
      <trkpt lat="48.8834799" lon="2.3494651">
      </trkpt>
      <trkpt lat="48.883479" lon="2.3494612">
      </trkpt>
      <trkpt lat="48.883476" lon="2.3494479">
      </trkpt>
      <trkpt lat="48.8834714" lon="2.3494273">
      </trkpt>
      <trkpt lat="48.8832557" lon="2.3495957">
      </trkpt>
      <trkpt lat="48.8831566" lon="2.3496969">
      </trkpt>
      <trkpt lat="48.8831447" lon="2.3497078">
      </trkpt>
      <trkpt lat="48.8831326" lon="2.3497189">
      </trkpt>
      <trkpt lat="48.8831073" lon="2.3497422">
      </trkpt>
      <trkpt lat="48.8830912" lon="2.349757">
      </trkpt>
      <trkpt lat="48.8830219" lon="2.3496823">
      </trkpt>
      <trkpt lat="48.8830912" lon="2.349757">
      </trkpt>
      <trkpt lat="48.8831073" lon="2.3497422">
      </trkpt>
      <trkpt lat="48.8831326" lon="2.3497189">
      </trkpt>
      <trkpt lat="48.8831447" lon="2.3497078">
      </trkpt>
      <trkpt lat="48.8831566" lon="2.3496969">
      </trkpt>
      <trkpt lat="48.8832557" lon="2.3495957">
      </trkpt>
      <trkpt lat="48.8834714" lon="2.3494273">
      </trkpt>
      <trkpt lat="48.883476" lon="2.3494479">
      </trkpt>
      <trkpt lat="48.883479" lon="2.3494612">
      </trkpt>
      <trkpt lat="48.8834799" lon="2.3494651">
      </trkpt>
      <trkpt lat="48.8834866" lon="2.3494927">
      </trkpt>
      <trkpt lat="48.883504" lon="2.3495639">
      </trkpt>
      <trkpt lat="48.8835075" lon="2.3495785">
      </trkpt>
      <trkpt lat="48.8835119" lon="2.3495966">
      </trkpt>
      <trkpt lat="48.8835311" lon="2.3496751">
      </trkpt>
      <trkpt lat="48.883537" lon="2.3496996">
      </trkpt>
      <trkpt lat="48.8835482" lon="2.3497455">
      </trkpt>
      <trkpt lat="48.8835742" lon="2.3497311">
      </trkpt>
      <trkpt lat="48.8836037" lon="2.3497254">
      </trkpt>
      <trkpt lat="48.8836232" lon="2.3497216">
      </trkpt>
      <trkpt lat="48.8836542" lon="2.3497156">
      </trkpt>
      <trkpt lat="48.8836769" lon="2.3497105">
      </trkpt>
      <trkpt lat="48.8836893" lon="2.3497077">
      </trkpt>
      <trkpt lat="48.8837526" lon="2.3496934">
      </trkpt>
      <trkpt lat="48.8838059" lon="2.3496815">
      </trkpt>
      <trkpt lat="48.8838177" lon="2.3496788">
      </trkpt>
      <trkpt lat="48.8838418" lon="2.3496734">
      </trkpt>
      <trkpt lat="48.8838673" lon="2.3496683">
      </trkpt>
      <trkpt lat="48.8839018" lon="2.3496618">
      </trkpt>
      <trkpt lat="48.883912" lon="2.3496594">
      </trkpt>
      <trkpt lat="48.8839234" lon="2.349662">
      </trkpt>
      <trkpt lat="48.8839746" lon="2.3496272">
      </trkpt>
      <trkpt lat="48.8843088" lon="2.3496379">
      </trkpt>
      <trkpt lat="48.8846252" lon="2.349662">
      </trkpt>
      <trkpt lat="48.8851625" lon="2.3496801">
      </trkpt>
      <trkpt lat="48.885214" lon="2.3496889">
      </trkpt>
      <trkpt lat="48.8852401" lon="2.3496909">
      </trkpt>
      <trkpt lat="48.8852579" lon="2.3496937">
      </trkpt>
      <trkpt lat="48.8852784" lon="2.3496969">
      </trkpt>
      <trkpt lat="48.8852869" lon="2.3496972">
      </trkpt>
      <trkpt lat="48.8854663" lon="2.3496996">
      </trkpt>
      <trkpt lat="48.8855042" lon="2.3497331">
      </trkpt>
      <trkpt lat="48.8854663" lon="2.3496996">
      </trkpt>
      <trkpt lat="48.8852869" lon="2.3496972">
      </trkpt>
      <trkpt lat="48.8852798" lon="2.3497472">
      </trkpt>
      <trkpt lat="48.8851766" lon="2.3507269">
      </trkpt>
      <trkpt lat="48.8851572" lon="2.3509052">
      </trkpt>
      <trkpt lat="48.8851294" lon="2.3511352">
      </trkpt>
      <trkpt lat="48.8851051" lon="2.3513267">
      </trkpt>
      <trkpt lat="48.885091" lon="2.3514672">
      </trkpt>
      <trkpt lat="48.885084" lon="2.3515657">
      </trkpt>
      <trkpt lat="48.8850756" lon="2.3519821">
      </trkpt>
      <trkpt lat="48.8850725" lon="2.352367">
      </trkpt>
      <trkpt lat="48.8850721" lon="2.3524173">
      </trkpt>
      <trkpt lat="48.8850743" lon="2.3524582">
      </trkpt>
      <trkpt lat="48.8850902" lon="2.352475">
      </trkpt>
      <trkpt lat="48.8850875" lon="2.3525161">
      </trkpt>
      <trkpt lat="48.8850796" lon="2.3525538">
      </trkpt>
      <trkpt lat="48.8850724" lon="2.3525883">
      </trkpt>
      <trkpt lat="48.8850703" lon="2.3525997">
      </trkpt>
      <trkpt lat="48.8850574" lon="2.3526865">
      </trkpt>
      <trkpt lat="48.8850239" lon="2.3540651">
      </trkpt>
      <trkpt lat="48.8850218" lon="2.3541404">
      </trkpt>
      <trkpt lat="48.8850156" lon="2.3546137">
      </trkpt>
      <trkpt lat="48.8850059" lon="2.3550107">
      </trkpt>
      <trkpt lat="48.8850086" lon="2.3550881">
      </trkpt>
      <trkpt lat="48.8850102" lon="2.3551324">
      </trkpt>
      <trkpt lat="48.885015" lon="2.3552165">
      </trkpt>
      <trkpt lat="48.8850179" lon="2.3552655">
      </trkpt>
      <trkpt lat="48.8850403" lon="2.3552759">
      </trkpt>
      <trkpt lat="48.8850421" lon="2.3555025">
      </trkpt>
      <trkpt lat="48.8850168" lon="2.3557694">
      </trkpt>
      <trkpt lat="48.8850235" lon="2.3557902">
      </trkpt>
      <trkpt lat="48.8850238" lon="2.3557973">
      </trkpt>
      <trkpt lat="48.8850256" lon="2.3558263">
      </trkpt>
      <trkpt lat="48.8850293" lon="2.3558841">
      </trkpt>
      <trkpt lat="48.8850324" lon="2.3558962">
      </trkpt>
      <trkpt lat="48.885013" lon="2.355927">
      </trkpt>
      <trkpt lat="48.884998" lon="2.3559619">
      </trkpt>
      <trkpt lat="48.8849926" lon="2.3561212">
      </trkpt>
      <trkpt lat="48.8849843" lon="2.3563594">
      </trkpt>
      <trkpt lat="48.8849685" lon="2.3566485">
      </trkpt>
      <trkpt lat="48.884972" lon="2.3567089">
      </trkpt>
      <trkpt lat="48.8849896" lon="2.356739">
      </trkpt>
      <trkpt lat="48.8849949" lon="2.3567431">
      </trkpt>
      <trkpt lat="48.8849905" lon="2.3567645">
      </trkpt>
      <trkpt lat="48.8849897" lon="2.3568166">
      </trkpt>
      <trkpt lat="48.8849886" lon="2.3568915">
      </trkpt>
      <trkpt lat="48.8849913" lon="2.356903">
      </trkpt>
      <trkpt lat="48.8849755" lon="2.3569325">
      </trkpt>
      <trkpt lat="48.8849686" lon="2.3570515">
      </trkpt>
      <trkpt lat="48.8848891" lon="2.3582031">
      </trkpt>
      <trkpt lat="48.8848868" lon="2.3582284">
      </trkpt>
      <trkpt lat="48.8848683" lon="2.358583">
      </trkpt>
      <trkpt lat="48.8848576" lon="2.3587926">
      </trkpt>
      <trkpt lat="48.8848463" lon="2.3590065">
      </trkpt>
      <trkpt lat="48.8848444" lon="2.3590521">
      </trkpt>
      <trkpt lat="48.8848396" lon="2.3591538">
      </trkpt>
      <trkpt lat="48.8848835" lon="2.3591805">
      </trkpt>
      <trkpt lat="48.8849792" lon="2.3591842">
      </trkpt>
      <trkpt lat="48.88498" lon="2.3592245">
      </trkpt>
      <trkpt lat="48.8849792" lon="2.3592498">
      </trkpt>
      <trkpt lat="48.8849783" lon="2.359273">
      </trkpt>
      <trkpt lat="48.8849768" lon="2.3593104">
      </trkpt>
      <trkpt lat="48.8849744" lon="2.3593699">
      </trkpt>
      <trkpt lat="48.8849715" lon="2.3594715">
      </trkpt>
      <trkpt lat="48.8849711" lon="2.3595018">
      </trkpt>
      <trkpt lat="48.8851814" lon="2.3595095">
      </trkpt>
      <trkpt lat="48.8849711" lon="2.3595018">
      </trkpt>
      <trkpt lat="48.8849464" lon="2.3595561">
      </trkpt>
      <trkpt lat="48.8849321" lon="2.3603484">
      </trkpt>
      <trkpt lat="48.8849443" lon="2.3603853">
      </trkpt>
      <trkpt lat="48.8849614" lon="2.3604137">
      </trkpt>
      <trkpt lat="48.8850156" lon="2.3604432">
      </trkpt>
      <trkpt lat="48.8853772" lon="2.3605719">
      </trkpt>
      <trkpt lat="48.8854896" lon="2.3606155">
      </trkpt>
      <trkpt lat="48.8859081" lon="2.3607624">
      </trkpt>
      <trkpt lat="48.8860785" lon="2.3608303">
      </trkpt>
      <trkpt lat="48.8861156" lon="2.360853">
      </trkpt>
      <trkpt lat="48.8861222" lon="2.3609101">
      </trkpt>
      <trkpt lat="48.8861618" lon="2.3609">
      </trkpt>
      <trkpt lat="48.8862531" lon="2.3609332">
      </trkpt>
      <trkpt lat="48.886464" lon="2.3610503">
      </trkpt>
      <trkpt lat="48.8866788" lon="2.3610105">
      </trkpt>
      <trkpt lat="48.8866774" lon="2.3609883">
      </trkpt>
      <trkpt lat="48.8866765" lon="2.3609737">
      </trkpt>
      <trkpt lat="48.8867282" lon="2.3609622">
      </trkpt>
      <trkpt lat="48.8867375" lon="2.3609407">
      </trkpt>
      <trkpt lat="48.8867463" lon="2.3609408">
      </trkpt>
      <trkpt lat="48.8867729" lon="2.3609299">
      </trkpt>
      <trkpt lat="48.8868084" lon="2.3609173">
      </trkpt>
      <trkpt lat="48.886819" lon="2.3609105">
      </trkpt>
      <trkpt lat="48.8868371" lon="2.3609293">
      </trkpt>
      <trkpt lat="48.8869919" lon="2.3609032">
      </trkpt>
      <trkpt lat="48.8877348" lon="2.360753">
      </trkpt>
      <trkpt lat="48.8882182" lon="2.3606591">
      </trkpt>
      <trkpt lat="48.8882833" lon="2.3606457">
      </trkpt>
      <trkpt lat="48.8886343" lon="2.3605639">
      </trkpt>
      <trkpt lat="48.8886426" lon="2.3605277">
      </trkpt>
      <trkpt lat="48.8889923" lon="2.3604566">
      </trkpt>
      <trkpt lat="48.8890187" lon="2.3604841">
      </trkpt>
      <trkpt lat="48.8896113" lon="2.3603506">
      </trkpt>
      <trkpt lat="48.8899365" lon="2.3602526">
      </trkpt>
      <trkpt lat="48.8899545" lon="2.360235">
      </trkpt>
      <trkpt lat="48.8899398" lon="2.3600925">
      </trkpt>
      <trkpt lat="48.8900399" lon="2.3600992">
      </trkpt>
      <trkpt lat="48.890096" lon="2.3601179">
      </trkpt>
      <trkpt lat="48.890122" lon="2.3601258">
      </trkpt>
      <trkpt lat="48.8901353" lon="2.3601267">
      </trkpt>
      <trkpt lat="48.890194" lon="2.3601305">
      </trkpt>
      <trkpt lat="48.8902255" lon="2.3601345">
      </trkpt>
      <trkpt lat="48.8902585" lon="2.3601454">
      </trkpt>
      <trkpt lat="48.8903899" lon="2.3601296">
      </trkpt>
      <trkpt lat="48.8904631" lon="2.3601221">
      </trkpt>
      <trkpt lat="48.8905427" lon="2.3601146">
      </trkpt>
      <trkpt lat="48.8907537" lon="2.3600911">
      </trkpt>
      <trkpt lat="48.8908204" lon="2.3600826">
      </trkpt>
      <trkpt lat="48.8908432" lon="2.3600804">
      </trkpt>
      <trkpt lat="48.8908726" lon="2.3600781">
      </trkpt>
      <trkpt lat="48.8909022" lon="2.3600757">
      </trkpt>
      <trkpt lat="48.8909207" lon="2.360069">
      </trkpt>
      <trkpt lat="48.8911387" lon="2.3608318">
      </trkpt>
      <trkpt lat="48.8911756" lon="2.3609112">
      </trkpt>
      <trkpt lat="48.8912624" lon="2.3611312">
      </trkpt>
      <trkpt lat="48.8913422" lon="2.3611245">
      </trkpt>
      <trkpt lat="48.8913482" lon="2.3611968">
      </trkpt>
      <trkpt lat="48.8913469" lon="2.3612525">
      </trkpt>
      <trkpt lat="48.8913471" lon="2.3613008">
      </trkpt>
      <trkpt lat="48.8913572" lon="2.3613196">
      </trkpt>
      <trkpt lat="48.8913471" lon="2.3613008">
      </trkpt>
      <trkpt lat="48.8913469" lon="2.3612525">
      </trkpt>
      <trkpt lat="48.8913482" lon="2.3611968">
      </trkpt>
      <trkpt lat="48.8913422" lon="2.3611245">
      </trkpt>
      <trkpt lat="48.8912624" lon="2.3611312">
      </trkpt>
      <trkpt lat="48.8911756" lon="2.3609112">
      </trkpt>
      <trkpt lat="48.8911387" lon="2.3608318">
      </trkpt>
      <trkpt lat="48.8909207" lon="2.360069">
      </trkpt>
      <trkpt lat="48.8909022" lon="2.3600757">
      </trkpt>
      <trkpt lat="48.8908726" lon="2.3600781">
      </trkpt>
      <trkpt lat="48.8908432" lon="2.3600804">
      </trkpt>
      <trkpt lat="48.8908204" lon="2.3600826">
      </trkpt>
      <trkpt lat="48.8907537" lon="2.3600911">
      </trkpt>
      <trkpt lat="48.8907517" lon="2.360009">
      </trkpt>
      <trkpt lat="48.8907502" lon="2.3599478">
      </trkpt>
      <trkpt lat="48.8907484" lon="2.3598755">
      </trkpt>
      <trkpt lat="48.8907475" lon="2.3598382">
      </trkpt>
      <trkpt lat="48.8907467" lon="2.3598041">
      </trkpt>
      <trkpt lat="48.8907458" lon="2.3597669">
      </trkpt>
      <trkpt lat="48.8907451" lon="2.3597399">
      </trkpt>
      <trkpt lat="48.8906439" lon="2.3597351">
      </trkpt>
      <trkpt lat="48.8903917" lon="2.3597428">
      </trkpt>
      <trkpt lat="48.8903692" lon="2.3597106">
      </trkpt>
      <trkpt lat="48.8903498" lon="2.3590075">
      </trkpt>
      <trkpt lat="48.89036" lon="2.3584784">
      </trkpt>
      <trkpt lat="48.8903685" lon="2.3581713">
      </trkpt>
      <trkpt lat="48.8903765" lon="2.3579012">
      </trkpt>
      <trkpt lat="48.8904217" lon="2.3563783">
      </trkpt>
      <trkpt lat="48.8904294" lon="2.3563017">
      </trkpt>
      <trkpt lat="48.8904613" lon="2.3559827">
      </trkpt>
      <trkpt lat="48.8904829" lon="2.3557916">
      </trkpt>
      <trkpt lat="48.8905958" lon="2.355174">
      </trkpt>
      <trkpt lat="48.890576" lon="2.3551673">
      </trkpt>
      <trkpt lat="48.8905346" lon="2.3551501">
      </trkpt>
      <trkpt lat="48.8904878" lon="2.3551307">
      </trkpt>
      <trkpt lat="48.8904472" lon="2.355115">
      </trkpt>
      <trkpt lat="48.8904155" lon="2.3546255">
      </trkpt>
      <trkpt lat="48.8904143" lon="2.3545809">
      </trkpt>
      <trkpt lat="48.8904105" lon="2.354534">
      </trkpt>
      <trkpt lat="48.8904071" lon="2.3544853">
      </trkpt>
      <trkpt lat="48.8904115" lon="2.3544753">
      </trkpt>
      <trkpt lat="48.8904045" lon="2.3544598">
      </trkpt>
      <trkpt lat="48.8904014" lon="2.3544458">
      </trkpt>
      <trkpt lat="48.8903926" lon="2.3542386">
      </trkpt>
      <trkpt lat="48.890382" lon="2.3537631">
      </trkpt>
      <trkpt lat="48.8904076" lon="2.3534272">
      </trkpt>
      <trkpt lat="48.8904243" lon="2.3533963">
      </trkpt>
      <trkpt lat="48.8904199" lon="2.3533742">
      </trkpt>
      <trkpt lat="48.8904245" lon="2.3533252">
      </trkpt>
      <trkpt lat="48.8904287" lon="2.3532797">
      </trkpt>
      <trkpt lat="48.8904322" lon="2.3532542">
      </trkpt>
      <trkpt lat="48.890453" lon="2.3532542">
      </trkpt>
      <trkpt lat="48.8904816" lon="2.3532367">
      </trkpt>
      <trkpt lat="48.8908048" lon="2.3531663">
      </trkpt>
      <trkpt lat="48.8908171" lon="2.3531623">
      </trkpt>
      <trkpt lat="48.8908317" lon="2.3531442">
      </trkpt>
      <trkpt lat="48.8908423" lon="2.3531167">
      </trkpt>
      <trkpt lat="48.8908616" lon="2.3531199">
      </trkpt>
      <trkpt lat="48.8909089" lon="2.3531109">
      </trkpt>
      <trkpt lat="48.890956" lon="2.353102">
      </trkpt>
      <trkpt lat="48.8909807" lon="2.3530953">
      </trkpt>
      <trkpt lat="48.8910001" lon="2.3530014">
      </trkpt>
      <trkpt lat="48.8911667" lon="2.352159">
      </trkpt>
      <trkpt lat="48.8911765" lon="2.3521096">
      </trkpt>
      <trkpt lat="48.8911886" lon="2.3520374">
      </trkpt>
      <trkpt lat="48.8912053" lon="2.3519435">
      </trkpt>
      <trkpt lat="48.8912239" lon="2.3518391">
      </trkpt>
      <trkpt lat="48.8912377" lon="2.3517646">
      </trkpt>
      <trkpt lat="48.8912392" lon="2.3517314">
      </trkpt>
      <trkpt lat="48.8912415" lon="2.3517092">
      </trkpt>
      <trkpt lat="48.8912441" lon="2.3516955">
      </trkpt>
      <trkpt lat="48.8912584" lon="2.3516255">
      </trkpt>
      <trkpt lat="48.8912717" lon="2.3515604">
      </trkpt>
      <trkpt lat="48.891273" lon="2.3515485">
      </trkpt>
      <trkpt lat="48.8912761" lon="2.3515292">
      </trkpt>
      <trkpt lat="48.8913537" lon="2.3511064">
      </trkpt>
      <trkpt lat="48.8915199" lon="2.3501287">
      </trkpt>
      <trkpt lat="48.8915702" lon="2.3499557">
      </trkpt>
      <trkpt lat="48.8915927" lon="2.3498947">
      </trkpt>
      <trkpt lat="48.8916209" lon="2.3498686">
      </trkpt>
      <trkpt lat="48.8916764" lon="2.349837">
      </trkpt>
      <trkpt lat="48.8917179" lon="2.3498169">
      </trkpt>
      <trkpt lat="48.8917395" lon="2.3498236">
      </trkpt>
      <trkpt lat="48.8917756" lon="2.3497499">
      </trkpt>
      <trkpt lat="48.8917959" lon="2.3497365">
      </trkpt>
      <trkpt lat="48.8918215" lon="2.3497197">
      </trkpt>
      <trkpt lat="48.8918581" lon="2.349709">
      </trkpt>
      <trkpt lat="48.8918638" lon="2.3496728">
      </trkpt>
      <trkpt lat="48.891885" lon="2.3496439">
      </trkpt>
      <trkpt lat="48.8922235" lon="2.3493559">
      </trkpt>
      <trkpt lat="48.8923135" lon="2.3492731">
      </trkpt>
      <trkpt lat="48.8926402" lon="2.3490049">
      </trkpt>
      <trkpt lat="48.8926979" lon="2.3489814">
      </trkpt>
      <trkpt lat="48.8927125" lon="2.3489841">
      </trkpt>
      <trkpt lat="48.8927292" lon="2.3489546">
      </trkpt>
      <trkpt lat="48.892765" lon="2.3489274">
      </trkpt>
      <trkpt lat="48.8928192" lon="2.3488862">
      </trkpt>
      <trkpt lat="48.8928421" lon="2.3488735">
      </trkpt>
      <trkpt lat="48.8928408" lon="2.3488547">
      </trkpt>
      <trkpt lat="48.8928421" lon="2.3488359">
      </trkpt>
      <trkpt lat="48.8929871" lon="2.3487152">
      </trkpt>
      <trkpt lat="48.8935598" lon="2.3482415">
      </trkpt>
      <trkpt lat="48.8937772" lon="2.3480668">
      </trkpt>
      <trkpt lat="48.8939248" lon="2.3479515">
      </trkpt>
      <trkpt lat="48.8939077" lon="2.3479072">
      </trkpt>
      <trkpt lat="48.8939028" lon="2.3478912">
      </trkpt>
      <trkpt lat="48.8938747" lon="2.3477955">
      </trkpt>
      <trkpt lat="48.89387" lon="2.347779">
      </trkpt>
      <trkpt lat="48.8938637" lon="2.3477611">
      </trkpt>
      <trkpt lat="48.8938382" lon="2.3476772">
      </trkpt>
      <trkpt lat="48.8938309" lon="2.3476537">
      </trkpt>
      <trkpt lat="48.8938305" lon="2.3476115">
      </trkpt>
      <trkpt lat="48.8939561" lon="2.3474988">
      </trkpt>
      <trkpt lat="48.8939745" lon="2.3474844">
      </trkpt>
      <trkpt lat="48.8942916" lon="2.3472353">
      </trkpt>
      <trkpt lat="48.8944812" lon="2.3470811">
      </trkpt>
      <trkpt lat="48.8946148" lon="2.3469624">
      </trkpt>
      <trkpt lat="48.8946342" lon="2.3469476">
      </trkpt>
      <trkpt lat="48.8946501" lon="2.3469309">
      </trkpt>
      <trkpt lat="48.894692" lon="2.3468953">
      </trkpt>
      <trkpt lat="48.8947876" lon="2.3468142">
      </trkpt>
      <trkpt lat="48.8948017" lon="2.3467894">
      </trkpt>
      <trkpt lat="48.8947931" lon="2.3467803">
      </trkpt>
      <trkpt lat="48.8947863" lon="2.3467602">
      </trkpt>
      <trkpt lat="48.894796" lon="2.3466777">
      </trkpt>
      <trkpt lat="48.8948647" lon="2.3464373">
      </trkpt>
      <trkpt lat="48.8948793" lon="2.3464293">
      </trkpt>
      <trkpt lat="48.894889" lon="2.3464253">
      </trkpt>
      <trkpt lat="48.894889" lon="2.3464018">
      </trkpt>
      <trkpt lat="48.8949039" lon="2.3463528">
      </trkpt>
      <trkpt lat="48.8949168" lon="2.3463106">
      </trkpt>
      <trkpt lat="48.8949207" lon="2.3462918">
      </trkpt>
      <trkpt lat="48.8949159" lon="2.346265">
      </trkpt>
      <trkpt lat="48.8949265" lon="2.3461939">
      </trkpt>
      <trkpt lat="48.8950204" lon="2.3458446">
      </trkpt>
      <trkpt lat="48.8950406" lon="2.3458285">
      </trkpt>
      <trkpt lat="48.8950653" lon="2.3458359">
      </trkpt>
      <trkpt lat="48.8955441" lon="2.3460927">
      </trkpt>
      <trkpt lat="48.8955503" lon="2.3461175">
      </trkpt>
      <trkpt lat="48.8955564" lon="2.3461557">
      </trkpt>
      <trkpt lat="48.8955498" lon="2.3461711">
      </trkpt>
      <trkpt lat="48.8955229" lon="2.3461913">
      </trkpt>
      <trkpt lat="48.895528" lon="2.3462101">
      </trkpt>
      <trkpt lat="48.8955361" lon="2.3462349">
      </trkpt>
      <trkpt lat="48.8955407" lon="2.346249">
      </trkpt>
      <trkpt lat="48.8955778" lon="2.3463631">
      </trkpt>
      <trkpt lat="48.8956084" lon="2.3464528">
      </trkpt>
      <trkpt lat="48.8956125" lon="2.3464648">
      </trkpt>
      <trkpt lat="48.8956141" lon="2.3464696">
      </trkpt>
      <trkpt lat="48.8956215" lon="2.3464913">
      </trkpt>
      <trkpt lat="48.8956261" lon="2.3465104">
      </trkpt>
      <trkpt lat="48.8956393" lon="2.3465011">
      </trkpt>
      <trkpt lat="48.8956539" lon="2.3464997">
      </trkpt>
      <trkpt lat="48.8956768" lon="2.3465125">
      </trkpt>
      <trkpt lat="48.8957257" lon="2.34655">
      </trkpt>
      <trkpt lat="48.8957363" lon="2.3465681">
      </trkpt>
      <trkpt lat="48.8957389" lon="2.3465788">
      </trkpt>
      <trkpt lat="48.8957544" lon="2.3465775">
      </trkpt>
      <trkpt lat="48.8958012" lon="2.3465884">
      </trkpt>
      <trkpt lat="48.8958267" lon="2.3465943">
      </trkpt>
      <trkpt lat="48.8958417" lon="2.3465963">
      </trkpt>
      <trkpt lat="48.8958452" lon="2.3465802">
      </trkpt>
      <trkpt lat="48.8958597" lon="2.3465715">
      </trkpt>
      <trkpt lat="48.8959466" lon="2.3465285">
      </trkpt>
      <trkpt lat="48.895958" lon="2.3465272">
      </trkpt>
      <trkpt lat="48.8959669" lon="2.3465125">
      </trkpt>
      <trkpt lat="48.896" lon="2.3464736">
      </trkpt>
      <trkpt lat="48.8960184" lon="2.3464521">
      </trkpt>
      <trkpt lat="48.8960334" lon="2.34644">
      </trkpt>
      <trkpt lat="48.8960321" lon="2.3464293">
      </trkpt>
      <trkpt lat="48.8960581" lon="2.3463783">
      </trkpt>
      <trkpt lat="48.8960687" lon="2.346377">
      </trkpt>
      <trkpt lat="48.8960727" lon="2.3463589">
      </trkpt>
      <trkpt lat="48.8960848" lon="2.3463074">
      </trkpt>
      <trkpt lat="48.8960943" lon="2.346267">
      </trkpt>
      <trkpt lat="48.8961031" lon="2.3462536">
      </trkpt>
      <trkpt lat="48.8960956" lon="2.3462281">
      </trkpt>
      <trkpt lat="48.8961" lon="2.3461235">
      </trkpt>
      <trkpt lat="48.8961101" lon="2.3461014">
      </trkpt>
      <trkpt lat="48.8961313" lon="2.3460773">
      </trkpt>
      <trkpt lat="48.8961225" lon="2.3460551">
      </trkpt>
      <trkpt lat="48.8961161" lon="2.3460405">
      </trkpt>
      <trkpt lat="48.8960748" lon="2.3459487">
      </trkpt>
      <trkpt lat="48.8960336" lon="2.3458525">
      </trkpt>
      <trkpt lat="48.8960133" lon="2.3458022">
      </trkpt>
      <trkpt lat="48.8960082" lon="2.345788">
      </trkpt>
      <trkpt lat="48.8959772" lon="2.3458164">
      </trkpt>
      <trkpt lat="48.8958893" lon="2.3457688">
      </trkpt>
      <trkpt lat="48.8958805" lon="2.3457474">
      </trkpt>
      <trkpt lat="48.8958703" lon="2.3450024">
      </trkpt>
      <trkpt lat="48.8958655" lon="2.3447576">
      </trkpt>
      <trkpt lat="48.8958536" lon="2.3435473">
      </trkpt>
      <trkpt lat="48.8958629" lon="2.3435067">
      </trkpt>
      <trkpt lat="48.895871" lon="2.3434923">
      </trkpt>
      <trkpt lat="48.8958703" lon="2.3434407">
      </trkpt>
      <trkpt lat="48.8958699" lon="2.3434121">
      </trkpt>
      <trkpt lat="48.895869" lon="2.3433819">
      </trkpt>
      <trkpt lat="48.8958692" lon="2.3433448">
      </trkpt>
      <trkpt lat="48.8958593" lon="2.3433347">
      </trkpt>
      <trkpt lat="48.8958516" lon="2.3433228">
      </trkpt>
      <trkpt lat="48.8958451" lon="2.3431398">
      </trkpt>
      <trkpt lat="48.895843" lon="2.3428405">
      </trkpt>
      <trkpt lat="48.8958342" lon="2.342296">
      </trkpt>
      <trkpt lat="48.8958264" lon="2.3415631">
      </trkpt>
      <trkpt lat="48.8958269" lon="2.3415239">
      </trkpt>
      <trkpt lat="48.8958333" lon="2.3415058">
      </trkpt>
      <trkpt lat="48.8958392" lon="2.341493">
      </trkpt>
      <trkpt lat="48.8958489" lon="2.3414883">
      </trkpt>
      <trkpt lat="48.8958469" lon="2.3414729">
      </trkpt>
      <trkpt lat="48.8958426" lon="2.3414117">
      </trkpt>
      <trkpt lat="48.8958381" lon="2.3413499">
      </trkpt>
      <trkpt lat="48.8958395" lon="2.3413244">
      </trkpt>
      <trkpt lat="48.8958342" lon="2.341307">
      </trkpt>
      <trkpt lat="48.895832" lon="2.3412761">
      </trkpt>
      <trkpt lat="48.8958253" lon="2.3411836">
      </trkpt>
      <trkpt lat="48.8958095" lon="2.3397151">
      </trkpt>
      <trkpt lat="48.8958112" lon="2.3396762">
      </trkpt>
      <trkpt lat="48.8958276" lon="2.3396225">
      </trkpt>
      <trkpt lat="48.895869" lon="2.3395206">
      </trkpt>
      <trkpt lat="48.8958575" lon="2.3395012">
      </trkpt>
      <trkpt lat="48.8958372" lon="2.3394523">
      </trkpt>
      <trkpt lat="48.8958152" lon="2.3393996">
      </trkpt>
      <trkpt lat="48.8958134" lon="2.3393704">
      </trkpt>
      <trkpt lat="48.8958002" lon="2.3393677">
      </trkpt>
      <trkpt lat="48.8957799" lon="2.3393597">
      </trkpt>
      <trkpt lat="48.8957561" lon="2.3393302">
      </trkpt>
      <trkpt lat="48.8956979" lon="2.339066">
      </trkpt>
      <trkpt lat="48.8956633" lon="2.3389067">
      </trkpt>
      <trkpt lat="48.8956087" lon="2.3388903">
      </trkpt>
      <trkpt lat="48.8955462" lon="2.3388682">
      </trkpt>
      <trkpt lat="48.895653" lon="2.3393067">
      </trkpt>
      <trkpt lat="48.8956821" lon="2.3394381">
      </trkpt>
      <trkpt lat="48.8956852" lon="2.3394696">
      </trkpt>
      <trkpt lat="48.8956785" lon="2.3395126">
      </trkpt>
      <trkpt lat="48.8956688" lon="2.3395535">
      </trkpt>
      <trkpt lat="48.8956609" lon="2.3395776">
      </trkpt>
      <trkpt lat="48.8956684" lon="2.3396131">
      </trkpt>
      <trkpt lat="48.8956707" lon="2.3396448">
      </trkpt>
      <trkpt lat="48.8956763" lon="2.3397238">
      </trkpt>
      <trkpt lat="48.8956728" lon="2.3397647">
      </trkpt>
      <trkpt lat="48.8956785" lon="2.3397647">
      </trkpt>
      <trkpt lat="48.8956891" lon="2.3397768">
      </trkpt>
      <trkpt lat="48.895694" lon="2.3397868">
      </trkpt>
      <trkpt lat="48.895705" lon="2.3398371">
      </trkpt>
      <trkpt lat="48.895709" lon="2.3401362">
      </trkpt>
      <trkpt lat="48.8957169" lon="2.3409811">
      </trkpt>
      <trkpt lat="48.8957191" lon="2.3412131">
      </trkpt>
      <trkpt lat="48.8957332" lon="2.3412211">
      </trkpt>
      <trkpt lat="48.8957745" lon="2.3412479">
      </trkpt>
      <trkpt lat="48.8958108" lon="2.3412714">
      </trkpt>
      <trkpt lat="48.895832" lon="2.3412761">
      </trkpt>
      <trkpt lat="48.8958342" lon="2.341307">
      </trkpt>
      <trkpt lat="48.8958395" lon="2.3413244">
      </trkpt>
      <trkpt lat="48.8958663" lon="2.3413425">
      </trkpt>
      <trkpt lat="48.8961282" lon="2.3415135">
      </trkpt>
      <trkpt lat="48.8962239" lon="2.3415792">
      </trkpt>
      <trkpt lat="48.8963015" lon="2.3416114">
      </trkpt>
      <trkpt lat="48.89632" lon="2.3416141">
      </trkpt>
      <trkpt lat="48.8963398" lon="2.3416067">
      </trkpt>
      <trkpt lat="48.8963517" lon="2.3416268">
      </trkpt>
      <trkpt lat="48.8964058" lon="2.3416731">
      </trkpt>
      <trkpt lat="48.8964364" lon="2.3416992">
      </trkpt>
      <trkpt lat="48.8964496" lon="2.3417066">
      </trkpt>
      <trkpt lat="48.8964535" lon="2.341714">
      </trkpt>
      <trkpt lat="48.8964738" lon="2.3417321">
      </trkpt>
      <trkpt lat="48.8971104" lon="2.3421512">
      </trkpt>
      <trkpt lat="48.8971417" lon="2.3421592">
      </trkpt>
      <trkpt lat="48.8971527" lon="2.3421559">
      </trkpt>
      <trkpt lat="48.8971567" lon="2.3421418">
      </trkpt>
      <trkpt lat="48.8971712" lon="2.3421565">
      </trkpt>
      <trkpt lat="48.8972041" lon="2.3421844">
      </trkpt>
      <trkpt lat="48.8972488" lon="2.3422223">
      </trkpt>
      <trkpt lat="48.8972638" lon="2.3422303">
      </trkpt>
      <trkpt lat="48.8972656" lon="2.342243">
      </trkpt>
      <trkpt lat="48.8972739" lon="2.3422518">
      </trkpt>
      <trkpt lat="48.8972797" lon="2.3422967">
      </trkpt>
      <trkpt lat="48.8972825" lon="2.3423257">
      </trkpt>
      <trkpt lat="48.8972907" lon="2.342408">
      </trkpt>
      <trkpt lat="48.8973052" lon="2.3424318">
      </trkpt>
      <trkpt lat="48.8973255" lon="2.3424305">
      </trkpt>
      <trkpt lat="48.8975139" lon="2.3425448">
      </trkpt>
      <trkpt lat="48.8976328" lon="2.3426192">
      </trkpt>
      <trkpt lat="48.8976896" lon="2.3426675">
      </trkpt>
      <trkpt lat="48.8977306" lon="2.3427084">
      </trkpt>
      <trkpt lat="48.8977536" lon="2.3427627">
      </trkpt>
      <trkpt lat="48.8977509" lon="2.3428398">
      </trkpt>
      <trkpt lat="48.8977668" lon="2.3436465">
      </trkpt>
      <trkpt lat="48.8977994" lon="2.3439241">
      </trkpt>
      <trkpt lat="48.8978019" lon="2.3441456">
      </trkpt>
      <trkpt lat="48.8977939" lon="2.3442116">
      </trkpt>
      <trkpt lat="48.8978497" lon="2.3441433">
      </trkpt>
      <trkpt lat="48.897883" lon="2.3441149">
      </trkpt>
      <trkpt lat="48.897912" lon="2.34409">
      </trkpt>
      <trkpt lat="48.8979298" lon="2.3440748">
      </trkpt>
      <trkpt lat="48.8979476" lon="2.3440596">
      </trkpt>
      <trkpt lat="48.8979778" lon="2.3440338">
      </trkpt>
      <trkpt lat="48.8979998" lon="2.3440137">
      </trkpt>
      <trkpt lat="48.8980382" lon="2.3439822">
      </trkpt>
      <trkpt lat="48.898074" lon="2.3439516">
      </trkpt>
      <trkpt lat="48.8981128" lon="2.3439167">
      </trkpt>
      <trkpt lat="48.8981595" lon="2.3439784">
      </trkpt>
      <trkpt lat="48.8981692" lon="2.3439798">
      </trkpt>
      <trkpt lat="48.8992184" lon="2.3439328">
      </trkpt>
      <trkpt lat="48.899236" lon="2.3439261">
      </trkpt>
      <trkpt lat="48.8992554" lon="2.3438926">
      </trkpt>
      <trkpt lat="48.8992563" lon="2.3438336">
      </trkpt>
      <trkpt lat="48.8992907" lon="2.3438349">
      </trkpt>
      <trkpt lat="48.8993152" lon="2.3438368">
      </trkpt>
      <trkpt lat="48.8993445" lon="2.343839">
      </trkpt>
      <trkpt lat="48.899377" lon="2.3438423">
      </trkpt>
      <trkpt lat="48.8994106" lon="2.3438457">
      </trkpt>
      <trkpt lat="48.8994705" lon="2.3438416">
      </trkpt>
      <trkpt lat="48.89981" lon="2.343839">
      </trkpt>
      <trkpt lat="48.9004737" lon="2.3438515">
      </trkpt>
      <trkpt lat="48.9006201" lon="2.3438349">
      </trkpt>
      <trkpt lat="48.9006541" lon="2.3437893">
      </trkpt>
      <trkpt lat="48.9006594" lon="2.3437793">
      </trkpt>
      <trkpt lat="48.9006541" lon="2.3437893">
      </trkpt>
      <trkpt lat="48.9006201" lon="2.3438349">
      </trkpt>
      <trkpt lat="48.9004737" lon="2.3438515">
      </trkpt>
      <trkpt lat="48.9004739" lon="2.3438774">
      </trkpt>
      <trkpt lat="48.9004742" lon="2.3439106">
      </trkpt>
      <trkpt lat="48.9004744" lon="2.3439402">
      </trkpt>
      <trkpt lat="48.9004746" lon="2.3439608">
      </trkpt>
      <trkpt lat="48.9004748" lon="2.343984">
      </trkpt>
      <trkpt lat="48.9004749" lon="2.3440017">
      </trkpt>
      <trkpt lat="48.9004759" lon="2.3441249">
      </trkpt>
      <trkpt lat="48.9004769" lon="2.3442568">
      </trkpt>
      <trkpt lat="48.9004771" lon="2.3442756">
      </trkpt>
      <trkpt lat="48.9004773" lon="2.3443058">
      </trkpt>
      <trkpt lat="48.8995663" lon="2.3443223">
      </trkpt>
      <trkpt lat="48.899567" lon="2.3443627">
      </trkpt>
      <trkpt lat="48.8995675" lon="2.3443883">
      </trkpt>
      <trkpt lat="48.8995678" lon="2.3444096">
      </trkpt>
      <trkpt lat="48.899571" lon="2.3445039">
      </trkpt>
      <trkpt lat="48.899532" lon="2.3445051">
      </trkpt>
      <trkpt lat="48.8995298" lon="2.3447536">
      </trkpt>
      <trkpt lat="48.8995261" lon="2.3452344">
      </trkpt>
      <trkpt lat="48.899538" lon="2.3454329">
      </trkpt>
      <trkpt lat="48.8995248" lon="2.3454335">
      </trkpt>
      <trkpt lat="48.8994884" lon="2.3454371">
      </trkpt>
      <trkpt lat="48.8994441" lon="2.3454415">
      </trkpt>
      <trkpt lat="48.8994247" lon="2.3454423">
      </trkpt>
      <trkpt lat="48.8994502" lon="2.3466445">
      </trkpt>
      <trkpt lat="48.8994576" lon="2.346859">
      </trkpt>
      <trkpt lat="48.8994349" lon="2.3468601">
      </trkpt>
      <trkpt lat="48.8994373" lon="2.3469864">
      </trkpt>
      <trkpt lat="48.8994659" lon="2.3483353">
      </trkpt>
      <trkpt lat="48.8995497" lon="2.3522176">
      </trkpt>
      <trkpt lat="48.8995497" lon="2.3522461">
      </trkpt>
      <trkpt lat="48.8995511" lon="2.352286">
      </trkpt>
      <trkpt lat="48.8995537" lon="2.3523616">
      </trkpt>
      <trkpt lat="48.8995556" lon="2.352416">
      </trkpt>
      <trkpt lat="48.8995583" lon="2.3524703">
      </trkpt>
      <trkpt lat="48.8986791" lon="2.352573">
      </trkpt>
      <trkpt lat="48.898557" lon="2.3525851">
      </trkpt>
      <trkpt lat="48.8985173" lon="2.3526093">
      </trkpt>
      <trkpt lat="48.8985156" lon="2.3526933">
      </trkpt>
      <trkpt lat="48.8984908" lon="2.3526945">
      </trkpt>
      <trkpt lat="48.8984782" lon="2.352695">
      </trkpt>
      <trkpt lat="48.8984477" lon="2.3526965">
      </trkpt>
      <trkpt lat="48.898414" lon="2.3526982">
      </trkpt>
      <trkpt lat="48.8983815" lon="2.3526998">
      </trkpt>
      <trkpt lat="48.8983652" lon="2.3527006">
      </trkpt>
      <trkpt lat="48.8983337" lon="2.3527021">
      </trkpt>
      <trkpt lat="48.8983223" lon="2.3527027">
      </trkpt>
      <trkpt lat="48.8982859" lon="2.3527045">
      </trkpt>
      <trkpt lat="48.8982655" lon="2.3527055">
      </trkpt>
      <trkpt lat="48.8982299" lon="2.3527073">
      </trkpt>
      <trkpt lat="48.8982146" lon="2.352708">
      </trkpt>
      <trkpt lat="48.8981897" lon="2.3527092">
      </trkpt>
      <trkpt lat="48.898201" lon="2.353169">
      </trkpt>
      <trkpt lat="48.898205" lon="2.3534663">
      </trkpt>
      <trkpt lat="48.8982076" lon="2.3536579">
      </trkpt>
      <trkpt lat="48.8982345" lon="2.3552759">
      </trkpt>
      <trkpt lat="48.8982497" lon="2.3558351">
      </trkpt>
      <trkpt lat="48.8982631" lon="2.3558838">
      </trkpt>
      <trkpt lat="48.8982736" lon="2.3559257">
      </trkpt>
      <trkpt lat="48.898307" lon="2.3578203">
      </trkpt>
      <trkpt lat="48.8983067" lon="2.3578684">
      </trkpt>
      <trkpt lat="48.8983063" lon="2.357947">
      </trkpt>
      <trkpt lat="48.8983073" lon="2.3579943">
      </trkpt>
      <trkpt lat="48.8983213" lon="2.3587037">
      </trkpt>
      <trkpt lat="48.8983248" lon="2.3588292">
      </trkpt>
      <trkpt lat="48.8983126" lon="2.3588293">
      </trkpt>
      <trkpt lat="48.8983051" lon="2.3588299">
      </trkpt>
      <trkpt lat="48.8982857" lon="2.3588315">
      </trkpt>
      <trkpt lat="48.8982868" lon="2.3588943">
      </trkpt>
      <trkpt lat="48.8982918" lon="2.3590304">
      </trkpt>
      <trkpt lat="48.8982934" lon="2.3590803">
      </trkpt>
      <trkpt lat="48.8982948" lon="2.3591225">
      </trkpt>
      <trkpt lat="48.8983004" lon="2.3592774">
      </trkpt>
      <trkpt lat="48.8983038" lon="2.3593244">
      </trkpt>
      <trkpt lat="48.8983035" lon="2.3593692">
      </trkpt>
      <trkpt lat="48.8983053" lon="2.3594133">
      </trkpt>
      <trkpt lat="48.8983065" lon="2.3594461">
      </trkpt>
      <trkpt lat="48.8983078" lon="2.3594823">
      </trkpt>
      <trkpt lat="48.8983089" lon="2.3595325">
      </trkpt>
      <trkpt lat="48.898343" lon="2.3596098">
      </trkpt>
      <trkpt lat="48.8983424" lon="2.3597551">
      </trkpt>
      <trkpt lat="48.8983652" lon="2.3609216">
      </trkpt>
      <trkpt lat="48.8983729" lon="2.3610547">
      </trkpt>
      <trkpt lat="48.8983749" lon="2.3610883">
      </trkpt>
      <trkpt lat="48.8983822" lon="2.3612085">
      </trkpt>
      <trkpt lat="48.898384" lon="2.3612507">
      </trkpt>
      <trkpt lat="48.8983856" lon="2.3612875">
      </trkpt>
      <trkpt lat="48.8983861" lon="2.3613278">
      </trkpt>
      <trkpt lat="48.8983912" lon="2.3617101">
      </trkpt>
      <trkpt lat="48.8984033" lon="2.3626173">
      </trkpt>
      <trkpt lat="48.8984121" lon="2.3632291">
      </trkpt>
      <trkpt lat="48.898423" lon="2.3640001">
      </trkpt>
      <trkpt lat="48.8984481" lon="2.3639976">
      </trkpt>
      <trkpt lat="48.89845" lon="2.3640921">
      </trkpt>
      <trkpt lat="48.8984638" lon="2.3640916">
      </trkpt>
      <trkpt lat="48.8984823" lon="2.3640909">
      </trkpt>
      <trkpt lat="48.8985105" lon="2.36409">
      </trkpt>
      <trkpt lat="48.8985249" lon="2.3640894">
      </trkpt>
      <trkpt lat="48.8985392" lon="2.3640889">
      </trkpt>
      <trkpt lat="48.8985557" lon="2.3640883">
      </trkpt>
      <trkpt lat="48.8986135" lon="2.364086">
      </trkpt>
      <trkpt lat="48.8986772" lon="2.364081">
      </trkpt>
      <trkpt lat="48.8987413" lon="2.3640767">
      </trkpt>
      <trkpt lat="48.8987406" lon="2.3641474">
      </trkpt>
      <trkpt lat="48.8987444" lon="2.3641563">
      </trkpt>
      <trkpt lat="48.8990348" lon="2.3648332">
      </trkpt>
      <trkpt lat="48.8992676" lon="2.365376">
      </trkpt>
      <trkpt lat="48.8993145" lon="2.3654852">
      </trkpt>
      <trkpt lat="48.8993257" lon="2.365511">
      </trkpt>
      <trkpt lat="48.899335" lon="2.3655322">
      </trkpt>
      <trkpt lat="48.8993832" lon="2.3656423">
      </trkpt>
      <trkpt lat="48.8997729" lon="2.3665446">
      </trkpt>
      <trkpt lat="48.8997973" lon="2.366533">
      </trkpt>
      <trkpt lat="48.8998373" lon="2.3665117">
      </trkpt>
      <trkpt lat="48.8999422" lon="2.3665184">
      </trkpt>
      <trkpt lat="48.9000242" lon="2.3664835">
      </trkpt>
      <trkpt lat="48.9001265" lon="2.3663816">
      </trkpt>
      <trkpt lat="48.900182" lon="2.3664218">
      </trkpt>
      <trkpt lat="48.9002358" lon="2.3664621">
      </trkpt>
      <trkpt lat="48.9002693" lon="2.3665197">
      </trkpt>
      <trkpt lat="48.900286" lon="2.3665794">
      </trkpt>
      <trkpt lat="48.9002918" lon="2.366625">
      </trkpt>
      <trkpt lat="48.9002873" lon="2.3666713">
      </trkpt>
      <trkpt lat="48.9002371" lon="2.3668463">
      </trkpt>
      <trkpt lat="48.9002657" lon="2.3668765">
      </trkpt>
      <trkpt lat="48.9002371" lon="2.3668463">
      </trkpt>
      <trkpt lat="48.9002873" lon="2.3666713">
      </trkpt>
      <trkpt lat="48.9002918" lon="2.366625">
      </trkpt>
      <trkpt lat="48.900286" lon="2.3665794">
      </trkpt>
      <trkpt lat="48.9002693" lon="2.3665197">
      </trkpt>
      <trkpt lat="48.9002358" lon="2.3664621">
      </trkpt>
      <trkpt lat="48.900182" lon="2.3664218">
      </trkpt>
      <trkpt lat="48.9001265" lon="2.3663816">
      </trkpt>
      <trkpt lat="48.9000242" lon="2.3664835">
      </trkpt>
      <trkpt lat="48.8999422" lon="2.3665184">
      </trkpt>
      <trkpt lat="48.8998373" lon="2.3665117">
      </trkpt>
      <trkpt lat="48.8997973" lon="2.366533">
      </trkpt>
      <trkpt lat="48.8997729" lon="2.3665446">
      </trkpt>
      <trkpt lat="48.8998039" lon="2.3666162">
      </trkpt>
      <trkpt lat="48.8998118" lon="2.3666437">
      </trkpt>
      <trkpt lat="48.8997892" lon="2.3666583">
      </trkpt>
      <trkpt lat="48.8997682" lon="2.3666701">
      </trkpt>
      <trkpt lat="48.8997491" lon="2.3666813">
      </trkpt>
      <trkpt lat="48.8997222" lon="2.3667006">
      </trkpt>
      <trkpt lat="48.8997286" lon="2.3667311">
      </trkpt>
      <trkpt lat="48.8997404" lon="2.3673868">
      </trkpt>
      <trkpt lat="48.8997247" lon="2.3673876">
      </trkpt>
      <trkpt lat="48.8995782" lon="2.3673952">
      </trkpt>
      <trkpt lat="48.8995512" lon="2.3673966">
      </trkpt>
      <trkpt lat="48.8995473" lon="2.367485">
      </trkpt>
      <trkpt lat="48.8995181" lon="2.3675559">
      </trkpt>
      <trkpt lat="48.8994118" lon="2.3677303">
      </trkpt>
      <trkpt lat="48.8990485" lon="2.3683257">
      </trkpt>
      <trkpt lat="48.8990508" lon="2.368388">
      </trkpt>
      <trkpt lat="48.8990326" lon="2.3684043">
      </trkpt>
      <trkpt lat="48.8990063" lon="2.3684225">
      </trkpt>
      <trkpt lat="48.8989795" lon="2.368441">
      </trkpt>
      <trkpt lat="48.8989665" lon="2.3684812">
      </trkpt>
      <trkpt lat="48.8987993" lon="2.3684917">
      </trkpt>
      <trkpt lat="48.8987996" lon="2.3685123">
      </trkpt>
      <trkpt lat="48.8987494" lon="2.3685141">
      </trkpt>
      <trkpt lat="48.8986988" lon="2.368516">
      </trkpt>
      <trkpt lat="48.8986485" lon="2.368519">
      </trkpt>
      <trkpt lat="48.8986349" lon="2.3685196">
      </trkpt>
      <trkpt lat="48.8986356" lon="2.3685804">
      </trkpt>
      <trkpt lat="48.898602" lon="2.3685817">
      </trkpt>
      <trkpt lat="48.898573" lon="2.368583">
      </trkpt>
      <trkpt lat="48.8985386" lon="2.3685837">
      </trkpt>
      <trkpt lat="48.8985193" lon="2.3685857">
      </trkpt>
      <trkpt lat="48.8984982" lon="2.3685878">
      </trkpt>
      <trkpt lat="48.8985096" lon="2.3694018">
      </trkpt>
      <trkpt lat="48.8985116" lon="2.3694826">
      </trkpt>
      <trkpt lat="48.8985229" lon="2.369928">
      </trkpt>
      <trkpt lat="48.8985096" lon="2.3699871">
      </trkpt>
      <trkpt lat="48.8984855" lon="2.3700245">
      </trkpt>
      <trkpt lat="48.8984655" lon="2.3700495">
      </trkpt>
      <trkpt lat="48.8984364" lon="2.3700857">
      </trkpt>
      <trkpt lat="48.8984117" lon="2.3701018">
      </trkpt>
      <trkpt lat="48.8977266" lon="2.3701536">
      </trkpt>
      <trkpt lat="48.8976288" lon="2.3701648">
      </trkpt>
      <trkpt lat="48.8976102" lon="2.3701653">
      </trkpt>
      <trkpt lat="48.8972156" lon="2.3701757">
      </trkpt>
      <trkpt lat="48.8967044" lon="2.3701891">
      </trkpt>
      <trkpt lat="48.8965867" lon="2.3701917">
      </trkpt>
      <trkpt lat="48.8960196" lon="2.3708712">
      </trkpt>
      <trkpt lat="48.8958469" lon="2.3710781">
      </trkpt>
      <trkpt lat="48.8958033" lon="2.3711251">
      </trkpt>
      <trkpt lat="48.8957821" lon="2.3711291">
      </trkpt>
      <trkpt lat="48.8957773" lon="2.3711418">
      </trkpt>
      <trkpt lat="48.8957316" lon="2.3712299">
      </trkpt>
      <trkpt lat="48.895705" lon="2.3712813">
      </trkpt>
      <trkpt lat="48.8956962" lon="2.3712941">
      </trkpt>
      <trkpt lat="48.8957041" lon="2.3713142">
      </trkpt>
      <trkpt lat="48.8956918" lon="2.371349">
      </trkpt>
      <trkpt lat="48.8954019" lon="2.3717004">
      </trkpt>
      <trkpt lat="48.8953424" lon="2.3717443">
      </trkpt>
      <trkpt lat="48.8952853" lon="2.3716937">
      </trkpt>
      <trkpt lat="48.895269" lon="2.3717212">
      </trkpt>
      <trkpt lat="48.8952633" lon="2.3717313">
      </trkpt>
      <trkpt lat="48.8952565" lon="2.3717432">
      </trkpt>
      <trkpt lat="48.8952434" lon="2.3717622">
      </trkpt>
      <trkpt lat="48.895225" lon="2.3717861">
      </trkpt>
      <trkpt lat="48.8951808" lon="2.3718432">
      </trkpt>
      <trkpt lat="48.8951597" lon="2.3718768">
      </trkpt>
      <trkpt lat="48.8951346" lon="2.3719096">
      </trkpt>
      <trkpt lat="48.8949313" lon="2.3720793">
      </trkpt>
      <trkpt lat="48.8947047" lon="2.3722952">
      </trkpt>
      <trkpt lat="48.8943639" lon="2.3726244">
      </trkpt>
      <trkpt lat="48.8939575" lon="2.3730167">
      </trkpt>
      <trkpt lat="48.8939191" lon="2.3730522">
      </trkpt>
      <trkpt lat="48.8939015" lon="2.3730516">
      </trkpt>
      <trkpt lat="48.8938885" lon="2.3730454">
      </trkpt>
      <trkpt lat="48.8938737" lon="2.3730911">
      </trkpt>
      <trkpt lat="48.8938075" lon="2.3731277">
      </trkpt>
      <trkpt lat="48.8937489" lon="2.3731602">
      </trkpt>
      <trkpt lat="48.8937401" lon="2.3731595">
      </trkpt>
      <trkpt lat="48.8937075" lon="2.3732045">
      </trkpt>
      <trkpt lat="48.8936722" lon="2.3732024">
      </trkpt>
      <trkpt lat="48.893491" lon="2.3731186">
      </trkpt>
      <trkpt lat="48.8934633" lon="2.3731354">
      </trkpt>
      <trkpt lat="48.8933597" lon="2.3730838">
      </trkpt>
      <trkpt lat="48.8933473" lon="2.3730536">
      </trkpt>
      <trkpt lat="48.893327" lon="2.373045">
      </trkpt>
      <trkpt lat="48.893304" lon="2.3730306">
      </trkpt>
      <trkpt lat="48.893291" lon="2.3730225">
      </trkpt>
      <trkpt lat="48.8932763" lon="2.3730113">
      </trkpt>
      <trkpt lat="48.8931674" lon="2.3729604">
      </trkpt>
      <trkpt lat="48.8931106" lon="2.3729416">
      </trkpt>
      <trkpt lat="48.8928103" lon="2.3728105">
      </trkpt>
      <trkpt lat="48.8927896" lon="2.3728008">
      </trkpt>
      <trkpt lat="48.8927689" lon="2.3728088">
      </trkpt>
      <trkpt lat="48.8925718" lon="2.3727186">
      </trkpt>
      <trkpt lat="48.8923311" lon="2.3726117">
      </trkpt>
      <trkpt lat="48.8922024" lon="2.3725507">
      </trkpt>
      <trkpt lat="48.8921269" lon="2.3725111">
      </trkpt>
      <trkpt lat="48.8920977" lon="2.372491">
      </trkpt>
      <trkpt lat="48.8920749" lon="2.3724746">
      </trkpt>
      <trkpt lat="48.8920512" lon="2.3724575">
      </trkpt>
      <trkpt lat="48.8920437" lon="2.3724514">
      </trkpt>
      <trkpt lat="48.8920207" lon="2.3724561">
      </trkpt>
      <trkpt lat="48.8919795" lon="2.3724367">
      </trkpt>
      <trkpt lat="48.8915944" lon="2.3722524">
      </trkpt>
      <trkpt lat="48.8914525" lon="2.3721845">
      </trkpt>
      <trkpt lat="48.891269" lon="2.3721041">
      </trkpt>
      <trkpt lat="48.8907071" lon="2.3718448">
      </trkpt>
      <trkpt lat="48.8906603" lon="2.3718282">
      </trkpt>
      <trkpt lat="48.8906439" lon="2.3718224">
      </trkpt>
      <trkpt lat="48.8903555" lon="2.3716763">
      </trkpt>
      <trkpt lat="48.8903308" lon="2.371691">
      </trkpt>
      <trkpt lat="48.8902929" lon="2.3717071">
      </trkpt>
      <trkpt lat="48.8902718" lon="2.3717004">
      </trkpt>
      <trkpt lat="48.8899675" lon="2.3715576">
      </trkpt>
      <trkpt lat="48.8896792" lon="2.3714121">
      </trkpt>
      <trkpt lat="48.889472" lon="2.3713115">
      </trkpt>
      <trkpt lat="48.8894676" lon="2.3713383">
      </trkpt>
      <trkpt lat="48.8894567" lon="2.3713787">
      </trkpt>
      <trkpt lat="48.8894473" lon="2.3714134">
      </trkpt>
      <trkpt lat="48.8894579" lon="2.3715006">
      </trkpt>
      <trkpt lat="48.8896175" lon="2.3716696">
      </trkpt>
      <trkpt lat="48.8896607" lon="2.3717272">
      </trkpt>
      <trkpt lat="48.8899208" lon="2.3720813">
      </trkpt>
      <trkpt lat="48.8904349" lon="2.3727518">
      </trkpt>
      <trkpt lat="48.8905601" lon="2.3729141">
      </trkpt>
      <trkpt lat="48.8909498" lon="2.3734237">
      </trkpt>
      <trkpt lat="48.8910089" lon="2.3734881">
      </trkpt>
      <trkpt lat="48.8910513" lon="2.3734613">
      </trkpt>
      <trkpt lat="48.8910742" lon="2.3735082">
      </trkpt>
      <trkpt lat="48.8911104" lon="2.3735593">
      </trkpt>
      <trkpt lat="48.8911456" lon="2.3736001">
      </trkpt>
      <trkpt lat="48.8911659" lon="2.3736115">
      </trkpt>
      <trkpt lat="48.8911628" lon="2.3736973">
      </trkpt>
      <trkpt lat="48.8911844" lon="2.3737295">
      </trkpt>
      <trkpt lat="48.8911769" lon="2.3737516">
      </trkpt>
      <trkpt lat="48.8911587" lon="2.3738228">
      </trkpt>
      <trkpt lat="48.8911403" lon="2.3738945">
      </trkpt>
      <trkpt lat="48.891135" lon="2.3739454">
      </trkpt>
      <trkpt lat="48.89112" lon="2.3739521">
      </trkpt>
      <trkpt lat="48.8910936" lon="2.37405">
      </trkpt>
      <trkpt lat="48.8908564" lon="2.3753496">
      </trkpt>
      <trkpt lat="48.8908267" lon="2.3755182">
      </trkpt>
      <trkpt lat="48.8906787" lon="2.3763593">
      </trkpt>
      <trkpt lat="48.8906738" lon="2.3763877">
      </trkpt>
      <trkpt lat="48.890658" lon="2.3764928">
      </trkpt>
      <trkpt lat="48.8906681" lon="2.376525">
      </trkpt>
      <trkpt lat="48.8907009" lon="2.3765563">
      </trkpt>
      <trkpt lat="48.8907331" lon="2.3765481">
      </trkpt>
      <trkpt lat="48.8907584" lon="2.3765198">
      </trkpt>
      <trkpt lat="48.8907687" lon="2.3765417">
      </trkpt>
      <trkpt lat="48.8907896" lon="2.376586">
      </trkpt>
      <trkpt lat="48.8908175" lon="2.3766452">
      </trkpt>
      <trkpt lat="48.8908304" lon="2.3766699">
      </trkpt>
      <trkpt lat="48.8908474" lon="2.3767104">
      </trkpt>
      <trkpt lat="48.8908692" lon="2.3767434">
      </trkpt>
      <trkpt lat="48.8912033" lon="2.3771587">
      </trkpt>
      <trkpt lat="48.891321" lon="2.3772997">
      </trkpt>
      <trkpt lat="48.8913859" lon="2.377385">
      </trkpt>
      <trkpt lat="48.8914898" lon="2.3775174">
      </trkpt>
      <trkpt lat="48.8916251" lon="2.3776876">
      </trkpt>
      <trkpt lat="48.8918194" lon="2.37794">
      </trkpt>
      <trkpt lat="48.8919515" lon="2.37811">
      </trkpt>
      <trkpt lat="48.8920254" lon="2.3782051">
      </trkpt>
      <trkpt lat="48.8921442" lon="2.3783878">
      </trkpt>
      <trkpt lat="48.8923415" lon="2.3786705">
      </trkpt>
      <trkpt lat="48.8923805" lon="2.3787177">
      </trkpt>
      <trkpt lat="48.8924056" lon="2.3787372">
      </trkpt>
      <trkpt lat="48.8924292" lon="2.3787336">
      </trkpt>
      <trkpt lat="48.8924543" lon="2.3787647">
      </trkpt>
      <trkpt lat="48.8924788" lon="2.378795">
      </trkpt>
      <trkpt lat="48.89248" lon="2.3787966">
      </trkpt>
      <trkpt lat="48.8925138" lon="2.3788386">
      </trkpt>
      <trkpt lat="48.8925457" lon="2.3788782">
      </trkpt>
      <trkpt lat="48.8925493" lon="2.3789075">
      </trkpt>
      <trkpt lat="48.8925555" lon="2.3789397">
      </trkpt>
      <trkpt lat="48.8925915" lon="2.3789852">
      </trkpt>
      <trkpt lat="48.8928915" lon="2.3793662">
      </trkpt>
      <trkpt lat="48.8930317" lon="2.3795338">
      </trkpt>
      <trkpt lat="48.8931285" lon="2.3795946">
      </trkpt>
      <trkpt lat="48.893143" lon="2.3796147">
      </trkpt>
      <trkpt lat="48.8931986" lon="2.3796919">
      </trkpt>
      <trkpt lat="48.8932151" lon="2.3797799">
      </trkpt>
      <trkpt lat="48.8933033" lon="2.3798908">
      </trkpt>
      <trkpt lat="48.8937992" lon="2.3805343">
      </trkpt>
      <trkpt lat="48.8942392" lon="2.3811123">
      </trkpt>
      <trkpt lat="48.8943125" lon="2.3812084">
      </trkpt>
      <trkpt lat="48.8943498" lon="2.3812846">
      </trkpt>
      <trkpt lat="48.8943941" lon="2.3813399">
      </trkpt>
      <trkpt lat="48.8944217" lon="2.3813527">
      </trkpt>
      <trkpt lat="48.8944415" lon="2.3813446">
      </trkpt>
      <trkpt lat="48.8944514" lon="2.3813634">
      </trkpt>
      <trkpt lat="48.894476" lon="2.3813968">
      </trkpt>
      <trkpt lat="48.8944995" lon="2.3814288">
      </trkpt>
      <trkpt lat="48.8945097" lon="2.3814429">
      </trkpt>
      <trkpt lat="48.8945535" lon="2.3815186">
      </trkpt>
      <trkpt lat="48.8948044" lon="2.3820392">
      </trkpt>
      <trkpt lat="48.8948177" lon="2.3820633">
      </trkpt>
      <trkpt lat="48.8948675" lon="2.3821474">
      </trkpt>
      <trkpt lat="48.8948901" lon="2.3821862">
      </trkpt>
      <trkpt lat="48.8949246" lon="2.3822444">
      </trkpt>
      <trkpt lat="48.8948744" lon="2.3823334">
      </trkpt>
      <trkpt lat="48.8948701" lon="2.3823419">
      </trkpt>
      <trkpt lat="48.8948445" lon="2.3823914">
      </trkpt>
      <trkpt lat="48.8948122" lon="2.3824542">
      </trkpt>
      <trkpt lat="48.8947795" lon="2.3825175">
      </trkpt>
      <trkpt lat="48.8947753" lon="2.3825258">
      </trkpt>
      <trkpt lat="48.8947576" lon="2.3825627">
      </trkpt>
      <trkpt lat="48.8950838" lon="2.3829731">
      </trkpt>
      <trkpt lat="48.8954387" lon="2.3834009">
      </trkpt>
      <trkpt lat="48.8955489" lon="2.3835229">
      </trkpt>
      <trkpt lat="48.8955957" lon="2.3835665">
      </trkpt>
      <trkpt lat="48.8956173" lon="2.3835853">
      </trkpt>
      <trkpt lat="48.895623" lon="2.3836054">
      </trkpt>
      <trkpt lat="48.8956561" lon="2.3836181">
      </trkpt>
      <trkpt lat="48.8956786" lon="2.3836463">
      </trkpt>
      <trkpt lat="48.8956896" lon="2.3836761">
      </trkpt>
      <trkpt lat="48.8957081" lon="2.3836993">
      </trkpt>
      <trkpt lat="48.895718" lon="2.3837131">
      </trkpt>
      <trkpt lat="48.8957288" lon="2.3837281">
      </trkpt>
      <trkpt lat="48.8957519" lon="2.383764">
      </trkpt>
      <trkpt lat="48.8958202" lon="2.3838699">
      </trkpt>
      <trkpt lat="48.8959485" lon="2.3840486">
      </trkpt>
      <trkpt lat="48.8959605" lon="2.3840667">
      </trkpt>
      <trkpt lat="48.8959762" lon="2.3840942">
      </trkpt>
      <trkpt lat="48.8959886" lon="2.384116">
      </trkpt>
      <trkpt lat="48.8960222" lon="2.3841751">
      </trkpt>
      <trkpt lat="48.8960515" lon="2.3842169">
      </trkpt>
      <trkpt lat="48.8960946" lon="2.3842699">
      </trkpt>
      <trkpt lat="48.8961955" lon="2.384383">
      </trkpt>
      <trkpt lat="48.8962327" lon="2.3844198">
      </trkpt>
      <trkpt lat="48.8962489" lon="2.3845041">
      </trkpt>
      <trkpt lat="48.8962327" lon="2.3844198">
      </trkpt>
      <trkpt lat="48.8972018" lon="2.385432">
      </trkpt>
      <trkpt lat="48.8972963" lon="2.3855391">
      </trkpt>
      <trkpt lat="48.8973272" lon="2.3855718">
      </trkpt>
      <trkpt lat="48.8973432" lon="2.3855927">
      </trkpt>
      <trkpt lat="48.8973574" lon="2.3856269">
      </trkpt>
      <trkpt lat="48.8973616" lon="2.385733">
      </trkpt>
      <trkpt lat="48.897383" lon="2.3857332">
      </trkpt>
      <trkpt lat="48.8974169" lon="2.3857313">
      </trkpt>
      <trkpt lat="48.8974479" lon="2.3857295">
      </trkpt>
      <trkpt lat="48.8974641" lon="2.3857286">
      </trkpt>
      <trkpt lat="48.8974803" lon="2.385727">
      </trkpt>
      <trkpt lat="48.8974936" lon="2.3857394">
      </trkpt>
      <trkpt lat="48.8975358" lon="2.3857786">
      </trkpt>
      <trkpt lat="48.8975647" lon="2.3858084">
      </trkpt>
      <trkpt lat="48.8976125" lon="2.3858598">
      </trkpt>
      <trkpt lat="48.8976783" lon="2.3859258">
      </trkpt>
      <trkpt lat="48.897961" lon="2.3862181">
      </trkpt>
      <trkpt lat="48.8982718" lon="2.3865341">
      </trkpt>
      <trkpt lat="48.8983719" lon="2.386583">
      </trkpt>
      <trkpt lat="48.8984161" lon="2.3866332">
      </trkpt>
      <trkpt lat="48.898425" lon="2.3866432">
      </trkpt>
      <trkpt lat="48.8984559" lon="2.3866779">
      </trkpt>
      <trkpt lat="48.8985004" lon="2.386723">
      </trkpt>
      <trkpt lat="48.8985362" lon="2.3867593">
      </trkpt>
      <trkpt lat="48.8985522" lon="2.3867258">
      </trkpt>
      <trkpt lat="48.8985821" lon="2.3866631">
      </trkpt>
      <trkpt lat="48.8986394" lon="2.3865429">
      </trkpt>
      <trkpt lat="48.8986728" lon="2.3864728">
      </trkpt>
      <trkpt lat="48.8986845" lon="2.3864483">
      </trkpt>
      <trkpt lat="48.8994273" lon="2.3872231">
      </trkpt>
      <trkpt lat="48.8994571" lon="2.38725">
      </trkpt>
      <trkpt lat="48.8995157" lon="2.3873028">
      </trkpt>
      <trkpt lat="48.8995287" lon="2.387316">
      </trkpt>
      <trkpt lat="48.8995438" lon="2.3873454">
      </trkpt>
      <trkpt lat="48.8995503" lon="2.3873582">
      </trkpt>
      <trkpt lat="48.8996936" lon="2.3874833">
      </trkpt>
      <trkpt lat="48.8997569" lon="2.3875258">
      </trkpt>
      <trkpt lat="48.8998047" lon="2.3875288">
      </trkpt>
      <trkpt lat="48.8998507" lon="2.3874964">
      </trkpt>
      <trkpt lat="48.899906" lon="2.38741">
      </trkpt>
      <trkpt lat="48.9000808" lon="2.3870337">
      </trkpt>
      <trkpt lat="48.9000951" lon="2.3869683">
      </trkpt>
      <trkpt lat="48.9000912" lon="2.3868556">
      </trkpt>
      <trkpt lat="48.9001038" lon="2.3868439">
      </trkpt>
      <trkpt lat="48.9001374" lon="2.3868114">
      </trkpt>
      <trkpt lat="48.9002166" lon="2.3867449">
      </trkpt>
      <trkpt lat="48.9002479" lon="2.3867168">
      </trkpt>
      <trkpt lat="48.9002623" lon="2.3867029">
      </trkpt>
      <trkpt lat="48.900339" lon="2.3867577">
      </trkpt>
      <trkpt lat="48.9004104" lon="2.3867617">
      </trkpt>
      <trkpt lat="48.900723" lon="2.3867278">
      </trkpt>
      <trkpt lat="48.9007767" lon="2.386686">
      </trkpt>
      <trkpt lat="48.9008042" lon="2.3866202">
      </trkpt>
      <trkpt lat="48.9008278" lon="2.3866451">
      </trkpt>
      <trkpt lat="48.9008677" lon="2.3866899">
      </trkpt>
      <trkpt lat="48.9009114" lon="2.3867391">
      </trkpt>
      <trkpt lat="48.9009239" lon="2.3867469">
      </trkpt>
      <trkpt lat="48.9009615" lon="2.3867576">
      </trkpt>
      <trkpt lat="48.9010146" lon="2.3867727">
      </trkpt>
      <trkpt lat="48.9010328" lon="2.386776">
      </trkpt>
      <trkpt lat="48.9010269" lon="2.3868557">
      </trkpt>
      <trkpt lat="48.9010335" lon="2.3869584">
      </trkpt>
      <trkpt lat="48.9010531" lon="2.387064">
      </trkpt>
      <trkpt lat="48.9011115" lon="2.3872455">
      </trkpt>
      <trkpt lat="48.9011731" lon="2.3874777">
      </trkpt>
      <trkpt lat="48.9012111" lon="2.3877289">
      </trkpt>
      <trkpt lat="48.9012242" lon="2.3878834">
      </trkpt>
      <trkpt lat="48.9012314" lon="2.3879971">
      </trkpt>
      <trkpt lat="48.9012497" lon="2.388029">
      </trkpt>
      <trkpt lat="48.9012688" lon="2.3880381">
      </trkpt>
      <trkpt lat="48.9012789" lon="2.3880415">
      </trkpt>
      <trkpt lat="48.9013083" lon="2.3880525">
      </trkpt>
      <trkpt lat="48.9013377" lon="2.3880635">
      </trkpt>
      <trkpt lat="48.9013586" lon="2.3880725">
      </trkpt>
      <trkpt lat="48.9013777" lon="2.3880808">
      </trkpt>
      <trkpt lat="48.9013966" lon="2.3880889">
      </trkpt>
      <trkpt lat="48.9014163" lon="2.3880973">
      </trkpt>
      <trkpt lat="48.9014268" lon="2.3881017">
      </trkpt>
      <trkpt lat="48.901429" lon="2.3881169">
      </trkpt>
      <trkpt lat="48.9014418" lon="2.3881221">
      </trkpt>
      <trkpt lat="48.9014351" lon="2.3881624">
      </trkpt>
      <trkpt lat="48.9014269" lon="2.3882177">
      </trkpt>
      <trkpt lat="48.9014192" lon="2.3882701">
      </trkpt>
      <trkpt lat="48.901416" lon="2.3882918">
      </trkpt>
      <trkpt lat="48.9014011" lon="2.3882941">
      </trkpt>
      <trkpt lat="48.901393" lon="2.3883055">
      </trkpt>
      <trkpt lat="48.9013815" lon="2.388308">
      </trkpt>
      <trkpt lat="48.9013532" lon="2.388312">
      </trkpt>
      <trkpt lat="48.9013358" lon="2.3883145">
      </trkpt>
      <trkpt lat="48.9013199" lon="2.3883089">
      </trkpt>
      <trkpt lat="48.9012875" lon="2.3882975">
      </trkpt>
      <trkpt lat="48.9012635" lon="2.3882889">
      </trkpt>
      <trkpt lat="48.9012287" lon="2.3882765">
      </trkpt>
      <trkpt lat="48.9012057" lon="2.3882872">
      </trkpt>
      <trkpt lat="48.9012131" lon="2.3883044">
      </trkpt>
      <trkpt lat="48.9012106" lon="2.3884028">
      </trkpt>
      <trkpt lat="48.9011351" lon="2.3888122">
      </trkpt>
      <trkpt lat="48.9011158" lon="2.388834">
      </trkpt>
      <trkpt lat="48.901098" lon="2.388825">
      </trkpt>
      <trkpt lat="48.9010651" lon="2.3887881">
      </trkpt>
      <trkpt lat="48.9010344" lon="2.3888238">
      </trkpt>
      <trkpt lat="48.9009959" lon="2.3888699">
      </trkpt>
      <trkpt lat="48.9009581" lon="2.3889152">
      </trkpt>
      <trkpt lat="48.9009292" lon="2.388955">
      </trkpt>
      <trkpt lat="48.9008874" lon="2.3890129">
      </trkpt>
      <trkpt lat="48.9008512" lon="2.3890631">
      </trkpt>
      <trkpt lat="48.9008312" lon="2.3890915">
      </trkpt>
      <trkpt lat="48.9008143" lon="2.3891347">
      </trkpt>
      <trkpt lat="48.9007924" lon="2.3890968">
      </trkpt>
      <trkpt lat="48.9007763" lon="2.389069">
      </trkpt>
      <trkpt lat="48.9007398" lon="2.3890059">
      </trkpt>
      <trkpt lat="48.9006789" lon="2.3889347">
      </trkpt>
      <trkpt lat="48.9004958" lon="2.3888805">
      </trkpt>
      <trkpt lat="48.9003437" lon="2.3888303">
      </trkpt>
      <trkpt lat="48.9002741" lon="2.3887919">
      </trkpt>
      <trkpt lat="48.9002063" lon="2.3887457">
      </trkpt>
      <trkpt lat="48.9001646" lon="2.3887133">
      </trkpt>
      <trkpt lat="48.9001177" lon="2.3886768">
      </trkpt>
      <trkpt lat="48.9000958" lon="2.3886614">
      </trkpt>
      <trkpt lat="48.900057" lon="2.3885219">
      </trkpt>
      <trkpt lat="48.9000094" lon="2.3884173">
      </trkpt>
      <trkpt lat="48.8998736" lon="2.3882671">
      </trkpt>
      <trkpt lat="48.8998278" lon="2.388259">
      </trkpt>
      <trkpt lat="48.8998004" lon="2.3882758">
      </trkpt>
      <trkpt lat="48.8997851" lon="2.3883243">
      </trkpt>
      <trkpt lat="48.8997754" lon="2.388439">
      </trkpt>
      <trkpt lat="48.899685" lon="2.3896307">
      </trkpt>
      <trkpt lat="48.8996548" lon="2.3901059">
      </trkpt>
      <trkpt lat="48.8996852" lon="2.3901427">
      </trkpt>
      <trkpt lat="48.8997376" lon="2.390206">
      </trkpt>
      <trkpt lat="48.8997534" lon="2.3902251">
      </trkpt>
      <trkpt lat="48.8997329" lon="2.3903946">
      </trkpt>
      <trkpt lat="48.8996995" lon="2.3906928">
      </trkpt>
      <trkpt lat="48.8996792" lon="2.390938">
      </trkpt>
      <trkpt lat="48.8996472" lon="2.3912164">
      </trkpt>
      <trkpt lat="48.8996792" lon="2.390938">
      </trkpt>
      <trkpt lat="48.8996995" lon="2.3906928">
      </trkpt>
      <trkpt lat="48.8997329" lon="2.3903946">
      </trkpt>
      <trkpt lat="48.8997534" lon="2.3902251">
      </trkpt>
      <trkpt lat="48.8997376" lon="2.390206">
      </trkpt>
      <trkpt lat="48.8996852" lon="2.3901427">
      </trkpt>
      <trkpt lat="48.8996548" lon="2.3901059">
      </trkpt>
      <trkpt lat="48.899685" lon="2.3896307">
      </trkpt>
      <trkpt lat="48.8997754" lon="2.388439">
      </trkpt>
      <trkpt lat="48.8997851" lon="2.3883243">
      </trkpt>
      <trkpt lat="48.8998004" lon="2.3882758">
      </trkpt>
      <trkpt lat="48.899781" lon="2.388223">
      </trkpt>
      <trkpt lat="48.8997566" lon="2.3881776">
      </trkpt>
      <trkpt lat="48.8997185" lon="2.3881069">
      </trkpt>
      <trkpt lat="48.8997031" lon="2.3880737">
      </trkpt>
      <trkpt lat="48.8996474" lon="2.3879985">
      </trkpt>
      <trkpt lat="48.8995579" lon="2.3879006">
      </trkpt>
      <trkpt lat="48.8995433" lon="2.3878811">
      </trkpt>
      <trkpt lat="48.8995188" lon="2.3878448">
      </trkpt>
      <trkpt lat="48.8994629" lon="2.3877619">
      </trkpt>
      <trkpt lat="48.8994226" lon="2.3876993">
      </trkpt>
      <trkpt lat="48.8994001" lon="2.3876753">
      </trkpt>
      <trkpt lat="48.8986591" lon="2.3868839">
      </trkpt>
      <trkpt lat="48.8985732" lon="2.386799">
      </trkpt>
      <trkpt lat="48.8985533" lon="2.3868307">
      </trkpt>
      <trkpt lat="48.8985444" lon="2.3868137">
      </trkpt>
      <trkpt lat="48.8985112" lon="2.3867547">
      </trkpt>
      <trkpt lat="48.8983928" lon="2.3865774">
      </trkpt>
      <trkpt lat="48.8982124" lon="2.386424">
      </trkpt>
      <trkpt lat="48.8978993" lon="2.3863939">
      </trkpt>
      <trkpt lat="48.8978226" lon="2.3862681">
      </trkpt>
      <trkpt lat="48.8975763" lon="2.3862703">
      </trkpt>
      <trkpt lat="48.897575" lon="2.3867095">
      </trkpt>
      <trkpt lat="48.8973058" lon="2.3867062">
      </trkpt>
      <trkpt lat="48.897305" lon="2.3868121">
      </trkpt>
      <trkpt lat="48.8973083" lon="2.3868612">
      </trkpt>
      <trkpt lat="48.8973082" lon="2.3869504">
      </trkpt>
      <trkpt lat="48.8973015" lon="2.3869808">
      </trkpt>
      <trkpt lat="48.897301" lon="2.3870288">
      </trkpt>
      <trkpt lat="48.8973568" lon="2.3870629">
      </trkpt>
      <trkpt lat="48.8973698" lon="2.3881831">
      </trkpt>
      <trkpt lat="48.8973677" lon="2.3882297">
      </trkpt>
      <trkpt lat="48.8973677" lon="2.3883547">
      </trkpt>
      <trkpt lat="48.8973661" lon="2.3884379">
      </trkpt>
      <trkpt lat="48.8973566" lon="2.3889118">
      </trkpt>
      <trkpt lat="48.8973418" lon="2.3889773">
      </trkpt>
      <trkpt lat="48.8973363" lon="2.3890564">
      </trkpt>
      <trkpt lat="48.8973316" lon="2.3891253">
      </trkpt>
      <trkpt lat="48.8973062" lon="2.3896993">
      </trkpt>
      <trkpt lat="48.8972692" lon="2.3902868">
      </trkpt>
      <trkpt lat="48.8972375" lon="2.3905979">
      </trkpt>
      <trkpt lat="48.8971951" lon="2.3909063">
      </trkpt>
      <trkpt lat="48.8970946" lon="2.3914374">
      </trkpt>
      <trkpt lat="48.8970364" lon="2.3916761">
      </trkpt>
      <trkpt lat="48.8969342" lon="2.392006">
      </trkpt>
      <trkpt lat="48.8968778" lon="2.392175">
      </trkpt>
      <trkpt lat="48.8968067" lon="2.3923695">
      </trkpt>
      <trkpt lat="48.8967495" lon="2.3925048">
      </trkpt>
      <trkpt lat="48.8967287" lon="2.3925241">
      </trkpt>
      <trkpt lat="48.896671" lon="2.3926377">
      </trkpt>
      <trkpt lat="48.8966266" lon="2.392717">
      </trkpt>
      <trkpt lat="48.8965383" lon="2.3928629">
      </trkpt>
      <trkpt lat="48.896483" lon="2.3929454">
      </trkpt>
      <trkpt lat="48.896451" lon="2.3929916">
      </trkpt>
      <trkpt lat="48.8964112" lon="2.3930401">
      </trkpt>
      <trkpt lat="48.8963847" lon="2.3930742">
      </trkpt>
      <trkpt lat="48.8962826" lon="2.3931887">
      </trkpt>
      <trkpt lat="48.896186" lon="2.393293">
      </trkpt>
      <trkpt lat="48.8961106" lon="2.3933636">
      </trkpt>
      <trkpt lat="48.8960026" lon="2.3934632">
      </trkpt>
      <trkpt lat="48.8959337" lon="2.3935546">
      </trkpt>
      <trkpt lat="48.8958528" lon="2.3936203">
      </trkpt>
      <trkpt lat="48.8957033" lon="2.3937296">
      </trkpt>
      <trkpt lat="48.8955788" lon="2.3938055">
      </trkpt>
      <trkpt lat="48.8953715" lon="2.3939275">
      </trkpt>
      <trkpt lat="48.8953565" lon="2.393928">
      </trkpt>
      <trkpt lat="48.8953085" lon="2.3939547">
      </trkpt>
      <trkpt lat="48.8952549" lon="2.3939832">
      </trkpt>
      <trkpt lat="48.895225" lon="2.3939954">
      </trkpt>
      <trkpt lat="48.8951813" lon="2.3940103">
      </trkpt>
      <trkpt lat="48.8951381" lon="2.3940157">
      </trkpt>
      <trkpt lat="48.8948343" lon="2.394127">
      </trkpt>
      <trkpt lat="48.8945773" lon="2.3941961">
      </trkpt>
      <trkpt lat="48.894371" lon="2.3942504">
      </trkpt>
      <trkpt lat="48.8937265" lon="2.3944113">
      </trkpt>
      <trkpt lat="48.8928699" lon="2.3946239">
      </trkpt>
      <trkpt lat="48.8926867" lon="2.3946677">
      </trkpt>
      <trkpt lat="48.8920781" lon="2.394813">
      </trkpt>
      <trkpt lat="48.8919194" lon="2.3948535">
      </trkpt>
      <trkpt lat="48.891665" lon="2.3949183">
      </trkpt>
      <trkpt lat="48.8910654" lon="2.3950691">
      </trkpt>
      <trkpt lat="48.8905945" lon="2.395165">
      </trkpt>
      <trkpt lat="48.8905663" lon="2.3951831">
      </trkpt>
      <trkpt lat="48.8905579" lon="2.3952214">
      </trkpt>
      <trkpt lat="48.8905447" lon="2.3952214">
      </trkpt>
      <trkpt lat="48.8904961" lon="2.3952328">
      </trkpt>
      <trkpt lat="48.890437" lon="2.3952466">
      </trkpt>
      <trkpt lat="48.8899562" lon="2.3953744">
      </trkpt>
      <trkpt lat="48.8898456" lon="2.3954025">
      </trkpt>
      <trkpt lat="48.8897854" lon="2.3953948">
      </trkpt>
      <trkpt lat="48.889802" lon="2.3954964">
      </trkpt>
      <trkpt lat="48.8898068" lon="2.3955182">
      </trkpt>
      <trkpt lat="48.889811" lon="2.3955372">
      </trkpt>
      <trkpt lat="48.8898295" lon="2.3956013">
      </trkpt>
      <trkpt lat="48.8898521" lon="2.3956798">
      </trkpt>
      <trkpt lat="48.8898724" lon="2.3957592">
      </trkpt>
      <trkpt lat="48.8898878" lon="2.3958196">
      </trkpt>
      <trkpt lat="48.8898998" lon="2.3958665">
      </trkpt>
      <trkpt lat="48.8898406" lon="2.395882">
      </trkpt>
      <trkpt lat="48.8898292" lon="2.395885">
      </trkpt>
      <trkpt lat="48.8898075" lon="2.3958906">
      </trkpt>
      <trkpt lat="48.8897729" lon="2.3958997">
      </trkpt>
      <trkpt lat="48.8897601" lon="2.395903">
      </trkpt>
      <trkpt lat="48.889747" lon="2.3959065">
      </trkpt>
      <trkpt lat="48.8897293" lon="2.3959111">
      </trkpt>
      <trkpt lat="48.8896839" lon="2.3959229">
      </trkpt>
      <trkpt lat="48.8896407" lon="2.3959342">
      </trkpt>
      <trkpt lat="48.8896023" lon="2.3959442">
      </trkpt>
      <trkpt lat="48.8896365" lon="2.3960703">
      </trkpt>
      <trkpt lat="48.8896074" lon="2.3960784">
      </trkpt>
      <trkpt lat="48.8895598" lon="2.3960916">
      </trkpt>
      <trkpt lat="48.889523" lon="2.3961018">
      </trkpt>
      <trkpt lat="48.8895156" lon="2.3961039">
      </trkpt>
      <trkpt lat="48.8894984" lon="2.3961087">
      </trkpt>
      <trkpt lat="48.889472" lon="2.396116">
      </trkpt>
      <trkpt lat="48.8894528" lon="2.3961213">
      </trkpt>
      <trkpt lat="48.8894377" lon="2.3961255">
      </trkpt>
      <trkpt lat="48.8894143" lon="2.396132">
      </trkpt>
      <trkpt lat="48.8895532" lon="2.3966318">
      </trkpt>
      <trkpt lat="48.8895731" lon="2.3967043">
      </trkpt>
      <trkpt lat="48.8895325" lon="2.3967158">
      </trkpt>
      <trkpt lat="48.8892756" lon="2.3967885">
      </trkpt>
      <trkpt lat="48.8892077" lon="2.3968052">
      </trkpt>
      <trkpt lat="48.8891777" lon="2.3968126">
      </trkpt>
      <trkpt lat="48.8891593" lon="2.3968171">
      </trkpt>
      <trkpt lat="48.8888999" lon="2.3967177">
      </trkpt>
      <trkpt lat="48.8888409" lon="2.3966951">
      </trkpt>
      <trkpt lat="48.8872219" lon="2.3971028">
      </trkpt>
      <trkpt lat="48.887002" lon="2.3970902">
      </trkpt>
      <trkpt lat="48.8867939" lon="2.39705">
      </trkpt>
      <trkpt lat="48.886577" lon="2.3969722">
      </trkpt>
      <trkpt lat="48.8863824" lon="2.3968828">
      </trkpt>
      <trkpt lat="48.8863122" lon="2.3967915">
      </trkpt>
      <trkpt lat="48.8862705" lon="2.3967422">
      </trkpt>
      <trkpt lat="48.8863122" lon="2.3967915">
      </trkpt>
      <trkpt lat="48.8863824" lon="2.3968828">
      </trkpt>
      <trkpt lat="48.886577" lon="2.3969722">
      </trkpt>
      <trkpt lat="48.8867939" lon="2.39705">
      </trkpt>
      <trkpt lat="48.887002" lon="2.3970902">
      </trkpt>
      <trkpt lat="48.8872219" lon="2.3971028">
      </trkpt>
      <trkpt lat="48.8888409" lon="2.3966951">
      </trkpt>
      <trkpt lat="48.8888999" lon="2.3967177">
      </trkpt>
      <trkpt lat="48.8891593" lon="2.3968171">
      </trkpt>
      <trkpt lat="48.8891777" lon="2.3968126">
      </trkpt>
      <trkpt lat="48.8892077" lon="2.3968052">
      </trkpt>
      <trkpt lat="48.8892756" lon="2.3967885">
      </trkpt>
      <trkpt lat="48.8895325" lon="2.3967158">
      </trkpt>
      <trkpt lat="48.8895731" lon="2.3967043">
      </trkpt>
      <trkpt lat="48.8895532" lon="2.3966318">
      </trkpt>
      <trkpt lat="48.8894143" lon="2.396132">
      </trkpt>
      <trkpt lat="48.8893987" lon="2.3960757">
      </trkpt>
      <trkpt lat="48.8893925" lon="2.3960534">
      </trkpt>
      <trkpt lat="48.8893808" lon="2.3960059">
      </trkpt>
      <trkpt lat="48.889369" lon="2.3959611">
      </trkpt>
      <trkpt lat="48.8893649" lon="2.3959448">
      </trkpt>
      <trkpt lat="48.8888635" lon="2.3960923">
      </trkpt>
      <trkpt lat="48.8887997" lon="2.396111">
      </trkpt>
      <trkpt lat="48.8886714" lon="2.3961487">
      </trkpt>
      <trkpt lat="48.8887997" lon="2.396111">
      </trkpt>
      <trkpt lat="48.8888635" lon="2.3960923">
      </trkpt>
      <trkpt lat="48.8893649" lon="2.3959448">
      </trkpt>
      <trkpt lat="48.889356" lon="2.3959097">
      </trkpt>
      <trkpt lat="48.8893427" lon="2.3958577">
      </trkpt>
      <trkpt lat="48.8893208" lon="2.3957714">
      </trkpt>
      <trkpt lat="48.8893147" lon="2.3957473">
      </trkpt>
      <trkpt lat="48.8893025" lon="2.3956886">
      </trkpt>
      <trkpt lat="48.8892978" lon="2.3956522">
      </trkpt>
      <trkpt lat="48.8892944" lon="2.3956265">
      </trkpt>
      <trkpt lat="48.8892883" lon="2.3955792">
      </trkpt>
      <trkpt lat="48.8892851" lon="2.3955548">
      </trkpt>
      <trkpt lat="48.889282" lon="2.3955307">
      </trkpt>
      <trkpt lat="48.8892508" lon="2.3954218">
      </trkpt>
      <trkpt lat="48.8892397" lon="2.3953792">
      </trkpt>
      <trkpt lat="48.8892343" lon="2.3953591">
      </trkpt>
      <trkpt lat="48.8892298" lon="2.3953415">
      </trkpt>
      <trkpt lat="48.8890928" lon="2.3948052">
      </trkpt>
      <trkpt lat="48.8890312" lon="2.3945726">
      </trkpt>
      <trkpt lat="48.8890086" lon="2.3944739">
      </trkpt>
      <trkpt lat="48.8886947" lon="2.3932326">
      </trkpt>
      <trkpt lat="48.8886834" lon="2.3931879">
      </trkpt>
      <trkpt lat="48.8886788" lon="2.3931576">
      </trkpt>
      <trkpt lat="48.8886759" lon="2.3931384">
      </trkpt>
      <trkpt lat="48.8886722" lon="2.3931204">
      </trkpt>
      <trkpt lat="48.888647" lon="2.3930184">
      </trkpt>
      <trkpt lat="48.8886128" lon="2.3928891">
      </trkpt>
      <trkpt lat="48.8884583" lon="2.3922949">
      </trkpt>
      <trkpt lat="48.8884416" lon="2.3922354">
      </trkpt>
      <trkpt lat="48.8884173" lon="2.3921394">
      </trkpt>
      <trkpt lat="48.8884024" lon="2.3920777">
      </trkpt>
      <trkpt lat="48.8884173" lon="2.3921394">
      </trkpt>
      <trkpt lat="48.8884416" lon="2.3922354">
      </trkpt>
      <trkpt lat="48.8884583" lon="2.3922949">
      </trkpt>
      <trkpt lat="48.8884227" lon="2.3922731">
      </trkpt>
      <trkpt lat="48.888391" lon="2.3921456">
      </trkpt>
      <trkpt lat="48.8883957" lon="2.3920253">
      </trkpt>
      <trkpt lat="48.8867864" lon="2.3927269">
      </trkpt>
      <trkpt lat="48.8864244" lon="2.3928754">
      </trkpt>
      <trkpt lat="48.8864068" lon="2.3929536">
      </trkpt>
      <trkpt lat="48.8864448" lon="2.3933888">
      </trkpt>
      <trkpt lat="48.8864495" lon="2.3934422">
      </trkpt>
      <trkpt lat="48.886453" lon="2.3934828">
      </trkpt>
      <trkpt lat="48.8864436" lon="2.3934857">
      </trkpt>
      <trkpt lat="48.8864092" lon="2.3934894">
      </trkpt>
      <trkpt lat="48.8863756" lon="2.3934931">
      </trkpt>
      <trkpt lat="48.8863574" lon="2.393496">
      </trkpt>
      <trkpt lat="48.8863545" lon="2.3934685">
      </trkpt>
      <trkpt lat="48.8863508" lon="2.393434">
      </trkpt>
      <trkpt lat="48.8863196" lon="2.3934138">
      </trkpt>
      <trkpt lat="48.8859021" lon="2.3931253">
      </trkpt>
      <trkpt lat="48.8857242" lon="2.3929676">
      </trkpt>
      <trkpt lat="48.8855312" lon="2.3927585">
      </trkpt>
      <trkpt lat="48.8851529" lon="2.3922267">
      </trkpt>
      <trkpt lat="48.8849968" lon="2.3919484">
      </trkpt>
      <trkpt lat="48.8849527" lon="2.392006">
      </trkpt>
      <trkpt lat="48.8849416" lon="2.392021">
      </trkpt>
      <trkpt lat="48.8849201" lon="2.3920502">
      </trkpt>
      <trkpt lat="48.8849062" lon="2.3920691">
      </trkpt>
      <trkpt lat="48.8848902" lon="2.3920908">
      </trkpt>
      <trkpt lat="48.8848787" lon="2.3921064">
      </trkpt>
      <trkpt lat="48.8848319" lon="2.3921608">
      </trkpt>
      <trkpt lat="48.8847372" lon="2.3919869">
      </trkpt>
      <trkpt lat="48.884664" lon="2.3918475">
      </trkpt>
      <trkpt lat="48.8844874" lon="2.3914128">
      </trkpt>
      <trkpt lat="48.884466" lon="2.3914317">
      </trkpt>
      <trkpt lat="48.8844263" lon="2.3914728">
      </trkpt>
      <trkpt lat="48.8843922" lon="2.3915082">
      </trkpt>
      <trkpt lat="48.8843668" lon="2.3915327">
      </trkpt>
      <trkpt lat="48.8843171" lon="2.3914099">
      </trkpt>
      <trkpt lat="48.8842551" lon="2.391423">
      </trkpt>
      <trkpt lat="48.8839924" lon="2.3916892">
      </trkpt>
      <trkpt lat="48.883986" lon="2.3916728">
      </trkpt>
      <trkpt lat="48.8839722" lon="2.3916413">
      </trkpt>
      <trkpt lat="48.8839611" lon="2.3916158">
      </trkpt>
      <trkpt lat="48.8839483" lon="2.391589">
      </trkpt>
      <trkpt lat="48.883908" lon="2.3915574">
      </trkpt>
      <trkpt lat="48.8838985" lon="2.3915356">
      </trkpt>
      <trkpt lat="48.8838773" lon="2.3915567">
      </trkpt>
      <trkpt lat="48.8838626" lon="2.3915725">
      </trkpt>
      <trkpt lat="48.883848" lon="2.3915883">
      </trkpt>
      <trkpt lat="48.8838255" lon="2.3916128">
      </trkpt>
      <trkpt lat="48.8829287" lon="2.3895861">
      </trkpt>
      <trkpt lat="48.8828802" lon="2.389515">
      </trkpt>
      <trkpt lat="48.8828695" lon="2.3895572">
      </trkpt>
      <trkpt lat="48.8827887" lon="2.3899209">
      </trkpt>
      <trkpt lat="48.882782" lon="2.3899424">
      </trkpt>
      <trkpt lat="48.8827637" lon="2.390025">
      </trkpt>
      <trkpt lat="48.8827474" lon="2.3900984">
      </trkpt>
      <trkpt lat="48.8827454" lon="2.3901071">
      </trkpt>
      <trkpt lat="48.8827402" lon="2.3901292">
      </trkpt>
      <trkpt lat="48.882496" lon="2.3912475">
      </trkpt>
      <trkpt lat="48.8824876" lon="2.3912849">
      </trkpt>
      <trkpt lat="48.8824765" lon="2.3913331">
      </trkpt>
      <trkpt lat="48.8824696" lon="2.3913626">
      </trkpt>
      <trkpt lat="48.8824569" lon="2.3914257">
      </trkpt>
      <trkpt lat="48.8821804" lon="2.3926992">
      </trkpt>
      <trkpt lat="48.8821648" lon="2.3927782">
      </trkpt>
      <trkpt lat="48.8821966" lon="2.3929961">
      </trkpt>
      <trkpt lat="48.8822355" lon="2.3932444">
      </trkpt>
      <trkpt lat="48.8822216" lon="2.3932639">
      </trkpt>
      <trkpt lat="48.8822137" lon="2.3932756">
      </trkpt>
      <trkpt lat="48.8821975" lon="2.3932995">
      </trkpt>
      <trkpt lat="48.8821901" lon="2.3933201">
      </trkpt>
      <trkpt lat="48.8821872" lon="2.3933384">
      </trkpt>
      <trkpt lat="48.8821815" lon="2.3933747">
      </trkpt>
      <trkpt lat="48.8821734" lon="2.3934314">
      </trkpt>
      <trkpt lat="48.8820873" lon="2.3934569">
      </trkpt>
      <trkpt lat="48.8820909" lon="2.3934969">
      </trkpt>
      <trkpt lat="48.8820007" lon="2.3935258">
      </trkpt>
      <trkpt lat="48.8813881" lon="2.3963219">
      </trkpt>
      <trkpt lat="48.8813819" lon="2.3964554">
      </trkpt>
      <trkpt lat="48.8813655" lon="2.3964724">
      </trkpt>
      <trkpt lat="48.8813005" lon="2.3965398">
      </trkpt>
      <trkpt lat="48.881296" lon="2.3965446">
      </trkpt>
      <trkpt lat="48.8812901" lon="2.3965507">
      </trkpt>
      <trkpt lat="48.8812505" lon="2.3965917">
      </trkpt>
      <trkpt lat="48.8812279" lon="2.3966151">
      </trkpt>
      <trkpt lat="48.8811331" lon="2.3967447">
      </trkpt>
      <trkpt lat="48.881142" lon="2.3967664">
      </trkpt>
      <trkpt lat="48.8811484" lon="2.396782">
      </trkpt>
      <trkpt lat="48.8811629" lon="2.3968134">
      </trkpt>
      <trkpt lat="48.8811723" lon="2.3968378">
      </trkpt>
      <trkpt lat="48.8811779" lon="2.396852">
      </trkpt>
      <trkpt lat="48.8811869" lon="2.3968758">
      </trkpt>
      <trkpt lat="48.8811982" lon="2.3969035">
      </trkpt>
      <trkpt lat="48.8812087" lon="2.3969292">
      </trkpt>
      <trkpt lat="48.8809151" lon="2.3974445">
      </trkpt>
      <trkpt lat="48.8805778" lon="2.3980457">
      </trkpt>
      <trkpt lat="48.8803044" lon="2.3985392">
      </trkpt>
      <trkpt lat="48.8802614" lon="2.3986638">
      </trkpt>
      <trkpt lat="48.8802375" lon="2.3986928">
      </trkpt>
      <trkpt lat="48.8802108" lon="2.3987221">
      </trkpt>
      <trkpt lat="48.8801807" lon="2.3987549">
      </trkpt>
      <trkpt lat="48.8801718" lon="2.3987606">
      </trkpt>
      <trkpt lat="48.8801113" lon="2.3987946">
      </trkpt>
      <trkpt lat="48.8800621" lon="2.3988927">
      </trkpt>
      <trkpt lat="48.8800378" lon="2.3988867">
      </trkpt>
      <trkpt lat="48.8799944" lon="2.3989702">
      </trkpt>
      <trkpt lat="48.8799927" lon="2.3990252">
      </trkpt>
      <trkpt lat="48.8798762" lon="2.3992174">
      </trkpt>
      <trkpt lat="48.8798458" lon="2.3993041">
      </trkpt>
      <trkpt lat="48.8797575" lon="2.3995398">
      </trkpt>
      <trkpt lat="48.8797513" lon="2.3996207">
      </trkpt>
      <trkpt lat="48.8797459" lon="2.3996326">
      </trkpt>
      <trkpt lat="48.8797239" lon="2.3996771">
      </trkpt>
      <trkpt lat="48.8796964" lon="2.3997323">
      </trkpt>
      <trkpt lat="48.87969" lon="2.3997468">
      </trkpt>
      <trkpt lat="48.8796533" lon="2.3997673">
      </trkpt>
      <trkpt lat="48.8795743" lon="2.3999072">
      </trkpt>
      <trkpt lat="48.879367" lon="2.4003342">
      </trkpt>
      <trkpt lat="48.8794705" lon="2.400451">
      </trkpt>
      <trkpt lat="48.8795318" lon="2.4005154">
      </trkpt>
      <trkpt lat="48.8795897" lon="2.4005796">
      </trkpt>
      <trkpt lat="48.8796312" lon="2.4006885">
      </trkpt>
      <trkpt lat="48.8796431" lon="2.4007235">
      </trkpt>
      <trkpt lat="48.8796574" lon="2.4007653">
      </trkpt>
      <trkpt lat="48.8796836" lon="2.4008437">
      </trkpt>
      <trkpt lat="48.8797097" lon="2.4009185">
      </trkpt>
      <trkpt lat="48.8797176" lon="2.4009417">
      </trkpt>
      <trkpt lat="48.8797258" lon="2.4009656">
      </trkpt>
      <trkpt lat="48.8797319" lon="2.4009834">
      </trkpt>
      <trkpt lat="48.8797457" lon="2.401024">
      </trkpt>
      <trkpt lat="48.8797533" lon="2.401046">
      </trkpt>
      <trkpt lat="48.8797608" lon="2.4010681">
      </trkpt>
      <trkpt lat="48.879778" lon="2.4011194">
      </trkpt>
      <trkpt lat="48.8797095" lon="2.4011736">
      </trkpt>
      <trkpt lat="48.8792432" lon="2.4015426">
      </trkpt>
      <trkpt lat="48.8792139" lon="2.4015676">
      </trkpt>
      <trkpt lat="48.8791824" lon="2.4015923">
      </trkpt>
      <trkpt lat="48.8791803" lon="2.401639">
      </trkpt>
      <trkpt lat="48.8791786" lon="2.4016755">
      </trkpt>
      <trkpt lat="48.8791764" lon="2.4017241">
      </trkpt>
      <trkpt lat="48.8791752" lon="2.4017524">
      </trkpt>
      <trkpt lat="48.879174" lon="2.4017791">
      </trkpt>
      <trkpt lat="48.8791727" lon="2.4018062">
      </trkpt>
      <trkpt lat="48.8791713" lon="2.4018377">
      </trkpt>
      <trkpt lat="48.8791696" lon="2.4018754">
      </trkpt>
      <trkpt lat="48.8789519" lon="2.4019514">
      </trkpt>
      <trkpt lat="48.8788793" lon="2.4019925">
      </trkpt>
      <trkpt lat="48.878788" lon="2.4020761">
      </trkpt>
      <trkpt lat="48.8787194" lon="2.4022001">
      </trkpt>
      <trkpt lat="48.8786913" lon="2.4022751">
      </trkpt>
      <trkpt lat="48.8786322" lon="2.4025272">
      </trkpt>
      <trkpt lat="48.8785882" lon="2.4027152">
      </trkpt>
      <trkpt lat="48.8785388" lon="2.4029584">
      </trkpt>
      <trkpt lat="48.8785288" lon="2.4030065">
      </trkpt>
      <trkpt lat="48.8785219" lon="2.4030396">
      </trkpt>
      <trkpt lat="48.8785485" lon="2.4031176">
      </trkpt>
      <trkpt lat="48.8784815" lon="2.40348">
      </trkpt>
      <trkpt lat="48.878528" lon="2.4034688">
      </trkpt>
      <trkpt lat="48.8785552" lon="2.4034804">
      </trkpt>
      <trkpt lat="48.8795825" lon="2.4039163">
      </trkpt>
      <trkpt lat="48.880003" lon="2.4040948">
      </trkpt>
      <trkpt lat="48.8800294" lon="2.404106">
      </trkpt>
      <trkpt lat="48.8801536" lon="2.4041393">
      </trkpt>
      <trkpt lat="48.8802269" lon="2.4041082">
      </trkpt>
      <trkpt lat="48.8808118" lon="2.4031962">
      </trkpt>
      <trkpt lat="48.8808499" lon="2.4030986">
      </trkpt>
      <trkpt lat="48.8810757" lon="2.4027501">
      </trkpt>
      <trkpt lat="48.8810915" lon="2.4026786">
      </trkpt>
      <trkpt lat="48.8810757" lon="2.4027501">
      </trkpt>
      <trkpt lat="48.8808499" lon="2.4030986">
      </trkpt>
      <trkpt lat="48.8808118" lon="2.4031962">
      </trkpt>
      <trkpt lat="48.8802269" lon="2.4041082">
      </trkpt>
      <trkpt lat="48.8801536" lon="2.4041393">
      </trkpt>
      <trkpt lat="48.8800294" lon="2.404106">
      </trkpt>
      <trkpt lat="48.880003" lon="2.4040948">
      </trkpt>
      <trkpt lat="48.8795825" lon="2.4039163">
      </trkpt>
      <trkpt lat="48.8785552" lon="2.4034804">
      </trkpt>
      <trkpt lat="48.878528" lon="2.4034688">
      </trkpt>
      <trkpt lat="48.8784815" lon="2.40348">
      </trkpt>
      <trkpt lat="48.8784367" lon="2.4034639">
      </trkpt>
      <trkpt lat="48.8784351" lon="2.4034729">
      </trkpt>
      <trkpt lat="48.8784178" lon="2.4035697">
      </trkpt>
      <trkpt lat="48.8782013" lon="2.4047294">
      </trkpt>
      <trkpt lat="48.8780505" lon="2.40556">
      </trkpt>
      <trkpt lat="48.8780437" lon="2.4055975">
      </trkpt>
      <trkpt lat="48.8779663" lon="2.4060065">
      </trkpt>
      <trkpt lat="48.8779185" lon="2.4061793">
      </trkpt>
      <trkpt lat="48.8778852" lon="2.4062553">
      </trkpt>
      <trkpt lat="48.8778001" lon="2.4064182">
      </trkpt>
      <trkpt lat="48.8776731" lon="2.4065792">
      </trkpt>
      <trkpt lat="48.8775491" lon="2.4066912">
      </trkpt>
      <trkpt lat="48.8774764" lon="2.4067475">
      </trkpt>
      <trkpt lat="48.8774377" lon="2.4067775">
      </trkpt>
      <trkpt lat="48.8773896" lon="2.4069023">
      </trkpt>
      <trkpt lat="48.8773708" lon="2.4069664">
      </trkpt>
      <trkpt lat="48.8773602" lon="2.4069765">
      </trkpt>
      <trkpt lat="48.8773158" lon="2.4070118">
      </trkpt>
      <trkpt lat="48.8772836" lon="2.4070384">
      </trkpt>
      <trkpt lat="48.8772617" lon="2.4070564">
      </trkpt>
      <trkpt lat="48.877225" lon="2.4070868">
      </trkpt>
      <trkpt lat="48.877189" lon="2.4071165">
      </trkpt>
      <trkpt lat="48.8771727" lon="2.40713">
      </trkpt>
      <trkpt lat="48.8771653" lon="2.4071361">
      </trkpt>
      <trkpt lat="48.8771585" lon="2.4071417">
      </trkpt>
      <trkpt lat="48.8771292" lon="2.4071669">
      </trkpt>
      <trkpt lat="48.8774038" lon="2.4080091">
      </trkpt>
      <trkpt lat="48.8774629" lon="2.4081811">
      </trkpt>
      <trkpt lat="48.8774047" lon="2.4082484">
      </trkpt>
      <trkpt lat="48.8773683" lon="2.4082809">
      </trkpt>
      <trkpt lat="48.8773824" lon="2.4083256">
      </trkpt>
      <trkpt lat="48.8773983" lon="2.4083733">
      </trkpt>
      <trkpt lat="48.8774106" lon="2.4084098">
      </trkpt>
      <trkpt lat="48.8774205" lon="2.4084392">
      </trkpt>
      <trkpt lat="48.8774363" lon="2.4084865">
      </trkpt>
      <trkpt lat="48.8774487" lon="2.4085235">
      </trkpt>
      <trkpt lat="48.8774525" lon="2.4085331">
      </trkpt>
      <trkpt lat="48.8771407" lon="2.4087659">
      </trkpt>
      <trkpt lat="48.876988" lon="2.4089224">
      </trkpt>
      <trkpt lat="48.8769926" lon="2.4089393">
      </trkpt>
      <trkpt lat="48.876861" lon="2.4090652">
      </trkpt>
      <trkpt lat="48.8768678" lon="2.4090858">
      </trkpt>
      <trkpt lat="48.8769008" lon="2.4091836">
      </trkpt>
      <trkpt lat="48.8768935" lon="2.4091892">
      </trkpt>
      <trkpt lat="48.876812" lon="2.4092404">
      </trkpt>
      <trkpt lat="48.8768935" lon="2.4091892">
      </trkpt>
      <trkpt lat="48.8769008" lon="2.4091836">
      </trkpt>
      <trkpt lat="48.8768678" lon="2.4090858">
      </trkpt>
      <trkpt lat="48.876861" lon="2.4090652">
      </trkpt>
      <trkpt lat="48.8769926" lon="2.4089393">
      </trkpt>
      <trkpt lat="48.876988" lon="2.4089224">
      </trkpt>
      <trkpt lat="48.8771407" lon="2.4087659">
      </trkpt>
      <trkpt lat="48.8774525" lon="2.4085331">
      </trkpt>
      <trkpt lat="48.8774487" lon="2.4085235">
      </trkpt>
      <trkpt lat="48.8774363" lon="2.4084865">
      </trkpt>
      <trkpt lat="48.8774205" lon="2.4084392">
      </trkpt>
      <trkpt lat="48.8774106" lon="2.4084098">
      </trkpt>
      <trkpt lat="48.8773983" lon="2.4083733">
      </trkpt>
      <trkpt lat="48.8773824" lon="2.4083256">
      </trkpt>
      <trkpt lat="48.8773683" lon="2.4082809">
      </trkpt>
      <trkpt lat="48.8774047" lon="2.4082484">
      </trkpt>
      <trkpt lat="48.8774629" lon="2.4081811">
      </trkpt>
      <trkpt lat="48.8774038" lon="2.4080091">
      </trkpt>
      <trkpt lat="48.8771292" lon="2.4071669">
      </trkpt>
      <trkpt lat="48.8770978" lon="2.4071152">
      </trkpt>
      <trkpt lat="48.8769957" lon="2.4070628">
      </trkpt>
      <trkpt lat="48.8769705" lon="2.4070758">
      </trkpt>
      <trkpt lat="48.87696" lon="2.4070345">
      </trkpt>
      <trkpt lat="48.8769468" lon="2.4069794">
      </trkpt>
      <trkpt lat="48.8769368" lon="2.4069377">
      </trkpt>
      <trkpt lat="48.8769303" lon="2.4069109">
      </trkpt>
      <trkpt lat="48.8769239" lon="2.4068842">
      </trkpt>
      <trkpt lat="48.8769192" lon="2.4068643">
      </trkpt>
      <trkpt lat="48.8769086" lon="2.40682">
      </trkpt>
      <trkpt lat="48.8769038" lon="2.4068">
      </trkpt>
      <trkpt lat="48.8768971" lon="2.4067722">
      </trkpt>
      <trkpt lat="48.8768906" lon="2.4067451">
      </trkpt>
      <trkpt lat="48.876882" lon="2.4067095">
      </trkpt>
      <trkpt lat="48.876867" lon="2.4066469">
      </trkpt>
      <trkpt lat="48.8768661" lon="2.4066318">
      </trkpt>
      <trkpt lat="48.8768628" lon="2.4065744">
      </trkpt>
      <trkpt lat="48.8768593" lon="2.4065133">
      </trkpt>
      <trkpt lat="48.8768706" lon="2.4064493">
      </trkpt>
      <trkpt lat="48.8768824" lon="2.4063817">
      </trkpt>
      <trkpt lat="48.8768945" lon="2.406328">
      </trkpt>
      <trkpt lat="48.8769695" lon="2.4063055">
      </trkpt>
      <trkpt lat="48.8769746" lon="2.4061833">
      </trkpt>
      <trkpt lat="48.876964" lon="2.4061238">
      </trkpt>
      <trkpt lat="48.8768551" lon="2.4056556">
      </trkpt>
      <trkpt lat="48.8768246" lon="2.4055302">
      </trkpt>
      <trkpt lat="48.8765171" lon="2.4046069">
      </trkpt>
      <trkpt lat="48.8762551" lon="2.4037745">
      </trkpt>
      <trkpt lat="48.8762356" lon="2.4037144">
      </trkpt>
      <trkpt lat="48.87623" lon="2.4036952">
      </trkpt>
      <trkpt lat="48.8762234" lon="2.4036727">
      </trkpt>
      <trkpt lat="48.8762171" lon="2.403651">
      </trkpt>
      <trkpt lat="48.8762122" lon="2.4036342">
      </trkpt>
      <trkpt lat="48.8762026" lon="2.4036011">
      </trkpt>
      <trkpt lat="48.8759229" lon="2.4026832">
      </trkpt>
      <trkpt lat="48.875914" lon="2.4026408">
      </trkpt>
      <trkpt lat="48.8759017" lon="2.4025826">
      </trkpt>
      <trkpt lat="48.875891" lon="2.4025317">
      </trkpt>
      <trkpt lat="48.8758823" lon="2.4024904">
      </trkpt>
      <trkpt lat="48.8759169" lon="2.4024729">
      </trkpt>
      <trkpt lat="48.8759749" lon="2.4024435">
      </trkpt>
      <trkpt lat="48.8760203" lon="2.4024204">
      </trkpt>
      <trkpt lat="48.8760301" lon="2.4024155">
      </trkpt>
      <trkpt lat="48.8759918" lon="2.4021279">
      </trkpt>
      <trkpt lat="48.8759749" lon="2.4020015">
      </trkpt>
      <trkpt lat="48.8760949" lon="2.4019434">
      </trkpt>
      <trkpt lat="48.875975" lon="2.4008997">
      </trkpt>
      <trkpt lat="48.8758224" lon="2.4008797">
      </trkpt>
      <trkpt lat="48.875654" lon="2.3995814">
      </trkpt>
      <trkpt lat="48.8756359" lon="2.3995283">
      </trkpt>
      <trkpt lat="48.8756243" lon="2.3994444">
      </trkpt>
      <trkpt lat="48.8756379" lon="2.3993444">
      </trkpt>
      <trkpt lat="48.87564" lon="2.3993041">
      </trkpt>
      <trkpt lat="48.8756416" lon="2.3992523">
      </trkpt>
      <trkpt lat="48.8756435" lon="2.3991899">
      </trkpt>
      <trkpt lat="48.8756443" lon="2.3991623">
      </trkpt>
      <trkpt lat="48.8756119" lon="2.3991356">
      </trkpt>
      <trkpt lat="48.8755258" lon="2.3988628">
      </trkpt>
      <trkpt lat="48.8755238" lon="2.3987992">
      </trkpt>
      <trkpt lat="48.8755412" lon="2.3987636">
      </trkpt>
      <trkpt lat="48.8755412" lon="2.3987934">
      </trkpt>
      <trkpt lat="48.8755422" lon="2.398859">
      </trkpt>
      <trkpt lat="48.8755412" lon="2.3987934">
      </trkpt>
      <trkpt lat="48.8755412" lon="2.3987636">
      </trkpt>
      <trkpt lat="48.8755238" lon="2.3987992">
      </trkpt>
      <trkpt lat="48.8755115" lon="2.3988001">
      </trkpt>
      <trkpt lat="48.8754832" lon="2.398798">
      </trkpt>
      <trkpt lat="48.8754354" lon="2.3987946">
      </trkpt>
      <trkpt lat="48.8754306" lon="2.3987944">
      </trkpt>
      <trkpt lat="48.8753538" lon="2.3988384">
      </trkpt>
      <trkpt lat="48.8753587" lon="2.39892">
      </trkpt>
      <trkpt lat="48.875363" lon="2.3989916">
      </trkpt>
      <trkpt lat="48.8753675" lon="2.3990656">
      </trkpt>
      <trkpt lat="48.8753718" lon="2.3991365">
      </trkpt>
      <trkpt lat="48.8754195" lon="2.3991311">
      </trkpt>
      <trkpt lat="48.8754827" lon="2.3992896">
      </trkpt>
      <trkpt lat="48.8754947" lon="2.3993792">
      </trkpt>
      <trkpt lat="48.8755426" lon="2.3997444">
      </trkpt>
      <trkpt lat="48.875698" lon="2.4009263">
      </trkpt>
      <trkpt lat="48.8757808" lon="2.4015564">
      </trkpt>
      <trkpt lat="48.8758318" lon="2.4015977">
      </trkpt>
      <trkpt lat="48.8758913" lon="2.4020389">
      </trkpt>
      <trkpt lat="48.8758402" lon="2.4021241">
      </trkpt>
      <trkpt lat="48.8758823" lon="2.4024904">
      </trkpt>
      <trkpt lat="48.8758285" lon="2.4025477">
      </trkpt>
      <trkpt lat="48.8754375" lon="2.4027131">
      </trkpt>
      <trkpt lat="48.8753783" lon="2.4026855">
      </trkpt>
      <trkpt lat="48.875312" lon="2.4027135">
      </trkpt>
      <trkpt lat="48.8750617" lon="2.4028184">
      </trkpt>
      <trkpt lat="48.8750213" lon="2.4028683">
      </trkpt>
      <trkpt lat="48.8746965" lon="2.4030036">
      </trkpt>
      <trkpt lat="48.8746769" lon="2.4030393">
      </trkpt>
      <trkpt lat="48.8745772" lon="2.4030807">
      </trkpt>
      <trkpt lat="48.8745399" lon="2.4030969">
      </trkpt>
      <trkpt lat="48.8743906" lon="2.403158">
      </trkpt>
      <trkpt lat="48.8739412" lon="2.4033518">
      </trkpt>
      <trkpt lat="48.8739002" lon="2.403271">
      </trkpt>
      <trkpt lat="48.8738867" lon="2.4032793">
      </trkpt>
      <trkpt lat="48.8738731" lon="2.4032877">
      </trkpt>
      <trkpt lat="48.873853" lon="2.4033001">
      </trkpt>
      <trkpt lat="48.8738366" lon="2.4033119">
      </trkpt>
      <trkpt lat="48.8738161" lon="2.403388">
      </trkpt>
      <trkpt lat="48.8736761" lon="2.4034475">
      </trkpt>
      <trkpt lat="48.8730405" lon="2.4037119">
      </trkpt>
      <trkpt lat="48.8726966" lon="2.4038561">
      </trkpt>
      <trkpt lat="48.8725731" lon="2.403909">
      </trkpt>
      <trkpt lat="48.8725541" lon="2.4039506">
      </trkpt>
      <trkpt lat="48.872159" lon="2.4041219">
      </trkpt>
      <trkpt lat="48.871907" lon="2.4042292">
      </trkpt>
      <trkpt lat="48.8718154" lon="2.4042698">
      </trkpt>
      <trkpt lat="48.8717555" lon="2.404228">
      </trkpt>
      <trkpt lat="48.8717507" lon="2.4042257">
      </trkpt>
      <trkpt lat="48.8717145" lon="2.4042078">
      </trkpt>
      <trkpt lat="48.8716678" lon="2.4041848">
      </trkpt>
      <trkpt lat="48.8716623" lon="2.4041823">
      </trkpt>
      <trkpt lat="48.8716365" lon="2.4041889">
      </trkpt>
      <trkpt lat="48.8715501" lon="2.4041125">
      </trkpt>
      <trkpt lat="48.8714377" lon="2.404008">
      </trkpt>
      <trkpt lat="48.8713954" lon="2.4039717">
      </trkpt>
      <trkpt lat="48.8713347" lon="2.4039196">
      </trkpt>
      <trkpt lat="48.8711328" lon="2.4037481">
      </trkpt>
      <trkpt lat="48.8703484" lon="2.4030709">
      </trkpt>
      <trkpt lat="48.8699139" lon="2.4026947">
      </trkpt>
      <trkpt lat="48.8697573" lon="2.4025619">
      </trkpt>
      <trkpt lat="48.8697208" lon="2.4025156">
      </trkpt>
      <trkpt lat="48.8697066" lon="2.4025029">
      </trkpt>
      <trkpt lat="48.8696715" lon="2.4024751">
      </trkpt>
      <trkpt lat="48.8696245" lon="2.4024378">
      </trkpt>
      <trkpt lat="48.8696173" lon="2.4024312">
      </trkpt>
      <trkpt lat="48.8695753" lon="2.4024012">
      </trkpt>
      <trkpt lat="48.8689895" lon="2.4018863">
      </trkpt>
      <trkpt lat="48.8684701" lon="2.4014404">
      </trkpt>
      <trkpt lat="48.8684538" lon="2.4014702">
      </trkpt>
      <trkpt lat="48.8684219" lon="2.4015273">
      </trkpt>
      <trkpt lat="48.8684033" lon="2.4015606">
      </trkpt>
      <trkpt lat="48.8683915" lon="2.4015816">
      </trkpt>
      <trkpt lat="48.8683761" lon="2.4016083">
      </trkpt>
      <trkpt lat="48.8682981" lon="2.4015698">
      </trkpt>
      <trkpt lat="48.8682816" lon="2.4015532">
      </trkpt>
      <trkpt lat="48.8682329" lon="2.4014982">
      </trkpt>
      <trkpt lat="48.8682037" lon="2.4014653">
      </trkpt>
      <trkpt lat="48.8681973" lon="2.4014589">
      </trkpt>
      <trkpt lat="48.8681598" lon="2.4014193">
      </trkpt>
      <trkpt lat="48.8681717" lon="2.4013908">
      </trkpt>
      <trkpt lat="48.8681793" lon="2.4013701">
      </trkpt>
      <trkpt lat="48.8681948" lon="2.4013282">
      </trkpt>
      <trkpt lat="48.8682177" lon="2.4012659">
      </trkpt>
      <trkpt lat="48.8682252" lon="2.4012477">
      </trkpt>
      <trkpt lat="48.8682552" lon="2.4011803">
      </trkpt>
      <trkpt lat="48.8680685" lon="2.4002654">
      </trkpt>
      <trkpt lat="48.8680751" lon="2.4002601">
      </trkpt>
      <trkpt lat="48.8681005" lon="2.4002386">
      </trkpt>
      <trkpt lat="48.8681325" lon="2.4002115">
      </trkpt>
      <trkpt lat="48.8681364" lon="2.4002096">
      </trkpt>
      <trkpt lat="48.8681449" lon="2.4001774">
      </trkpt>
      <trkpt lat="48.8681411" lon="2.4001644">
      </trkpt>
      <trkpt lat="48.8681276" lon="2.4001147">
      </trkpt>
      <trkpt lat="48.8681136" lon="2.4000631">
      </trkpt>
      <trkpt lat="48.8681116" lon="2.4000554">
      </trkpt>
      <trkpt lat="48.868597" lon="2.3996246">
      </trkpt>
      <trkpt lat="48.8686005" lon="2.3996064">
      </trkpt>
      <trkpt lat="48.8685921" lon="2.399559">
      </trkpt>
      <trkpt lat="48.8683676" lon="2.3987165">
      </trkpt>
      <trkpt lat="48.8682063" lon="2.3982068">
      </trkpt>
      <trkpt lat="48.8681861" lon="2.3981791">
      </trkpt>
      <trkpt lat="48.8681776" lon="2.3981801">
      </trkpt>
      <trkpt lat="48.8681754" lon="2.3981727">
      </trkpt>
      <trkpt lat="48.8681537" lon="2.3981074">
      </trkpt>
      <trkpt lat="48.8681428" lon="2.3980745">
      </trkpt>
      <trkpt lat="48.8681383" lon="2.3980617">
      </trkpt>
      <trkpt lat="48.868148" lon="2.398023">
      </trkpt>
      <trkpt lat="48.8678092" lon="2.3969577">
      </trkpt>
      <trkpt lat="48.8676539" lon="2.3966763">
      </trkpt>
      <trkpt lat="48.8676642" lon="2.3966309">
      </trkpt>
      <trkpt lat="48.8676164" lon="2.3965373">
      </trkpt>
      <trkpt lat="48.8676642" lon="2.3966309">
      </trkpt>
      <trkpt lat="48.8676539" lon="2.3966763">
      </trkpt>
      <trkpt lat="48.8678092" lon="2.3969577">
      </trkpt>
      <trkpt lat="48.868148" lon="2.398023">
      </trkpt>
      <trkpt lat="48.8681383" lon="2.3980617">
      </trkpt>
      <trkpt lat="48.8674967" lon="2.3987523">
      </trkpt>
      <trkpt lat="48.8674766" lon="2.3987478">
      </trkpt>
      <trkpt lat="48.8674694" lon="2.3987507">
      </trkpt>
      <trkpt lat="48.8674402" lon="2.3987799">
      </trkpt>
      <trkpt lat="48.8674169" lon="2.3988031">
      </trkpt>
      <trkpt lat="48.867411" lon="2.3988144">
      </trkpt>
      <trkpt lat="48.8668217" lon="2.3975499">
      </trkpt>
      <trkpt lat="48.8667966" lon="2.397525">
      </trkpt>
      <trkpt lat="48.8667939" lon="2.3975194">
      </trkpt>
      <trkpt lat="48.8667733" lon="2.3974756">
      </trkpt>
      <trkpt lat="48.8667559" lon="2.3974385">
      </trkpt>
      <trkpt lat="48.8667535" lon="2.3974322">
      </trkpt>
      <trkpt lat="48.8667465" lon="2.39739">
      </trkpt>
      <trkpt lat="48.8666776" lon="2.3972393">
      </trkpt>
      <trkpt lat="48.8666453" lon="2.3972283">
      </trkpt>
      <trkpt lat="48.8666252" lon="2.3972038">
      </trkpt>
      <trkpt lat="48.8665896" lon="2.3971534">
      </trkpt>
      <trkpt lat="48.8665573" lon="2.3971076">
      </trkpt>
      <trkpt lat="48.8665373" lon="2.3970741">
      </trkpt>
      <trkpt lat="48.8657717" lon="2.3976736">
      </trkpt>
      <trkpt lat="48.865688" lon="2.397739">
      </trkpt>
      <trkpt lat="48.8655139" lon="2.3978851">
      </trkpt>
      <trkpt lat="48.8654947" lon="2.3978932">
      </trkpt>
      <trkpt lat="48.865032" lon="2.3972768">
      </trkpt>
      <trkpt lat="48.8650198" lon="2.3972282">
      </trkpt>
      <trkpt lat="48.8650274" lon="2.3970462">
      </trkpt>
      <trkpt lat="48.8650311" lon="2.396943">
      </trkpt>
      <trkpt lat="48.8650798" lon="2.3955975">
      </trkpt>
      <trkpt lat="48.8650842" lon="2.3955328">
      </trkpt>
      <trkpt lat="48.8650816" lon="2.3955173">
      </trkpt>
      <trkpt lat="48.8650716" lon="2.3954633">
      </trkpt>
      <trkpt lat="48.8650607" lon="2.3954052">
      </trkpt>
      <trkpt lat="48.8650584" lon="2.39539">
      </trkpt>
      <trkpt lat="48.8651296" lon="2.3952881">
      </trkpt>
      <trkpt lat="48.8651493" lon="2.3952599">
      </trkpt>
      <trkpt lat="48.8653637" lon="2.3949037">
      </trkpt>
      <trkpt lat="48.865364" lon="2.3948851">
      </trkpt>
      <trkpt lat="48.8653643" lon="2.3948686">
      </trkpt>
      <trkpt lat="48.8653688" lon="2.3948617">
      </trkpt>
      <trkpt lat="48.8653882" lon="2.3948301">
      </trkpt>
      <trkpt lat="48.8654114" lon="2.3947914">
      </trkpt>
      <trkpt lat="48.8654154" lon="2.3947841">
      </trkpt>
      <trkpt lat="48.8653502" lon="2.3946815">
      </trkpt>
      <trkpt lat="48.8651451" lon="2.3943591">
      </trkpt>
      <trkpt lat="48.8651189" lon="2.3943191">
      </trkpt>
      <trkpt lat="48.8651678" lon="2.39402">
      </trkpt>
      <trkpt lat="48.8651423" lon="2.393987">
      </trkpt>
      <trkpt lat="48.8651176" lon="2.3939553">
      </trkpt>
      <trkpt lat="48.8651149" lon="2.3939481">
      </trkpt>
      <trkpt lat="48.8651114" lon="2.3939357">
      </trkpt>
      <trkpt lat="48.8651095" lon="2.3938516">
      </trkpt>
      <trkpt lat="48.8651083" lon="2.393793">
      </trkpt>
      <trkpt lat="48.8650722" lon="2.3938276">
      </trkpt>
      <trkpt lat="48.8650714" lon="2.3938769">
      </trkpt>
      <trkpt lat="48.8650267" lon="2.3939416">
      </trkpt>
      <trkpt lat="48.8650068" lon="2.3939706">
      </trkpt>
      <trkpt lat="48.8649959" lon="2.3939836">
      </trkpt>
      <trkpt lat="48.8649148" lon="2.3940995">
      </trkpt>
      <trkpt lat="48.8648889" lon="2.3939924">
      </trkpt>
      <trkpt lat="48.8647974" lon="2.393551">
      </trkpt>
      <trkpt lat="48.8648889" lon="2.3939924">
      </trkpt>
      <trkpt lat="48.8649148" lon="2.3940995">
      </trkpt>
      <trkpt lat="48.8648995" lon="2.3941277">
      </trkpt>
      <trkpt lat="48.8648795" lon="2.3941562">
      </trkpt>
      <trkpt lat="48.8648634" lon="2.394179">
      </trkpt>
      <trkpt lat="48.864855" lon="2.3941891">
      </trkpt>
      <trkpt lat="48.8647604" lon="2.3943282">
      </trkpt>
      <trkpt lat="48.8647136" lon="2.3943168">
      </trkpt>
      <trkpt lat="48.8647142" lon="2.3943352">
      </trkpt>
      <trkpt lat="48.8647439" lon="2.3944597">
      </trkpt>
      <trkpt lat="48.8647465" lon="2.3944705">
      </trkpt>
      <trkpt lat="48.8647502" lon="2.3944861">
      </trkpt>
      <trkpt lat="48.8647701" lon="2.3945688">
      </trkpt>
      <trkpt lat="48.8647814" lon="2.3946134">
      </trkpt>
      <trkpt lat="48.864789" lon="2.3946446">
      </trkpt>
      <trkpt lat="48.8648729" lon="2.39493">
      </trkpt>
      <trkpt lat="48.8648504" lon="2.394984">
      </trkpt>
      <trkpt lat="48.8648841" lon="2.3951173">
      </trkpt>
      <trkpt lat="48.8648756" lon="2.3951224">
      </trkpt>
      <trkpt lat="48.8648432" lon="2.3951415">
      </trkpt>
      <trkpt lat="48.8648092" lon="2.3951616">
      </trkpt>
      <trkpt lat="48.864791" lon="2.3951723">
      </trkpt>
      <trkpt lat="48.8647684" lon="2.3951857">
      </trkpt>
      <trkpt lat="48.8648607" lon="2.3955491">
      </trkpt>
      <trkpt lat="48.8648442" lon="2.3955869">
      </trkpt>
      <trkpt lat="48.8648567" lon="2.3955995">
      </trkpt>
      <trkpt lat="48.8648733" lon="2.3956459">
      </trkpt>
      <trkpt lat="48.8648861" lon="2.3956836">
      </trkpt>
      <trkpt lat="48.8648938" lon="2.3957123">
      </trkpt>
      <trkpt lat="48.8648682" lon="2.3957228">
      </trkpt>
      <trkpt lat="48.8648377" lon="2.3957539">
      </trkpt>
      <trkpt lat="48.864825" lon="2.3957654">
      </trkpt>
      <trkpt lat="48.8648027" lon="2.3957855">
      </trkpt>
      <trkpt lat="48.8647956" lon="2.3957685">
      </trkpt>
      <trkpt lat="48.8647807" lon="2.3957372">
      </trkpt>
      <trkpt lat="48.8647956" lon="2.3957685">
      </trkpt>
      <trkpt lat="48.8648027" lon="2.3957855">
      </trkpt>
      <trkpt lat="48.8649234" lon="2.3960756">
      </trkpt>
      <trkpt lat="48.8649369" lon="2.3960965">
      </trkpt>
      <trkpt lat="48.8649344" lon="2.396168">
      </trkpt>
      <trkpt lat="48.8649244" lon="2.3961844">
      </trkpt>
      <trkpt lat="48.8648891" lon="2.3970435">
      </trkpt>
      <trkpt lat="48.8648158" lon="2.3972004">
      </trkpt>
      <trkpt lat="48.8644663" lon="2.3978881">
      </trkpt>
      <trkpt lat="48.8644338" lon="2.3979519">
      </trkpt>
      <trkpt lat="48.8644044" lon="2.3979244">
      </trkpt>
      <trkpt lat="48.8643828" lon="2.3979697">
      </trkpt>
      <trkpt lat="48.86436" lon="2.3980093">
      </trkpt>
      <trkpt lat="48.8643266" lon="2.3980712">
      </trkpt>
      <trkpt lat="48.8643178" lon="2.3980846">
      </trkpt>
      <trkpt lat="48.8643186" lon="2.3981316">
      </trkpt>
      <trkpt lat="48.8642997" lon="2.3981973">
      </trkpt>
      <trkpt lat="48.8640213" lon="2.3987431">
      </trkpt>
      <trkpt lat="48.8640213" lon="2.3987518">
      </trkpt>
      <trkpt lat="48.864043" lon="2.3987765">
      </trkpt>
      <trkpt lat="48.8640714" lon="2.3988056">
      </trkpt>
      <trkpt lat="48.8640778" lon="2.3988131">
      </trkpt>
      <trkpt lat="48.8640654" lon="2.3988423">
      </trkpt>
      <trkpt lat="48.8640765" lon="2.3989409">
      </trkpt>
      <trkpt lat="48.8641027" lon="2.3989872">
      </trkpt>
      <trkpt lat="48.8640948" lon="2.3989956">
      </trkpt>
      <trkpt lat="48.8640419" lon="2.3990347">
      </trkpt>
      <trkpt lat="48.8640059" lon="2.3990612">
      </trkpt>
      <trkpt lat="48.8640028" lon="2.3990465">
      </trkpt>
      <trkpt lat="48.8639075" lon="2.3991166">
      </trkpt>
      <trkpt lat="48.8635418" lon="2.3994287">
      </trkpt>
      <trkpt lat="48.8634972" lon="2.3994486">
      </trkpt>
      <trkpt lat="48.8634726" lon="2.3994646">
      </trkpt>
      <trkpt lat="48.8634384" lon="2.3994813">
      </trkpt>
      <trkpt lat="48.8634247" lon="2.3994881">
      </trkpt>
      <trkpt lat="48.8634025" lon="2.3995002">
      </trkpt>
      <trkpt lat="48.8633063" lon="2.3995705">
      </trkpt>
      <trkpt lat="48.8631342" lon="2.3996638">
      </trkpt>
      <trkpt lat="48.8630482" lon="2.3997073">
      </trkpt>
      <trkpt lat="48.8628043" lon="2.3998234">
      </trkpt>
      <trkpt lat="48.8626833" lon="2.399867">
      </trkpt>
      <trkpt lat="48.8624619" lon="2.3999327">
      </trkpt>
      <trkpt lat="48.8622621" lon="2.3999796">
      </trkpt>
      <trkpt lat="48.8621501" lon="2.399997">
      </trkpt>
      <trkpt lat="48.8618015" lon="2.4000554">
      </trkpt>
      <trkpt lat="48.8618067" lon="2.4001127">
      </trkpt>
      <trkpt lat="48.8618125" lon="2.4001658">
      </trkpt>
      <trkpt lat="48.8618187" lon="2.400223">
      </trkpt>
      <trkpt lat="48.861823" lon="2.4002611">
      </trkpt>
      <trkpt lat="48.8616835" lon="2.4002869">
      </trkpt>
      <trkpt lat="48.861823" lon="2.4002611">
      </trkpt>
      <trkpt lat="48.8619966" lon="2.4002366">
      </trkpt>
      <trkpt lat="48.8622783" lon="2.4001894">
      </trkpt>
      <trkpt lat="48.8625374" lon="2.4001312">
      </trkpt>
      <trkpt lat="48.8627234" lon="2.4000575">
      </trkpt>
      <trkpt lat="48.8630567" lon="2.3999213">
      </trkpt>
      <trkpt lat="48.8630893" lon="2.3999471">
      </trkpt>
      <trkpt lat="48.8631815" lon="2.3998869">
      </trkpt>
      <trkpt lat="48.8632448" lon="2.3998452">
      </trkpt>
      <trkpt lat="48.8632951" lon="2.3998169">
      </trkpt>
      <trkpt lat="48.8633325" lon="2.399792">
      </trkpt>
      <trkpt lat="48.8633607" lon="2.3997938">
      </trkpt>
      <trkpt lat="48.8636032" lon="2.3996149">
      </trkpt>
      <trkpt lat="48.8639803" lon="2.3993144">
      </trkpt>
      <trkpt lat="48.8640236" lon="2.3992933">
      </trkpt>
      <trkpt lat="48.8640429" lon="2.3993419">
      </trkpt>
      <trkpt lat="48.864114" lon="2.399814">
      </trkpt>
      <trkpt lat="48.8641051" lon="2.3998663">
      </trkpt>
      <trkpt lat="48.8641122" lon="2.3998723">
      </trkpt>
      <trkpt lat="48.8641219" lon="2.3999374">
      </trkpt>
      <trkpt lat="48.864132" lon="2.4000051">
      </trkpt>
      <trkpt lat="48.8641401" lon="2.4000941">
      </trkpt>
      <trkpt lat="48.8641568" lon="2.4002793">
      </trkpt>
      <trkpt lat="48.8641748" lon="2.4003729">
      </trkpt>
      <trkpt lat="48.8641968" lon="2.4004562">
      </trkpt>
      <trkpt lat="48.8642092" lon="2.4005064">
      </trkpt>
      <trkpt lat="48.864216" lon="2.4005432">
      </trkpt>
      <trkpt lat="48.8643676" lon="2.4015822">
      </trkpt>
      <trkpt lat="48.8644202" lon="2.4015115">
      </trkpt>
      <trkpt lat="48.8644565" lon="2.4014575">
      </trkpt>
      <trkpt lat="48.8645086" lon="2.4014505">
      </trkpt>
      <trkpt lat="48.8647174" lon="2.4012738">
      </trkpt>
      <trkpt lat="48.8647165" lon="2.4012962">
      </trkpt>
      <trkpt lat="48.8647162" lon="2.4013701">
      </trkpt>
      <trkpt lat="48.8647141" lon="2.4014554">
      </trkpt>
      <trkpt lat="48.8647133" lon="2.401478">
      </trkpt>
      <trkpt lat="48.8646962" lon="2.4019369">
      </trkpt>
      <trkpt lat="48.8646672" lon="2.4027092">
      </trkpt>
      <trkpt lat="48.8646937" lon="2.4027115">
      </trkpt>
      <trkpt lat="48.8647138" lon="2.4027132">
      </trkpt>
      <trkpt lat="48.8647536" lon="2.4027167">
      </trkpt>
      <trkpt lat="48.8647814" lon="2.4027191">
      </trkpt>
      <trkpt lat="48.8648138" lon="2.4027219">
      </trkpt>
      <trkpt lat="48.8647989" lon="2.4031064">
      </trkpt>
      <trkpt lat="48.8647931" lon="2.4032563">
      </trkpt>
      <trkpt lat="48.8647651" lon="2.4039452">
      </trkpt>
      <trkpt lat="48.8647747" lon="2.4039775">
      </trkpt>
      <trkpt lat="48.8647739" lon="2.4039948">
      </trkpt>
      <trkpt lat="48.8647655" lon="2.4040991">
      </trkpt>
      <trkpt lat="48.864762" lon="2.4041421">
      </trkpt>
      <trkpt lat="48.8647593" lon="2.4041924">
      </trkpt>
      <trkpt lat="48.8647436" lon="2.4046336">
      </trkpt>
      <trkpt lat="48.864741" lon="2.4046895">
      </trkpt>
      <trkpt lat="48.8647391" lon="2.40472">
      </trkpt>
      <trkpt lat="48.8647377" lon="2.4047425">
      </trkpt>
      <trkpt lat="48.8647344" lon="2.4047962">
      </trkpt>
      <trkpt lat="48.8647046" lon="2.4053172">
      </trkpt>
      <trkpt lat="48.8646993" lon="2.4054111">
      </trkpt>
      <trkpt lat="48.8647005" lon="2.4054636">
      </trkpt>
      <trkpt lat="48.8647027" lon="2.4055549">
      </trkpt>
      <trkpt lat="48.8647392" lon="2.405608">
      </trkpt>
      <trkpt lat="48.864773" lon="2.4056552">
      </trkpt>
      <trkpt lat="48.8649821" lon="2.4058677">
      </trkpt>
      <trkpt lat="48.8651621" lon="2.4060696">
      </trkpt>
      <trkpt lat="48.8655966" lon="2.406549">
      </trkpt>
      <trkpt lat="48.8657101" lon="2.4064967">
      </trkpt>
      <trkpt lat="48.8657813" lon="2.4064776">
      </trkpt>
      <trkpt lat="48.86587" lon="2.4064685">
      </trkpt>
      <trkpt lat="48.8660228" lon="2.4064793">
      </trkpt>
      <trkpt lat="48.8660213" lon="2.4065192">
      </trkpt>
      <trkpt lat="48.8660207" lon="2.4065483">
      </trkpt>
      <trkpt lat="48.86602" lon="2.4065758">
      </trkpt>
      <trkpt lat="48.8660185" lon="2.406619">
      </trkpt>
      <trkpt lat="48.8660001" lon="2.4066542">
      </trkpt>
      <trkpt lat="48.865897" lon="2.4068587">
      </trkpt>
      <trkpt lat="48.8658274" lon="2.4069506">
      </trkpt>
      <trkpt lat="48.86564" lon="2.4071923">
      </trkpt>
      <trkpt lat="48.8655586" lon="2.4072996">
      </trkpt>
      <trkpt lat="48.8655373" lon="2.4073611">
      </trkpt>
      <trkpt lat="48.8655285" lon="2.4074115">
      </trkpt>
      <trkpt lat="48.8655254" lon="2.4074916">
      </trkpt>
      <trkpt lat="48.8651211" lon="2.4075792">
      </trkpt>
      <trkpt lat="48.8650417" lon="2.4078025">
      </trkpt>
      <trkpt lat="48.865037" lon="2.4078153">
      </trkpt>
      <trkpt lat="48.8650192" lon="2.4078656">
      </trkpt>
      <trkpt lat="48.8650055" lon="2.4079042">
      </trkpt>
      <trkpt lat="48.8649949" lon="2.4079382">
      </trkpt>
      <trkpt lat="48.8648044" lon="2.4084723">
      </trkpt>
      <trkpt lat="48.864783" lon="2.4084851">
      </trkpt>
      <trkpt lat="48.8647922" lon="2.408508">
      </trkpt>
      <trkpt lat="48.8648012" lon="2.4085358">
      </trkpt>
      <trkpt lat="48.8648105" lon="2.4085644">
      </trkpt>
      <trkpt lat="48.8648116" lon="2.4086083">
      </trkpt>
      <trkpt lat="48.8648101" lon="2.4086499">
      </trkpt>
      <trkpt lat="48.8648088" lon="2.4086856">
      </trkpt>
      <trkpt lat="48.8648078" lon="2.4087118">
      </trkpt>
      <trkpt lat="48.8648069" lon="2.4087359">
      </trkpt>
      <trkpt lat="48.8648048" lon="2.4087932">
      </trkpt>
      <trkpt lat="48.864804" lon="2.4088148">
      </trkpt>
      <trkpt lat="48.864803" lon="2.4088447">
      </trkpt>
      <trkpt lat="48.8648016" lon="2.4088804">
      </trkpt>
      <trkpt lat="48.8648001" lon="2.4089204">
      </trkpt>
      <trkpt lat="48.8647984" lon="2.4089652">
      </trkpt>
      <trkpt lat="48.8647931" lon="2.4090001">
      </trkpt>
      <trkpt lat="48.8647595" lon="2.4091013">
      </trkpt>
      <trkpt lat="48.8647443" lon="2.4091257">
      </trkpt>
      <trkpt lat="48.864817" lon="2.4094512">
      </trkpt>
      <trkpt lat="48.8648235" lon="2.4094803">
      </trkpt>
      <trkpt lat="48.8649175" lon="2.4099304">
      </trkpt>
      <trkpt lat="48.8651739" lon="2.4111094">
      </trkpt>
      <trkpt lat="48.8651934" lon="2.4111658">
      </trkpt>
      <trkpt lat="48.865215" lon="2.4112104">
      </trkpt>
      <trkpt lat="48.865259" lon="2.4112524">
      </trkpt>
      <trkpt lat="48.865215" lon="2.4112104">
      </trkpt>
      <trkpt lat="48.8651934" lon="2.4111658">
      </trkpt>
      <trkpt lat="48.8651739" lon="2.4111094">
      </trkpt>
      <trkpt lat="48.8649175" lon="2.4099304">
      </trkpt>
      <trkpt lat="48.8648235" lon="2.4094803">
      </trkpt>
      <trkpt lat="48.864817" lon="2.4094512">
      </trkpt>
      <trkpt lat="48.8647443" lon="2.4091257">
      </trkpt>
      <trkpt lat="48.8647595" lon="2.4091013">
      </trkpt>
      <trkpt lat="48.8647931" lon="2.4090001">
      </trkpt>
      <trkpt lat="48.8647984" lon="2.4089652">
      </trkpt>
      <trkpt lat="48.8648001" lon="2.4089204">
      </trkpt>
      <trkpt lat="48.8648016" lon="2.4088804">
      </trkpt>
      <trkpt lat="48.864803" lon="2.4088447">
      </trkpt>
      <trkpt lat="48.864804" lon="2.4088148">
      </trkpt>
      <trkpt lat="48.8648048" lon="2.4087932">
      </trkpt>
      <trkpt lat="48.8648069" lon="2.4087359">
      </trkpt>
      <trkpt lat="48.8648078" lon="2.4087118">
      </trkpt>
      <trkpt lat="48.8648088" lon="2.4086856">
      </trkpt>
      <trkpt lat="48.8648101" lon="2.4086499">
      </trkpt>
      <trkpt lat="48.8648116" lon="2.4086083">
      </trkpt>
      <trkpt lat="48.8648105" lon="2.4085644">
      </trkpt>
      <trkpt lat="48.8648012" lon="2.4085358">
      </trkpt>
      <trkpt lat="48.8647922" lon="2.408508">
      </trkpt>
      <trkpt lat="48.864783" lon="2.4084851">
      </trkpt>
      <trkpt lat="48.8647542" lon="2.4084981">
      </trkpt>
      <trkpt lat="48.8647379" lon="2.4084865">
      </trkpt>
      <trkpt lat="48.8647236" lon="2.4084762">
      </trkpt>
      <trkpt lat="48.8646982" lon="2.408455">
      </trkpt>
      <trkpt lat="48.8646667" lon="2.4084594">
      </trkpt>
      <trkpt lat="48.8645965" lon="2.4083441">
      </trkpt>
      <trkpt lat="48.8645886" lon="2.4082761">
      </trkpt>
      <trkpt lat="48.8645648" lon="2.4082753">
      </trkpt>
      <trkpt lat="48.8645405" lon="2.4082738">
      </trkpt>
      <trkpt lat="48.8645298" lon="2.4082731">
      </trkpt>
      <trkpt lat="48.8645135" lon="2.4082721">
      </trkpt>
      <trkpt lat="48.8644957" lon="2.408271">
      </trkpt>
      <trkpt lat="48.8644727" lon="2.4082696">
      </trkpt>
      <trkpt lat="48.8644144" lon="2.4082468">
      </trkpt>
      <trkpt lat="48.8643869" lon="2.408281">
      </trkpt>
      <trkpt lat="48.8643593" lon="2.4082975">
      </trkpt>
      <trkpt lat="48.8643399" lon="2.408309">
      </trkpt>
      <trkpt lat="48.8643174" lon="2.4083234">
      </trkpt>
      <trkpt lat="48.8642918" lon="2.4083416">
      </trkpt>
      <trkpt lat="48.86426" lon="2.4083635">
      </trkpt>
      <trkpt lat="48.8642472" lon="2.4083722">
      </trkpt>
      <trkpt lat="48.8641477" lon="2.40822">
      </trkpt>
      <trkpt lat="48.8636217" lon="2.4077287">
      </trkpt>
      <trkpt lat="48.8632207" lon="2.4073094">
      </trkpt>
      <trkpt lat="48.8623661" lon="2.4065036">
      </trkpt>
      <trkpt lat="48.8623012" lon="2.4064402">
      </trkpt>
      <trkpt lat="48.8622378" lon="2.4063697">
      </trkpt>
      <trkpt lat="48.8620415" lon="2.4061507">
      </trkpt>
      <trkpt lat="48.8618285" lon="2.4059668">
      </trkpt>
      <trkpt lat="48.861798" lon="2.4059603">
      </trkpt>
      <trkpt lat="48.861784" lon="2.4059486">
      </trkpt>
      <trkpt lat="48.8617786" lon="2.4059442">
      </trkpt>
      <trkpt lat="48.8617499" lon="2.4059152">
      </trkpt>
      <trkpt lat="48.8617195" lon="2.4058845">
      </trkpt>
      <trkpt lat="48.861701" lon="2.4058662">
      </trkpt>
      <trkpt lat="48.8616547" lon="2.4058121">
      </trkpt>
      <trkpt lat="48.8616648" lon="2.4057899">
      </trkpt>
      <trkpt lat="48.8616977" lon="2.4057264">
      </trkpt>
      <trkpt lat="48.8617236" lon="2.4056765">
      </trkpt>
      <trkpt lat="48.8617288" lon="2.4056645">
      </trkpt>
      <trkpt lat="48.8610154" lon="2.4049504">
      </trkpt>
      <trkpt lat="48.8610055" lon="2.4048529">
      </trkpt>
      <trkpt lat="48.8610887" lon="2.4047727">
      </trkpt>
      <trkpt lat="48.8611323" lon="2.404772">
      </trkpt>
      <trkpt lat="48.8613159" lon="2.4046078">
      </trkpt>
      <trkpt lat="48.8613401" lon="2.4045776">
      </trkpt>
      <trkpt lat="48.8613467" lon="2.4045487">
      </trkpt>
      <trkpt lat="48.8609263" lon="2.4034512">
      </trkpt>
      <trkpt lat="48.8609214" lon="2.4034576">
      </trkpt>
      <trkpt lat="48.8608907" lon="2.4034811">
      </trkpt>
      <trkpt lat="48.8607636" lon="2.4035783">
      </trkpt>
      <trkpt lat="48.860567" lon="2.403067">
      </trkpt>
      <trkpt lat="48.8606968" lon="2.4029279">
      </trkpt>
      <trkpt lat="48.860567" lon="2.403067">
      </trkpt>
      <trkpt lat="48.8604912" lon="2.4031399">
      </trkpt>
      <trkpt lat="48.8606474" lon="2.4036645">
      </trkpt>
      <trkpt lat="48.8606387" lon="2.4036703">
      </trkpt>
      <trkpt lat="48.8605891" lon="2.4037077">
      </trkpt>
      <trkpt lat="48.8605625" lon="2.4037264">
      </trkpt>
      <trkpt lat="48.8605135" lon="2.4037608">
      </trkpt>
      <trkpt lat="48.8604024" lon="2.4038511">
      </trkpt>
      <trkpt lat="48.8603713" lon="2.4038968">
      </trkpt>
      <trkpt lat="48.860381" lon="2.4039518">
      </trkpt>
      <trkpt lat="48.8603473" lon="2.4039719">
      </trkpt>
      <trkpt lat="48.8602755" lon="2.4040149">
      </trkpt>
      <trkpt lat="48.8602509" lon="2.4040828">
      </trkpt>
      <trkpt lat="48.860222" lon="2.404163">
      </trkpt>
      <trkpt lat="48.8601904" lon="2.4042081">
      </trkpt>
      <trkpt lat="48.8600824" lon="2.4039962">
      </trkpt>
      <trkpt lat="48.860089" lon="2.4039721">
      </trkpt>
      <trkpt lat="48.860098" lon="2.4039374">
      </trkpt>
      <trkpt lat="48.8601102" lon="2.4038641">
      </trkpt>
      <trkpt lat="48.8601193" lon="2.4038326">
      </trkpt>
      <trkpt lat="48.8601008" lon="2.4037974">
      </trkpt>
      <trkpt lat="48.8600303" lon="2.4036638">
      </trkpt>
      <trkpt lat="48.8600252" lon="2.4036533">
      </trkpt>
      <trkpt lat="48.8599974" lon="2.4036003">
      </trkpt>
      <trkpt lat="48.8598539" lon="2.4033265">
      </trkpt>
      <trkpt lat="48.8598053" lon="2.4032298">
      </trkpt>
      <trkpt lat="48.8597387" lon="2.4031067">
      </trkpt>
      <trkpt lat="48.8597212" lon="2.4030723">
      </trkpt>
      <trkpt lat="48.859679" lon="2.402987">
      </trkpt>
      <trkpt lat="48.8596291" lon="2.4028925">
      </trkpt>
      <trkpt lat="48.8592764" lon="2.4022154">
      </trkpt>
      <trkpt lat="48.8592663" lon="2.4021229">
      </trkpt>
      <trkpt lat="48.8592577" lon="2.4021048">
      </trkpt>
      <trkpt lat="48.8592241" lon="2.4020355">
      </trkpt>
      <trkpt lat="48.8591962" lon="2.4019783">
      </trkpt>
      <trkpt lat="48.8591822" lon="2.4019525">
      </trkpt>
      <trkpt lat="48.8591253" lon="2.402016">
      </trkpt>
      <trkpt lat="48.8587142" lon="2.4012395">
      </trkpt>
      <trkpt lat="48.8586458" lon="2.4011159">
      </trkpt>
      <trkpt lat="48.8585691" lon="2.4009906">
      </trkpt>
      <trkpt lat="48.8584094" lon="2.4007053">
      </trkpt>
      <trkpt lat="48.8589773" lon="2.3999394">
      </trkpt>
      <trkpt lat="48.8591388" lon="2.3997258">
      </trkpt>
      <trkpt lat="48.8591624" lon="2.3997029">
      </trkpt>
      <trkpt lat="48.8591598" lon="2.3996937">
      </trkpt>
      <trkpt lat="48.8591533" lon="2.3996709">
      </trkpt>
      <trkpt lat="48.8591447" lon="2.3996429">
      </trkpt>
      <trkpt lat="48.8591411" lon="2.3996311">
      </trkpt>
      <trkpt lat="48.8591376" lon="2.3996197">
      </trkpt>
      <trkpt lat="48.8591229" lon="2.3995722">
      </trkpt>
      <trkpt lat="48.8590616" lon="2.399394">
      </trkpt>
      <trkpt lat="48.8590218" lon="2.3992781">
      </trkpt>
      <trkpt lat="48.8589782" lon="2.3991514">
      </trkpt>
      <trkpt lat="48.858953" lon="2.3990802">
      </trkpt>
      <trkpt lat="48.8589244" lon="2.3990367">
      </trkpt>
      <trkpt lat="48.858894" lon="2.3990126">
      </trkpt>
      <trkpt lat="48.858878" lon="2.3989999">
      </trkpt>
      <trkpt lat="48.8585263" lon="2.3988015">
      </trkpt>
      <trkpt lat="48.8583751" lon="2.3987539">
      </trkpt>
      <trkpt lat="48.8583541" lon="2.3987058">
      </trkpt>
      <trkpt lat="48.858349" lon="2.3986922">
      </trkpt>
      <trkpt lat="48.8580425" lon="2.3989657">
      </trkpt>
      <trkpt lat="48.8578575" lon="2.3991326">
      </trkpt>
      <trkpt lat="48.8576576" lon="2.3993204">
      </trkpt>
      <trkpt lat="48.8576899" lon="2.3993704">
      </trkpt>
      <trkpt lat="48.8576577" lon="2.3993999">
      </trkpt>
      <trkpt lat="48.857629" lon="2.3994234">
      </trkpt>
      <trkpt lat="48.8576072" lon="2.3994426">
      </trkpt>
      <trkpt lat="48.8575995" lon="2.3994492">
      </trkpt>
      <trkpt lat="48.8575762" lon="2.3994086">
      </trkpt>
      <trkpt lat="48.8575375" lon="2.3994357">
      </trkpt>
      <trkpt lat="48.8575286" lon="2.3994149">
      </trkpt>
      <trkpt lat="48.8575184" lon="2.3993936">
      </trkpt>
      <trkpt lat="48.8575062" lon="2.3993681">
      </trkpt>
      <trkpt lat="48.8574835" lon="2.399307">
      </trkpt>
      <trkpt lat="48.8573312" lon="2.3990341">
      </trkpt>
      <trkpt lat="48.857225" lon="2.3987787">
      </trkpt>
      <trkpt lat="48.8570431" lon="2.3982552">
      </trkpt>
      <trkpt lat="48.8570255" lon="2.3982322">
      </trkpt>
      <trkpt lat="48.8570205" lon="2.3982139">
      </trkpt>
      <trkpt lat="48.8570109" lon="2.3981804">
      </trkpt>
      <trkpt lat="48.8569973" lon="2.3981329">
      </trkpt>
      <trkpt lat="48.8569823" lon="2.3980706">
      </trkpt>
      <trkpt lat="48.8570021" lon="2.3980569">
      </trkpt>
      <trkpt lat="48.8570297" lon="2.3980368">
      </trkpt>
      <trkpt lat="48.8570782" lon="2.3980038">
      </trkpt>
      <trkpt lat="48.857093" lon="2.3979901">
      </trkpt>
      <trkpt lat="48.8570441" lon="2.3978206">
      </trkpt>
      <trkpt lat="48.8569821" lon="2.3976008">
      </trkpt>
      <trkpt lat="48.856943" lon="2.397383">
      </trkpt>
      <trkpt lat="48.85694" lon="2.3973609">
      </trkpt>
      <trkpt lat="48.8568931" lon="2.3970392">
      </trkpt>
      <trkpt lat="48.8568782" lon="2.3968755">
      </trkpt>
      <trkpt lat="48.8568127" lon="2.3961256">
      </trkpt>
      <trkpt lat="48.8567872" lon="2.3958459">
      </trkpt>
      <trkpt lat="48.8567688" lon="2.3956192">
      </trkpt>
      <trkpt lat="48.8567434" lon="2.395287">
      </trkpt>
      <trkpt lat="48.8566384" lon="2.3946397">
      </trkpt>
      <trkpt lat="48.8566305" lon="2.3946458">
      </trkpt>
      <trkpt lat="48.8565972" lon="2.3946745">
      </trkpt>
      <trkpt lat="48.8565618" lon="2.3947049">
      </trkpt>
      <trkpt lat="48.8565415" lon="2.3947231">
      </trkpt>
      <trkpt lat="48.8564956" lon="2.3946715">
      </trkpt>
      <trkpt lat="48.856465" lon="2.3945711">
      </trkpt>
      <trkpt lat="48.8564609" lon="2.3945579">
      </trkpt>
      <trkpt lat="48.8564541" lon="2.3945358">
      </trkpt>
      <trkpt lat="48.8564431" lon="2.3944999">
      </trkpt>
      <trkpt lat="48.8564312" lon="2.3944603">
      </trkpt>
      <trkpt lat="48.856433" lon="2.3944221">
      </trkpt>
      <trkpt lat="48.856411" lon="2.3943517">
      </trkpt>
      <trkpt lat="48.8564015" lon="2.3943215">
      </trkpt>
      <trkpt lat="48.8563935" lon="2.3942915">
      </trkpt>
      <trkpt lat="48.8563826" lon="2.3942509">
      </trkpt>
      <trkpt lat="48.8563774" lon="2.3942256">
      </trkpt>
      <trkpt lat="48.8563955" lon="2.39417">
      </trkpt>
      <trkpt lat="48.8564057" lon="2.3941605">
      </trkpt>
      <trkpt lat="48.8564429" lon="2.3941247">
      </trkpt>
      <trkpt lat="48.8564824" lon="2.3940868">
      </trkpt>
      <trkpt lat="48.8565029" lon="2.3940694">
      </trkpt>
      <trkpt lat="48.8565133" lon="2.3940922">
      </trkpt>
      <trkpt lat="48.8565739" lon="2.3939875">
      </trkpt>
      <trkpt lat="48.8569514" lon="2.3932625">
      </trkpt>
      <trkpt lat="48.8575002" lon="2.3922086">
      </trkpt>
      <trkpt lat="48.8575324" lon="2.3921449">
      </trkpt>
      <trkpt lat="48.8575801" lon="2.391994">
      </trkpt>
      <trkpt lat="48.8579035" lon="2.3908742">
      </trkpt>
      <trkpt lat="48.8581157" lon="2.3901755">
      </trkpt>
      <trkpt lat="48.8581258" lon="2.3900487">
      </trkpt>
      <trkpt lat="48.8581487" lon="2.3900004">
      </trkpt>
      <trkpt lat="48.8581805" lon="2.3899073">
      </trkpt>
      <trkpt lat="48.8581941" lon="2.3898676">
      </trkpt>
      <trkpt lat="48.8581981" lon="2.389807">
      </trkpt>
      <trkpt lat="48.8581926" lon="2.389775">
      </trkpt>
      <trkpt lat="48.8581839" lon="2.3897252">
      </trkpt>
      <trkpt lat="48.8581726" lon="2.3896551">
      </trkpt>
      <trkpt lat="48.8582564" lon="2.3896055">
      </trkpt>
      <trkpt lat="48.8582996" lon="2.3894781">
      </trkpt>
      <trkpt lat="48.8583129" lon="2.3894995">
      </trkpt>
      <trkpt lat="48.8583008" lon="2.3895449">
      </trkpt>
      <trkpt lat="48.8582832" lon="2.3896042">
      </trkpt>
      <trkpt lat="48.8583008" lon="2.3895449">
      </trkpt>
      <trkpt lat="48.8583129" lon="2.3894995">
      </trkpt>
      <trkpt lat="48.8582996" lon="2.3894781">
      </trkpt>
      <trkpt lat="48.8583526" lon="2.3893152">
      </trkpt>
      <trkpt lat="48.858381" lon="2.3893155">
      </trkpt>
      <trkpt lat="48.8583919" lon="2.3893067">
      </trkpt>
      <trkpt lat="48.8584254" lon="2.3892796">
      </trkpt>
      <trkpt lat="48.8584397" lon="2.3892384">
      </trkpt>
      <trkpt lat="48.8585326" lon="2.3892645">
      </trkpt>
      <trkpt lat="48.8585703" lon="2.3892483">
      </trkpt>
      <trkpt lat="48.8585746" lon="2.3892672">
      </trkpt>
      <trkpt lat="48.8585764" lon="2.3892753">
      </trkpt>
      <trkpt lat="48.8585884" lon="2.3893282">
      </trkpt>
      <trkpt lat="48.8586007" lon="2.3893853">
      </trkpt>
      <trkpt lat="48.8586146" lon="2.3894543">
      </trkpt>
      <trkpt lat="48.8586282" lon="2.3895163">
      </trkpt>
      <trkpt lat="48.8586512" lon="2.3895957">
      </trkpt>
      <trkpt lat="48.8586715" lon="2.3896657">
      </trkpt>
      <trkpt lat="48.8586753" lon="2.3896789">
      </trkpt>
      <trkpt lat="48.8586881" lon="2.3897201">
      </trkpt>
      <trkpt lat="48.8587235" lon="2.3897019">
      </trkpt>
      <trkpt lat="48.8591145" lon="2.3895143">
      </trkpt>
      <trkpt lat="48.8595283" lon="2.3893353">
      </trkpt>
      <trkpt lat="48.8595533" lon="2.3893183">
      </trkpt>
      <trkpt lat="48.8595729" lon="2.3893093">
      </trkpt>
      <trkpt lat="48.8595938" lon="2.3892997">
      </trkpt>
      <trkpt lat="48.8596004" lon="2.3892977">
      </trkpt>
      <trkpt lat="48.859778" lon="2.3892172">
      </trkpt>
      <trkpt lat="48.8597637" lon="2.3891512">
      </trkpt>
      <trkpt lat="48.8597618" lon="2.3891416">
      </trkpt>
      <trkpt lat="48.8597476" lon="2.3890689">
      </trkpt>
      <trkpt lat="48.8597298" lon="2.3889783">
      </trkpt>
      <trkpt lat="48.8597253" lon="2.3889545">
      </trkpt>
      <trkpt lat="48.8597193" lon="2.3889231">
      </trkpt>
      <trkpt lat="48.8597441" lon="2.3889113">
      </trkpt>
      <trkpt lat="48.8597792" lon="2.3888482">
      </trkpt>
      <trkpt lat="48.8598213" lon="2.3888298">
      </trkpt>
      <trkpt lat="48.8598476" lon="2.3888174">
      </trkpt>
      <trkpt lat="48.8599027" lon="2.3887893">
      </trkpt>
      <trkpt lat="48.8599754" lon="2.3887992">
      </trkpt>
      <trkpt lat="48.8599624" lon="2.3887395">
      </trkpt>
      <trkpt lat="48.8599524" lon="2.3886941">
      </trkpt>
      <trkpt lat="48.8599378" lon="2.3886337">
      </trkpt>
      <trkpt lat="48.8599366" lon="2.3886219">
      </trkpt>
      <trkpt lat="48.8599326" lon="2.388602">
      </trkpt>
      <trkpt lat="48.8598622" lon="2.3886362">
      </trkpt>
      <trkpt lat="48.8598611" lon="2.38864">
      </trkpt>
      <trkpt lat="48.8598104" lon="2.3886641">
      </trkpt>
      <trkpt lat="48.8597506" lon="2.3886925">
      </trkpt>
      <trkpt lat="48.8597482" lon="2.3886912">
      </trkpt>
      <trkpt lat="48.8596525" lon="2.3887394">
      </trkpt>
      <trkpt lat="48.8597482" lon="2.3886912">
      </trkpt>
      <trkpt lat="48.8595842" lon="2.3880619">
      </trkpt>
      <trkpt lat="48.8595105" lon="2.3877791">
      </trkpt>
      <trkpt lat="48.8594673" lon="2.3876121">
      </trkpt>
      <trkpt lat="48.859305" lon="2.3869872">
      </trkpt>
      <trkpt lat="48.8592803" lon="2.3869588">
      </trkpt>
      <trkpt lat="48.8592715" lon="2.386921">
      </trkpt>
      <trkpt lat="48.8592638" lon="2.3868858">
      </trkpt>
      <trkpt lat="48.8592544" lon="2.3868424">
      </trkpt>
      <trkpt lat="48.8592501" lon="2.386824">
      </trkpt>
      <trkpt lat="48.8592599" lon="2.3867739">
      </trkpt>
      <trkpt lat="48.8590825" lon="2.3860683">
      </trkpt>
      <trkpt lat="48.8590702" lon="2.3860229">
      </trkpt>
      <trkpt lat="48.8590692" lon="2.3860186">
      </trkpt>
      <trkpt lat="48.8590536" lon="2.3859568">
      </trkpt>
      <trkpt lat="48.8590381" lon="2.3858958">
      </trkpt>
      <trkpt lat="48.8590367" lon="2.38589">
      </trkpt>
      <trkpt lat="48.8590298" lon="2.3858615">
      </trkpt>
      <trkpt lat="48.8589035" lon="2.3853771">
      </trkpt>
      <trkpt lat="48.8589022" lon="2.3853726">
      </trkpt>
      <trkpt lat="48.8588871" lon="2.3853167">
      </trkpt>
      <trkpt lat="48.8588714" lon="2.3852582">
      </trkpt>
      <trkpt lat="48.8588628" lon="2.3852251">
      </trkpt>
      <trkpt lat="48.8587411" lon="2.3847678">
      </trkpt>
      <trkpt lat="48.8587342" lon="2.3847416">
      </trkpt>
      <trkpt lat="48.8587313" lon="2.3847291">
      </trkpt>
      <trkpt lat="48.8587147" lon="2.3846728">
      </trkpt>
      <trkpt lat="48.8586901" lon="2.3845881">
      </trkpt>
      <trkpt lat="48.8586859" lon="2.3845733">
      </trkpt>
      <trkpt lat="48.8584953" lon="2.3838421">
      </trkpt>
      <trkpt lat="48.8585042" lon="2.3838314">
      </trkpt>
      <trkpt lat="48.8585605" lon="2.3837649">
      </trkpt>
      <trkpt lat="48.8586053" lon="2.3837154">
      </trkpt>
      <trkpt lat="48.8586416" lon="2.3836748">
      </trkpt>
      <trkpt lat="48.8586257" lon="2.3836527">
      </trkpt>
      <trkpt lat="48.8586184" lon="2.3836405">
      </trkpt>
      <trkpt lat="48.8586027" lon="2.3835928">
      </trkpt>
      <trkpt lat="48.8585835" lon="2.3835346">
      </trkpt>
      <trkpt lat="48.8585805" lon="2.3835265">
      </trkpt>
      <trkpt lat="48.8592744" lon="2.3828476">
      </trkpt>
      <trkpt lat="48.8592757" lon="2.3828278">
      </trkpt>
      <trkpt lat="48.8592839" lon="2.3828192">
      </trkpt>
      <trkpt lat="48.859317" lon="2.3827842">
      </trkpt>
      <trkpt lat="48.85935" lon="2.3827495">
      </trkpt>
      <trkpt lat="48.8593592" lon="2.3827401">
      </trkpt>
      <trkpt lat="48.8582584" lon="2.3820383">
      </trkpt>
      <trkpt lat="48.8582516" lon="2.3820184">
      </trkpt>
      <trkpt lat="48.858241" lon="2.3820252">
      </trkpt>
      <trkpt lat="48.8582235" lon="2.3820365">
      </trkpt>
      <trkpt lat="48.8582083" lon="2.3820463">
      </trkpt>
      <trkpt lat="48.8581924" lon="2.3820571">
      </trkpt>
      <trkpt lat="48.8581813" lon="2.3820162">
      </trkpt>
      <trkpt lat="48.858169" lon="2.3819664">
      </trkpt>
      <trkpt lat="48.8581567" lon="2.3819171">
      </trkpt>
      <trkpt lat="48.8581541" lon="2.3819083">
      </trkpt>
      <trkpt lat="48.8580773" lon="2.3816162">
      </trkpt>
      <trkpt lat="48.8580411" lon="2.3814675">
      </trkpt>
      <trkpt lat="48.8580379" lon="2.3814565">
      </trkpt>
      <trkpt lat="48.8580342" lon="2.3814443">
      </trkpt>
      <trkpt lat="48.8580303" lon="2.3814322">
      </trkpt>
      <trkpt lat="48.8580261" lon="2.3814172">
      </trkpt>
      <trkpt lat="48.857976" lon="2.3812296">
      </trkpt>
      <trkpt lat="48.8579452" lon="2.3811341">
      </trkpt>
      <trkpt lat="48.8579345" lon="2.3810158">
      </trkpt>
      <trkpt lat="48.8579225" lon="2.3810378">
      </trkpt>
      <trkpt lat="48.8578759" lon="2.3811084">
      </trkpt>
      <trkpt lat="48.8579225" lon="2.3810378">
      </trkpt>
      <trkpt lat="48.8579345" lon="2.3810158">
      </trkpt>
      <trkpt lat="48.8579452" lon="2.3811341">
      </trkpt>
      <trkpt lat="48.8579364" lon="2.3811398">
      </trkpt>
      <trkpt lat="48.8578893" lon="2.3811677">
      </trkpt>
      <trkpt lat="48.8578524" lon="2.3811896">
      </trkpt>
      <trkpt lat="48.8578256" lon="2.3812064">
      </trkpt>
      <trkpt lat="48.8579088" lon="2.3815294">
      </trkpt>
      <trkpt lat="48.857909" lon="2.381563">
      </trkpt>
      <trkpt lat="48.8567597" lon="2.3825305">
      </trkpt>
      <trkpt lat="48.8567199" lon="2.3825198">
      </trkpt>
      <trkpt lat="48.8566577" lon="2.3823788">
      </trkpt>
      <trkpt lat="48.8566331" lon="2.3823139">
      </trkpt>
      <trkpt lat="48.8566479" lon="2.3822881">
      </trkpt>
      <trkpt lat="48.8566254" lon="2.3822556">
      </trkpt>
      <trkpt lat="48.8566188" lon="2.3822471">
      </trkpt>
      <trkpt lat="48.8565715" lon="2.3821865">
      </trkpt>
      <trkpt lat="48.8565265" lon="2.382129">
      </trkpt>
      <trkpt lat="48.8565186" lon="2.3821188">
      </trkpt>
      <trkpt lat="48.8564957" lon="2.3820866">
      </trkpt>
      <trkpt lat="48.8562008" lon="2.3825744">
      </trkpt>
      <trkpt lat="48.8561873" lon="2.3826022">
      </trkpt>
      <trkpt lat="48.8562008" lon="2.3825744">
      </trkpt>
      <trkpt lat="48.8562129" lon="2.3826143">
      </trkpt>
      <trkpt lat="48.8562209" lon="2.3826398">
      </trkpt>
      <trkpt lat="48.8562483" lon="2.3827269">
      </trkpt>
      <trkpt lat="48.8562771" lon="2.3828185">
      </trkpt>
      <trkpt lat="48.8562792" lon="2.3828278">
      </trkpt>
      <trkpt lat="48.8563035" lon="2.3828745">
      </trkpt>
      <trkpt lat="48.856275" lon="2.3829224">
      </trkpt>
      <trkpt lat="48.8562698" lon="2.382933">
      </trkpt>
      <trkpt lat="48.8562502" lon="2.3829654">
      </trkpt>
      <trkpt lat="48.8562348" lon="2.3829907">
      </trkpt>
      <trkpt lat="48.856229" lon="2.3829995">
      </trkpt>
      <trkpt lat="48.8562179" lon="2.3830147">
      </trkpt>
      <trkpt lat="48.8559534" lon="2.3834723">
      </trkpt>
      <trkpt lat="48.8556722" lon="2.383941">
      </trkpt>
      <trkpt lat="48.8556032" lon="2.3840564">
      </trkpt>
      <trkpt lat="48.8554697" lon="2.3842678">
      </trkpt>
      <trkpt lat="48.8554328" lon="2.3843312">
      </trkpt>
      <trkpt lat="48.8554337" lon="2.3843327">
      </trkpt>
      <trkpt lat="48.8559823" lon="2.3861047">
      </trkpt>
      <trkpt lat="48.8559874" lon="2.3861213">
      </trkpt>
      <trkpt lat="48.8559527" lon="2.386158">
      </trkpt>
      <trkpt lat="48.8559584" lon="2.3861817">
      </trkpt>
      <trkpt lat="48.8559637" lon="2.3862335">
      </trkpt>
      <trkpt lat="48.8559768" lon="2.3862857">
      </trkpt>
      <trkpt lat="48.8559813" lon="2.3863036">
      </trkpt>
      <trkpt lat="48.8557795" lon="2.3865214">
      </trkpt>
      <trkpt lat="48.8555781" lon="2.3867332">
      </trkpt>
      <trkpt lat="48.8555736" lon="2.3867664">
      </trkpt>
      <trkpt lat="48.8555647" lon="2.3867763">
      </trkpt>
      <trkpt lat="48.8555401" lon="2.3868023">
      </trkpt>
      <trkpt lat="48.8555071" lon="2.3868374">
      </trkpt>
      <trkpt lat="48.855501" lon="2.3868426">
      </trkpt>
      <trkpt lat="48.8554681" lon="2.3868428">
      </trkpt>
      <trkpt lat="48.8551924" lon="2.3871306">
      </trkpt>
      <trkpt lat="48.8551667" lon="2.3871577">
      </trkpt>
      <trkpt lat="48.8551708" lon="2.3871858">
      </trkpt>
      <trkpt lat="48.8551785" lon="2.3872375">
      </trkpt>
      <trkpt lat="48.8551687" lon="2.3872415">
      </trkpt>
      <trkpt lat="48.8551385" lon="2.387254">
      </trkpt>
      <trkpt lat="48.8551056" lon="2.3872678">
      </trkpt>
      <trkpt lat="48.8550967" lon="2.387271">
      </trkpt>
      <trkpt lat="48.8550815" lon="2.3872504">
      </trkpt>
      <trkpt lat="48.854744" lon="2.3875291">
      </trkpt>
      <trkpt lat="48.8538372" lon="2.3880224">
      </trkpt>
      <trkpt lat="48.8538249" lon="2.3880453">
      </trkpt>
      <trkpt lat="48.85382" lon="2.3880483">
      </trkpt>
      <trkpt lat="48.8537848" lon="2.3880669">
      </trkpt>
      <trkpt lat="48.8537551" lon="2.3880827">
      </trkpt>
      <trkpt lat="48.8537443" lon="2.388088">
      </trkpt>
      <trkpt lat="48.8537132" lon="2.3880894">
      </trkpt>
      <trkpt lat="48.8536191" lon="2.3881409">
      </trkpt>
      <trkpt lat="48.853469" lon="2.3882472">
      </trkpt>
      <trkpt lat="48.8534375" lon="2.3883051">
      </trkpt>
      <trkpt lat="48.8534304" lon="2.3883092">
      </trkpt>
      <trkpt lat="48.8534092" lon="2.3883209">
      </trkpt>
      <trkpt lat="48.8533802" lon="2.388337">
      </trkpt>
      <trkpt lat="48.8533613" lon="2.3883471">
      </trkpt>
      <trkpt lat="48.8536878" lon="2.3899911">
      </trkpt>
      <trkpt lat="48.8537197" lon="2.3901516">
      </trkpt>
      <trkpt lat="48.8537554" lon="2.3902378">
      </trkpt>
      <trkpt lat="48.8537864" lon="2.3902707">
      </trkpt>
      <trkpt lat="48.8537554" lon="2.3902378">
      </trkpt>
      <trkpt lat="48.8537197" lon="2.3901516">
      </trkpt>
      <trkpt lat="48.8536878" lon="2.3899911">
      </trkpt>
      <trkpt lat="48.8533613" lon="2.3883471">
      </trkpt>
      <trkpt lat="48.8533379" lon="2.3883482">
      </trkpt>
      <trkpt lat="48.853026" lon="2.3885608">
      </trkpt>
      <trkpt lat="48.852949" lon="2.3886218">
      </trkpt>
      <trkpt lat="48.8528921" lon="2.3886561">
      </trkpt>
      <trkpt lat="48.8528525" lon="2.3886519">
      </trkpt>
      <trkpt lat="48.85281" lon="2.388726">
      </trkpt>
      <trkpt lat="48.8527861" lon="2.3887601">
      </trkpt>
      <trkpt lat="48.8527622" lon="2.3887976">
      </trkpt>
      <trkpt lat="48.852729" lon="2.3888508">
      </trkpt>
      <trkpt lat="48.8527218" lon="2.3888655">
      </trkpt>
      <trkpt lat="48.8526918" lon="2.3889296">
      </trkpt>
      <trkpt lat="48.8525107" lon="2.3892313">
      </trkpt>
      <trkpt lat="48.8524959" lon="2.3892504">
      </trkpt>
      <trkpt lat="48.8524787" lon="2.3892798">
      </trkpt>
      <trkpt lat="48.8524915" lon="2.389336">
      </trkpt>
      <trkpt lat="48.8524994" lon="2.3893738">
      </trkpt>
      <trkpt lat="48.8524915" lon="2.389336">
      </trkpt>
      <trkpt lat="48.8524787" lon="2.3892798">
      </trkpt>
      <trkpt lat="48.8524588" lon="2.3893137">
      </trkpt>
      <trkpt lat="48.8524355" lon="2.3893534">
      </trkpt>
      <trkpt lat="48.8524097" lon="2.3894167">
      </trkpt>
      <trkpt lat="48.8523902" lon="2.389467">
      </trkpt>
      <trkpt lat="48.8522541" lon="2.3896561">
      </trkpt>
      <trkpt lat="48.852225" lon="2.3897379">
      </trkpt>
      <trkpt lat="48.8522093" lon="2.389754">
      </trkpt>
      <trkpt lat="48.8521933" lon="2.389779">
      </trkpt>
      <trkpt lat="48.852165" lon="2.3898232">
      </trkpt>
      <trkpt lat="48.8521552" lon="2.3898489">
      </trkpt>
      <trkpt lat="48.8521333" lon="2.3898446">
      </trkpt>
      <trkpt lat="48.8520721" lon="2.3899658">
      </trkpt>
      <trkpt lat="48.851954" lon="2.3901744">
      </trkpt>
      <trkpt lat="48.851843" lon="2.3903705">
      </trkpt>
      <trkpt lat="48.8516871" lon="2.3906359">
      </trkpt>
      <trkpt lat="48.8516787" lon="2.3906432">
      </trkpt>
      <trkpt lat="48.8516723" lon="2.3906488">
      </trkpt>
      <trkpt lat="48.851649" lon="2.3906861">
      </trkpt>
      <trkpt lat="48.8516368" lon="2.3907126">
      </trkpt>
      <trkpt lat="48.8516058" lon="2.3907206">
      </trkpt>
      <trkpt lat="48.8508751" lon="2.3919722">
      </trkpt>
      <trkpt lat="48.8508614" lon="2.3919958">
      </trkpt>
      <trkpt lat="48.8507201" lon="2.3922399">
      </trkpt>
      <trkpt lat="48.8507127" lon="2.392248">
      </trkpt>
      <trkpt lat="48.8507005" lon="2.3922678">
      </trkpt>
      <trkpt lat="48.8506871" lon="2.3922895">
      </trkpt>
      <trkpt lat="48.8506708" lon="2.3923309">
      </trkpt>
      <trkpt lat="48.8506001" lon="2.3924448">
      </trkpt>
      <trkpt lat="48.8504802" lon="2.3926754">
      </trkpt>
      <trkpt lat="48.8504986" lon="2.3928827">
      </trkpt>
      <trkpt lat="48.8504802" lon="2.3926754">
      </trkpt>
      <trkpt lat="48.8506001" lon="2.3924448">
      </trkpt>
      <trkpt lat="48.850577" lon="2.3923991">
      </trkpt>
      <trkpt lat="48.8505722" lon="2.3923894">
      </trkpt>
      <trkpt lat="48.8505553" lon="2.3923582">
      </trkpt>
      <trkpt lat="48.8505398" lon="2.3923253">
      </trkpt>
      <trkpt lat="48.850534" lon="2.3923137">
      </trkpt>
      <trkpt lat="48.8505281" lon="2.392302">
      </trkpt>
      <trkpt lat="48.8504959" lon="2.3922383">
      </trkpt>
      <trkpt lat="48.8504865" lon="2.3922195">
      </trkpt>
      <trkpt lat="48.8504733" lon="2.3921812">
      </trkpt>
      <trkpt lat="48.85045" lon="2.3922306">
      </trkpt>
      <trkpt lat="48.8503973" lon="2.3923205">
      </trkpt>
      <trkpt lat="48.8503699" lon="2.3923674">
      </trkpt>
      <trkpt lat="48.8503563" lon="2.3923873">
      </trkpt>
      <trkpt lat="48.8503522" lon="2.3920076">
      </trkpt>
      <trkpt lat="48.8503536" lon="2.3919849">
      </trkpt>
      <trkpt lat="48.8503539" lon="2.3919212">
      </trkpt>
      <trkpt lat="48.8503541" lon="2.3918662">
      </trkpt>
      <trkpt lat="48.8503533" lon="2.3918461">
      </trkpt>
      <trkpt lat="48.8503305" lon="2.3918574">
      </trkpt>
      <trkpt lat="48.8492007" lon="2.3919663">
      </trkpt>
      <trkpt lat="48.8491843" lon="2.3919682">
      </trkpt>
      <trkpt lat="48.8491694" lon="2.3918902">
      </trkpt>
      <trkpt lat="48.849085" lon="2.3919352">
      </trkpt>
      <trkpt lat="48.8490876" lon="2.3919144">
      </trkpt>
      <trkpt lat="48.849092" lon="2.3918616">
      </trkpt>
      <trkpt lat="48.8490967" lon="2.3918052">
      </trkpt>
      <trkpt lat="48.8490931" lon="2.3917676">
      </trkpt>
      <trkpt lat="48.8491066" lon="2.3916344">
      </trkpt>
      <trkpt lat="48.8493114" lon="2.39032">
      </trkpt>
      <trkpt lat="48.8492846" lon="2.3903118">
      </trkpt>
      <trkpt lat="48.8492752" lon="2.3903084">
      </trkpt>
      <trkpt lat="48.8492269" lon="2.3902908">
      </trkpt>
      <trkpt lat="48.8491741" lon="2.3902716">
      </trkpt>
      <trkpt lat="48.8491624" lon="2.3902673">
      </trkpt>
      <trkpt lat="48.8491214" lon="2.3902509">
      </trkpt>
      <trkpt lat="48.8491326" lon="2.3901823">
      </trkpt>
      <trkpt lat="48.8491375" lon="2.3901528">
      </trkpt>
      <trkpt lat="48.8491426" lon="2.3901225">
      </trkpt>
      <trkpt lat="48.8492378" lon="2.3895517">
      </trkpt>
      <trkpt lat="48.8492509" lon="2.3895305">
      </trkpt>
      <trkpt lat="48.8492378" lon="2.3895517">
      </trkpt>
      <trkpt lat="48.8491426" lon="2.3901225">
      </trkpt>
      <trkpt lat="48.8491375" lon="2.3901528">
      </trkpt>
      <trkpt lat="48.8491326" lon="2.3901823">
      </trkpt>
      <trkpt lat="48.8491214" lon="2.3902509">
      </trkpt>
      <trkpt lat="48.8489305" lon="2.3914464">
      </trkpt>
      <trkpt lat="48.8488884" lon="2.3917075">
      </trkpt>
      <trkpt lat="48.8488508" lon="2.391986">
      </trkpt>
      <trkpt lat="48.8487545" lon="2.3920703">
      </trkpt>
      <trkpt lat="48.8483882" lon="2.3924252">
      </trkpt>
      <trkpt lat="48.8481896" lon="2.3926119">
      </trkpt>
      <trkpt lat="48.8481316" lon="2.3926382">
      </trkpt>
      <trkpt lat="48.8481265" lon="2.3926082">
      </trkpt>
      <trkpt lat="48.8481047" lon="2.3926203">
      </trkpt>
      <trkpt lat="48.848097" lon="2.392624">
      </trkpt>
      <trkpt lat="48.8480934" lon="2.3926257">
      </trkpt>
      <trkpt lat="48.8480736" lon="2.3926377">
      </trkpt>
      <trkpt lat="48.848021" lon="2.3926825">
      </trkpt>
      <trkpt lat="48.8479685" lon="2.3927289">
      </trkpt>
      <trkpt lat="48.8479447" lon="2.3927423">
      </trkpt>
      <trkpt lat="48.8479368" lon="2.392747">
      </trkpt>
      <trkpt lat="48.8479324" lon="2.3927497">
      </trkpt>
      <trkpt lat="48.8479138" lon="2.3927578">
      </trkpt>
      <trkpt lat="48.8479209" lon="2.3928335">
      </trkpt>
      <trkpt lat="48.8479328" lon="2.3928704">
      </trkpt>
      <trkpt lat="48.8479393" lon="2.3929423">
      </trkpt>
      <trkpt lat="48.8479445" lon="2.3929992">
      </trkpt>
      <trkpt lat="48.847931" lon="2.3930622">
      </trkpt>
      <trkpt lat="48.8479425" lon="2.3931004">
      </trkpt>
      <trkpt lat="48.8479743" lon="2.3933847">
      </trkpt>
      <trkpt lat="48.8480634" lon="2.3941109">
      </trkpt>
      <trkpt lat="48.8481108" lon="2.3942318">
      </trkpt>
      <trkpt lat="48.8481401" lon="2.3942248">
      </trkpt>
      <trkpt lat="48.8481971" lon="2.3942132">
      </trkpt>
      <trkpt lat="48.848236" lon="2.3942054">
      </trkpt>
      <trkpt lat="48.8482472" lon="2.3942031">
      </trkpt>
      <trkpt lat="48.8482931" lon="2.3941948">
      </trkpt>
      <trkpt lat="48.848531" lon="2.394205">
      </trkpt>
      <trkpt lat="48.8482931" lon="2.3941948">
      </trkpt>
      <trkpt lat="48.8482472" lon="2.3942031">
      </trkpt>
      <trkpt lat="48.848236" lon="2.3942054">
      </trkpt>
      <trkpt lat="48.8481971" lon="2.3942132">
      </trkpt>
      <trkpt lat="48.8481401" lon="2.3942248">
      </trkpt>
      <trkpt lat="48.8481108" lon="2.3942318">
      </trkpt>
      <trkpt lat="48.8481103" lon="2.3942425">
      </trkpt>
      <trkpt lat="48.8481005" lon="2.3942819">
      </trkpt>
      <trkpt lat="48.8480021" lon="2.3943329">
      </trkpt>
      <trkpt lat="48.8479178" lon="2.3943899">
      </trkpt>
      <trkpt lat="48.8478079" lon="2.3944717">
      </trkpt>
      <trkpt lat="48.8477754" lon="2.3944587">
      </trkpt>
      <trkpt lat="48.8477595" lon="2.3944255">
      </trkpt>
      <trkpt lat="48.8476877" lon="2.394532">
      </trkpt>
      <trkpt lat="48.8476526" lon="2.3945809">
      </trkpt>
      <trkpt lat="48.847601" lon="2.3946527">
      </trkpt>
      <trkpt lat="48.8475745" lon="2.3946786">
      </trkpt>
      <trkpt lat="48.8475766" lon="2.3947094">
      </trkpt>
      <trkpt lat="48.8475732" lon="2.3947443">
      </trkpt>
      <trkpt lat="48.8475202" lon="2.3948304">
      </trkpt>
      <trkpt lat="48.8474598" lon="2.394933">
      </trkpt>
      <trkpt lat="48.8474492" lon="2.3949441">
      </trkpt>
      <trkpt lat="48.8474448" lon="2.3949578">
      </trkpt>
      <trkpt lat="48.8474293" lon="2.3949935">
      </trkpt>
      <trkpt lat="48.8474046" lon="2.3950507">
      </trkpt>
      <trkpt lat="48.8473933" lon="2.3950859">
      </trkpt>
      <trkpt lat="48.8473521" lon="2.3952596">
      </trkpt>
      <trkpt lat="48.8473216" lon="2.3953649">
      </trkpt>
      <trkpt lat="48.8472983" lon="2.3955007">
      </trkpt>
      <trkpt lat="48.8472742" lon="2.3955563">
      </trkpt>
      <trkpt lat="48.8473044" lon="2.3955677">
      </trkpt>
      <trkpt lat="48.8473525" lon="2.3955859">
      </trkpt>
      <trkpt lat="48.8474097" lon="2.3956076">
      </trkpt>
      <trkpt lat="48.8474492" lon="2.3956177">
      </trkpt>
      <trkpt lat="48.8474627" lon="2.3956213">
      </trkpt>
      <trkpt lat="48.8475886" lon="2.3956549">
      </trkpt>
      <trkpt lat="48.8475844" lon="2.3956883">
      </trkpt>
      <trkpt lat="48.8475781" lon="2.3957752">
      </trkpt>
      <trkpt lat="48.8475739" lon="2.3958325">
      </trkpt>
      <trkpt lat="48.8475717" lon="2.3958622">
      </trkpt>
      <trkpt lat="48.8475714" lon="2.3959149">
      </trkpt>
      <trkpt lat="48.8475755" lon="2.3960157">
      </trkpt>
      <trkpt lat="48.8475854" lon="2.3961156">
      </trkpt>
      <trkpt lat="48.8476013" lon="2.3962138">
      </trkpt>
      <trkpt lat="48.8476228" lon="2.3963094">
      </trkpt>
      <trkpt lat="48.8476499" lon="2.3964016">
      </trkpt>
      <trkpt lat="48.8476767" lon="2.3964788">
      </trkpt>
      <trkpt lat="48.8476986" lon="2.3965417">
      </trkpt>
      <trkpt lat="48.8477195" lon="2.3965983">
      </trkpt>
      <trkpt lat="48.8477312" lon="2.3966366">
      </trkpt>
      <trkpt lat="48.8477729" lon="2.3967134">
      </trkpt>
      <trkpt lat="48.8478164" lon="2.3967873">
      </trkpt>
      <trkpt lat="48.8478644" lon="2.3968546">
      </trkpt>
      <trkpt lat="48.8478628" lon="2.397002">
      </trkpt>
      <trkpt lat="48.8479883" lon="2.3971251">
      </trkpt>
      <trkpt lat="48.847973" lon="2.397234">
      </trkpt>
      <trkpt lat="48.8480555" lon="2.3972538">
      </trkpt>
      <trkpt lat="48.8481307" lon="2.3972735">
      </trkpt>
      <trkpt lat="48.8481837" lon="2.3972874">
      </trkpt>
      <trkpt lat="48.8482963" lon="2.3973241">
      </trkpt>
      <trkpt lat="48.8483135" lon="2.3973297">
      </trkpt>
      <trkpt lat="48.8483405" lon="2.3973355">
      </trkpt>
      <trkpt lat="48.8483971" lon="2.3973432">
      </trkpt>
      <trkpt lat="48.8484661" lon="2.3973632">
      </trkpt>
      <trkpt lat="48.8485436" lon="2.3973079">
      </trkpt>
      <trkpt lat="48.8485594" lon="2.3973973">
      </trkpt>
      <trkpt lat="48.848569" lon="2.3974913">
      </trkpt>
      <trkpt lat="48.8485768" lon="2.3975673">
      </trkpt>
      <trkpt lat="48.8485791" lon="2.397588">
      </trkpt>
      <trkpt lat="48.8485602" lon="2.3977484">
      </trkpt>
      <trkpt lat="48.8485497" lon="2.3978781">
      </trkpt>
      <trkpt lat="48.848517" lon="2.3982211">
      </trkpt>
      <trkpt lat="48.8485091" lon="2.3982922">
      </trkpt>
      <trkpt lat="48.8484998" lon="2.3983602">
      </trkpt>
      <trkpt lat="48.8484954" lon="2.3983812">
      </trkpt>
      <trkpt lat="48.848492" lon="2.3984133">
      </trkpt>
      <trkpt lat="48.8484884" lon="2.3984474">
      </trkpt>
      <trkpt lat="48.8484815" lon="2.3985223">
      </trkpt>
      <trkpt lat="48.8488524" lon="2.3986137">
      </trkpt>
      <trkpt lat="48.848863" lon="2.3986546">
      </trkpt>
      <trkpt lat="48.8488396" lon="2.3989607">
      </trkpt>
      <trkpt lat="48.8488707" lon="2.3989618">
      </trkpt>
      <trkpt lat="48.8489129" lon="2.3989377">
      </trkpt>
      <trkpt lat="48.848942" lon="2.3989211">
      </trkpt>
      <trkpt lat="48.8489629" lon="2.3989104">
      </trkpt>
      <trkpt lat="48.8489693" lon="2.3989235">
      </trkpt>
      <trkpt lat="48.8489834" lon="2.3989426">
      </trkpt>
      <trkpt lat="48.8489958" lon="2.398947">
      </trkpt>
      <trkpt lat="48.8489985" lon="2.3989636">
      </trkpt>
      <trkpt lat="48.8489989" lon="2.3989678">
      </trkpt>
      <trkpt lat="48.8490043" lon="2.3990297">
      </trkpt>
      <trkpt lat="48.8490078" lon="2.399062">
      </trkpt>
      <trkpt lat="48.8490117" lon="2.3990911">
      </trkpt>
      <trkpt lat="48.8489735" lon="2.3992806">
      </trkpt>
      <trkpt lat="48.8490679" lon="2.3992973">
      </trkpt>
      <trkpt lat="48.8491215" lon="2.3992896">
      </trkpt>
      <trkpt lat="48.84973" lon="2.3990737">
      </trkpt>
      <trkpt lat="48.8497338" lon="2.3990915">
      </trkpt>
      <trkpt lat="48.8497392" lon="2.3991269">
      </trkpt>
      <trkpt lat="48.8497446" lon="2.3991743">
      </trkpt>
      <trkpt lat="48.8497462" lon="2.3991869">
      </trkpt>
      <trkpt lat="48.8497517" lon="2.3992232">
      </trkpt>
      <trkpt lat="48.8497614" lon="2.3992373">
      </trkpt>
      <trkpt lat="48.8497772" lon="2.3992309">
      </trkpt>
      <trkpt lat="48.8498103" lon="2.3992199">
      </trkpt>
      <trkpt lat="48.8498444" lon="2.3992085">
      </trkpt>
      <trkpt lat="48.8498573" lon="2.3992192">
      </trkpt>
      <trkpt lat="48.8499933" lon="2.4002953">
      </trkpt>
      <trkpt lat="48.8499665" lon="2.4003028">
      </trkpt>
      <trkpt lat="48.849933" lon="2.4003082">
      </trkpt>
      <trkpt lat="48.8499123" lon="2.4003115">
      </trkpt>
      <trkpt lat="48.8498849" lon="2.4003209">
      </trkpt>
      <trkpt lat="48.8498668" lon="2.4001466">
      </trkpt>
      <trkpt lat="48.8498849" lon="2.4003209">
      </trkpt>
      <trkpt lat="48.8499027" lon="2.4005297">
      </trkpt>
      <trkpt lat="48.8499078" lon="2.400589">
      </trkpt>
      <trkpt lat="48.8499321" lon="2.4008741">
      </trkpt>
      <trkpt lat="48.8499432" lon="2.4009888">
      </trkpt>
      <trkpt lat="48.8499264" lon="2.4015802">
      </trkpt>
      <trkpt lat="48.8498681" lon="2.4021663">
      </trkpt>
      <trkpt lat="48.8498381" lon="2.4022193">
      </trkpt>
      <trkpt lat="48.849858" lon="2.4022548">
      </trkpt>
      <trkpt lat="48.8498531" lon="2.4023328">
      </trkpt>
      <trkpt lat="48.8498509" lon="2.4024425">
      </trkpt>
      <trkpt lat="48.8498364" lon="2.4024841">
      </trkpt>
      <trkpt lat="48.849869" lon="2.4025116">
      </trkpt>
      <trkpt lat="48.8498364" lon="2.4024841">
      </trkpt>
      <trkpt lat="48.8497927" lon="2.4024895">
      </trkpt>
      <trkpt lat="48.8496614" lon="2.4025452">
      </trkpt>
      <trkpt lat="48.849246" lon="2.4027398">
      </trkpt>
      <trkpt lat="48.8492488" lon="2.4027557">
      </trkpt>
      <trkpt lat="48.8492532" lon="2.4027827">
      </trkpt>
      <trkpt lat="48.8494456" lon="2.4028091">
      </trkpt>
      <trkpt lat="48.8494802" lon="2.4028336">
      </trkpt>
      <trkpt lat="48.8495269" lon="2.4030964">
      </trkpt>
      <trkpt lat="48.8495658" lon="2.4032947">
      </trkpt>
      <trkpt lat="48.849609" lon="2.4035165">
      </trkpt>
      <trkpt lat="48.8495918" lon="2.4036475">
      </trkpt>
      <trkpt lat="48.849548" lon="2.4039286">
      </trkpt>
      <trkpt lat="48.8495918" lon="2.4036475">
      </trkpt>
      <trkpt lat="48.8494851" lon="2.4036393">
      </trkpt>
      <trkpt lat="48.8494873" lon="2.4035503">
      </trkpt>
      <trkpt lat="48.849471" lon="2.4034649">
      </trkpt>
      <trkpt lat="48.8494379" lon="2.4033915">
      </trkpt>
      <trkpt lat="48.8494155" lon="2.4033613">
      </trkpt>
      <trkpt lat="48.8493903" lon="2.403337">
      </trkpt>
      <trkpt lat="48.8493673" lon="2.4033216">
      </trkpt>
      <trkpt lat="48.849328" lon="2.4033049">
      </trkpt>
      <trkpt lat="48.8492957" lon="2.4033053">
      </trkpt>
      <trkpt lat="48.8492488" lon="2.4033182">
      </trkpt>
      <trkpt lat="48.8492191" lon="2.4033371">
      </trkpt>
      <trkpt lat="48.8491919" lon="2.4033637">
      </trkpt>
      <trkpt lat="48.8491509" lon="2.4034312">
      </trkpt>
      <trkpt lat="48.8491265" lon="2.4035152">
      </trkpt>
      <trkpt lat="48.8490289" lon="2.4035201">
      </trkpt>
      <trkpt lat="48.8489913" lon="2.4035205">
      </trkpt>
      <trkpt lat="48.8489668" lon="2.403522">
      </trkpt>
      <trkpt lat="48.8489856" lon="2.4041504">
      </trkpt>
      <trkpt lat="48.84893" lon="2.4041585">
      </trkpt>
      <trkpt lat="48.8489106" lon="2.4041588">
      </trkpt>
      <trkpt lat="48.8488859" lon="2.4041592">
      </trkpt>
      <trkpt lat="48.8488347" lon="2.4041585">
      </trkpt>
      <trkpt lat="48.8488347" lon="2.4042302">
      </trkpt>
      <trkpt lat="48.8484579" lon="2.4041605">
      </trkpt>
      <trkpt lat="48.8480903" lon="2.4040941">
      </trkpt>
      <trkpt lat="48.8480665" lon="2.4040847">
      </trkpt>
      <trkpt lat="48.8480294" lon="2.4040512">
      </trkpt>
      <trkpt lat="48.8480206" lon="2.4040264">
      </trkpt>
      <trkpt lat="48.8480144" lon="2.4039955">
      </trkpt>
      <trkpt lat="48.848044" lon="2.4036723">
      </trkpt>
      <trkpt lat="48.8480277" lon="2.403669">
      </trkpt>
      <trkpt lat="48.8480112" lon="2.4036618">
      </trkpt>
      <trkpt lat="48.8479947" lon="2.4036547">
      </trkpt>
      <trkpt lat="48.8479761" lon="2.4036466">
      </trkpt>
      <trkpt lat="48.8479002" lon="2.4036394">
      </trkpt>
      <trkpt lat="48.8478269" lon="2.4036562">
      </trkpt>
      <trkpt lat="48.8477564" lon="2.4036463">
      </trkpt>
      <trkpt lat="48.8477136" lon="2.4036375">
      </trkpt>
      <trkpt lat="48.8476907" lon="2.4036326">
      </trkpt>
      <trkpt lat="48.847641" lon="2.4036221">
      </trkpt>
      <trkpt lat="48.8475753" lon="2.4036063">
      </trkpt>
      <trkpt lat="48.8474986" lon="2.4035757">
      </trkpt>
      <trkpt lat="48.847439" lon="2.4035644">
      </trkpt>
      <trkpt lat="48.8474075" lon="2.4035587">
      </trkpt>
      <trkpt lat="48.8473817" lon="2.403557">
      </trkpt>
      <trkpt lat="48.8473472" lon="2.403553">
      </trkpt>
      <trkpt lat="48.8473437" lon="2.4034765">
      </trkpt>
      <trkpt lat="48.8473543" lon="2.4034551">
      </trkpt>
      <trkpt lat="48.8473602" lon="2.403401">
      </trkpt>
      <trkpt lat="48.84736" lon="2.4033652">
      </trkpt>
      <trkpt lat="48.8473503" lon="2.403323">
      </trkpt>
      <trkpt lat="48.8473212" lon="2.4033223">
      </trkpt>
      <trkpt lat="48.846849" lon="2.4032573">
      </trkpt>
      <trkpt lat="48.8461046" lon="2.4031453">
      </trkpt>
      <trkpt lat="48.8458831" lon="2.4031131">
      </trkpt>
      <trkpt lat="48.8458654" lon="2.4031057">
      </trkpt>
      <trkpt lat="48.8458566" lon="2.4030709">
      </trkpt>
      <trkpt lat="48.8458221" lon="2.4030835">
      </trkpt>
      <trkpt lat="48.8457936" lon="2.4030586">
      </trkpt>
      <trkpt lat="48.845767" lon="2.4030353">
      </trkpt>
      <trkpt lat="48.8457529" lon="2.4030112">
      </trkpt>
      <trkpt lat="48.8457225" lon="2.4030333">
      </trkpt>
      <trkpt lat="48.8457211" lon="2.4030621">
      </trkpt>
      <trkpt lat="48.8457051" lon="2.4030975">
      </trkpt>
      <trkpt lat="48.8456889" lon="2.4031413">
      </trkpt>
      <trkpt lat="48.8456664" lon="2.403156">
      </trkpt>
      <trkpt lat="48.8456699" lon="2.4031949">
      </trkpt>
      <trkpt lat="48.8453994" lon="2.4038655">
      </trkpt>
      <trkpt lat="48.8449846" lon="2.4048988">
      </trkpt>
      <trkpt lat="48.844846" lon="2.4052434">
      </trkpt>
      <trkpt lat="48.844791" lon="2.4053799">
      </trkpt>
      <trkpt lat="48.844787" lon="2.4053899">
      </trkpt>
      <trkpt lat="48.844786" lon="2.4053984">
      </trkpt>
      <trkpt lat="48.8447783" lon="2.4054599">
      </trkpt>
      <trkpt lat="48.8447908" lon="2.4054732">
      </trkpt>
      <trkpt lat="48.8448156" lon="2.4054999">
      </trkpt>
      <trkpt lat="48.844835" lon="2.4055208">
      </trkpt>
      <trkpt lat="48.844853" lon="2.4055398">
      </trkpt>
      <trkpt lat="48.8448419" lon="2.4056658">
      </trkpt>
      <trkpt lat="48.8448384" lon="2.4057063">
      </trkpt>
      <trkpt lat="48.8448333" lon="2.4057644">
      </trkpt>
      <trkpt lat="48.8448269" lon="2.4058373">
      </trkpt>
      <trkpt lat="48.8448271" lon="2.4058597">
      </trkpt>
      <trkpt lat="48.8448281" lon="2.4059116">
      </trkpt>
      <trkpt lat="48.8448239" lon="2.4059178">
      </trkpt>
      <trkpt lat="48.8448094" lon="2.405939">
      </trkpt>
      <trkpt lat="48.844799" lon="2.4059543">
      </trkpt>
      <trkpt lat="48.844787" lon="2.4059743">
      </trkpt>
      <trkpt lat="48.8447481" lon="2.4059817">
      </trkpt>
      <trkpt lat="48.844745" lon="2.4060226">
      </trkpt>
      <trkpt lat="48.8447132" lon="2.406083">
      </trkpt>
      <trkpt lat="48.8447097" lon="2.4061225">
      </trkpt>
      <trkpt lat="48.8447053" lon="2.4061708">
      </trkpt>
      <trkpt lat="48.8446692" lon="2.4064996">
      </trkpt>
      <trkpt lat="48.8446554" lon="2.406625">
      </trkpt>
      <trkpt lat="48.8446349" lon="2.4068601">
      </trkpt>
      <trkpt lat="48.8446539" lon="2.4068641">
      </trkpt>
      <trkpt lat="48.8446514" lon="2.4068985">
      </trkpt>
      <trkpt lat="48.8446412" lon="2.4069187">
      </trkpt>
      <trkpt lat="48.8444715" lon="2.4089286">
      </trkpt>
      <trkpt lat="48.8444939" lon="2.4089341">
      </trkpt>
      <trkpt lat="48.8445043" lon="2.4089367">
      </trkpt>
      <trkpt lat="48.8445255" lon="2.408942">
      </trkpt>
      <trkpt lat="48.844532" lon="2.4089436">
      </trkpt>
      <trkpt lat="48.8445555" lon="2.4089679">
      </trkpt>
      <trkpt lat="48.8449037" lon="2.4090579">
      </trkpt>
      <trkpt lat="48.845232" lon="2.4091404">
      </trkpt>
      <trkpt lat="48.8453543" lon="2.4091744">
      </trkpt>
      <trkpt lat="48.8453636" lon="2.4091757">
      </trkpt>
      <trkpt lat="48.8453693" lon="2.4091719">
      </trkpt>
      <trkpt lat="48.8453789" lon="2.4091731">
      </trkpt>
      <trkpt lat="48.8454029" lon="2.4091887">
      </trkpt>
      <trkpt lat="48.8454361" lon="2.4092084">
      </trkpt>
      <trkpt lat="48.84544" lon="2.4092037">
      </trkpt>
      <trkpt lat="48.8454608" lon="2.4092151">
      </trkpt>
      <trkpt lat="48.8455265" lon="2.4092413">
      </trkpt>
      <trkpt lat="48.8464605" lon="2.4095424">
      </trkpt>
      <trkpt lat="48.8464978" lon="2.4095055">
      </trkpt>
      <trkpt lat="48.8465607" lon="2.4088721">
      </trkpt>
      <trkpt lat="48.8464982" lon="2.4085456">
      </trkpt>
      <trkpt lat="48.8465075" lon="2.4085352">
      </trkpt>
      <trkpt lat="48.8465216" lon="2.4085206">
      </trkpt>
      <trkpt lat="48.8465471" lon="2.4085056">
      </trkpt>
      <trkpt lat="48.8465538" lon="2.4085017">
      </trkpt>
      <trkpt lat="48.8466039" lon="2.4085116">
      </trkpt>
      <trkpt lat="48.8466568" lon="2.4085217">
      </trkpt>
      <trkpt lat="48.8467815" lon="2.4085454">
      </trkpt>
      <trkpt lat="48.8468773" lon="2.4085636">
      </trkpt>
      <trkpt lat="48.846904" lon="2.4085687">
      </trkpt>
      <trkpt lat="48.8469461" lon="2.4085766">
      </trkpt>
      <trkpt lat="48.8469643" lon="2.4085817">
      </trkpt>
      <trkpt lat="48.8469965" lon="2.4085908">
      </trkpt>
      <trkpt lat="48.8470174" lon="2.4085952">
      </trkpt>
      <trkpt lat="48.8470496" lon="2.408602">
      </trkpt>
      <trkpt lat="48.847063" lon="2.4086048">
      </trkpt>
      <trkpt lat="48.8471033" lon="2.4086126">
      </trkpt>
      <trkpt lat="48.8470955" lon="2.408699">
      </trkpt>
      <trkpt lat="48.8470905" lon="2.4087795">
      </trkpt>
      <trkpt lat="48.8470865" lon="2.4088439">
      </trkpt>
      <trkpt lat="48.8473941" lon="2.4089013">
      </trkpt>
      <trkpt lat="48.8473877" lon="2.4089692">
      </trkpt>
      <trkpt lat="48.8473743" lon="2.4091106">
      </trkpt>
      <trkpt lat="48.8473695" lon="2.4092111">
      </trkpt>
      <trkpt lat="48.8473978" lon="2.4092166">
      </trkpt>
      <trkpt lat="48.8474141" lon="2.4092198">
      </trkpt>
      <trkpt lat="48.8474467" lon="2.4092262">
      </trkpt>
      <trkpt lat="48.8474602" lon="2.4092288">
      </trkpt>
      <trkpt lat="48.8474817" lon="2.409233">
      </trkpt>
      <trkpt lat="48.8475036" lon="2.4092359">
      </trkpt>
      <trkpt lat="48.8475215" lon="2.4092404">
      </trkpt>
      <trkpt lat="48.8475418" lon="2.4092456">
      </trkpt>
      <trkpt lat="48.8475579" lon="2.4092497">
      </trkpt>
      <trkpt lat="48.8475663" lon="2.4091695">
      </trkpt>
      <trkpt lat="48.847597" lon="2.4090733">
      </trkpt>
      <trkpt lat="48.8475896" lon="2.4090478">
      </trkpt>
      <trkpt lat="48.8475952" lon="2.4089725">
      </trkpt>
      <trkpt lat="48.8475984" lon="2.4089274">
      </trkpt>
      <trkpt lat="48.8475983" lon="2.4088832">
      </trkpt>
      <trkpt lat="48.8476632" lon="2.4080725">
      </trkpt>
      <trkpt lat="48.8476813" lon="2.407876">
      </trkpt>
      <trkpt lat="48.8478267" lon="2.4079251">
      </trkpt>
      <trkpt lat="48.8482977" lon="2.4079022">
      </trkpt>
      <trkpt lat="48.8489261" lon="2.4078546">
      </trkpt>
      <trkpt lat="48.8489495" lon="2.4078713">
      </trkpt>
      <trkpt lat="48.8489684" lon="2.4078546">
      </trkpt>
      <trkpt lat="48.848986" lon="2.4078632">
      </trkpt>
      <trkpt lat="48.8490068" lon="2.4078733">
      </trkpt>
      <trkpt lat="48.8490192" lon="2.4078666">
      </trkpt>
      <trkpt lat="48.8490196" lon="2.4078291">
      </trkpt>
      <trkpt lat="48.8490346" lon="2.4077781">
      </trkpt>
      <trkpt lat="48.8493293" lon="2.4077196">
      </trkpt>
      <trkpt lat="48.849655" lon="2.4076615">
      </trkpt>
      <trkpt lat="48.8496669" lon="2.4077305">
      </trkpt>
      <trkpt lat="48.8499361" lon="2.4076836">
      </trkpt>
      <trkpt lat="48.8499409" lon="2.4076071">
      </trkpt>
      <trkpt lat="48.8503125" lon="2.4075374">
      </trkpt>
      <trkpt lat="48.850335" lon="2.4075562">
      </trkpt>
      <trkpt lat="48.8503442" lon="2.4075475">
      </trkpt>
      <trkpt lat="48.8503661" lon="2.4075445">
      </trkpt>
      <trkpt lat="48.850395" lon="2.4075267">
      </trkpt>
      <trkpt lat="48.8504135" lon="2.4075273">
      </trkpt>
      <trkpt lat="48.8504228" lon="2.4075066">
      </trkpt>
      <trkpt lat="48.8506041" lon="2.4074502">
      </trkpt>
      <trkpt lat="48.850691" lon="2.4074166">
      </trkpt>
      <trkpt lat="48.8515757" lon="2.4070821">
      </trkpt>
      <trkpt lat="48.8516049" lon="2.4071082">
      </trkpt>
      <trkpt lat="48.8516115" lon="2.4070875">
      </trkpt>
      <trkpt lat="48.8516502" lon="2.40707">
      </trkpt>
      <trkpt lat="48.8516891" lon="2.4070606">
      </trkpt>
      <trkpt lat="48.8516997" lon="2.4070566">
      </trkpt>
      <trkpt lat="48.8517019" lon="2.4070841">
      </trkpt>
      <trkpt lat="48.8518842" lon="2.4078868">
      </trkpt>
      <trkpt lat="48.8519574" lon="2.4079424">
      </trkpt>
      <trkpt lat="48.852174" lon="2.4078747">
      </trkpt>
      <trkpt lat="48.8525276" lon="2.4077758">
      </trkpt>
      <trkpt lat="48.8525745" lon="2.4077196">
      </trkpt>
      <trkpt lat="48.8525959" lon="2.407621">
      </trkpt>
      <trkpt lat="48.8525016" lon="2.4067948">
      </trkpt>
      <trkpt lat="48.8524891" lon="2.4067705">
      </trkpt>
      <trkpt lat="48.8525053" lon="2.4067658">
      </trkpt>
      <trkpt lat="48.8525206" lon="2.4067691">
      </trkpt>
      <trkpt lat="48.8525353" lon="2.4067722">
      </trkpt>
      <trkpt lat="48.8525441" lon="2.406783">
      </trkpt>
      <trkpt lat="48.852579" lon="2.4067524">
      </trkpt>
      <trkpt lat="48.8526069" lon="2.4067347">
      </trkpt>
      <trkpt lat="48.8527149" lon="2.4067046">
      </trkpt>
      <trkpt lat="48.8527276" lon="2.4067057">
      </trkpt>
      <trkpt lat="48.8527559" lon="2.4067551">
      </trkpt>
      <trkpt lat="48.8527548" lon="2.4068468">
      </trkpt>
      <trkpt lat="48.8528935" lon="2.4075833">
      </trkpt>
      <trkpt lat="48.8527548" lon="2.4068468">
      </trkpt>
      <trkpt lat="48.8527559" lon="2.4067551">
      </trkpt>
      <trkpt lat="48.8527788" lon="2.4067465">
      </trkpt>
      <trkpt lat="48.852804" lon="2.406731">
      </trkpt>
      <trkpt lat="48.8528408" lon="2.4067175">
      </trkpt>
      <trkpt lat="48.8528536" lon="2.4067132">
      </trkpt>
      <trkpt lat="48.8528522" lon="2.4066708">
      </trkpt>
      <trkpt lat="48.8528709" lon="2.4066387">
      </trkpt>
      <trkpt lat="48.8528609" lon="2.4066263">
      </trkpt>
      <trkpt lat="48.8528565" lon="2.406601">
      </trkpt>
      <trkpt lat="48.8528531" lon="2.4065698">
      </trkpt>
      <trkpt lat="48.8528522" lon="2.4065557">
      </trkpt>
      <trkpt lat="48.8528323" lon="2.4064974">
      </trkpt>
      <trkpt lat="48.8528121" lon="2.4065053">
      </trkpt>
      <trkpt lat="48.8527673" lon="2.4065229">
      </trkpt>
      <trkpt lat="48.8527365" lon="2.4065349">
      </trkpt>
      <trkpt lat="48.8527218" lon="2.4065416">
      </trkpt>
      <trkpt lat="48.8526639" lon="2.4062712">
      </trkpt>
      <trkpt lat="48.8526258" lon="2.4062369">
      </trkpt>
      <trkpt lat="48.8526176" lon="2.4061919">
      </trkpt>
      <trkpt lat="48.8526039" lon="2.4061213">
      </trkpt>
      <trkpt lat="48.852593" lon="2.4060651">
      </trkpt>
      <trkpt lat="48.852582" lon="2.4060423">
      </trkpt>
      <trkpt lat="48.8525725" lon="2.4060478">
      </trkpt>
      <trkpt lat="48.8525075" lon="2.4060542">
      </trkpt>
      <trkpt lat="48.8524722" lon="2.4060577">
      </trkpt>
      <trkpt lat="48.8524565" lon="2.4060334">
      </trkpt>
      <trkpt lat="48.8524535" lon="2.4060337">
      </trkpt>
      <trkpt lat="48.8523446" lon="2.4051971">
      </trkpt>
      <trkpt lat="48.8522457" lon="2.4044374">
      </trkpt>
      <trkpt lat="48.8522267" lon="2.4042511">
      </trkpt>
      <trkpt lat="48.852306" lon="2.4042427">
      </trkpt>
      <trkpt lat="48.8522929" lon="2.4041654">
      </trkpt>
      <trkpt lat="48.8522616" lon="2.4040671">
      </trkpt>
      <trkpt lat="48.8522579" lon="2.4040396">
      </trkpt>
      <trkpt lat="48.852252" lon="2.4040071">
      </trkpt>
      <trkpt lat="48.8522447" lon="2.4039667">
      </trkpt>
      <trkpt lat="48.8522418" lon="2.4039526">
      </trkpt>
      <trkpt lat="48.8522449" lon="2.4039166">
      </trkpt>
      <trkpt lat="48.8522636" lon="2.403909">
      </trkpt>
      <trkpt lat="48.8523019" lon="2.4038922">
      </trkpt>
      <trkpt lat="48.8523316" lon="2.4038792">
      </trkpt>
      <trkpt lat="48.8523624" lon="2.4038658">
      </trkpt>
      <trkpt lat="48.8521202" lon="2.402515">
      </trkpt>
      <trkpt lat="48.8519349" lon="2.4014877">
      </trkpt>
      <trkpt lat="48.8519446" lon="2.4014018">
      </trkpt>
      <trkpt lat="48.851934" lon="2.4013656">
      </trkpt>
      <trkpt lat="48.8519246" lon="2.4013344">
      </trkpt>
      <trkpt lat="48.851921" lon="2.4013097">
      </trkpt>
      <trkpt lat="48.8519204" lon="2.4012659">
      </trkpt>
      <trkpt lat="48.8518916" lon="2.4012556">
      </trkpt>
      <trkpt lat="48.8518692" lon="2.4012666">
      </trkpt>
      <trkpt lat="48.8518352" lon="2.4012791">
      </trkpt>
      <trkpt lat="48.8517984" lon="2.4012952">
      </trkpt>
      <trkpt lat="48.8517762" lon="2.4012872">
      </trkpt>
      <trkpt lat="48.8517435" lon="2.4011622">
      </trkpt>
      <trkpt lat="48.8517187" lon="2.40102">
      </trkpt>
      <trkpt lat="48.8516503" lon="2.4006282">
      </trkpt>
      <trkpt lat="48.8516486" lon="2.4006136">
      </trkpt>
      <trkpt lat="48.8516403" lon="2.4005741">
      </trkpt>
      <trkpt lat="48.8516344" lon="2.4005457">
      </trkpt>
      <trkpt lat="48.8516331" lon="2.4005353">
      </trkpt>
      <trkpt lat="48.8516252" lon="2.4004716">
      </trkpt>
      <trkpt lat="48.8515437" lon="2.3999899">
      </trkpt>
      <trkpt lat="48.85152" lon="2.3999341">
      </trkpt>
      <trkpt lat="48.8515144" lon="2.3998971">
      </trkpt>
      <trkpt lat="48.8515088" lon="2.3998633">
      </trkpt>
      <trkpt lat="48.8515031" lon="2.3998284">
      </trkpt>
      <trkpt lat="48.8514978" lon="2.3998113">
      </trkpt>
      <trkpt lat="48.8514671" lon="2.3998102">
      </trkpt>
      <trkpt lat="48.8513841" lon="2.3996788">
      </trkpt>
      <trkpt lat="48.8508374" lon="2.3989487">
      </trkpt>
      <trkpt lat="48.850819" lon="2.3988968">
      </trkpt>
      <trkpt lat="48.8508508" lon="2.3988616">
      </trkpt>
      <trkpt lat="48.850891" lon="2.3988467">
      </trkpt>
      <trkpt lat="48.8508838" lon="2.3988304">
      </trkpt>
      <trkpt lat="48.8508824" lon="2.3988208">
      </trkpt>
      <trkpt lat="48.8508786" lon="2.3987952">
      </trkpt>
      <trkpt lat="48.8509932" lon="2.3987605">
      </trkpt>
      <trkpt lat="48.8508786" lon="2.3987952">
      </trkpt>
      <trkpt lat="48.8508719" lon="2.3987497">
      </trkpt>
      <trkpt lat="48.8508656" lon="2.3987072">
      </trkpt>
      <trkpt lat="48.8508618" lon="2.3986828">
      </trkpt>
      <trkpt lat="48.8509523" lon="2.3986392">
      </trkpt>
      <trkpt lat="48.850958" lon="2.398609">
      </trkpt>
      <trkpt lat="48.8509608" lon="2.3985854">
      </trkpt>
      <trkpt lat="48.8509635" lon="2.3985631">
      </trkpt>
      <trkpt lat="48.8509686" lon="2.3985483">
      </trkpt>
      <trkpt lat="48.8510095" lon="2.3985288">
      </trkpt>
      <trkpt lat="48.8510012" lon="2.3984568">
      </trkpt>
      <trkpt lat="48.8511812" lon="2.3984031">
      </trkpt>
      <trkpt lat="48.8511795" lon="2.3983525">
      </trkpt>
      <trkpt lat="48.8511697" lon="2.3982906">
      </trkpt>
      <trkpt lat="48.8511608" lon="2.3982339">
      </trkpt>
      <trkpt lat="48.8511579" lon="2.3982157">
      </trkpt>
      <trkpt lat="48.8511551" lon="2.3981971">
      </trkpt>
      <trkpt lat="48.8511878" lon="2.3981583">
      </trkpt>
      <trkpt lat="48.8511997" lon="2.3981533">
      </trkpt>
      <trkpt lat="48.8512128" lon="2.3981495">
      </trkpt>
      <trkpt lat="48.851262" lon="2.3981267">
      </trkpt>
      <trkpt lat="48.8512713" lon="2.3981227">
      </trkpt>
      <trkpt lat="48.8513042" lon="2.3981087">
      </trkpt>
      <trkpt lat="48.8513285" lon="2.3980983">
      </trkpt>
      <trkpt lat="48.8513448" lon="2.3980902">
      </trkpt>
      <trkpt lat="48.8513701" lon="2.3981136">
      </trkpt>
      <trkpt lat="48.8520028" lon="2.3976173">
      </trkpt>
      <trkpt lat="48.8520096" lon="2.3976363">
      </trkpt>
      <trkpt lat="48.852013" lon="2.3976455">
      </trkpt>
      <trkpt lat="48.8520245" lon="2.397677">
      </trkpt>
      <trkpt lat="48.8520465" lon="2.3977372">
      </trkpt>
      <trkpt lat="48.852059" lon="2.3977713">
      </trkpt>
      <trkpt lat="48.8529383" lon="2.397112">
      </trkpt>
      <trkpt lat="48.852965" lon="2.3970923">
      </trkpt>
      <trkpt lat="48.8529989" lon="2.3970673">
      </trkpt>
      <trkpt lat="48.853028" lon="2.397045">
      </trkpt>
      <trkpt lat="48.8530631" lon="2.3970139">
      </trkpt>
      <trkpt lat="48.8537977" lon="2.3964549">
      </trkpt>
      <trkpt lat="48.8539412" lon="2.3963447">
      </trkpt>
      <trkpt lat="48.8542612" lon="2.3960996">
      </trkpt>
      <trkpt lat="48.8543061" lon="2.3960652">
      </trkpt>
      <trkpt lat="48.8543413" lon="2.3960382">
      </trkpt>
      <trkpt lat="48.8543856" lon="2.396005">
      </trkpt>
      <trkpt lat="48.8543922" lon="2.3959971">
      </trkpt>
      <trkpt lat="48.8544141" lon="2.3959917">
      </trkpt>
      <trkpt lat="48.8544291" lon="2.396034">
      </trkpt>
      <trkpt lat="48.8544418" lon="2.3960758">
      </trkpt>
      <trkpt lat="48.8544615" lon="2.3961405">
      </trkpt>
      <trkpt lat="48.8544651" lon="2.3961529">
      </trkpt>
      <trkpt lat="48.8544767" lon="2.3961923">
      </trkpt>
      <trkpt lat="48.8544467" lon="2.3962547">
      </trkpt>
      <trkpt lat="48.8544739" lon="2.396352">
      </trkpt>
      <trkpt lat="48.8547657" lon="2.3973732">
      </trkpt>
      <trkpt lat="48.85479" lon="2.3973826">
      </trkpt>
      <trkpt lat="48.8547825" lon="2.397404">
      </trkpt>
      <trkpt lat="48.8548" lon="2.3974571">
      </trkpt>
      <trkpt lat="48.854816" lon="2.3975059">
      </trkpt>
      <trkpt lat="48.8548277" lon="2.3975086">
      </trkpt>
      <trkpt lat="48.8548189" lon="2.3975663">
      </trkpt>
      <trkpt lat="48.8549344" lon="2.3979766">
      </trkpt>
      <trkpt lat="48.8550763" lon="2.3984809">
      </trkpt>
      <trkpt lat="48.8550962" lon="2.3985044">
      </trkpt>
      <trkpt lat="48.855083" lon="2.3985222">
      </trkpt>
      <trkpt lat="48.8550545" lon="2.3985609">
      </trkpt>
      <trkpt lat="48.8550397" lon="2.398581">
      </trkpt>
      <trkpt lat="48.8550252" lon="2.3985966">
      </trkpt>
      <trkpt lat="48.8550501" lon="2.3986895">
      </trkpt>
      <trkpt lat="48.8550429" lon="2.3987317">
      </trkpt>
      <trkpt lat="48.8550373" lon="2.3987364">
      </trkpt>
      <trkpt lat="48.8550479" lon="2.3987565">
      </trkpt>
      <trkpt lat="48.8550518" lon="2.3987702">
      </trkpt>
      <trkpt lat="48.8550618" lon="2.3988048">
      </trkpt>
      <trkpt lat="48.8550605" lon="2.3988491">
      </trkpt>
      <trkpt lat="48.8550804" lon="2.398847">
      </trkpt>
      <trkpt lat="48.8550918" lon="2.3988625">
      </trkpt>
      <trkpt lat="48.8553839" lon="2.3998998">
      </trkpt>
      <trkpt lat="48.8553603" lon="2.3999625">
      </trkpt>
      <trkpt lat="48.8553331" lon="2.3999749">
      </trkpt>
      <trkpt lat="48.8553111" lon="2.3999682">
      </trkpt>
      <trkpt lat="48.855278" lon="2.3999105">
      </trkpt>
      <trkpt lat="48.8549321" lon="2.3991689">
      </trkpt>
      <trkpt lat="48.8548985" lon="2.3990992">
      </trkpt>
      <trkpt lat="48.8548803" lon="2.3991277">
      </trkpt>
      <trkpt lat="48.8548637" lon="2.399162">
      </trkpt>
      <trkpt lat="48.8548471" lon="2.3991985">
      </trkpt>
      <trkpt lat="48.8548355" lon="2.3992133">
      </trkpt>
      <trkpt lat="48.8547887" lon="2.3992165">
      </trkpt>
      <trkpt lat="48.8541134" lon="2.3999283">
      </trkpt>
      <trkpt lat="48.854107" lon="2.3999132">
      </trkpt>
      <trkpt lat="48.8540981" lon="2.3998919">
      </trkpt>
      <trkpt lat="48.8540888" lon="2.3998695">
      </trkpt>
      <trkpt lat="48.854079" lon="2.3998485">
      </trkpt>
      <trkpt lat="48.854019" lon="2.3998436">
      </trkpt>
      <trkpt lat="48.8540148" lon="2.3998465">
      </trkpt>
      <trkpt lat="48.8539925" lon="2.399859">
      </trkpt>
      <trkpt lat="48.8539597" lon="2.3998774">
      </trkpt>
      <trkpt lat="48.8539545" lon="2.3998799">
      </trkpt>
      <trkpt lat="48.8537741" lon="2.3995986">
      </trkpt>
      <trkpt lat="48.8537626" lon="2.3996069">
      </trkpt>
      <trkpt lat="48.8537741" lon="2.3995986">
      </trkpt>
      <trkpt lat="48.8539545" lon="2.3998799">
      </trkpt>
      <trkpt lat="48.8539427" lon="2.3999144">
      </trkpt>
      <trkpt lat="48.8539494" lon="2.3999239">
      </trkpt>
      <trkpt lat="48.8539796" lon="2.3999642">
      </trkpt>
      <trkpt lat="48.8540026" lon="2.3999949">
      </trkpt>
      <trkpt lat="48.8540111" lon="2.4000058">
      </trkpt>
      <trkpt lat="48.8540429" lon="2.4000035">
      </trkpt>
      <trkpt lat="48.854145" lon="2.4001369">
      </trkpt>
      <trkpt lat="48.8541654" lon="2.4001631">
      </trkpt>
      <trkpt lat="48.8544167" lon="2.4005456">
      </trkpt>
      <trkpt lat="48.8544911" lon="2.4005802">
      </trkpt>
      <trkpt lat="48.8547082" lon="2.4008768">
      </trkpt>
      <trkpt lat="48.8551615" lon="2.4014438">
      </trkpt>
      <trkpt lat="48.8551661" lon="2.4014659">
      </trkpt>
      <trkpt lat="48.8551745" lon="2.4014706">
      </trkpt>
      <trkpt lat="48.8552027" lon="2.401502">
      </trkpt>
      <trkpt lat="48.8552222" lon="2.4015236">
      </trkpt>
      <trkpt lat="48.8552319" lon="2.4015353">
      </trkpt>
      <trkpt lat="48.8552494" lon="2.401532">
      </trkpt>
      <trkpt lat="48.855274" lon="2.4015581">
      </trkpt>
      <trkpt lat="48.8553475" lon="2.4016516">
      </trkpt>
      <trkpt lat="48.8555212" lon="2.4018847">
      </trkpt>
      <trkpt lat="48.8557364" lon="2.4021645">
      </trkpt>
      <trkpt lat="48.85587" lon="2.4023389">
      </trkpt>
      <trkpt lat="48.8559427" lon="2.4024292">
      </trkpt>
      <trkpt lat="48.8561134" lon="2.4026618">
      </trkpt>
      <trkpt lat="48.8561451" lon="2.402749">
      </trkpt>
      <trkpt lat="48.8563596" lon="2.403047">
      </trkpt>
      <trkpt lat="48.8563783" lon="2.4031144">
      </trkpt>
      <trkpt lat="48.8563938" lon="2.4031203">
      </trkpt>
      <trkpt lat="48.8564432" lon="2.4031391">
      </trkpt>
      <trkpt lat="48.8564671" lon="2.4031482">
      </trkpt>
      <trkpt lat="48.8564758" lon="2.4031515">
      </trkpt>
      <trkpt lat="48.8565118" lon="2.4028823">
      </trkpt>
      <trkpt lat="48.8565661" lon="2.4024826">
      </trkpt>
      <trkpt lat="48.8565692" lon="2.4024201">
      </trkpt>
      <trkpt lat="48.8565897" lon="2.4024051">
      </trkpt>
      <trkpt lat="48.8566053" lon="2.4023949">
      </trkpt>
      <trkpt lat="48.8567624" lon="2.4026415">
      </trkpt>
      <trkpt lat="48.8571151" lon="2.4031755">
      </trkpt>
      <trkpt lat="48.8571094" lon="2.4032083">
      </trkpt>
      <trkpt lat="48.8574561" lon="2.4037401">
      </trkpt>
      <trkpt lat="48.8574543" lon="2.4038261">
      </trkpt>
      <trkpt lat="48.8574526" lon="2.4039064">
      </trkpt>
      <trkpt lat="48.8575047" lon="2.4038614">
      </trkpt>
      <trkpt lat="48.8575258" lon="2.4038802">
      </trkpt>
      <trkpt lat="48.8575417" lon="2.4039017">
      </trkpt>
      <trkpt lat="48.857564" lon="2.403946">
      </trkpt>
      <trkpt lat="48.8575898" lon="2.4039996">
      </trkpt>
      <trkpt lat="48.8576048" lon="2.4040371">
      </trkpt>
      <trkpt lat="48.8576454" lon="2.4040123">
      </trkpt>
      <trkpt lat="48.8576577" lon="2.4039808">
      </trkpt>
      <trkpt lat="48.8576754" lon="2.4039613">
      </trkpt>
      <trkpt lat="48.8577005" lon="2.4039352">
      </trkpt>
      <trkpt lat="48.8577411" lon="2.4039325">
      </trkpt>
      <trkpt lat="48.8577455" lon="2.4038889">
      </trkpt>
      <trkpt lat="48.8578347" lon="2.4038212">
      </trkpt>
      <trkpt lat="48.8582454" lon="2.4033699">
      </trkpt>
      <trkpt lat="48.8578347" lon="2.4038212">
      </trkpt>
      <trkpt lat="48.8577455" lon="2.4038889">
      </trkpt>
      <trkpt lat="48.8577411" lon="2.4039325">
      </trkpt>
      <trkpt lat="48.8577005" lon="2.4039352">
      </trkpt>
      <trkpt lat="48.8576754" lon="2.4039613">
      </trkpt>
      <trkpt lat="48.8576577" lon="2.4039808">
      </trkpt>
      <trkpt lat="48.8576454" lon="2.4040123">
      </trkpt>
      <trkpt lat="48.8576048" lon="2.4040371">
      </trkpt>
      <trkpt lat="48.8574182" lon="2.4042711">
      </trkpt>
      <trkpt lat="48.8574058" lon="2.4042691">
      </trkpt>
      <trkpt lat="48.8573631" lon="2.4042687">
      </trkpt>
      <trkpt lat="48.8573441" lon="2.4042685">
      </trkpt>
      <trkpt lat="48.857333" lon="2.404268">
      </trkpt>
      <trkpt lat="48.8572395" lon="2.4043606">
      </trkpt>
      <trkpt lat="48.8571181" lon="2.4044581">
      </trkpt>
      <trkpt lat="48.8570599" lon="2.4044941">
      </trkpt>
      <trkpt lat="48.8570197" lon="2.4045357">
      </trkpt>
      <trkpt lat="48.8569111" lon="2.4046285">
      </trkpt>
      <trkpt lat="48.8568444" lon="2.4046693">
      </trkpt>
      <trkpt lat="48.8568287" lon="2.4047875">
      </trkpt>
      <trkpt lat="48.8565245" lon="2.4051168">
      </trkpt>
      <trkpt lat="48.8565324" lon="2.4051332">
      </trkpt>
      <trkpt lat="48.8565439" lon="2.4051666">
      </trkpt>
      <trkpt lat="48.8565621" lon="2.4052193">
      </trkpt>
      <trkpt lat="48.8565696" lon="2.4052294">
      </trkpt>
      <trkpt lat="48.8565053" lon="2.4053055">
      </trkpt>
      <trkpt lat="48.8564027" lon="2.4053753">
      </trkpt>
      <trkpt lat="48.8562357" lon="2.4054958">
      </trkpt>
      <trkpt lat="48.8562257" lon="2.4054819">
      </trkpt>
      <trkpt lat="48.8562149" lon="2.4054337">
      </trkpt>
      <trkpt lat="48.8562046" lon="2.4053873">
      </trkpt>
      <trkpt lat="48.8562116" lon="2.4053614">
      </trkpt>
      <trkpt lat="48.8561941" lon="2.4053538">
      </trkpt>
      <trkpt lat="48.8561833" lon="2.40538">
      </trkpt>
      <trkpt lat="48.8561322" lon="2.4053862">
      </trkpt>
      <trkpt lat="48.8561012" lon="2.40539">
      </trkpt>
      <trkpt lat="48.8560907" lon="2.4053856">
      </trkpt>
      <trkpt lat="48.8560854" lon="2.4054577">
      </trkpt>
      <trkpt lat="48.856064" lon="2.4054761">
      </trkpt>
      <trkpt lat="48.8560571" lon="2.405521">
      </trkpt>
      <trkpt lat="48.8560507" lon="2.4055548">
      </trkpt>
      <trkpt lat="48.8560312" lon="2.4056662">
      </trkpt>
      <trkpt lat="48.8560142" lon="2.4057006">
      </trkpt>
      <trkpt lat="48.8560365" lon="2.4058737">
      </trkpt>
      <trkpt lat="48.8560279" lon="2.405947">
      </trkpt>
      <trkpt lat="48.855992" lon="2.4062273">
      </trkpt>
      <trkpt lat="48.8559216" lon="2.4067402">
      </trkpt>
      <trkpt lat="48.8558639" lon="2.4071771">
      </trkpt>
      <trkpt lat="48.8558206" lon="2.4072827">
      </trkpt>
      <trkpt lat="48.8558212" lon="2.4073003">
      </trkpt>
      <trkpt lat="48.8558061" lon="2.407392">
      </trkpt>
      <trkpt lat="48.8557936" lon="2.4074683">
      </trkpt>
      <trkpt lat="48.8557923" lon="2.4074771">
      </trkpt>
      <trkpt lat="48.8558158" lon="2.4075355">
      </trkpt>
      <trkpt lat="48.8557398" lon="2.4080923">
      </trkpt>
      <trkpt lat="48.8557622" lon="2.4081041">
      </trkpt>
      <trkpt lat="48.8558034" lon="2.4081283">
      </trkpt>
      <trkpt lat="48.8558294" lon="2.4081436">
      </trkpt>
      <trkpt lat="48.8558792" lon="2.4081729">
      </trkpt>
      <trkpt lat="48.8558616" lon="2.408273">
      </trkpt>
      <trkpt lat="48.8563372" lon="2.4088063">
      </trkpt>
      <trkpt lat="48.8563246" lon="2.4088329">
      </trkpt>
      <trkpt lat="48.8563073" lon="2.4088668">
      </trkpt>
      <trkpt lat="48.8562928" lon="2.4088946">
      </trkpt>
      <trkpt lat="48.8562846" lon="2.4089122">
      </trkpt>
      <trkpt lat="48.8565919" lon="2.4092585">
      </trkpt>
      <trkpt lat="48.8565742" lon="2.4092909">
      </trkpt>
      <trkpt lat="48.8565985" lon="2.4093231">
      </trkpt>
      <trkpt lat="48.8566167" lon="2.409347">
      </trkpt>
      <trkpt lat="48.8566461" lon="2.4093854">
      </trkpt>
      <trkpt lat="48.8566629" lon="2.4094096">
      </trkpt>
      <trkpt lat="48.8564401" lon="2.409773">
      </trkpt>
      <trkpt lat="48.8563885" lon="2.4098656">
      </trkpt>
      <trkpt lat="48.8563894" lon="2.4098853">
      </trkpt>
      <trkpt lat="48.8563915" lon="2.4099333">
      </trkpt>
      <trkpt lat="48.856394" lon="2.4099775">
      </trkpt>
      <trkpt lat="48.856396" lon="2.4100117">
      </trkpt>
      <trkpt lat="48.8563971" lon="2.4100419">
      </trkpt>
      <trkpt lat="48.8563988" lon="2.4100654">
      </trkpt>
      <trkpt lat="48.8564026" lon="2.4101183">
      </trkpt>
      <trkpt lat="48.8564035" lon="2.4101314">
      </trkpt>
      <trkpt lat="48.8564087" lon="2.410164">
      </trkpt>
      <trkpt lat="48.8564116" lon="2.4102017">
      </trkpt>
      <trkpt lat="48.8564145" lon="2.4102397">
      </trkpt>
      <trkpt lat="48.8564171" lon="2.4102835">
      </trkpt>
      <trkpt lat="48.8564181" lon="2.4103086">
      </trkpt>
      <trkpt lat="48.8564194" lon="2.4103345">
      </trkpt>
      <trkpt lat="48.8564205" lon="2.4103506">
      </trkpt>
      <trkpt lat="48.8569728" lon="2.4110109">
      </trkpt>
      <trkpt lat="48.8569961" lon="2.4110365">
      </trkpt>
      <trkpt lat="48.8570201" lon="2.4110638">
      </trkpt>
      <trkpt lat="48.857037" lon="2.4110848">
      </trkpt>
      <trkpt lat="48.8570613" lon="2.4111131">
      </trkpt>
      <trkpt lat="48.8570769" lon="2.4111331">
      </trkpt>
      <trkpt lat="48.8572633" lon="2.4113752">
      </trkpt>
      <trkpt lat="48.857264" lon="2.4114318">
      </trkpt>
      <trkpt lat="48.857263" lon="2.4114799">
      </trkpt>
      <trkpt lat="48.8572627" lon="2.4115351">
      </trkpt>
      <trkpt lat="48.8572615" lon="2.4115596">
      </trkpt>
      <trkpt lat="48.8572346" lon="2.4116171">
      </trkpt>
      <trkpt lat="48.8572306" lon="2.4116386">
      </trkpt>
      <trkpt lat="48.8573084" lon="2.4119635">
      </trkpt>
      <trkpt lat="48.8577097" lon="2.4131677">
      </trkpt>
      <trkpt lat="48.8577948" lon="2.4134274">
      </trkpt>
      <trkpt lat="48.8578199" lon="2.4135039">
      </trkpt>
      <trkpt lat="48.8578279" lon="2.4135501">
      </trkpt>
      <trkpt lat="48.8578271" lon="2.4136025">
      </trkpt>
      <trkpt lat="48.8578053" lon="2.4136708">
      </trkpt>
      <trkpt lat="48.8578079" lon="2.4136932">
      </trkpt>
      <trkpt lat="48.8578184" lon="2.4137054">
      </trkpt>
      <trkpt lat="48.8578508" lon="2.4137084">
      </trkpt>
      <trkpt lat="48.8578588" lon="2.4137185">
      </trkpt>
      <trkpt lat="48.8578603" lon="2.4137479">
      </trkpt>
      <trkpt lat="48.8578326" lon="2.4144319">
      </trkpt>
      <trkpt lat="48.8577492" lon="2.4144239">
      </trkpt>
      <trkpt lat="48.8577023" lon="2.4144193">
      </trkpt>
      <trkpt lat="48.8577005" lon="2.4144579">
      </trkpt>
      <trkpt lat="48.8577412" lon="2.4144633">
      </trkpt>
      <trkpt lat="48.8577523" lon="2.4144649">
      </trkpt>
      <trkpt lat="48.8577522" lon="2.4145491">
      </trkpt>
      <trkpt lat="48.8577531" lon="2.4146276">
      </trkpt>
      <trkpt lat="48.8565764" lon="2.4148363">
      </trkpt>
      <trkpt lat="48.8561414" lon="2.4149027">
      </trkpt>
      <trkpt lat="48.8561037" lon="2.4149087">
      </trkpt>
      <trkpt lat="48.8555834" lon="2.4149926">
      </trkpt>
      <trkpt lat="48.8552484" lon="2.4150494">
      </trkpt>
      <trkpt lat="48.8552501" lon="2.415073">
      </trkpt>
      <trkpt lat="48.8552519" lon="2.4150967">
      </trkpt>
      <trkpt lat="48.8550077" lon="2.4151357">
      </trkpt>
      <trkpt lat="48.8550091" lon="2.4151561">
      </trkpt>
      <trkpt lat="48.8550138" lon="2.415224">
      </trkpt>
      <trkpt lat="48.8549682" lon="2.4152347">
      </trkpt>
      <trkpt lat="48.8544501" lon="2.4153291">
      </trkpt>
      <trkpt lat="48.8544128" lon="2.4153363">
      </trkpt>
      <trkpt lat="48.8543769" lon="2.4153432">
      </trkpt>
      <trkpt lat="48.8543093" lon="2.4153562">
      </trkpt>
      <trkpt lat="48.8541813" lon="2.4153708">
      </trkpt>
      <trkpt lat="48.854174" lon="2.4153326">
      </trkpt>
      <trkpt lat="48.8541728" lon="2.4153201">
      </trkpt>
      <trkpt lat="48.8538177" lon="2.4153663">
      </trkpt>
      <trkpt lat="48.8537802" lon="2.4153442">
      </trkpt>
      <trkpt lat="48.853759" lon="2.4153234">
      </trkpt>
      <trkpt lat="48.8537501" lon="2.4153249">
      </trkpt>
      <trkpt lat="48.8537366" lon="2.4153271">
      </trkpt>
      <trkpt lat="48.8537119" lon="2.415333">
      </trkpt>
      <trkpt lat="48.8537097" lon="2.4153096">
      </trkpt>
      <trkpt lat="48.853709" lon="2.4152855">
      </trkpt>
      <trkpt lat="48.8532923" lon="2.4153563">
      </trkpt>
      <trkpt lat="48.8531752" lon="2.4153756">
      </trkpt>
      <trkpt lat="48.8522035" lon="2.4155455">
      </trkpt>
      <trkpt lat="48.8520002" lon="2.4155843">
      </trkpt>
      <trkpt lat="48.8513498" lon="2.4157081">
      </trkpt>
      <trkpt lat="48.851215" lon="2.4157232">
      </trkpt>
      <trkpt lat="48.8508712" lon="2.4157808">
      </trkpt>
      <trkpt lat="48.8494264" lon="2.416021">
      </trkpt>
      <trkpt lat="48.8493452" lon="2.4160289">
      </trkpt>
      <trkpt lat="48.849321" lon="2.4160205">
      </trkpt>
      <trkpt lat="48.8493052" lon="2.4160191">
      </trkpt>
      <trkpt lat="48.8492746" lon="2.4160165">
      </trkpt>
      <trkpt lat="48.8492486" lon="2.4160143">
      </trkpt>
      <trkpt lat="48.8492329" lon="2.4160147">
      </trkpt>
      <trkpt lat="48.8492067" lon="2.416024">
      </trkpt>
      <trkpt lat="48.8492348" lon="2.4155446">
      </trkpt>
      <trkpt lat="48.8492492" lon="2.4146325">
      </trkpt>
      <trkpt lat="48.8492047" lon="2.4144166">
      </trkpt>
      <trkpt lat="48.8491943" lon="2.4143565">
      </trkpt>
      <trkpt lat="48.8481847" lon="2.4141609">
      </trkpt>
      <trkpt lat="48.847634" lon="2.4136314">
      </trkpt>
      <trkpt lat="48.8475456" lon="2.4136109">
      </trkpt>
      <trkpt lat="48.8471908" lon="2.4135329">
      </trkpt>
      <trkpt lat="48.8471879" lon="2.4135672">
      </trkpt>
      <trkpt lat="48.8470951" lon="2.4135489">
      </trkpt>
      <trkpt lat="48.84705" lon="2.4135401">
      </trkpt>
      <trkpt lat="48.8470146" lon="2.4135331">
      </trkpt>
      <trkpt lat="48.8469591" lon="2.4135222">
      </trkpt>
      <trkpt lat="48.8469412" lon="2.4135188">
      </trkpt>
      <trkpt lat="48.8468901" lon="2.4135089">
      </trkpt>
      <trkpt lat="48.8468515" lon="2.4135015">
      </trkpt>
      <trkpt lat="48.8468249" lon="2.4134963">
      </trkpt>
      <trkpt lat="48.8467898" lon="2.4134896">
      </trkpt>
      <trkpt lat="48.8467303" lon="2.4134781">
      </trkpt>
      <trkpt lat="48.8467072" lon="2.4134737">
      </trkpt>
      <trkpt lat="48.8466555" lon="2.4134637">
      </trkpt>
      <trkpt lat="48.8466108" lon="2.4134577">
      </trkpt>
      <trkpt lat="48.8465755" lon="2.4134262">
      </trkpt>
      <trkpt lat="48.8464453" lon="2.4133866">
      </trkpt>
      <trkpt lat="48.846126" lon="2.4133205">
      </trkpt>
      <trkpt lat="48.8461212" lon="2.4133785">
      </trkpt>
      <trkpt lat="48.846126" lon="2.4133205">
      </trkpt>
      <trkpt lat="48.8464453" lon="2.4133866">
      </trkpt>
      <trkpt lat="48.8465755" lon="2.4134262">
      </trkpt>
      <trkpt lat="48.8466108" lon="2.4134577">
      </trkpt>
      <trkpt lat="48.8466076" lon="2.4134945">
      </trkpt>
      <trkpt lat="48.8466021" lon="2.4135581">
      </trkpt>
      <trkpt lat="48.8465964" lon="2.413633">
      </trkpt>
      <trkpt lat="48.8465873" lon="2.413676">
      </trkpt>
      <trkpt lat="48.8465622" lon="2.4137024">
      </trkpt>
      <trkpt lat="48.8465408" lon="2.4137066">
      </trkpt>
      <trkpt lat="48.8465076" lon="2.4137068">
      </trkpt>
      <trkpt lat="48.8464708" lon="2.4137118">
      </trkpt>
      <trkpt lat="48.8464576" lon="2.41373">
      </trkpt>
      <trkpt lat="48.8464415" lon="2.4137522">
      </trkpt>
      <trkpt lat="48.8463824" lon="2.4137782">
      </trkpt>
      <trkpt lat="48.8463736" lon="2.41378">
      </trkpt>
      <trkpt lat="48.846366" lon="2.4137821">
      </trkpt>
      <trkpt lat="48.8463445" lon="2.4138191">
      </trkpt>
      <trkpt lat="48.8463332" lon="2.4138483">
      </trkpt>
      <trkpt lat="48.8463308" lon="2.4138862">
      </trkpt>
      <trkpt lat="48.8463264" lon="2.4139425">
      </trkpt>
      <trkpt lat="48.846322" lon="2.413999">
      </trkpt>
      <trkpt lat="48.8462795" lon="2.4146552">
      </trkpt>
      <trkpt lat="48.8463017" lon="2.4148098">
      </trkpt>
      <trkpt lat="48.8462995" lon="2.4148483">
      </trkpt>
      <trkpt lat="48.8462874" lon="2.4149196">
      </trkpt>
      <trkpt lat="48.8462757" lon="2.4149888">
      </trkpt>
      <trkpt lat="48.8462676" lon="2.4150427">
      </trkpt>
      <trkpt lat="48.8463071" lon="2.4150672">
      </trkpt>
      <trkpt lat="48.8464019" lon="2.4151315">
      </trkpt>
      <trkpt lat="48.8464441" lon="2.4151924">
      </trkpt>
      <trkpt lat="48.8464715" lon="2.415269">
      </trkpt>
      <trkpt lat="48.8464729" lon="2.4153398">
      </trkpt>
      <trkpt lat="48.846463" lon="2.4154817">
      </trkpt>
      <trkpt lat="48.846442" lon="2.4157304">
      </trkpt>
      <trkpt lat="48.8463549" lon="2.4157128">
      </trkpt>
      <trkpt lat="48.8463154" lon="2.4157029">
      </trkpt>
      <trkpt lat="48.8462614" lon="2.4156894">
      </trkpt>
      <trkpt lat="48.8462709" lon="2.4156511">
      </trkpt>
      <trkpt lat="48.8462976" lon="2.4153415">
      </trkpt>
      <trkpt lat="48.8462955" lon="2.415305">
      </trkpt>
      <trkpt lat="48.8462796" lon="2.4152868">
      </trkpt>
      <trkpt lat="48.8462432" lon="2.4152768">
      </trkpt>
      <trkpt lat="48.8462796" lon="2.4152868">
      </trkpt>
      <trkpt lat="48.8462955" lon="2.415305">
      </trkpt>
      <trkpt lat="48.8462976" lon="2.4153415">
      </trkpt>
      <trkpt lat="48.8462709" lon="2.4156511">
      </trkpt>
      <trkpt lat="48.8462614" lon="2.4156894">
      </trkpt>
      <trkpt lat="48.8462273" lon="2.4156971">
      </trkpt>
      <trkpt lat="48.8460606" lon="2.4156587">
      </trkpt>
      <trkpt lat="48.8459809" lon="2.4156427">
      </trkpt>
      <trkpt lat="48.845409" lon="2.4155212">
      </trkpt>
      <trkpt lat="48.8453636" lon="2.4155128">
      </trkpt>
      <trkpt lat="48.845344" lon="2.415478">
      </trkpt>
      <trkpt lat="48.8453327" lon="2.4154361">
      </trkpt>
      <trkpt lat="48.8453139" lon="2.4153483">
      </trkpt>
      <trkpt lat="48.8452596" lon="2.4150555">
      </trkpt>
      <trkpt lat="48.845254" lon="2.4150282">
      </trkpt>
      <trkpt lat="48.8452429" lon="2.414975">
      </trkpt>
      <trkpt lat="48.8452313" lon="2.4149244">
      </trkpt>
      <trkpt lat="48.8451969" lon="2.4147536">
      </trkpt>
      <trkpt lat="48.8451334" lon="2.4147371">
      </trkpt>
      <trkpt lat="48.8450591" lon="2.4147067">
      </trkpt>
      <trkpt lat="48.845018" lon="2.414693">
      </trkpt>
      <trkpt lat="48.8448333" lon="2.4146306">
      </trkpt>
      <trkpt lat="48.8444873" lon="2.4145351">
      </trkpt>
      <trkpt lat="48.8442687" lon="2.4144899">
      </trkpt>
      <trkpt lat="48.8440979" lon="2.4144625">
      </trkpt>
      <trkpt lat="48.8440698" lon="2.4145018">
      </trkpt>
      <trkpt lat="48.8440459" lon="2.4145522">
      </trkpt>
      <trkpt lat="48.8440151" lon="2.4146862">
      </trkpt>
      <trkpt lat="48.8439991" lon="2.4148526">
      </trkpt>
      <trkpt lat="48.8439678" lon="2.4148393">
      </trkpt>
      <trkpt lat="48.8439363" lon="2.4148233">
      </trkpt>
      <trkpt lat="48.8438536" lon="2.4147987">
      </trkpt>
      <trkpt lat="48.8438106" lon="2.4147886">
      </trkpt>
      <trkpt lat="48.8437882" lon="2.4147838">
      </trkpt>
      <trkpt lat="48.8437425" lon="2.4147739">
      </trkpt>
      <trkpt lat="48.8437635" lon="2.4147154">
      </trkpt>
      <trkpt lat="48.843772" lon="2.4145946">
      </trkpt>
      <trkpt lat="48.8437295" lon="2.4145882">
      </trkpt>
      <trkpt lat="48.8431961" lon="2.4145143">
      </trkpt>
      <trkpt lat="48.8429561" lon="2.4144381">
      </trkpt>
      <trkpt lat="48.8428704" lon="2.4144268">
      </trkpt>
      <trkpt lat="48.8413014" lon="2.4141667">
      </trkpt>
      <trkpt lat="48.8406227" lon="2.414054">
      </trkpt>
      <trkpt lat="48.8399917" lon="2.4139427">
      </trkpt>
      <trkpt lat="48.839882" lon="2.413913">
      </trkpt>
      <trkpt lat="48.8398546" lon="2.4139055">
      </trkpt>
      <trkpt lat="48.8397727" lon="2.4138833">
      </trkpt>
      <trkpt lat="48.8395898" lon="2.4138321">
      </trkpt>
      <trkpt lat="48.8382698" lon="2.4134672">
      </trkpt>
      <trkpt lat="48.8381324" lon="2.4134246">
      </trkpt>
      <trkpt lat="48.8377752" lon="2.4133102">
      </trkpt>
      <trkpt lat="48.8372272" lon="2.4131095">
      </trkpt>
      <trkpt lat="48.8366701" lon="2.4128993">
      </trkpt>
      <trkpt lat="48.8362172" lon="2.4127315">
      </trkpt>
      <trkpt lat="48.8362195" lon="2.4128537">
      </trkpt>
      <trkpt lat="48.8361664" lon="2.4128338">
      </trkpt>
      <trkpt lat="48.8361437" lon="2.4128287">
      </trkpt>
    </trkseg>
  </trk>
</gpx>