<?xml version="1.0" encoding="UTF-8"?>
<gpx xmlns="http://www.topografix.com/GPX/1/1" xmlns:xsi="http://www.w3.org/2001/XMLSchema-instance" xsi:schemaLocation="http://www.topografix.com/GPX/1/1 http://www.topografix.com/GPX/1/1/gpx.xsd" version="1.1" creator="invadrun">
  <metadata>
    <name>Invadrun stage 3</name>
    <desc>39.5 km, 183 walls</desc>
  </metadata>
  <wpt lat="48.860382" lon="2.364672">
    <name>PA_0503</name>
    <cmt>#1 · 78.9 km</cmt>
    <desc>74 rue de Turenne</desc>
    <sym>Flag, Blue</sym>
  </wpt>
  <wpt lat="48.861085" lon="2.36695">
    <name>PA_1033</name>
    <cmt>#2 · 79.2 km</cmt>
    <desc>1 boulevard des Filles du Calvaire</desc>
    <sym>Flag, Blue</sym>
  </wpt>
  <wpt lat="48.8616" lon="2.367487">
    <name>PA_0072</name>
    <cmt>#3 · 79.3 km</cmt>
    <desc>rue Charles Luizet</desc>
    <sym>Flag, Blue</sym>
  </wpt>
  <wpt lat="48.86267" lon="2.36748">
    <name>PA_1244</name>
    <cmt>#4 · 79.4 km</cmt>
    <desc>4 rue Oberkampf</desc>
    <sym>Flag, Blue</sym>
  </wpt>
  <wpt lat="48.86167" lon="2.36546">
    <name>PA_0517</name>
    <cmt>#5 · 79.6 km</cmt>
    <desc>13 rue Froissart</desc>
    <sym>Flag, Blue</sym>
  </wpt>
  <wpt lat="48.861797" lon="2.365288">
    <name>PA_1064</name>
    <cmt>#6 · 79.6 km</cmt>
    <desc>16 rue Froissart</desc>
    <sym>Flag, Blue</sym>
  </wpt>
  <wpt lat="48.861817" lon="2.364411">
    <name>PA_1094</name>
    <cmt>#7 · 79.7 km</cmt>
    <desc>132 rue Vieille du Temple</desc>
    <sym>Flag, Blue</sym>
  </wpt>
  <wpt lat="48.862195" lon="2.363702">
    <name>PA_0655</name>
    <cmt>#8 · 79.8 km</cmt>
    <desc>34 rue Debelleyme</desc>
    <sym>Flag, Blue</sym>
  </wpt>
  <wpt lat="48.862364" lon="2.363723">
    <name>PA_0820</name>
    <cmt>#9 · 79.8 km</cmt>
    <desc>10 rue de Bretagne</desc>
    <sym>Flag, Blue</sym>
  </wpt>
  <wpt lat="48.86096" lon="2.36275">
    <name>PA_0032</name>
    <cmt>#10 · 80.0 km</cmt>
    <desc>108 rue Vieille du Temple</desc>
    <sym>Flag, Blue</sym>
  </wpt>
  <wpt lat="48.861041" lon="2.362933">
    <name>PA_0796</name>
    <cmt>#11 · 80.0 km</cmt>
    <desc>110 rue Vieille du Temple</desc>
    <sym>Flag, Blue</sym>
  </wpt>
  <wpt lat="48.861165" lon="2.363171">
    <name>PA_0696</name>
    <cmt>#12 · 80.0 km</cmt>
    <desc>9 rue Debellyeme</desc>
    <sym>Flag, Blue</sym>
  </wpt>
  <wpt lat="48.861596" lon="2.363004">
    <name>PA_0575</name>
    <cmt>#13 · 80.0 km</cmt>
    <desc>22 rue de Poitou</desc>
    <sym>Flag, Blue</sym>
  </wpt>
  <wpt lat="48.86167" lon="2.362442">
    <name>PA_0376</name>
    <cmt>#14 · 80.1 km</cmt>
    <desc>28 rue de Poitou</desc>
    <sym>Flag, Blue</sym>
  </wpt>
  <wpt lat="48.86174" lon="2.36131">
    <name>PA_0378</name>
    <cmt>#15 · 80.1 km</cmt>
    <desc>45 rue de Poitou</desc>
    <sym>Flag, Blue</sym>
  </wpt>
  <wpt lat="48.862597" lon="2.359894">
    <name>PA_0029</name>
    <cmt>#16 · 80.3 km</cmt>
    <desc>21 rue Pastourelle</desc>
    <sym>Flag, Blue</sym>
  </wpt>
  <wpt lat="48.861207" lon="2.357949">
    <name>PA_0027</name>
    <cmt>#17 · 80.5 km</cmt>
    <desc>fontaine des Haudriettes</desc>
    <sym>Flag, Blue</sym>
  </wpt>
  <wpt lat="48.860747" lon="2.357133">
    <name>PA_0406</name>
    <cmt>#18 · 80.6 km</cmt>
    <desc>4 rue de Braque</desc>
    <sym>Flag, Blue</sym>
  </wpt>
  <wpt lat="48.862132" lon="2.356246">
    <name>PA_0722</name>
    <cmt>#19 · 80.8 km</cmt>
    <desc>11 rue Michel Lecomte</desc>
    <sym>Flag, Blue</sym>
  </wpt>
  <wpt lat="48.862668" lon="2.35441">
    <name>PA_0396</name>
    <cmt>#20 · 81.0 km</cmt>
    <desc>49 rue de Beaubourg</desc>
    <sym>Flag, Blue</sym>
  </wpt>
  <wpt lat="48.86391" lon="2.354822">
    <name>PA_1157</name>
    <cmt>#21 · 81.1 km</cmt>
    <desc>81 rue de Beaubourg</desc>
    <sym>Flag, Blue</sym>
  </wpt>
  <wpt lat="48.864156" lon="2.355424">
    <name>PA_1170</name>
    <cmt>#22 · 81.2 km</cmt>
    <desc>45 rue des Gravilliers</desc>
    <sym>Flag, Blue</sym>
  </wpt>
  <wpt lat="48.864746" lon="2.353433">
    <name>PA_0638</name>
    <cmt>#23 · 81.3 km</cmt>
    <desc>79 rue des Gravilliers</desc>
    <sym>Flag, Blue</sym>
  </wpt>
  <wpt lat="48.864989" lon="2.354527">
    <name>PA_1065</name>
    <cmt>#24 · 81.4 km</cmt>
    <desc>59 rue au Maire (Simpson)</desc>
    <sym>Flag, Blue</sym>
  </wpt>
  <wpt lat="48.86477" lon="2.356862">
    <name>PA_0450</name>
    <cmt>#25 · 81.6 km</cmt>
    <desc>5 rue Volta</desc>
    <sym>Flag, Blue</sym>
  </wpt>
  <wpt lat="48.865294" lon="2.356472">
    <name>PA_0193</name>
    <cmt>#26 · 81.7 km</cmt>
    <desc>29 rue de Réaumur</desc>
    <sym>Flag, Blue</sym>
  </wpt>
  <wpt lat="48.866668" lon="2.358042">
    <name>PA_1266</name>
    <cmt>#27 · 82.0 km</cmt>
    <desc>41 rue Volta</desc>
    <sym>Flag, Blue</sym>
  </wpt>
  <wpt lat="48.86697" lon="2.36199">
    <name>PA_1347</name>
    <cmt>#28 · 82.3 km</cmt>
    <desc>6 rue Notre-Dame-de-Nazareth</desc>
    <sym>Flag, Blue</sym>
  </wpt>
  <wpt lat="48.86545" lon="2.36028">
    <name>PA_1281</name>
    <cmt>#29 · 82.5 km</cmt>
    <desc>2 rue des Fontaines du Temple</desc>
    <sym>Flag, Blue</sym>
  </wpt>
  <wpt lat="48.864751" lon="2.359575">
    <name>PA_0846</name>
    <cmt>#30 · 82.6 km</cmt>
    <desc>4 rue de Réaumur</desc>
    <sym>Flag, Blue</sym>
  </wpt>
  <wpt lat="48.865017" lon="2.358505">
    <name>PA_1046</name>
    <cmt>#31 · 82.7 km</cmt>
    <desc>22 rue Réaumur</desc>
    <sym>Flag, Blue</sym>
  </wpt>
  <wpt lat="48.862872" lon="2.362363">
    <name>PA_1068</name>
    <cmt>#32 · 83.1 km</cmt>
    <desc>39 rue de Bretagne</desc>
    <sym>Flag, Blue</sym>
  </wpt>
  <wpt lat="48.863771" lon="2.362772">
    <name>PA_0959</name>
    <cmt>#33 · 83.2 km</cmt>
    <desc>1 rue du Forez</desc>
    <sym>Flag, Blue</sym>
  </wpt>
  <wpt lat="48.864634" lon="2.363456">
    <name>PA_0025</name>
    <cmt>#34 · 83.3 km</cmt>
    <desc>2 rue de la Corderie</desc>
    <sym>Flag, Blue</sym>
  </wpt>
  <wpt lat="48.86436" lon="2.364217">
    <name>PA_0746</name>
    <cmt>#35 · 83.4 km</cmt>
    <desc>79 rue Charlot</desc>
    <sym>Flag, Blue</sym>
  </wpt>
  <wpt lat="48.864552" lon="2.364555">
    <name>PA_0083</name>
    <cmt>#36 · 83.4 km</cmt>
    <desc>fontaine Boucherat</desc>
    <sym>Flag, Blue</sym>
  </wpt>
  <wpt lat="48.86588" lon="2.36391">
    <name>PA_0955</name>
    <cmt>#37 · 83.5 km</cmt>
    <desc>12 rue Béranger</desc>
    <sym>Flag, Blue</sym>
  </wpt>
  <wpt lat="48.866341" lon="2.364533">
    <name>PA_0963</name>
    <cmt>#38 · 83.7 km</cmt>
    <desc>41 boulevard du Temple</desc>
    <sym>Flag, Blue</sym>
  </wpt>
  <wpt lat="48.866361" lon="2.364673">
    <name>PA_0501</name>
    <cmt>#39 · 83.7 km</cmt>
    <desc>au pied des escaliers du boulevard du Temple</desc>
    <sym>Flag, Blue</sym>
  </wpt>
  <wpt lat="48.86744" lon="2.3638">
    <name>PA_0105</name>
    <cmt>#40 · 83.9 km</cmt>
    <desc>à droite du lion de la statue</desc>
    <sym>Flag, Blue</sym>
  </wpt>
  <wpt lat="48.868935" lon="2.362326">
    <name>PA_1419</name>
    <cmt>#41 · 84.2 km</cmt>
    <desc>1 rue du Château d'Eau</desc>
    <sym>Flag, Blue</sym>
  </wpt>
  <wpt lat="48.868562" lon="2.363243">
    <name>PA_1154</name>
    <cmt>#42 · 84.2 km</cmt>
    <desc>0 rue Léon Jouhaux</desc>
    <sym>Flag, Blue</sym>
  </wpt>
  <wpt lat="48.86818" lon="2.36524">
    <name>PA_0270</name>
    <cmt>#43 · 84.4 km</cmt>
    <desc>2 rue Yves Toudic</desc>
    <sym>Flag, Blue</sym>
  </wpt>
  <wpt lat="48.868625" lon="2.366984">
    <name>PA_0882</name>
    <cmt>#44 · 84.6 km</cmt>
    <desc>29 boulevard Jules Ferry</desc>
    <sym>Flag, Blue</sym>
  </wpt>
  <wpt lat="48.868861" lon="2.367355">
    <name>PA_0250</name>
    <cmt>#45 · 84.6 km</cmt>
    <desc>entrée du mini-square de Jemmapes</desc>
    <sym>Flag, Blue</sym>
  </wpt>
  <wpt lat="48.869474" lon="2.367228">
    <name>PA_0120</name>
    <cmt>#46 · 84.8 km</cmt>
    <desc>44 quai de Jemmapes</desc>
    <sym>Flag, Blue</sym>
  </wpt>
  <wpt lat="48.869494" lon="2.36897">
    <name>PA_0743</name>
    <cmt>#47 · 85.0 km</cmt>
    <desc>45 rue du Faubourg du Temple</desc>
    <sym>Flag, Blue</sym>
  </wpt>
  <wpt lat="48.868623" lon="2.371913">
    <name>PA_0774</name>
    <cmt>#48 · 85.3 km</cmt>
    <desc>119 avenue Parmentier</desc>
    <sym>Flag, Blue</sym>
  </wpt>
  <wpt lat="48.869106" lon="2.372997">
    <name>PA_0591</name>
    <cmt>#49 · 85.4 km</cmt>
    <desc>villa du Clos de Malvert</desc>
    <sym>Flag, Blue</sym>
  </wpt>
  <wpt lat="48.868146" lon="2.373402">
    <name>PA_0466</name>
    <cmt>#50 · 85.5 km</cmt>
    <desc>51 rue de la Fontaine au Roi</desc>
    <sym>Flag, Blue</sym>
  </wpt>
  <wpt lat="48.868299" lon="2.374516">
    <name>PA_0248</name>
    <cmt>#51 · 85.7 km</cmt>
    <desc>64 rue de la Fontaine au Roi</desc>
    <sym>Flag, Blue</sym>
  </wpt>
  <wpt lat="48.870261" lon="2.373237">
    <name>PA_0446</name>
    <cmt>#52 · 86.0 km</cmt>
    <desc>174 rue Saint-Maur</desc>
    <sym>Flag, Blue</sym>
  </wpt>
  <wpt lat="48.870664" lon="2.37335">
    <name>PA_0293</name>
    <cmt>#53 · 86.0 km</cmt>
    <desc>84 rue du Faubourg du Temple</desc>
    <sym>Flag, Blue</sym>
  </wpt>
  <wpt lat="48.87084" lon="2.37355">
    <name>PA_0283</name>
    <cmt>#54 · 86.1 km</cmt>
    <desc>101 rue du Faubourg du Temple</desc>
    <sym>Flag, Blue</sym>
  </wpt>
  <wpt lat="48.870979" lon="2.373844">
    <name>PA_0548</name>
    <cmt>#55 · 86.1 km</cmt>
    <desc>103 rue du Faubourg du Temple</desc>
    <sym>Flag, Blue</sym>
  </wpt>
  <wpt lat="48.871109" lon="2.374427">
    <name>PA_0222</name>
    <cmt>#56 · 86.1 km</cmt>
    <desc>94 rue du Faubourg du Temple</desc>
    <sym>Flag, Blue</sym>
  </wpt>
  <wpt lat="48.87163" lon="2.37615">
    <name>PA_0279</name>
    <cmt>#57 · 86.2 km</cmt>
    <desc>116 rue du Faubourg du Temple</desc>
    <sym>Flag, Blue</sym>
  </wpt>
  <wpt lat="48.87414" lon="2.37435">
    <name>PA_0991</name>
    <cmt>#58 · 86.6 km</cmt>
    <desc>33 boulevard de la Villette</desc>
    <sym>Flag, Blue</sym>
  </wpt>
  <wpt lat="48.874305" lon="2.372611">
    <name>PA_0198</name>
    <cmt>#59 · 86.8 km</cmt>
    <desc>27 rue Sainte-Marthe</desc>
    <sym>Flag, Blue</sym>
  </wpt>
  <wpt lat="48.875379" lon="2.369037">
    <name>PA_0507</name>
    <cmt>#60 · 87.1 km</cmt>
    <desc>21 rue Juliette Dodu</desc>
    <sym>Flag, Blue</sym>
  </wpt>
  <wpt lat="48.877651" lon="2.370595">
    <name>PA_0437</name>
    <cmt>#61 · 87.5 km</cmt>
    <desc>place du Colonel Fabien</desc>
    <sym>Flag, Blue</sym>
  </wpt>
  <wpt lat="48.87801" lon="2.37682">
    <name>PA_0201</name>
    <cmt>#62 · 88.0 km</cmt>
    <desc>19 rue Georges Lardennois</desc>
    <sym>Flag, Blue</sym>
  </wpt>
  <wpt lat="48.876522" lon="2.378205">
    <name>PA_0671</name>
    <cmt>#63 · 88.2 km</cmt>
    <desc>54 avenue Bolivar</desc>
    <sym>Flag, Blue</sym>
  </wpt>
  <wpt lat="48.87615" lon="2.381094">
    <name>PA_0443</name>
    <cmt>#64 · 88.5 km</cmt>
    <desc>entrée sud des Buttes Chaumont</desc>
    <sym>Flag, Blue</sym>
  </wpt>
  <wpt lat="48.875696" lon="2.381437">
    <name>PA_0708</name>
    <cmt>#65 · 88.5 km</cmt>
    <desc>11 passage Gauthier</desc>
    <sym>Flag, Blue</sym>
  </wpt>
  <wpt lat="48.875669" lon="2.382055">
    <name>PA_1092</name>
    <cmt>#66 · 88.6 km</cmt>
    <desc>18-20 rue Pradier</desc>
    <sym>Flag, Blue</sym>
  </wpt>
  <wpt lat="48.875831" lon="2.383608">
    <name>PA_0738</name>
    <cmt>#67 · 88.8 km</cmt>
    <desc>20 rue Clavel</desc>
    <sym>Flag, Blue</sym>
  </wpt>
  <wpt lat="48.874863" lon="2.382439">
    <name>PA_0670</name>
    <cmt>#68 · 89.0 km</cmt>
    <desc>17 rue de l'Équerre</desc>
    <sym>Flag, Blue</sym>
  </wpt>
  <wpt lat="48.873796" lon="2.382938">
    <name>PA_0221</name>
    <cmt>#69 · 89.1 km</cmt>
    <desc>91 rue Rebeval</desc>
    <sym>Flag, Blue</sym>
  </wpt>
  <wpt lat="48.873293" lon="2.38255">
    <name>PA_0732</name>
    <cmt>#70 · 89.2 km</cmt>
    <desc>2 rue Jouye-Rouve</desc>
    <sym>Flag, Blue</sym>
  </wpt>
  <wpt lat="48.873155" lon="2.381651">
    <name>PA_0547</name>
    <cmt>#71 · 89.2 km</cmt>
    <desc>place Fréhel</desc>
    <sym>Flag, Blue</sym>
  </wpt>
  <wpt lat="48.872319" lon="2.378194">
    <name>PA_0826</name>
    <cmt>#72 · 89.5 km</cmt>
    <desc>22 rue Denoyez</desc>
    <sym>Flag, Blue</sym>
  </wpt>
  <wpt lat="48.870538" lon="2.377714">
    <name>PA_0733</name>
    <cmt>#73 · 89.8 km</cmt>
    <desc>38 rue du Moulin Joly</desc>
    <sym>Flag, Blue</sym>
  </wpt>
  <wpt lat="48.869815" lon="2.378334">
    <name>PA_0384</name>
    <cmt>#74 · 89.9 km</cmt>
    <desc>26 rue du Moulin Joly</desc>
    <sym>Flag, Blue</sym>
  </wpt>
  <wpt lat="48.869135" lon="2.377477">
    <name>PA_0271</name>
    <cmt>#75 · 90.0 km</cmt>
    <desc>7 rue Vancouleurs</desc>
    <sym>Flag, Blue</sym>
  </wpt>
  <wpt lat="48.8684" lon="2.379376">
    <name>PA_0073</name>
    <cmt>#76 · 90.2 km</cmt>
    <desc>93 rue Jean-Pierre Timbaud</desc>
    <sym>Flag, Blue</sym>
  </wpt>
  <wpt lat="48.8682" lon="2.38131">
    <name>PA_0540</name>
    <cmt>#77 · 90.4 km</cmt>
    <desc>impasse Questre</desc>
    <sym>Flag, Blue</sym>
  </wpt>
  <wpt lat="48.868194" lon="2.383677">
    <name>PA_1028</name>
    <cmt>#78 · 90.8 km</cmt>
    <desc>9 rue des Maronites</desc>
    <sym>Flag, Blue</sym>
  </wpt>
  <wpt lat="48.868221" lon="2.388062">
    <name>PA_1069</name>
    <cmt>#79 · 91.2 km</cmt>
    <desc>121 rue des Amandiers</desc>
    <sym>Flag, Blue</sym>
  </wpt>
  <wpt lat="48.868393" lon="2.38822">
    <name>PA_0410</name>
    <cmt>#80 · 91.2 km</cmt>
    <desc>0 rue de la Mare</desc>
    <sym>Flag, Blue</sym>
  </wpt>
  <wpt lat="48.868496" lon="2.388493">
    <name>PA_0680 / PA_1099</name>
    <cmt>#81 · 91.2 km</cmt>
    <desc>4 rue de la Mare</desc>
    <sym>Flag, Blue</sym>
  </wpt>
  <wpt lat="48.868685" lon="2.389394">
    <name>PA_0307</name>
    <cmt>#82 · 91.5 km</cmt>
    <desc>77 rue de Ménilmontant</desc>
    <sym>Flag, Blue</sym>
  </wpt>
  <wpt lat="48.87046" lon="2.38677">
    <name>PA_0620</name>
    <cmt>#83 · 91.9 km</cmt>
    <desc>escalier menant vers le passage Piat</desc>
    <sym>Flag, Blue</sym>
  </wpt>
  <wpt lat="48.871567" lon="2.384969">
    <name>PA_0467</name>
    <cmt>#84 · 92.1 km</cmt>
    <desc>parc de Belleville</desc>
    <sym>Flag, Blue</sym>
  </wpt>
  <wpt lat="48.873826" lon="2.385557">
    <name>PA_0602</name>
    <cmt>#85 · 92.5 km</cmt>
    <desc>cour de la Métairie</desc>
    <sym>Flag, Blue</sym>
  </wpt>
  <wpt lat="48.874031" lon="2.385394">
    <name>PA_1139</name>
    <cmt>#86 · 92.6 km</cmt>
    <desc>93 rue de Belleville</desc>
    <sym>Flag, Blue</sym>
  </wpt>
  <wpt lat="48.874111" lon="2.385594">
    <name>PA_0489</name>
    <cmt>#87 · 92.6 km</cmt>
    <desc>1 rue Clavel</desc>
    <sym>Flag, Blue</sym>
  </wpt>
  <wpt lat="48.874413" lon="2.386179">
    <name>PA_0589</name>
    <cmt>#88 · 92.7 km</cmt>
    <desc>1 rue Melingue</desc>
    <sym>Flag, Blue</sym>
  </wpt>
  <wpt lat="48.873512" lon="2.388421">
    <name>PA_0530</name>
    <cmt>#89 · 93.0 km</cmt>
    <desc>83 rue de la Mare</desc>
    <sym>Flag, Blue</sym>
  </wpt>
  <wpt lat="48.871463" lon="2.391285">
    <name>PA_0358</name>
    <cmt>#90 · 93.3 km</cmt>
    <desc>14 rue de Savies</desc>
    <sym>Flag, Blue</sym>
  </wpt>
  <wpt lat="48.870021" lon="2.394195">
    <name>PA_0351</name>
    <cmt>#91 · 93.6 km</cmt>
    <desc>121 rue de Ménilmontant</desc>
    <sym>Flag, Blue</sym>
  </wpt>
  <wpt lat="48.869942" lon="2.394924">
    <name>PA_0739</name>
    <cmt>#92 · 93.7 km</cmt>
    <desc>120 rue de Ménilmontant</desc>
    <sym>Flag, Blue</sym>
  </wpt>
  <wpt lat="48.87015" lon="2.395348">
    <name>PA_0531</name>
    <cmt>#93 · 93.8 km</cmt>
    <desc>129 rue de Ménilmontant</desc>
    <sym>Flag, Blue</sym>
  </wpt>
  <wpt lat="48.870172" lon="2.395543">
    <name>PA_0516</name>
    <cmt>#94 · 93.8 km</cmt>
    <desc>129-133 rue de Ménilmontant</desc>
    <sym>Flag, Blue</sym>
  </wpt>
  <wpt lat="48.870922" lon="2.395388">
    <name>PA_0375</name>
    <cmt>#95 · 93.9 km</cmt>
    <desc>2 rue de l'Est</desc>
    <sym>Flag, Blue</sym>
  </wpt>
  <wpt lat="48.871131" lon="2.393294">
    <name>PA_0432 / PA_0573</name>
    <cmt>#96 · 94.0 km</cmt>
    <desc>24 rue de l'Est</desc>
    <sym>Flag, Blue</sym>
  </wpt>
  <wpt lat="48.872953" lon="2.390778">
    <name>PA_0742</name>
    <cmt>#97 · 94.3 km</cmt>
    <desc>322 rue des Pyrénées</desc>
    <sym>Flag, Blue</sym>
  </wpt>
  <wpt lat="48.873222" lon="2.389838">
    <name>PA_0577</name>
    <cmt>#98 · 94.4 km</cmt>
    <desc>5 rue Levert</desc>
    <sym>Flag, Blue</sym>
  </wpt>
  <wpt lat="48.87446" lon="2.393054">
    <name>PA_0442</name>
    <cmt>#99 · 94.7 km</cmt>
    <desc>46 Olivier Métra</desc>
    <sym>Flag, Blue</sym>
  </wpt>
  <wpt lat="48.87271" lon="2.396104">
    <name>PA_0737</name>
    <cmt>#100 · 95.0 km</cmt>
    <desc>21 rue Charles Frédel</desc>
    <sym>Flag, Blue</sym>
  </wpt>
  <wpt lat="48.87388" lon="2.39531">
    <name>PA_0492</name>
    <cmt>#101 · 95.2 km</cmt>
    <desc>36 rue du Soleil</desc>
    <sym>Flag, Blue</sym>
  </wpt>
  <wpt lat="48.876297" lon="2.387547">
    <name>PA_1015</name>
    <cmt>#102 · 96.0 km</cmt>
    <desc>29 rue de la Villette</desc>
    <sym>Flag, Blue</sym>
  </wpt>
  <wpt lat="48.87723" lon="2.387829">
    <name>PA_1010</name>
    <cmt>#103 · 96.1 km</cmt>
    <desc>1 Rue Carducci</desc>
    <sym>Flag, Blue</sym>
  </wpt>
  <wpt lat="48.87939" lon="2.38444">
    <name>PA_0986</name>
    <cmt>#104 · 96.5 km</cmt>
    <desc>face à la rue du Tunnel</desc>
    <sym>Flag, Blue</sym>
  </wpt>
  <wpt lat="48.878821" lon="2.388289">
    <name>PA_1017</name>
    <cmt>#105 · 96.8 km</cmt>
    <desc>86 rue de la Villette</desc>
    <sym>Flag, Blue</sym>
  </wpt>
  <wpt lat="48.879066" lon="2.389857">
    <name>PA_0302</name>
    <cmt>#106 · 96.9 km</cmt>
    <desc>37 rue de Belleville</desc>
    <sym>Flag, Blue</sym>
  </wpt>
  <wpt lat="48.879467" lon="2.389352">
    <name>PA_0389</name>
    <cmt>#107 · 97.0 km</cmt>
    <desc>86 rue de Botzaris</desc>
    <sym>Flag, Blue</sym>
  </wpt>
  <wpt lat="48.87905" lon="2.390206">
    <name>PA_1016</name>
    <cmt>#108 · 97.1 km</cmt>
    <desc>34 rue de Crimée</desc>
    <sym>Flag, Blue</sym>
  </wpt>
  <wpt lat="48.882183" lon="2.392771">
    <name>PA_0984</name>
    <cmt>#109 · 97.5 km</cmt>
    <desc>1 place Rhin et Danube</desc>
    <sym>Flag, Blue</sym>
  </wpt>
  <wpt lat="48.882785" lon="2.389945">
    <name>PA_0649</name>
    <cmt>#110 · 97.7 km</cmt>
    <desc>1 rue Gaston Pinot</desc>
    <sym>Flag, Blue</sym>
  </wpt>
  <wpt lat="48.882949" lon="2.385862">
    <name>PA_0438</name>
    <cmt>#111 · 98.1 km</cmt>
    <desc>petite ceinture pont de la rue Manin</desc>
    <sym>Flag, Blue</sym>
  </wpt>
  <wpt lat="48.885298" lon="2.38531">
    <name>PA_0166</name>
    <cmt>#112 · 98.4 km</cmt>
    <desc>face au 21 rue Georges Auric</desc>
    <sym>Flag, Blue</sym>
  </wpt>
  <wpt lat="48.8867" lon="2.38499">
    <name>PA_0823</name>
    <cmt>#113 · 98.7 km</cmt>
    <desc>145 avenue Jean Jaurès</desc>
    <sym>Flag, Blue</sym>
  </wpt>
  <wpt lat="48.886784" lon="2.384861">
    <name>PA_0599</name>
    <cmt>#114 · 98.7 km</cmt>
    <desc>2 rue de l'Ourcq</desc>
    <sym>Flag, Blue</sym>
  </wpt>
  <wpt lat="48.88991" lon="2.38295">
    <name>PA_0228</name>
    <cmt>#115 · 99.1 km</cmt>
    <desc>pont de la rue de l'Ourcq</desc>
    <sym>Flag, Blue</sym>
  </wpt>
  <wpt lat="48.8875" lon="2.378722">
    <name>PA_0987</name>
    <cmt>#116 · 99.5 km</cmt>
    <desc>39 quai de la Loire</desc>
    <sym>Flag, Blue</sym>
  </wpt>
  <wpt lat="48.886605" lon="2.377463">
    <name>PA_1363</name>
    <cmt>#117 · 99.7 km</cmt>
    <desc>70 quai de la Loire</desc>
    <sym>Flag, Blue</sym>
  </wpt>
  <wpt lat="48.88649" lon="2.37473">
    <name>PA_1270</name>
    <cmt>#118 · 100.0 km</cmt>
    <desc>passerelle du Bassin de la Villette</desc>
    <sym>Flag, Blue</sym>
  </wpt>
  <wpt lat="48.889524" lon="2.371311">
    <name>PA_0883</name>
    <cmt>#119 · 100.6 km</cmt>
    <desc>3 rue Curial</desc>
    <sym>Flag, Blue</sym>
  </wpt>
  <wpt lat="48.89116" lon="2.373707">
    <name>PA_0889</name>
    <cmt>#120 · 100.9 km</cmt>
    <desc>34 rue Mathis</desc>
    <sym>Flag, Blue</sym>
  </wpt>
  <wpt lat="48.89067" lon="2.37648">
    <name>PA_1218</name>
    <cmt>#121 · 101.1 km</cmt>
    <desc>2 rue Mathys</desc>
    <sym>Flag, Blue</sym>
  </wpt>
  <wpt lat="48.900471" lon="2.367302">
    <name>PA_1408</name>
    <cmt>#122 · 102.6 km</cmt>
    <desc>derrière le square Charles-Hermite</desc>
    <sym>Flag, Blue</sym>
  </wpt>
  <wpt lat="48.89895" lon="2.359518">
    <name>PA_1169</name>
    <cmt>#123 · 103.2 km</cmt>
    <desc>6 avenue de la Porte de la Chapelle</desc>
    <sym>Flag, Blue</sym>
  </wpt>
  <wpt lat="48.898293" lon="2.35365">
    <name>PA_0669</name>
    <cmt>#124 · 103.7 km</cmt>
    <desc>pont ferroviaire de la porte des Poissonniers</desc>
    <sym>Flag, Blue</sym>
  </wpt>
  <wpt lat="48.900821" lon="2.344819">
    <name>PA_0195</name>
    <cmt>#125 · 104.6 km</cmt>
    <desc>avenue de la porte Clignancourt</desc>
    <sym>Flag, Blue</sym>
  </wpt>
  <wpt lat="48.900816" lon="2.343811">
    <name>PA_0533</name>
    <cmt>#126 · 104.7 km</cmt>
    <desc>sous le périph' porte de Cligancourt</desc>
    <sym>Flag, Blue</sym>
  </wpt>
  <wpt lat="48.895855" lon="2.346609">
    <name>PA_1372</name>
    <cmt>#127 · 105.3 km</cmt>
    <desc>64 rue Championnet</desc>
    <sym>Flag, Blue</sym>
  </wpt>
  <wpt lat="48.8953" lon="2.34591">
    <name>PA_1232</name>
    <cmt>#128 · 105.5 km</cmt>
    <desc>102 rue du Mont Cenis</desc>
    <sym>Flag, Blue</sym>
  </wpt>
  <wpt lat="48.895858" lon="2.343033">
    <name>PA_1020</name>
    <cmt>#129 · 105.8 km</cmt>
    <desc>86 rue Championnet</desc>
    <sym>Flag, Blue</sym>
  </wpt>
  <wpt lat="48.89589" lon="2.3395">
    <name>PA_0656</name>
    <cmt>#130 · 106.0 km</cmt>
    <desc>112bis rue Championnet</desc>
    <sym>Flag, Blue</sym>
  </wpt>
  <wpt lat="48.895526" lon="2.338842">
    <name>PA_1021</name>
    <cmt>#131 · 106.1 km</cmt>
    <desc>1 impasse Robert</desc>
    <sym>Flag, Blue</sym>
  </wpt>
  <wpt lat="48.892412" lon="2.339938">
    <name>PA_0562</name>
    <cmt>#132 · 106.5 km</cmt>
    <desc>27 rue du Ruisseau</desc>
    <sym>Flag, Blue</sym>
  </wpt>
  <wpt lat="48.89254" lon="2.341678">
    <name>PA_1313</name>
    <cmt>#133 · 106.7 km</cmt>
    <desc>22 rue Duc</desc>
    <sym>Flag, Blue</sym>
  </wpt>
  <wpt lat="48.891598" lon="2.344664">
    <name>PA_0111</name>
    <cmt>#134 · 106.9 km</cmt>
    <desc>20 rue Hermel</desc>
    <sym>Flag, Blue</sym>
  </wpt>
  <wpt lat="48.890901" lon="2.345418">
    <name>PA_1106</name>
    <cmt>#135 · 107.0 km</cmt>
    <desc>1 rue Ferdinand Flocon</desc>
    <sym>Flag, Blue</sym>
  </wpt>
  <wpt lat="48.890852" lon="2.340473">
    <name>PA_1022</name>
    <cmt>#136 · 107.5 km</cmt>
    <desc>27 rue Francœoeur</desc>
    <sym>Flag, Blue</sym>
  </wpt>
  <wpt lat="48.890172" lon="2.339008">
    <name>PA_1292</name>
    <cmt>#137 · 107.6 km</cmt>
    <desc>13 rue Darwin</desc>
    <sym>Flag, Blue</sym>
  </wpt>
  <wpt lat="48.889471" lon="2.336834">
    <name>PA_0647</name>
    <cmt>#138 · 107.8 km</cmt>
    <desc>66 rue Caulaincourt</desc>
    <sym>Flag, Blue</sym>
  </wpt>
  <wpt lat="48.888538" lon="2.341277">
    <name>PA_0018</name>
    <cmt>#139 · 108.3 km</cmt>
    <desc>16 rue Saint-Vincent</desc>
    <sym>Flag, Blue</sym>
  </wpt>
  <wpt lat="48.887647" lon="2.340567">
    <name>PA_0165</name>
    <cmt>#140 · 108.5 km</cmt>
    <desc>5 rue Cortot</desc>
    <sym>Flag, Blue</sym>
  </wpt>
  <wpt lat="48.88667" lon="2.338443">
    <name>PA_0639</name>
    <cmt>#141 · 108.7 km</cmt>
    <desc>122 rue Lepic</desc>
    <sym>Flag, Blue</sym>
  </wpt>
  <wpt lat="48.887443" lon="2.335894">
    <name>PA_0855</name>
    <cmt>#142 · 108.9 km</cmt>
    <desc>75 rue Lepic</desc>
    <sym>Flag, Blue</sym>
  </wpt>
  <wpt lat="48.885708" lon="2.334902">
    <name>PA_1077</name>
    <cmt>#143 · 109.1 km</cmt>
    <desc>65 rue des Abbesses</desc>
    <sym>Flag, Blue</sym>
  </wpt>
  <wpt lat="48.882709" lon="2.336903">
    <name>PA_1060</name>
    <cmt>#144 · 109.6 km</cmt>
    <desc>villa de Guelma</desc>
    <sym>Flag, Blue</sym>
  </wpt>
  <wpt lat="48.882134" lon="2.337751">
    <name>PA_0900</name>
    <cmt>#145 · 109.7 km</cmt>
    <desc>place Pigalle</desc>
    <sym>Flag, Blue</sym>
  </wpt>
  <wpt lat="48.881482" lon="2.339937">
    <name>PA_0553</name>
    <cmt>#146 · 109.9 km</cmt>
    <desc>74 rue des Martyrs</desc>
    <sym>Flag, Blue</sym>
  </wpt>
  <wpt lat="48.88263" lon="2.3439">
    <name>PA_1275</name>
    <cmt>#147 · 110.3 km</cmt>
    <desc>12 place d'Anvers</desc>
    <sym>Flag, Blue</sym>
  </wpt>
  <wpt lat="48.884387" lon="2.34245">
    <name>PA_0605</name>
    <cmt>#148 · 110.6 km</cmt>
    <desc>1 place Suzanne Valadon</desc>
    <sym>Flag, Blue</sym>
  </wpt>
  <wpt lat="48.883487" lon="2.341899">
    <name>PA_0607</name>
    <cmt>#149 · 110.7 km</cmt>
    <desc>48 rue d'Orsel</desc>
    <sym>Flag, Blue</sym>
  </wpt>
  <wpt lat="48.884163" lon="2.339665">
    <name>PA_0161</name>
    <cmt>#150 · 110.9 km</cmt>
    <desc>17 rue Yvonne Le Tac</desc>
    <sym>Flag, Blue</sym>
  </wpt>
  <wpt lat="48.884115" lon="2.33884">
    <name>PA_1053</name>
    <cmt>#151 · 111.0 km</cmt>
    <desc>8 place des Abbesses</desc>
    <sym>Flag, Blue</sym>
  </wpt>
  <wpt lat="48.884576" lon="2.337857">
    <name>PA_0643</name>
    <cmt>#152 · 111.1 km</cmt>
    <desc>21 rue des Abbesses</desc>
    <sym>Flag, Blue</sym>
  </wpt>
  <wpt lat="48.885639" lon="2.33807">
    <name>PA_0066 / PA_0067 / PA_0068</name>
    <cmt>#153 · 111.2 km</cmt>
    <desc>63 rue des Trois Frères</desc>
    <sym>Flag, Blue</sym>
  </wpt>
  <wpt lat="48.886268" lon="2.337896">
    <name>PA_0641</name>
    <cmt>#154 · 111.3 km</cmt>
    <desc>2 rue d'Orchampt</desc>
    <sym>Flag, Blue</sym>
  </wpt>
  <wpt lat="48.885997" lon="2.338538">
    <name>PA_0642</name>
    <cmt>#155 · 111.4 km</cmt>
    <desc>46 rue Berthe</desc>
    <sym>Flag, Blue</sym>
  </wpt>
  <wpt lat="48.885374" lon="2.340677">
    <name>PA_0160</name>
    <cmt>#156 · 111.5 km</cmt>
    <desc>16 rue André Barsacq</desc>
    <sym>Flag, Blue</sym>
  </wpt>
  <wpt lat="48.88637" lon="2.340571">
    <name>PA_0857</name>
    <cmt>#157 · 111.7 km</cmt>
    <desc>sud-ouest de la place du Tertre</desc>
    <sym>Flag, Blue</sym>
  </wpt>
  <wpt lat="48.8867" lon="2.34062">
    <name>PA_1276</name>
    <cmt>#158 · 111.7 km</cmt>
    <desc>21 place du Tertre</desc>
    <sym>Flag, Blue</sym>
  </wpt>
  <wpt lat="48.88653" lon="2.34136">
    <name>PA_0856</name>
    <cmt>#159 · 111.8 km</cmt>
    <desc>rue Saint-Eleuthere</desc>
    <sym>Flag, Blue</sym>
  </wpt>
  <wpt lat="48.886355" lon="2.341469">
    <name>PA_0169</name>
    <cmt>#160 · 111.8 km</cmt>
    <desc>2 rue du Mont Cenis</desc>
    <sym>Flag, Blue</sym>
  </wpt>
  <wpt lat="48.886213" lon="2.344091">
    <name>PA_0644</name>
    <cmt>#161 · 112.1 km</cmt>
    <desc>2 rue Lamarck</desc>
    <sym>Flag, Blue</sym>
  </wpt>
  <wpt lat="48.887508" lon="2.344445">
    <name>PA_0286</name>
    <cmt>#162 · 112.2 km</cmt>
    <desc>28 rue du Chevalier de la Barre</desc>
    <sym>Flag, Blue</sym>
  </wpt>
  <wpt lat="48.888662" lon="2.34657">
    <name>PA_1061</name>
    <cmt>#163 · 112.5 km</cmt>
    <desc>29 rue ramey</desc>
    <sym>Flag, Blue</sym>
  </wpt>
  <wpt lat="48.887431" lon="2.347243">
    <name>PA_1052</name>
    <cmt>#164 · 112.7 km</cmt>
    <desc>rue du Chevalier de la Barre</desc>
    <sym>Flag, Blue</sym>
  </wpt>
  <wpt lat="48.88558" lon="2.34984">
    <name>PA_1233</name>
    <cmt>#165 · 113.0 km</cmt>
    <desc>2 rue des Poissonniers</desc>
    <sym>Flag, Blue</sym>
  </wpt>
  <wpt lat="48.883751" lon="2.350654">
    <name>PA_0988</name>
    <cmt>#166 · 113.3 km</cmt>
    <desc>métro Barbès-Rochechouart</desc>
    <sym>Flag, Blue</sym>
  </wpt>
  <wpt lat="48.883048" lon="2.349524">
    <name>PA_1050</name>
    <cmt>#167 · 113.6 km</cmt>
    <desc>191 rue du Faubourg Poissonnière</desc>
    <sym>Flag, Blue</sym>
  </wpt>
  <wpt lat="48.880354" lon="2.353532">
    <name>PA_0712</name>
    <cmt>#168 · 114.0 km</cmt>
    <desc>20 rue de Dunkerque</desc>
    <sym>Flag, Blue</sym>
  </wpt>
  <wpt lat="48.879386" lon="2.357742">
    <name>PA_0725</name>
    <cmt>#169 · 114.4 km</cmt>
    <desc>7 rue de Dunkarque</desc>
    <sym>Flag, Blue</sym>
  </wpt>
  <wpt lat="48.879885" lon="2.35878">
    <name>PA_0568</name>
    <cmt>#170 · 114.5 km</cmt>
    <desc>2 rue de l'Aqueduc</desc>
    <sym>Flag, Blue</sym>
  </wpt>
  <wpt lat="48.88067" lon="2.360431">
    <name>PA_1354</name>
    <cmt>#171 · 114.6 km</cmt>
    <desc>18 rue de l'Aqueduc</desc>
    <sym>Flag, Blue</sym>
  </wpt>
  <wpt lat="48.881076" lon="2.361865">
    <name>PA_0565</name>
    <cmt>#172 · 114.8 km</cmt>
    <desc>3 rue Philippe de Girard</desc>
    <sym>Flag, Blue</sym>
  </wpt>
  <wpt lat="48.88261" lon="2.36154">
    <name>PA_1302</name>
    <cmt>#173 · 114.9 km</cmt>
    <desc>1 rue Cail</desc>
    <sym>Flag, Blue</sym>
  </wpt>
  <wpt lat="48.884224" lon="2.359716">
    <name>PA_0609</name>
    <cmt>#174 · 115.2 km</cmt>
    <desc>35 boulevard de la Chapelle</desc>
    <sym>Flag, Blue</sym>
  </wpt>
  <wpt lat="48.884037" lon="2.356254">
    <name>PA_0348</name>
    <cmt>#175 · 115.4 km</cmt>
    <desc>39bis boulevard de la Chapelle</desc>
    <sym>Flag, Blue</sym>
  </wpt>
  <wpt lat="48.884381" lon="2.356058">
    <name>PA_0854</name>
    <cmt>#176 · 115.5 km</cmt>
    <desc>1 rue de Tombouctou</desc>
    <sym>Flag, Blue</sym>
  </wpt>
  <wpt lat="48.885039" lon="2.354615">
    <name>PA_0906</name>
    <cmt>#177 · 115.7 km</cmt>
    <desc>9 rue de la Goutte d'Or</desc>
    <sym>Flag, Blue</sym>
  </wpt>
  <wpt lat="48.890439" lon="2.353239">
    <name>PA_0336</name>
    <cmt>#178 · 116.4 km</cmt>
    <desc>centre d'Hygiène Sociale</desc>
    <sym>Flag, Blue</sym>
  </wpt>
  <wpt lat="48.89142" lon="2.361296">
    <name>PA_0989</name>
    <cmt>#179 · 117.1 km</cmt>
    <desc>2 rue de l'Évangile</desc>
    <sym>Flag, Blue</sym>
  </wpt>
  <wpt lat="48.889951" lon="2.360135">
    <name>PA_1018</name>
    <cmt>#180 · 117.3 km</cmt>
    <desc>place Paul Eluard</desc>
    <sym>Flag, Blue</sym>
  </wpt>
  <wpt lat="48.88652" lon="2.36116">
    <name>PA_0329</name>
    <cmt>#181 · 117.8 km</cmt>
    <desc>14 rue Pajol</desc>
    <sym>Flag, Blue</sym>
  </wpt>
  <wpt lat="48.885295" lon="2.359571">
    <name>PA_0210</name>
    <cmt>#182 · 118.0 km</cmt>
    <desc>6 rue Marx Dormoy</desc>
    <sym>Flag, Blue</sym>
  </wpt>
  <wpt lat="48.884479" lon="2.360347">
    <name>PA_0990</name>
    <cmt>#183 · 118.2 km</cmt>
    <desc>métro La Chapelle</desc>
    <sym>Flag, Blue</sym>
  </wpt>
  <wpt lat="48.884592" lon="2.363443">
    <name>PA_1105</name>
    <cmt>#184 · 118.4 km</cmt>
    <desc>16 boulevard de la Chapelle</desc>
    <sym>Flag, Blue</sym>
  </wpt>
  <trk>
    <name>Invadrun stage 3</name>
    <trkseg>
      <trkpt lat="48.8603387" lon="2.364562">
      </trkpt>
      <trkpt lat="48.8603485" lon="2.3644823">
      </trkpt>
      <trkpt lat="48.8603715" lon="2.3644839">
      </trkpt>
      <trkpt lat="48.8603746" lon="2.3644844">
      </trkpt>
      <trkpt lat="48.8611286" lon="2.3645087">
      </trkpt>
      <trkpt lat="48.8612599" lon="2.3645141">
      </trkpt>
      <trkpt lat="48.8612587" lon="2.3645349">
      </trkpt>
      <trkpt lat="48.8612542" lon="2.3645915">
      </trkpt>
      <trkpt lat="48.8612504" lon="2.3646396">
      </trkpt>
      <trkpt lat="48.8612484" lon="2.3646731">
      </trkpt>
      <trkpt lat="48.8612781" lon="2.3646747">
      </trkpt>
      <trkpt lat="48.8612846" lon="2.364675">
      </trkpt>
      <trkpt lat="48.8613132" lon="2.3646788">
      </trkpt>
      <trkpt lat="48.8613429" lon="2.3646827">
      </trkpt>
      <trkpt lat="48.8613496" lon="2.3646834">
      </trkpt>
      <trkpt lat="48.8612907" lon="2.3650908">
      </trkpt>
      <trkpt lat="48.8612881" lon="2.3651283">
      </trkpt>
      <trkpt lat="48.8612625" lon="2.3653053">
      </trkpt>
      <trkpt lat="48.8612545" lon="2.3653483">
      </trkpt>
      <trkpt lat="48.861039" lon="2.366911">
      </trkpt>
      <trkpt lat="48.8610441" lon="2.367029">
      </trkpt>
      <trkpt lat="48.8610897" lon="2.3670032">
      </trkpt>
      <trkpt lat="48.8612596" lon="2.3669681">
      </trkpt>
      <trkpt lat="48.8613381" lon="2.3669546">
      </trkpt>
      <trkpt lat="48.8613434" lon="2.3669542">
      </trkpt>
      <trkpt lat="48.8613631" lon="2.3669511">
      </trkpt>
      <trkpt lat="48.8613904" lon="2.3669467">
      </trkpt>
      <trkpt lat="48.8613999" lon="2.3669449">
      </trkpt>
      <trkpt lat="48.8615168" lon="2.366904">
      </trkpt>
      <trkpt lat="48.8615263" lon="2.3669978">
      </trkpt>
      <trkpt lat="48.8615409" lon="2.3671199">
      </trkpt>
      <trkpt lat="48.8615541" lon="2.3672298">
      </trkpt>
      <trkpt lat="48.8615647" lon="2.3673076">
      </trkpt>
      <trkpt lat="48.8616434" lon="2.3672889">
      </trkpt>
      <trkpt lat="48.861657" lon="2.3674219">
      </trkpt>
      <trkpt lat="48.861668" lon="2.3675292">
      </trkpt>
      <trkpt lat="48.862557" lon="2.3672729">
      </trkpt>
      <trkpt lat="48.8625619" lon="2.3672839">
      </trkpt>
      <trkpt lat="48.8625808" lon="2.3673323">
      </trkpt>
      <trkpt lat="48.8625899" lon="2.3673552">
      </trkpt>
      <trkpt lat="48.8626031" lon="2.367391">
      </trkpt>
      <trkpt lat="48.8626489" lon="2.3674018">
      </trkpt>
      <trkpt lat="48.8626031" lon="2.367391">
      </trkpt>
      <trkpt lat="48.8625899" lon="2.3673552">
      </trkpt>
      <trkpt lat="48.8625808" lon="2.3673323">
      </trkpt>
      <trkpt lat="48.8625619" lon="2.3672839">
      </trkpt>
      <trkpt lat="48.862557" lon="2.3672729">
      </trkpt>
      <trkpt lat="48.8625429" lon="2.3672402">
      </trkpt>
      <trkpt lat="48.8624783" lon="2.3671031">
      </trkpt>
      <trkpt lat="48.8624335" lon="2.3670216">
      </trkpt>
      <trkpt lat="48.8623817" lon="2.3669139">
      </trkpt>
      <trkpt lat="48.8623318" lon="2.366785">
      </trkpt>
      <trkpt lat="48.8623194" lon="2.3667568">
      </trkpt>
      <trkpt lat="48.862353" lon="2.3667091">
      </trkpt>
      <trkpt lat="48.8623372" lon="2.3666769">
      </trkpt>
      <trkpt lat="48.8620443" lon="2.3660235">
      </trkpt>
      <trkpt lat="48.8617707" lon="2.3654133">
      </trkpt>
      <trkpt lat="48.8617545" lon="2.36541">
      </trkpt>
      <trkpt lat="48.8617707" lon="2.3654133">
      </trkpt>
      <trkpt lat="48.8617823" lon="2.3653825">
      </trkpt>
      <trkpt lat="48.8617965" lon="2.3653445">
      </trkpt>
      <trkpt lat="48.8618051" lon="2.3653213">
      </trkpt>
      <trkpt lat="48.8618097" lon="2.3653079">
      </trkpt>
      <trkpt lat="48.8617926" lon="2.3652678">
      </trkpt>
      <trkpt lat="48.8618164" lon="2.3651721">
      </trkpt>
      <trkpt lat="48.8618069" lon="2.3651593">
      </trkpt>
      <trkpt lat="48.8617869" lon="2.3651313">
      </trkpt>
      <trkpt lat="48.861767" lon="2.3651035">
      </trkpt>
      <trkpt lat="48.8617601" lon="2.3650931">
      </trkpt>
      <trkpt lat="48.8618382" lon="2.3647793">
      </trkpt>
      <trkpt lat="48.861834" lon="2.3647129">
      </trkpt>
      <trkpt lat="48.8618053" lon="2.3646854">
      </trkpt>
      <trkpt lat="48.8618068" lon="2.3646583">
      </trkpt>
      <trkpt lat="48.8618087" lon="2.3646086">
      </trkpt>
      <trkpt lat="48.861811" lon="2.364547">
      </trkpt>
      <trkpt lat="48.8618113" lon="2.3645295">
      </trkpt>
      <trkpt lat="48.8618212" lon="2.36449">
      </trkpt>
      <trkpt lat="48.8618382" lon="2.3644256">
      </trkpt>
      <trkpt lat="48.8618554" lon="2.3643919">
      </trkpt>
      <trkpt lat="48.8618687" lon="2.3643653">
      </trkpt>
      <trkpt lat="48.8618923" lon="2.3643185">
      </trkpt>
      <trkpt lat="48.8618999" lon="2.3643016">
      </trkpt>
      <trkpt lat="48.861925" lon="2.3643183">
      </trkpt>
      <trkpt lat="48.8622302" lon="2.3636763">
      </trkpt>
      <trkpt lat="48.8622435" lon="2.3636496">
      </trkpt>
      <trkpt lat="48.8622539" lon="2.3636274">
      </trkpt>
      <trkpt lat="48.8622634" lon="2.363607">
      </trkpt>
      <trkpt lat="48.8622685" lon="2.3635971">
      </trkpt>
      <trkpt lat="48.8622846" lon="2.3635616">
      </trkpt>
      <trkpt lat="48.8623039" lon="2.3635936">
      </trkpt>
      <trkpt lat="48.8623313" lon="2.3636418">
      </trkpt>
      <trkpt lat="48.8623444" lon="2.3636649">
      </trkpt>
      <trkpt lat="48.8623521" lon="2.3636783">
      </trkpt>
      <trkpt lat="48.8623669" lon="2.3637067">
      </trkpt>
      <trkpt lat="48.8623521" lon="2.3636783">
      </trkpt>
      <trkpt lat="48.8623444" lon="2.3636649">
      </trkpt>
      <trkpt lat="48.8623313" lon="2.3636418">
      </trkpt>
      <trkpt lat="48.8623039" lon="2.3635936">
      </trkpt>
      <trkpt lat="48.8622846" lon="2.3635616">
      </trkpt>
      <trkpt lat="48.8622685" lon="2.3635971">
      </trkpt>
      <trkpt lat="48.8622194" lon="2.3635675">
      </trkpt>
      <trkpt lat="48.8620435" lon="2.3634453">
      </trkpt>
      <trkpt lat="48.8619044" lon="2.3633644">
      </trkpt>
      <trkpt lat="48.8615966" lon="2.3631512">
      </trkpt>
      <trkpt lat="48.8615743" lon="2.363117">
      </trkpt>
      <trkpt lat="48.8615721" lon="2.363103">
      </trkpt>
      <trkpt lat="48.8615653" lon="2.3631016">
      </trkpt>
      <trkpt lat="48.8615323" lon="2.363096">
      </trkpt>
      <trkpt lat="48.8615084" lon="2.3630919">
      </trkpt>
      <trkpt lat="48.8615026" lon="2.3630913">
      </trkpt>
      <trkpt lat="48.8614983" lon="2.363116">
      </trkpt>
      <trkpt lat="48.8614869" lon="2.3631217">
      </trkpt>
      <trkpt lat="48.8612718" lon="2.3631026">
      </trkpt>
      <trkpt lat="48.8612633" lon="2.3630937">
      </trkpt>
      <trkpt lat="48.8612419" lon="2.3630676">
      </trkpt>
      <trkpt lat="48.8612345" lon="2.3630745">
      </trkpt>
      <trkpt lat="48.8612058" lon="2.3630987">
      </trkpt>
      <trkpt lat="48.8611729" lon="2.3631264">
      </trkpt>
      <trkpt lat="48.8611649" lon="2.3631334">
      </trkpt>
      <trkpt lat="48.8611688" lon="2.363153">
      </trkpt>
      <trkpt lat="48.8611649" lon="2.3631334">
      </trkpt>
      <trkpt lat="48.8611729" lon="2.3631264">
      </trkpt>
      <trkpt lat="48.8612058" lon="2.3630987">
      </trkpt>
      <trkpt lat="48.8612345" lon="2.3630745">
      </trkpt>
      <trkpt lat="48.8612419" lon="2.3630676">
      </trkpt>
      <trkpt lat="48.8612633" lon="2.3630937">
      </trkpt>
      <trkpt lat="48.8612718" lon="2.3631026">
      </trkpt>
      <trkpt lat="48.8614869" lon="2.3631217">
      </trkpt>
      <trkpt lat="48.8614983" lon="2.363116">
      </trkpt>
      <trkpt lat="48.8615026" lon="2.3630913">
      </trkpt>
      <trkpt lat="48.8615084" lon="2.3630919">
      </trkpt>
      <trkpt lat="48.8615323" lon="2.363096">
      </trkpt>
      <trkpt lat="48.8615653" lon="2.3631016">
      </trkpt>
      <trkpt lat="48.8615721" lon="2.363103">
      </trkpt>
      <trkpt lat="48.8616626" lon="2.3624411">
      </trkpt>
      <trkpt lat="48.861657" lon="2.3624324">
      </trkpt>
      <trkpt lat="48.8616323" lon="2.3623956">
      </trkpt>
      <trkpt lat="48.8616077" lon="2.362359">
      </trkpt>
      <trkpt lat="48.8616021" lon="2.3623504">
      </trkpt>
      <trkpt lat="48.8615989" lon="2.3623287">
      </trkpt>
      <trkpt lat="48.8616004" lon="2.3623194">
      </trkpt>
      <trkpt lat="48.8616068" lon="2.3622772">
      </trkpt>
      <trkpt lat="48.8616111" lon="2.3622486">
      </trkpt>
      <trkpt lat="48.8616128" lon="2.3622385">
      </trkpt>
      <trkpt lat="48.8616193" lon="2.3622278">
      </trkpt>
      <trkpt lat="48.861685" lon="2.3617464">
      </trkpt>
      <trkpt lat="48.8617419" lon="2.3613248">
      </trkpt>
      <trkpt lat="48.8617376" lon="2.3612936">
      </trkpt>
      <trkpt lat="48.8617402" lon="2.3612837">
      </trkpt>
      <trkpt lat="48.8617478" lon="2.3612514">
      </trkpt>
      <trkpt lat="48.8617553" lon="2.3612195">
      </trkpt>
      <trkpt lat="48.861758" lon="2.3612123">
      </trkpt>
      <trkpt lat="48.8617681" lon="2.3612121">
      </trkpt>
      <trkpt lat="48.8617728" lon="2.361206">
      </trkpt>
      <trkpt lat="48.8622037" lon="2.3604412">
      </trkpt>
      <trkpt lat="48.8622123" lon="2.3604254">
      </trkpt>
      <trkpt lat="48.8622204" lon="2.3604108">
      </trkpt>
      <trkpt lat="48.8622285" lon="2.3603964">
      </trkpt>
      <trkpt lat="48.862558" lon="2.3598197">
      </trkpt>
      <trkpt lat="48.8625615" lon="2.3598254">
      </trkpt>
      <trkpt lat="48.8625788" lon="2.3598507">
      </trkpt>
      <trkpt lat="48.8625905" lon="2.3598678">
      </trkpt>
      <trkpt lat="48.8625939" lon="2.359872">
      </trkpt>
      <trkpt lat="48.8625905" lon="2.3598678">
      </trkpt>
      <trkpt lat="48.8625788" lon="2.3598507">
      </trkpt>
      <trkpt lat="48.8625615" lon="2.3598254">
      </trkpt>
      <trkpt lat="48.862558" lon="2.3598197">
      </trkpt>
      <trkpt lat="48.8625229" lon="2.3597645">
      </trkpt>
      <trkpt lat="48.8621476" lon="2.3593331">
      </trkpt>
      <trkpt lat="48.8618858" lon="2.3590337">
      </trkpt>
      <trkpt lat="48.8616732" lon="2.3587785">
      </trkpt>
      <trkpt lat="48.8612566" lon="2.3582902">
      </trkpt>
      <trkpt lat="48.8612618" lon="2.3582765">
      </trkpt>
      <trkpt lat="48.86127" lon="2.3582531">
      </trkpt>
      <trkpt lat="48.8612782" lon="2.3582298">
      </trkpt>
      <trkpt lat="48.8612822" lon="2.3582201">
      </trkpt>
      <trkpt lat="48.8612907" lon="2.3581978">
      </trkpt>
      <trkpt lat="48.8612793" lon="2.3581724">
      </trkpt>
      <trkpt lat="48.8612655" lon="2.3581417">
      </trkpt>
      <trkpt lat="48.8612442" lon="2.3580946">
      </trkpt>
      <trkpt lat="48.861225" lon="2.358048">
      </trkpt>
      <trkpt lat="48.8612151" lon="2.358059">
      </trkpt>
      <trkpt lat="48.8611179" lon="2.3579505">
      </trkpt>
      <trkpt lat="48.8606323" lon="2.3574136">
      </trkpt>
      <trkpt lat="48.8611179" lon="2.3579505">
      </trkpt>
      <trkpt lat="48.8612151" lon="2.358059">
      </trkpt>
      <trkpt lat="48.861225" lon="2.358048">
      </trkpt>
      <trkpt lat="48.8614028" lon="2.3578455">
      </trkpt>
      <trkpt lat="48.8617702" lon="2.3571481">
      </trkpt>
      <trkpt lat="48.8618504" lon="2.3569556">
      </trkpt>
      <trkpt lat="48.8618352" lon="2.3569263">
      </trkpt>
      <trkpt lat="48.8618468" lon="2.3568976">
      </trkpt>
      <trkpt lat="48.8618565" lon="2.3568756">
      </trkpt>
      <trkpt lat="48.861866" lon="2.356854">
      </trkpt>
      <trkpt lat="48.8618712" lon="2.3568415">
      </trkpt>
      <trkpt lat="48.8618913" lon="2.3568386">
      </trkpt>
      <trkpt lat="48.8618983" lon="2.3568275">
      </trkpt>
      <trkpt lat="48.8619665" lon="2.3566629">
      </trkpt>
      <trkpt lat="48.8619945" lon="2.3565489">
      </trkpt>
      <trkpt lat="48.862113" lon="2.3562359">
      </trkpt>
      <trkpt lat="48.8621412" lon="2.356215">
      </trkpt>
      <trkpt lat="48.8622815" lon="2.3558519">
      </trkpt>
      <trkpt lat="48.8626704" lon="2.3544079">
      </trkpt>
      <trkpt lat="48.8626653" lon="2.354389">
      </trkpt>
      <trkpt lat="48.8626706" lon="2.3543923">
      </trkpt>
      <trkpt lat="48.8626924" lon="2.3544039">
      </trkpt>
      <trkpt lat="48.8627089" lon="2.3544151">
      </trkpt>
      <trkpt lat="48.8627172" lon="2.3544202">
      </trkpt>
      <trkpt lat="48.862763" lon="2.3544256">
      </trkpt>
      <trkpt lat="48.8631388" lon="2.3546131">
      </trkpt>
      <trkpt lat="48.8631503" lon="2.3546475">
      </trkpt>
      <trkpt lat="48.8631779" lon="2.3546669">
      </trkpt>
      <trkpt lat="48.8631911" lon="2.3546776">
      </trkpt>
      <trkpt lat="48.863212" lon="2.3546944">
      </trkpt>
      <trkpt lat="48.8632207" lon="2.3547019">
      </trkpt>
      <trkpt lat="48.863252" lon="2.3546986">
      </trkpt>
      <trkpt lat="48.8636854" lon="2.3549349">
      </trkpt>
      <trkpt lat="48.8636972" lon="2.3549405">
      </trkpt>
      <trkpt lat="48.8637038" lon="2.3549438">
      </trkpt>
      <trkpt lat="48.863737" lon="2.3549616">
      </trkpt>
      <trkpt lat="48.863753" lon="2.3549701">
      </trkpt>
      <trkpt lat="48.8637611" lon="2.3549755">
      </trkpt>
      <trkpt lat="48.8637926" lon="2.3549869">
      </trkpt>
      <trkpt lat="48.8638054" lon="2.3549371">
      </trkpt>
      <trkpt lat="48.8638072" lon="2.3549301">
      </trkpt>
      <trkpt lat="48.8638185" lon="2.3548818">
      </trkpt>
      <trkpt lat="48.8638325" lon="2.3548322">
      </trkpt>
      <trkpt lat="48.8638367" lon="2.3548125">
      </trkpt>
      <trkpt lat="48.8638325" lon="2.3548322">
      </trkpt>
      <trkpt lat="48.8638185" lon="2.3548818">
      </trkpt>
      <trkpt lat="48.8638072" lon="2.3549301">
      </trkpt>
      <trkpt lat="48.8638054" lon="2.3549371">
      </trkpt>
      <trkpt lat="48.8637926" lon="2.3549869">
      </trkpt>
      <trkpt lat="48.8641848" lon="2.3552032">
      </trkpt>
      <trkpt lat="48.8642075" lon="2.3552303">
      </trkpt>
      <trkpt lat="48.8641848" lon="2.3552032">
      </trkpt>
      <trkpt lat="48.8641973" lon="2.3551659">
      </trkpt>
      <trkpt lat="48.8642049" lon="2.3551452">
      </trkpt>
      <trkpt lat="48.8642212" lon="2.3551005">
      </trkpt>
      <trkpt lat="48.864238" lon="2.3550543">
      </trkpt>
      <trkpt lat="48.8642507" lon="2.3550255">
      </trkpt>
      <trkpt lat="48.8642884" lon="2.3550301">
      </trkpt>
      <trkpt lat="48.864296" lon="2.3550057">
      </trkpt>
      <trkpt lat="48.864436" lon="2.3545199">
      </trkpt>
      <trkpt lat="48.8646111" lon="2.3539251">
      </trkpt>
      <trkpt lat="48.8647558" lon="2.3534104">
      </trkpt>
      <trkpt lat="48.8647607" lon="2.3534256">
      </trkpt>
      <trkpt lat="48.8647745" lon="2.3534693">
      </trkpt>
      <trkpt lat="48.8647882" lon="2.3535201">
      </trkpt>
      <trkpt lat="48.864792" lon="2.3535355">
      </trkpt>
      <trkpt lat="48.8648088" lon="2.3535864">
      </trkpt>
      <trkpt lat="48.8649896" lon="2.3543791">
      </trkpt>
      <trkpt lat="48.8650017" lon="2.3544759">
      </trkpt>
      <trkpt lat="48.8650052" lon="2.3544916">
      </trkpt>
      <trkpt lat="48.8650214" lon="2.3545544">
      </trkpt>
      <trkpt lat="48.8650343" lon="2.3546045">
      </trkpt>
      <trkpt lat="48.8650435" lon="2.3546449">
      </trkpt>
      <trkpt lat="48.865032" lon="2.3546426">
      </trkpt>
      <trkpt lat="48.8650222" lon="2.354653">
      </trkpt>
      <trkpt lat="48.8650118" lon="2.3546665">
      </trkpt>
      <trkpt lat="48.8649993" lon="2.3546942">
      </trkpt>
      <trkpt lat="48.8648744" lon="2.355288">
      </trkpt>
      <trkpt lat="48.8648656" lon="2.3553319">
      </trkpt>
      <trkpt lat="48.8648846" lon="2.3553725">
      </trkpt>
      <trkpt lat="48.8648801" lon="2.3553943">
      </trkpt>
      <trkpt lat="48.8648653" lon="2.3554528">
      </trkpt>
      <trkpt lat="48.8648541" lon="2.3554951">
      </trkpt>
      <trkpt lat="48.8648506" lon="2.3555087">
      </trkpt>
      <trkpt lat="48.8648378" lon="2.3555552">
      </trkpt>
      <trkpt lat="48.8648209" lon="2.3555547">
      </trkpt>
      <trkpt lat="48.8648067" lon="2.3555672">
      </trkpt>
      <trkpt lat="48.8647943" lon="2.3555947">
      </trkpt>
      <trkpt lat="48.8647675" lon="2.3557041">
      </trkpt>
      <trkpt lat="48.8646548" lon="2.3562995">
      </trkpt>
      <trkpt lat="48.8646315" lon="2.3564479">
      </trkpt>
      <trkpt lat="48.8646018" lon="2.3567223">
      </trkpt>
      <trkpt lat="48.8646468" lon="2.35679">
      </trkpt>
      <trkpt lat="48.8647547" lon="2.3568618">
      </trkpt>
      <trkpt lat="48.8647871" lon="2.3568631">
      </trkpt>
      <trkpt lat="48.865138" lon="2.3570127">
      </trkpt>
      <trkpt lat="48.8651634" lon="2.3570202">
      </trkpt>
      <trkpt lat="48.8651751" lon="2.3570162">
      </trkpt>
      <trkpt lat="48.8651836" lon="2.3570056">
      </trkpt>
      <trkpt lat="48.8652569" lon="2.3566921">
      </trkpt>
      <trkpt lat="48.8652699" lon="2.3566183">
      </trkpt>
      <trkpt lat="48.8652761" lon="2.3565871">
      </trkpt>
      <trkpt lat="48.8652809" lon="2.3565653">
      </trkpt>
      <trkpt lat="48.8652871" lon="2.3565366">
      </trkpt>
      <trkpt lat="48.8652897" lon="2.3565278">
      </trkpt>
      <trkpt lat="48.8652871" lon="2.3565366">
      </trkpt>
      <trkpt lat="48.8652809" lon="2.3565653">
      </trkpt>
      <trkpt lat="48.8652761" lon="2.3565871">
      </trkpt>
      <trkpt lat="48.8652699" lon="2.3566183">
      </trkpt>
      <trkpt lat="48.8652569" lon="2.3566921">
      </trkpt>
      <trkpt lat="48.865275" lon="2.3567015">
      </trkpt>
      <trkpt lat="48.8653162" lon="2.3567266">
      </trkpt>
      <trkpt lat="48.8653602" lon="2.3567495">
      </trkpt>
      <trkpt lat="48.8653738" lon="2.3567566">
      </trkpt>
      <trkpt lat="48.8653875" lon="2.3567609">
      </trkpt>
      <trkpt lat="48.8653991" lon="2.3567106">
      </trkpt>
      <trkpt lat="48.8655308" lon="2.356723">
      </trkpt>
      <trkpt lat="48.8655508" lon="2.3568108">
      </trkpt>
      <trkpt lat="48.8656229" lon="2.3571035">
      </trkpt>
      <trkpt lat="48.8656389" lon="2.3570941">
      </trkpt>
      <trkpt lat="48.8656516" lon="2.3570874">
      </trkpt>
      <trkpt lat="48.8656931" lon="2.3570654">
      </trkpt>
      <trkpt lat="48.8657186" lon="2.3570518">
      </trkpt>
      <trkpt lat="48.8657434" lon="2.3570385">
      </trkpt>
      <trkpt lat="48.8658068" lon="2.3573117">
      </trkpt>
      <trkpt lat="48.8658466" lon="2.3574761">
      </trkpt>
      <trkpt lat="48.865852" lon="2.3575015">
      </trkpt>
      <trkpt lat="48.8658635" lon="2.3575524">
      </trkpt>
      <trkpt lat="48.8660303" lon="2.35766">
      </trkpt>
      <trkpt lat="48.8660408" lon="2.3576262">
      </trkpt>
      <trkpt lat="48.8660698" lon="2.357643">
      </trkpt>
      <trkpt lat="48.8660874" lon="2.3576535">
      </trkpt>
      <trkpt lat="48.8661051" lon="2.357664">
      </trkpt>
      <trkpt lat="48.8661283" lon="2.3576775">
      </trkpt>
      <trkpt lat="48.8661266" lon="2.3576933">
      </trkpt>
      <trkpt lat="48.8661288" lon="2.3577087">
      </trkpt>
      <trkpt lat="48.8661336" lon="2.3577223">
      </trkpt>
      <trkpt lat="48.8661412" lon="2.3577316">
      </trkpt>
      <trkpt lat="48.8663645" lon="2.3578679">
      </trkpt>
      <trkpt lat="48.8663916" lon="2.3578538">
      </trkpt>
      <trkpt lat="48.866632" lon="2.3580004">
      </trkpt>
      <trkpt lat="48.866666" lon="2.358053">
      </trkpt>
      <trkpt lat="48.8667423" lon="2.3580926">
      </trkpt>
      <trkpt lat="48.8669434" lon="2.3582161">
      </trkpt>
      <trkpt lat="48.8669414" lon="2.3582247">
      </trkpt>
      <trkpt lat="48.8669348" lon="2.35825">
      </trkpt>
      <trkpt lat="48.8669283" lon="2.3582748">
      </trkpt>
      <trkpt lat="48.8669265" lon="2.3582793">
      </trkpt>
      <trkpt lat="48.8669316" lon="2.3583128">
      </trkpt>
      <trkpt lat="48.8669031" lon="2.3584446">
      </trkpt>
      <trkpt lat="48.8668074" lon="2.3589073">
      </trkpt>
      <trkpt lat="48.8667432" lon="2.3590763">
      </trkpt>
      <trkpt lat="48.8665301" lon="2.360073">
      </trkpt>
      <trkpt lat="48.8664768" lon="2.3601837">
      </trkpt>
      <trkpt lat="48.8664877" lon="2.3602187">
      </trkpt>
      <trkpt lat="48.8664978" lon="2.3602619">
      </trkpt>
      <trkpt lat="48.8665071" lon="2.3603013">
      </trkpt>
      <trkpt lat="48.8665116" lon="2.3603516">
      </trkpt>
      <trkpt lat="48.8665112" lon="2.3604019">
      </trkpt>
      <trkpt lat="48.8666772" lon="2.3611298">
      </trkpt>
      <trkpt lat="48.8667798" lon="2.361509">
      </trkpt>
      <trkpt lat="48.8668645" lon="2.3617883">
      </trkpt>
      <trkpt lat="48.8668728" lon="2.3618155">
      </trkpt>
      <trkpt lat="48.8668899" lon="2.3618726">
      </trkpt>
      <trkpt lat="48.8669087" lon="2.361935">
      </trkpt>
      <trkpt lat="48.8669335" lon="2.3619586">
      </trkpt>
      <trkpt lat="48.8669087" lon="2.361935">
      </trkpt>
      <trkpt lat="48.8668899" lon="2.3618726">
      </trkpt>
      <trkpt lat="48.8668728" lon="2.3618155">
      </trkpt>
      <trkpt lat="48.8668645" lon="2.3617883">
      </trkpt>
      <trkpt lat="48.8667798" lon="2.361509">
      </trkpt>
      <trkpt lat="48.866753" lon="2.3615265">
      </trkpt>
      <trkpt lat="48.8667295" lon="2.3615419">
      </trkpt>
      <trkpt lat="48.8667098" lon="2.3615548">
      </trkpt>
      <trkpt lat="48.8666919" lon="2.3615665">
      </trkpt>
      <trkpt lat="48.8666614" lon="2.3615922">
      </trkpt>
      <trkpt lat="48.8666395" lon="2.3616155">
      </trkpt>
      <trkpt lat="48.866625" lon="2.361631">
      </trkpt>
      <trkpt lat="48.8665206" lon="2.3614371">
      </trkpt>
      <trkpt lat="48.8665133" lon="2.3614202">
      </trkpt>
      <trkpt lat="48.8665018" lon="2.3613939">
      </trkpt>
      <trkpt lat="48.8664736" lon="2.3613579">
      </trkpt>
      <trkpt lat="48.8664398" lon="2.361346">
      </trkpt>
      <trkpt lat="48.8661458" lon="2.3610404">
      </trkpt>
      <trkpt lat="48.8661241" lon="2.3610178">
      </trkpt>
      <trkpt lat="48.8659366" lon="2.360824">
      </trkpt>
      <trkpt lat="48.865829" lon="2.3607134">
      </trkpt>
      <trkpt lat="48.8656662" lon="2.3605498">
      </trkpt>
      <trkpt lat="48.8654598" lon="2.3603292">
      </trkpt>
      <trkpt lat="48.8654445" lon="2.3603103">
      </trkpt>
      <trkpt lat="48.8654391" lon="2.3603036">
      </trkpt>
      <trkpt lat="48.8654271" lon="2.3602955">
      </trkpt>
      <trkpt lat="48.8654137" lon="2.3602863">
      </trkpt>
      <trkpt lat="48.865408" lon="2.3602809">
      </trkpt>
      <trkpt lat="48.8651815" lon="2.3600506">
      </trkpt>
      <trkpt lat="48.8649501" lon="2.3598192">
      </trkpt>
      <trkpt lat="48.8648265" lon="2.3596902">
      </trkpt>
      <trkpt lat="48.8647737" lon="2.3596351">
      </trkpt>
      <trkpt lat="48.8647724" lon="2.3595794">
      </trkpt>
      <trkpt lat="48.8647776" lon="2.3595555">
      </trkpt>
      <trkpt lat="48.8648736" lon="2.3592603">
      </trkpt>
      <trkpt lat="48.8649726" lon="2.3588043">
      </trkpt>
      <trkpt lat="48.8649669" lon="2.3587547">
      </trkpt>
      <trkpt lat="48.8650183" lon="2.3584881">
      </trkpt>
      <trkpt lat="48.8649669" lon="2.3587547">
      </trkpt>
      <trkpt lat="48.8649726" lon="2.3588043">
      </trkpt>
      <trkpt lat="48.8648736" lon="2.3592603">
      </trkpt>
      <trkpt lat="48.8647776" lon="2.3595555">
      </trkpt>
      <trkpt lat="48.8647697" lon="2.3595494">
      </trkpt>
      <trkpt lat="48.864733" lon="2.3595217">
      </trkpt>
      <trkpt lat="48.8647053" lon="2.3595006">
      </trkpt>
      <trkpt lat="48.8646708" lon="2.3594745">
      </trkpt>
      <trkpt lat="48.8646609" lon="2.3594669">
      </trkpt>
      <trkpt lat="48.8646332" lon="2.3594947">
      </trkpt>
      <trkpt lat="48.8646319" lon="2.3595046">
      </trkpt>
      <trkpt lat="48.8646263" lon="2.3595363">
      </trkpt>
      <trkpt lat="48.864621" lon="2.3595666">
      </trkpt>
      <trkpt lat="48.8646161" lon="2.3595991">
      </trkpt>
      <trkpt lat="48.8645946" lon="2.3596778">
      </trkpt>
      <trkpt lat="48.8645581" lon="2.3597306">
      </trkpt>
      <trkpt lat="48.8637381" lon="2.3609169">
      </trkpt>
      <trkpt lat="48.8636794" lon="2.3610024">
      </trkpt>
      <trkpt lat="48.8636712" lon="2.3610137">
      </trkpt>
      <trkpt lat="48.8636577" lon="2.3610347">
      </trkpt>
      <trkpt lat="48.8636409" lon="2.3610611">
      </trkpt>
      <trkpt lat="48.8636365" lon="2.3610665">
      </trkpt>
      <trkpt lat="48.8636036" lon="2.3611114">
      </trkpt>
      <trkpt lat="48.8633017" lon="2.3615499">
      </trkpt>
      <trkpt lat="48.8632831" lon="2.3615769">
      </trkpt>
      <trkpt lat="48.8632748" lon="2.3615905">
      </trkpt>
      <trkpt lat="48.863263" lon="2.3616124">
      </trkpt>
      <trkpt lat="48.8632506" lon="2.3616352">
      </trkpt>
      <trkpt lat="48.8632483" lon="2.3616396">
      </trkpt>
      <trkpt lat="48.8631408" lon="2.3618688">
      </trkpt>
      <trkpt lat="48.8630617" lon="2.3620232">
      </trkpt>
      <trkpt lat="48.8628962" lon="2.362363">
      </trkpt>
      <trkpt lat="48.8630617" lon="2.3620232">
      </trkpt>
      <trkpt lat="48.8631408" lon="2.3618688">
      </trkpt>
      <trkpt lat="48.8631682" lon="2.3619036">
      </trkpt>
      <trkpt lat="48.8631793" lon="2.3619143">
      </trkpt>
      <trkpt lat="48.8632016" lon="2.3619456">
      </trkpt>
      <trkpt lat="48.8632167" lon="2.361967">
      </trkpt>
      <trkpt lat="48.8632399" lon="2.3619918">
      </trkpt>
      <trkpt lat="48.8632381" lon="2.3620367">
      </trkpt>
      <trkpt lat="48.8633074" lon="2.3621122">
      </trkpt>
      <trkpt lat="48.8633107" lon="2.3621715">
      </trkpt>
      <trkpt lat="48.8637891" lon="2.3627299">
      </trkpt>
      <trkpt lat="48.8638127" lon="2.3627291">
      </trkpt>
      <trkpt lat="48.8638186" lon="2.3627546">
      </trkpt>
      <trkpt lat="48.8638231" lon="2.3627763">
      </trkpt>
      <trkpt lat="48.8639058" lon="2.3627503">
      </trkpt>
      <trkpt lat="48.8639979" lon="2.3628534">
      </trkpt>
      <trkpt lat="48.8644174" lon="2.3633594">
      </trkpt>
      <trkpt lat="48.8644851" lon="2.3634371">
      </trkpt>
      <trkpt lat="48.86453" lon="2.3634885">
      </trkpt>
      <trkpt lat="48.8645617" lon="2.363424">
      </trkpt>
      <trkpt lat="48.8645824" lon="2.3634446">
      </trkpt>
      <trkpt lat="48.8645926" lon="2.3634593">
      </trkpt>
      <trkpt lat="48.864578" lon="2.363515">
      </trkpt>
      <trkpt lat="48.864578" lon="2.3635458">
      </trkpt>
      <trkpt lat="48.8647337" lon="2.3644128">
      </trkpt>
      <trkpt lat="48.8647259" lon="2.3644149">
      </trkpt>
      <trkpt lat="48.8646976" lon="2.3644268">
      </trkpt>
      <trkpt lat="48.8646536" lon="2.3644453">
      </trkpt>
      <trkpt lat="48.864646" lon="2.3644489">
      </trkpt>
      <trkpt lat="48.8646113" lon="2.3644905">
      </trkpt>
      <trkpt lat="48.8646074" lon="2.3644996">
      </trkpt>
      <trkpt lat="48.8645946" lon="2.3645349">
      </trkpt>
      <trkpt lat="48.8645804" lon="2.3645739">
      </trkpt>
      <trkpt lat="48.864579" lon="2.3645782">
      </trkpt>
      <trkpt lat="48.8645804" lon="2.3645739">
      </trkpt>
      <trkpt lat="48.8645946" lon="2.3645349">
      </trkpt>
      <trkpt lat="48.8646074" lon="2.3644996">
      </trkpt>
      <trkpt lat="48.8646113" lon="2.3644905">
      </trkpt>
      <trkpt lat="48.864646" lon="2.3644489">
      </trkpt>
      <trkpt lat="48.8646536" lon="2.3644453">
      </trkpt>
      <trkpt lat="48.8646976" lon="2.3644268">
      </trkpt>
      <trkpt lat="48.8647259" lon="2.3644149">
      </trkpt>
      <trkpt lat="48.8647337" lon="2.3644128">
      </trkpt>
      <trkpt lat="48.8647796" lon="2.3644504">
      </trkpt>
      <trkpt lat="48.8648467" lon="2.3644085">
      </trkpt>
      <trkpt lat="48.8648537" lon="2.3644362">
      </trkpt>
      <trkpt lat="48.8648605" lon="2.3644618">
      </trkpt>
      <trkpt lat="48.8648713" lon="2.364503">
      </trkpt>
      <trkpt lat="48.8648748" lon="2.3645178">
      </trkpt>
      <trkpt lat="48.8649113" lon="2.3644954">
      </trkpt>
      <trkpt lat="48.8653626" lon="2.3642181">
      </trkpt>
      <trkpt lat="48.8655701" lon="2.3640906">
      </trkpt>
      <trkpt lat="48.8662272" lon="2.3636903">
      </trkpt>
      <trkpt lat="48.8662304" lon="2.3637042">
      </trkpt>
      <trkpt lat="48.8663641" lon="2.3641741">
      </trkpt>
      <trkpt lat="48.8664075" lon="2.3643269">
      </trkpt>
      <trkpt lat="48.8664143" lon="2.3643525">
      </trkpt>
      <trkpt lat="48.8664332" lon="2.3644173">
      </trkpt>
      <trkpt lat="48.8664821" lon="2.3644795">
      </trkpt>
      <trkpt lat="48.866427" lon="2.3645753">
      </trkpt>
      <trkpt lat="48.8664821" lon="2.3644795">
      </trkpt>
      <trkpt lat="48.8669369" lon="2.3637009">
      </trkpt>
      <trkpt lat="48.866954" lon="2.3636688">
      </trkpt>
      <trkpt lat="48.8669874" lon="2.3636138">
      </trkpt>
      <trkpt lat="48.8670105" lon="2.3635627">
      </trkpt>
      <trkpt lat="48.8671825" lon="2.3638166">
      </trkpt>
      <trkpt lat="48.8672012" lon="2.3638435">
      </trkpt>
      <trkpt lat="48.8672223" lon="2.363874">
      </trkpt>
      <trkpt lat="48.8672678" lon="2.3639397">
      </trkpt>
      <trkpt lat="48.867291" lon="2.3639732">
      </trkpt>
      <trkpt lat="48.8673344" lon="2.3640435">
      </trkpt>
      <trkpt lat="48.8673234" lon="2.3641234">
      </trkpt>
      <trkpt lat="48.8673865" lon="2.3641294">
      </trkpt>
      <trkpt lat="48.8674147" lon="2.3640773">
      </trkpt>
      <trkpt lat="48.86743" lon="2.3640535">
      </trkpt>
      <trkpt lat="48.8674096" lon="2.3640203">
      </trkpt>
      <trkpt lat="48.8674151" lon="2.36397">
      </trkpt>
      <trkpt lat="48.8674049" lon="2.363898">
      </trkpt>
      <trkpt lat="48.8673983" lon="2.3638518">
      </trkpt>
      <trkpt lat="48.8673962" lon="2.3637621">
      </trkpt>
      <trkpt lat="48.8674283" lon="2.3637112">
      </trkpt>
      <trkpt lat="48.8674506" lon="2.3636756">
      </trkpt>
      <trkpt lat="48.867547" lon="2.3635194">
      </trkpt>
      <trkpt lat="48.8675451" lon="2.3634753">
      </trkpt>
      <trkpt lat="48.8674994" lon="2.3634165">
      </trkpt>
      <trkpt lat="48.867755" lon="2.3629935">
      </trkpt>
      <trkpt lat="48.8678734" lon="2.3627835">
      </trkpt>
      <trkpt lat="48.86802" lon="2.3624808">
      </trkpt>
      <trkpt lat="48.8680516" lon="2.3623986">
      </trkpt>
      <trkpt lat="48.8680801" lon="2.3624122">
      </trkpt>
      <trkpt lat="48.8681175" lon="2.3624434">
      </trkpt>
      <trkpt lat="48.8681692" lon="2.3624799">
      </trkpt>
      <trkpt lat="48.8682168" lon="2.3623965">
      </trkpt>
      <trkpt lat="48.868236" lon="2.3624271">
      </trkpt>
      <trkpt lat="48.8682643" lon="2.3625095">
      </trkpt>
      <trkpt lat="48.868297" lon="2.3625548">
      </trkpt>
      <trkpt lat="48.8683491" lon="2.3625647">
      </trkpt>
      <trkpt lat="48.86838" lon="2.3626106">
      </trkpt>
      <trkpt lat="48.8684" lon="2.3626393">
      </trkpt>
      <trkpt lat="48.8684196" lon="2.3626674">
      </trkpt>
      <trkpt lat="48.8684447" lon="2.3627002">
      </trkpt>
      <trkpt lat="48.8685279" lon="2.3628071">
      </trkpt>
      <trkpt lat="48.8685618" lon="2.3627902">
      </trkpt>
      <trkpt lat="48.8686286" lon="2.3627308">
      </trkpt>
      <trkpt lat="48.8688362" lon="2.3625471">
      </trkpt>
      <trkpt lat="48.8688746" lon="2.3625122">
      </trkpt>
      <trkpt lat="48.8688897" lon="2.362498">
      </trkpt>
      <trkpt lat="48.8689084" lon="2.3624822">
      </trkpt>
      <trkpt lat="48.8689304" lon="2.3624627">
      </trkpt>
      <trkpt lat="48.8690035" lon="2.3623977">
      </trkpt>
      <trkpt lat="48.8689304" lon="2.3624627">
      </trkpt>
      <trkpt lat="48.8689084" lon="2.3624822">
      </trkpt>
      <trkpt lat="48.8688897" lon="2.362498">
      </trkpt>
      <trkpt lat="48.8688746" lon="2.3625122">
      </trkpt>
      <trkpt lat="48.8688362" lon="2.3625471">
      </trkpt>
      <trkpt lat="48.8686286" lon="2.3627308">
      </trkpt>
      <trkpt lat="48.8686341" lon="2.3627489">
      </trkpt>
      <trkpt lat="48.8686382" lon="2.3627623">
      </trkpt>
      <trkpt lat="48.8686487" lon="2.3627924">
      </trkpt>
      <trkpt lat="48.8686619" lon="2.362829">
      </trkpt>
      <trkpt lat="48.8686977" lon="2.3629237">
      </trkpt>
      <trkpt lat="48.8687097" lon="2.3629557">
      </trkpt>
      <trkpt lat="48.8687226" lon="2.3629895">
      </trkpt>
      <trkpt lat="48.8687335" lon="2.3630181">
      </trkpt>
      <trkpt lat="48.8687013" lon="2.3630517">
      </trkpt>
      <trkpt lat="48.8686629" lon="2.363102">
      </trkpt>
      <trkpt lat="48.8686316" lon="2.3631374">
      </trkpt>
      <trkpt lat="48.8686088" lon="2.363158">
      </trkpt>
      <trkpt lat="48.8685813" lon="2.3631831">
      </trkpt>
      <trkpt lat="48.8685726" lon="2.3631927">
      </trkpt>
      <trkpt lat="48.8678574" lon="2.3643771">
      </trkpt>
      <trkpt lat="48.8678676" lon="2.3644138">
      </trkpt>
      <trkpt lat="48.8679541" lon="2.3646595">
      </trkpt>
      <trkpt lat="48.868173" lon="2.3652808">
      </trkpt>
      <trkpt lat="48.8681908" lon="2.3653618">
      </trkpt>
      <trkpt lat="48.8682076" lon="2.3654288">
      </trkpt>
      <trkpt lat="48.8686796" lon="2.3669518">
      </trkpt>
      <trkpt lat="48.8686467" lon="2.3669741">
      </trkpt>
      <trkpt lat="48.8686147" lon="2.3669949">
      </trkpt>
      <trkpt lat="48.8686467" lon="2.3669741">
      </trkpt>
      <trkpt lat="48.8686796" lon="2.3669518">
      </trkpt>
      <trkpt lat="48.8686989" lon="2.3669379">
      </trkpt>
      <trkpt lat="48.8687163" lon="2.366926">
      </trkpt>
      <trkpt lat="48.8687245" lon="2.3669459">
      </trkpt>
      <trkpt lat="48.8687395" lon="2.366983">
      </trkpt>
      <trkpt lat="48.868768" lon="2.3670533">
      </trkpt>
      <trkpt lat="48.8687852" lon="2.3670726">
      </trkpt>
      <trkpt lat="48.868781" lon="2.3671319">
      </trkpt>
      <trkpt lat="48.8687861" lon="2.367199">
      </trkpt>
      <trkpt lat="48.8687967" lon="2.3672473">
      </trkpt>
      <trkpt lat="48.8688033" lon="2.3672707">
      </trkpt>
      <trkpt lat="48.8688161" lon="2.3673076">
      </trkpt>
      <trkpt lat="48.8688538" lon="2.3673787">
      </trkpt>
      <trkpt lat="48.8688807" lon="2.3674042">
      </trkpt>
      <trkpt lat="48.8689352" lon="2.367425">
      </trkpt>
      <trkpt lat="48.8689987" lon="2.3674109">
      </trkpt>
      <trkpt lat="48.8698758" lon="2.3667291">
      </trkpt>
      <trkpt lat="48.8698803" lon="2.3667435">
      </trkpt>
      <trkpt lat="48.8698928" lon="2.3667823">
      </trkpt>
      <trkpt lat="48.8699099" lon="2.3668353">
      </trkpt>
      <trkpt lat="48.8699254" lon="2.3668516">
      </trkpt>
      <trkpt lat="48.8691756" lon="2.3674357">
      </trkpt>
      <trkpt lat="48.8689032" lon="2.3676416">
      </trkpt>
      <trkpt lat="48.8689105" lon="2.36772">
      </trkpt>
      <trkpt lat="48.8689796" lon="2.3679074">
      </trkpt>
      <trkpt lat="48.8691932" lon="2.368473">
      </trkpt>
      <trkpt lat="48.869477" lon="2.3692569">
      </trkpt>
      <trkpt lat="48.8694843" lon="2.3692614">
      </trkpt>
      <trkpt lat="48.8695035" lon="2.3692552">
      </trkpt>
      <trkpt lat="48.8695086" lon="2.3692745">
      </trkpt>
      <trkpt lat="48.8695201" lon="2.369313">
      </trkpt>
      <trkpt lat="48.8695306" lon="2.3693476">
      </trkpt>
      <trkpt lat="48.869536" lon="2.3693659">
      </trkpt>
      <trkpt lat="48.8695395" lon="2.3693791">
      </trkpt>
      <trkpt lat="48.869516" lon="2.3693987">
      </trkpt>
      <trkpt lat="48.8694886" lon="2.3694215">
      </trkpt>
      <trkpt lat="48.8694773" lon="2.3694309">
      </trkpt>
      <trkpt lat="48.8694557" lon="2.3694489">
      </trkpt>
      <trkpt lat="48.8696287" lon="2.3700041">
      </trkpt>
      <trkpt lat="48.8696647" lon="2.3701196">
      </trkpt>
      <trkpt lat="48.8697229" lon="2.3704964">
      </trkpt>
      <trkpt lat="48.8697604" lon="2.3706185">
      </trkpt>
      <trkpt lat="48.8697789" lon="2.370621">
      </trkpt>
      <trkpt lat="48.8698899" lon="2.3709802">
      </trkpt>
      <trkpt lat="48.8698623" lon="2.371001">
      </trkpt>
      <trkpt lat="48.8697712" lon="2.3710686">
      </trkpt>
      <trkpt lat="48.8690514" lon="2.3716022">
      </trkpt>
      <trkpt lat="48.8690181" lon="2.3716049">
      </trkpt>
      <trkpt lat="48.869011" lon="2.3716139">
      </trkpt>
      <trkpt lat="48.8689942" lon="2.3716274">
      </trkpt>
      <trkpt lat="48.8689786" lon="2.3716399">
      </trkpt>
      <trkpt lat="48.8689645" lon="2.3716494">
      </trkpt>
      <trkpt lat="48.8689371" lon="2.37169">
      </trkpt>
      <trkpt lat="48.8686674" lon="2.3718892">
      </trkpt>
      <trkpt lat="48.8686749" lon="2.371912">
      </trkpt>
      <trkpt lat="48.8686986" lon="2.3719866">
      </trkpt>
      <trkpt lat="48.8687295" lon="2.3720843">
      </trkpt>
      <trkpt lat="48.8687378" lon="2.3721115">
      </trkpt>
      <trkpt lat="48.8687127" lon="2.3721525">
      </trkpt>
      <trkpt lat="48.8688787" lon="2.3725289">
      </trkpt>
      <trkpt lat="48.8689056" lon="2.37255">
      </trkpt>
      <trkpt lat="48.8689173" lon="2.3725594">
      </trkpt>
      <trkpt lat="48.8689228" lon="2.3725718">
      </trkpt>
      <trkpt lat="48.8689405" lon="2.3726136">
      </trkpt>
      <trkpt lat="48.8689597" lon="2.3726587">
      </trkpt>
      <trkpt lat="48.8689643" lon="2.3726694">
      </trkpt>
      <trkpt lat="48.8689619" lon="2.3726893">
      </trkpt>
      <trkpt lat="48.8689612" lon="2.3727026">
      </trkpt>
      <trkpt lat="48.8689824" lon="2.3727538">
      </trkpt>
      <trkpt lat="48.8691099" lon="2.3730355">
      </trkpt>
      <trkpt lat="48.8689824" lon="2.3727538">
      </trkpt>
      <trkpt lat="48.8689612" lon="2.3727026">
      </trkpt>
      <trkpt lat="48.868954" lon="2.3727056">
      </trkpt>
      <trkpt lat="48.8689322" lon="2.3727119">
      </trkpt>
      <trkpt lat="48.8689018" lon="2.3727208">
      </trkpt>
      <trkpt lat="48.8688798" lon="2.3727271">
      </trkpt>
      <trkpt lat="48.8688669" lon="2.3727195">
      </trkpt>
      <trkpt lat="48.8688485" lon="2.3727096">
      </trkpt>
      <trkpt lat="48.8686031" lon="2.3729577">
      </trkpt>
      <trkpt lat="48.8686025" lon="2.3729947">
      </trkpt>
      <trkpt lat="48.868588" lon="2.3730039">
      </trkpt>
      <trkpt lat="48.8685689" lon="2.3730164">
      </trkpt>
      <trkpt lat="48.8685445" lon="2.3730324">
      </trkpt>
      <trkpt lat="48.8685371" lon="2.3730375">
      </trkpt>
      <trkpt lat="48.8685938" lon="2.3732172">
      </trkpt>
      <trkpt lat="48.8690128" lon="2.3741517">
      </trkpt>
      <trkpt lat="48.8690153" lon="2.3741602">
      </trkpt>
      <trkpt lat="48.8690438" lon="2.3742572">
      </trkpt>
      <trkpt lat="48.8688639" lon="2.3744282">
      </trkpt>
      <trkpt lat="48.8684644" lon="2.3747766">
      </trkpt>
      <trkpt lat="48.86845" lon="2.3747615">
      </trkpt>
      <trkpt lat="48.8684644" lon="2.3747766">
      </trkpt>
      <trkpt lat="48.8688639" lon="2.3744282">
      </trkpt>
      <trkpt lat="48.8690438" lon="2.3742572">
      </trkpt>
      <trkpt lat="48.8690717" lon="2.3742335">
      </trkpt>
      <trkpt lat="48.869091" lon="2.3742146">
      </trkpt>
      <trkpt lat="48.8691073" lon="2.3741987">
      </trkpt>
      <trkpt lat="48.8691144" lon="2.3741926">
      </trkpt>
      <trkpt lat="48.8691482" lon="2.3741801">
      </trkpt>
      <trkpt lat="48.8693842" lon="2.3739441">
      </trkpt>
      <trkpt lat="48.8693903" lon="2.3739595">
      </trkpt>
      <trkpt lat="48.8694008" lon="2.3739869">
      </trkpt>
      <trkpt lat="48.8694115" lon="2.3740151">
      </trkpt>
      <trkpt lat="48.8694207" lon="2.3740389">
      </trkpt>
      <trkpt lat="48.8694671" lon="2.374008">
      </trkpt>
      <trkpt lat="48.8694709" lon="2.3740053">
      </trkpt>
      <trkpt lat="48.8694889" lon="2.3739905">
      </trkpt>
      <trkpt lat="48.8695055" lon="2.3739767">
      </trkpt>
      <trkpt lat="48.8695274" lon="2.3739568">
      </trkpt>
      <trkpt lat="48.8695351" lon="2.3739364">
      </trkpt>
      <trkpt lat="48.8701424" lon="2.3733419">
      </trkpt>
      <trkpt lat="48.8701495" lon="2.3733131">
      </trkpt>
      <trkpt lat="48.8702487" lon="2.3732185">
      </trkpt>
      <trkpt lat="48.8703025" lon="2.3732219">
      </trkpt>
      <trkpt lat="48.8705377" lon="2.3730082">
      </trkpt>
      <trkpt lat="48.8705627" lon="2.3730308">
      </trkpt>
      <trkpt lat="48.8705777" lon="2.3730191">
      </trkpt>
      <trkpt lat="48.8706021" lon="2.373">
      </trkpt>
      <trkpt lat="48.8706195" lon="2.372987">
      </trkpt>
      <trkpt lat="48.870632" lon="2.3729762">
      </trkpt>
      <trkpt lat="48.8708024" lon="2.3734795">
      </trkpt>
      <trkpt lat="48.8708377" lon="2.373579">
      </trkpt>
      <trkpt lat="48.8709906" lon="2.3739108">
      </trkpt>
      <trkpt lat="48.8711615" lon="2.3742904">
      </trkpt>
      <trkpt lat="48.8712356" lon="2.3745144">
      </trkpt>
      <trkpt lat="48.871224" lon="2.3745189">
      </trkpt>
      <trkpt lat="48.8711995" lon="2.3745371">
      </trkpt>
      <trkpt lat="48.871182" lon="2.3745501">
      </trkpt>
      <trkpt lat="48.8711608" lon="2.3745556">
      </trkpt>
      <trkpt lat="48.8711661" lon="2.3746414">
      </trkpt>
      <trkpt lat="48.8711819" lon="2.3746599">
      </trkpt>
      <trkpt lat="48.87119" lon="2.3746839">
      </trkpt>
      <trkpt lat="48.8711968" lon="2.374704">
      </trkpt>
      <trkpt lat="48.8712012" lon="2.3747219">
      </trkpt>
      <trkpt lat="48.871219" lon="2.374736">
      </trkpt>
      <trkpt lat="48.8713396" lon="2.3750885">
      </trkpt>
      <trkpt lat="48.8713445" lon="2.3751028">
      </trkpt>
      <trkpt lat="48.8713508" lon="2.37512">
      </trkpt>
      <trkpt lat="48.8716111" lon="2.3758357">
      </trkpt>
      <trkpt lat="48.8715908" lon="2.3759135">
      </trkpt>
      <trkpt lat="48.8715995" lon="2.3759303">
      </trkpt>
      <trkpt lat="48.8716108" lon="2.3759528">
      </trkpt>
      <trkpt lat="48.8716263" lon="2.3759836">
      </trkpt>
      <trkpt lat="48.8716508" lon="2.3760362">
      </trkpt>
      <trkpt lat="48.8716299" lon="2.3760555">
      </trkpt>
      <trkpt lat="48.8716508" lon="2.3760362">
      </trkpt>
      <trkpt lat="48.8716641" lon="2.3760684">
      </trkpt>
      <trkpt lat="48.8718998" lon="2.3767517">
      </trkpt>
      <trkpt lat="48.8719512" lon="2.3767224">
      </trkpt>
      <trkpt lat="48.8719728" lon="2.3767071">
      </trkpt>
      <trkpt lat="48.8719939" lon="2.3766932">
      </trkpt>
      <trkpt lat="48.8720085" lon="2.3766828">
      </trkpt>
      <trkpt lat="48.8720531" lon="2.3766645">
      </trkpt>
      <trkpt lat="48.8720645" lon="2.3766904">
      </trkpt>
      <trkpt lat="48.8721823" lon="2.3765613">
      </trkpt>
      <trkpt lat="48.872257" lon="2.3764643">
      </trkpt>
      <trkpt lat="48.8724798" lon="2.3762242">
      </trkpt>
      <trkpt lat="48.8724809" lon="2.3761928">
      </trkpt>
      <trkpt lat="48.8725073" lon="2.3761655">
      </trkpt>
      <trkpt lat="48.8725408" lon="2.3761287">
      </trkpt>
      <trkpt lat="48.8725662" lon="2.3761032">
      </trkpt>
      <trkpt lat="48.8725848" lon="2.3760647">
      </trkpt>
      <trkpt lat="48.8726059" lon="2.3760801">
      </trkpt>
      <trkpt lat="48.8726362" lon="2.3760479">
      </trkpt>
      <trkpt lat="48.8732313" lon="2.3753871">
      </trkpt>
      <trkpt lat="48.8735033" lon="2.3750906">
      </trkpt>
      <trkpt lat="48.8735122" lon="2.3750394">
      </trkpt>
      <trkpt lat="48.8735447" lon="2.3750337">
      </trkpt>
      <trkpt lat="48.8735736" lon="2.3749916">
      </trkpt>
      <trkpt lat="48.8735946" lon="2.3749657">
      </trkpt>
      <trkpt lat="48.8736159" lon="2.3749385">
      </trkpt>
      <trkpt lat="48.8736255" lon="2.3749452">
      </trkpt>
      <trkpt lat="48.8737152" lon="2.3748464">
      </trkpt>
      <trkpt lat="48.8741316" lon="2.374363">
      </trkpt>
      <trkpt lat="48.8742391" lon="2.3740511">
      </trkpt>
      <trkpt lat="48.8743895" lon="2.3735993">
      </trkpt>
      <trkpt lat="48.8744689" lon="2.3733607">
      </trkpt>
      <trkpt lat="48.8744942" lon="2.3731798">
      </trkpt>
      <trkpt lat="48.8744863" lon="2.3731324">
      </trkpt>
      <trkpt lat="48.8744608" lon="2.3730744">
      </trkpt>
      <trkpt lat="48.8744104" lon="2.3729592">
      </trkpt>
      <trkpt lat="48.8742892" lon="2.3726829">
      </trkpt>
      <trkpt lat="48.8742657" lon="2.3726573">
      </trkpt>
      <trkpt lat="48.8742892" lon="2.3726829">
      </trkpt>
      <trkpt lat="48.8744104" lon="2.3729592">
      </trkpt>
      <trkpt lat="48.8744144" lon="2.3729517">
      </trkpt>
      <trkpt lat="48.8744237" lon="2.372934">
      </trkpt>
      <trkpt lat="48.8744934" lon="2.373092">
      </trkpt>
      <trkpt lat="48.8745016" lon="2.3730414">
      </trkpt>
      <trkpt lat="48.8745024" lon="2.3730135">
      </trkpt>
      <trkpt lat="48.8745264" lon="2.3730096">
      </trkpt>
      <trkpt lat="48.8745826" lon="2.3726355">
      </trkpt>
      <trkpt lat="48.8746043" lon="2.372462">
      </trkpt>
      <trkpt lat="48.8746056" lon="2.3724515">
      </trkpt>
      <trkpt lat="48.8746124" lon="2.3724094">
      </trkpt>
      <trkpt lat="48.874621" lon="2.3723566">
      </trkpt>
      <trkpt lat="48.8746239" lon="2.3723324">
      </trkpt>
      <trkpt lat="48.8746407" lon="2.3722818">
      </trkpt>
      <trkpt lat="48.8747685" lon="2.3714563">
      </trkpt>
      <trkpt lat="48.8747817" lon="2.371417">
      </trkpt>
      <trkpt lat="48.8748891" lon="2.3711238">
      </trkpt>
      <trkpt lat="48.8749058" lon="2.3710806">
      </trkpt>
      <trkpt lat="48.8751332" lon="2.3704553">
      </trkpt>
      <trkpt lat="48.8751077" lon="2.3704368">
      </trkpt>
      <trkpt lat="48.8751151" lon="2.3704134">
      </trkpt>
      <trkpt lat="48.8751467" lon="2.3703117">
      </trkpt>
      <trkpt lat="48.875151" lon="2.370298">
      </trkpt>
      <trkpt lat="48.8751768" lon="2.370215">
      </trkpt>
      <trkpt lat="48.8751838" lon="2.3701923">
      </trkpt>
      <trkpt lat="48.8751872" lon="2.3701819">
      </trkpt>
      <trkpt lat="48.8752013" lon="2.3701417">
      </trkpt>
      <trkpt lat="48.8752585" lon="2.3693803">
      </trkpt>
      <trkpt lat="48.8752288" lon="2.3693466">
      </trkpt>
      <trkpt lat="48.8752532" lon="2.3693327">
      </trkpt>
      <trkpt lat="48.8753066" lon="2.3692974">
      </trkpt>
      <trkpt lat="48.8753319" lon="2.3692807">
      </trkpt>
      <trkpt lat="48.8753613" lon="2.3692628">
      </trkpt>
      <trkpt lat="48.8753695" lon="2.369193">
      </trkpt>
      <trkpt lat="48.8753957" lon="2.3691738">
      </trkpt>
      <trkpt lat="48.875395" lon="2.369159">
      </trkpt>
      <trkpt lat="48.8753945" lon="2.3691492">
      </trkpt>
      <trkpt lat="48.8753938" lon="2.3691352">
      </trkpt>
      <trkpt lat="48.8753924" lon="2.3691057">
      </trkpt>
      <trkpt lat="48.875391" lon="2.3690759">
      </trkpt>
      <trkpt lat="48.8753889" lon="2.3690317">
      </trkpt>
      <trkpt lat="48.8754482" lon="2.3689805">
      </trkpt>
      <trkpt lat="48.8755095" lon="2.368933">
      </trkpt>
      <trkpt lat="48.8755977" lon="2.3688888">
      </trkpt>
      <trkpt lat="48.875607" lon="2.3689089">
      </trkpt>
      <trkpt lat="48.8756175" lon="2.3689319">
      </trkpt>
      <trkpt lat="48.8756278" lon="2.3689541">
      </trkpt>
      <trkpt lat="48.8756332" lon="2.368966">
      </trkpt>
      <trkpt lat="48.875638" lon="2.3689763">
      </trkpt>
      <trkpt lat="48.8756428" lon="2.3689867">
      </trkpt>
      <trkpt lat="48.8760669" lon="2.3686749">
      </trkpt>
      <trkpt lat="48.8760757" lon="2.368704">
      </trkpt>
      <trkpt lat="48.8760872" lon="2.368702">
      </trkpt>
      <trkpt lat="48.8761286" lon="2.3686922">
      </trkpt>
      <trkpt lat="48.8761545" lon="2.3686862">
      </trkpt>
      <trkpt lat="48.8761632" lon="2.3686842">
      </trkpt>
      <trkpt lat="48.8761845" lon="2.3686675">
      </trkpt>
      <trkpt lat="48.8762063" lon="2.3686482">
      </trkpt>
      <trkpt lat="48.8770519" lon="2.369492">
      </trkpt>
      <trkpt lat="48.8773101" lon="2.3697441">
      </trkpt>
      <trkpt lat="48.8773251" lon="2.3697588">
      </trkpt>
      <trkpt lat="48.8773513" lon="2.3697832">
      </trkpt>
      <trkpt lat="48.8773629" lon="2.3697943">
      </trkpt>
      <trkpt lat="48.8773722" lon="2.3698033">
      </trkpt>
      <trkpt lat="48.8774018" lon="2.3698313">
      </trkpt>
      <trkpt lat="48.8775599" lon="2.3699904">
      </trkpt>
      <trkpt lat="48.8775241" lon="2.3701639">
      </trkpt>
      <trkpt lat="48.8775206" lon="2.3701928">
      </trkpt>
      <trkpt lat="48.8775276" lon="2.3702899">
      </trkpt>
      <trkpt lat="48.8775437" lon="2.3703879">
      </trkpt>
      <trkpt lat="48.8775477" lon="2.3704082">
      </trkpt>
      <trkpt lat="48.8775538" lon="2.3704354">
      </trkpt>
      <trkpt lat="48.8775592" lon="2.3704584">
      </trkpt>
      <trkpt lat="48.8775642" lon="2.3704777">
      </trkpt>
      <trkpt lat="48.8775833" lon="2.370509">
      </trkpt>
      <trkpt lat="48.8775897" lon="2.3705267">
      </trkpt>
      <trkpt lat="48.8776128" lon="2.3705687">
      </trkpt>
      <trkpt lat="48.8776098" lon="2.370643">
      </trkpt>
      <trkpt lat="48.8776333" lon="2.3706831">
      </trkpt>
      <trkpt lat="48.8776565" lon="2.3707235">
      </trkpt>
      <trkpt lat="48.8776856" lon="2.370774">
      </trkpt>
      <trkpt lat="48.8776914" lon="2.3707841">
      </trkpt>
      <trkpt lat="48.8777282" lon="2.3708449">
      </trkpt>
      <trkpt lat="48.8777672" lon="2.3708419">
      </trkpt>
      <trkpt lat="48.8778648" lon="2.3708921">
      </trkpt>
      <trkpt lat="48.877959" lon="2.3709397">
      </trkpt>
      <trkpt lat="48.8781472" lon="2.3725573">
      </trkpt>
      <trkpt lat="48.8781664" lon="2.3727109">
      </trkpt>
      <trkpt lat="48.8782082" lon="2.3730662">
      </trkpt>
      <trkpt lat="48.8782003" lon="2.3730858">
      </trkpt>
      <trkpt lat="48.8782078" lon="2.3731377">
      </trkpt>
      <trkpt lat="48.8782146" lon="2.3731771">
      </trkpt>
      <trkpt lat="48.8782252" lon="2.3732387">
      </trkpt>
      <trkpt lat="48.8782346" lon="2.3732978">
      </trkpt>
      <trkpt lat="48.8783226" lon="2.3740947">
      </trkpt>
      <trkpt lat="48.8783051" lon="2.3741212">
      </trkpt>
      <trkpt lat="48.8783068" lon="2.3741328">
      </trkpt>
      <trkpt lat="48.8783126" lon="2.3741881">
      </trkpt>
      <trkpt lat="48.8783174" lon="2.3742334">
      </trkpt>
      <trkpt lat="48.8783251" lon="2.3743059">
      </trkpt>
      <trkpt lat="48.8783308" lon="2.3743471">
      </trkpt>
      <trkpt lat="48.8783487" lon="2.3743786">
      </trkpt>
      <trkpt lat="48.8783879" lon="2.3747681">
      </trkpt>
      <trkpt lat="48.8784475" lon="2.3751662">
      </trkpt>
      <trkpt lat="48.8780701" lon="2.3752674">
      </trkpt>
      <trkpt lat="48.8780479" lon="2.3753452">
      </trkpt>
      <trkpt lat="48.8780274" lon="2.3753576">
      </trkpt>
      <trkpt lat="48.8778199" lon="2.375519">
      </trkpt>
      <trkpt lat="48.8777586" lon="2.3758134">
      </trkpt>
      <trkpt lat="48.8777538" lon="2.3758367">
      </trkpt>
      <trkpt lat="48.8777523" lon="2.3758431">
      </trkpt>
      <trkpt lat="48.877746" lon="2.3758757">
      </trkpt>
      <trkpt lat="48.8777398" lon="2.3759073">
      </trkpt>
      <trkpt lat="48.8777381" lon="2.3759137">
      </trkpt>
      <trkpt lat="48.8777113" lon="2.3759003">
      </trkpt>
      <trkpt lat="48.8776995" lon="2.375916">
      </trkpt>
      <trkpt lat="48.8776846" lon="2.375938">
      </trkpt>
      <trkpt lat="48.8777712" lon="2.3767272">
      </trkpt>
      <trkpt lat="48.8777233" lon="2.3777491">
      </trkpt>
      <trkpt lat="48.8777013" lon="2.3777734">
      </trkpt>
      <trkpt lat="48.8776841" lon="2.3777889">
      </trkpt>
      <trkpt lat="48.8776528" lon="2.3778243">
      </trkpt>
      <trkpt lat="48.8767932" lon="2.37831">
      </trkpt>
      <trkpt lat="48.8767648" lon="2.3782747">
      </trkpt>
      <trkpt lat="48.8767637" lon="2.3782468">
      </trkpt>
      <trkpt lat="48.876759" lon="2.3782462">
      </trkpt>
      <trkpt lat="48.8766115" lon="2.3782251">
      </trkpt>
      <trkpt lat="48.8765353" lon="2.3782152">
      </trkpt>
      <trkpt lat="48.8765183" lon="2.3782121">
      </trkpt>
      <trkpt lat="48.8764984" lon="2.3784706">
      </trkpt>
      <trkpt lat="48.876479" lon="2.3786939">
      </trkpt>
      <trkpt lat="48.8764381" lon="2.3791279">
      </trkpt>
      <trkpt lat="48.8764316" lon="2.3791918">
      </trkpt>
      <trkpt lat="48.876408" lon="2.3795086">
      </trkpt>
      <trkpt lat="48.8764136" lon="2.3795344">
      </trkpt>
      <trkpt lat="48.8764361" lon="2.3796339">
      </trkpt>
      <trkpt lat="48.8764553" lon="2.3797187">
      </trkpt>
      <trkpt lat="48.8764602" lon="2.3797561">
      </trkpt>
      <trkpt lat="48.8763892" lon="2.3799329">
      </trkpt>
      <trkpt lat="48.8763206" lon="2.3801599">
      </trkpt>
      <trkpt lat="48.8762711" lon="2.3803797">
      </trkpt>
      <trkpt lat="48.876152" lon="2.3810668">
      </trkpt>
      <trkpt lat="48.8761251" lon="2.3810205">
      </trkpt>
      <trkpt lat="48.876071" lon="2.3809762">
      </trkpt>
      <trkpt lat="48.8760669" lon="2.3809728">
      </trkpt>
      <trkpt lat="48.8760633" lon="2.3809699">
      </trkpt>
      <trkpt lat="48.8760252" lon="2.3809386">
      </trkpt>
      <trkpt lat="48.8760047" lon="2.3809218">
      </trkpt>
      <trkpt lat="48.8759522" lon="2.3810821">
      </trkpt>
      <trkpt lat="48.8758611" lon="2.3812929">
      </trkpt>
      <trkpt lat="48.8758223" lon="2.3812678">
      </trkpt>
      <trkpt lat="48.8757378" lon="2.3812151">
      </trkpt>
      <trkpt lat="48.8756744" lon="2.3811763">
      </trkpt>
      <trkpt lat="48.8757378" lon="2.3812151">
      </trkpt>
      <trkpt lat="48.8758223" lon="2.3812678">
      </trkpt>
      <trkpt lat="48.8758611" lon="2.3812929">
      </trkpt>
      <trkpt lat="48.875756" lon="2.3815012">
      </trkpt>
      <trkpt lat="48.8756116" lon="2.3817216">
      </trkpt>
      <trkpt lat="48.8756276" lon="2.3817452">
      </trkpt>
      <trkpt lat="48.8756612" lon="2.3817917">
      </trkpt>
      <trkpt lat="48.8756971" lon="2.3818384">
      </trkpt>
      <trkpt lat="48.8757134" lon="2.3818826">
      </trkpt>
      <trkpt lat="48.8756777" lon="2.3819196">
      </trkpt>
      <trkpt lat="48.8756567" lon="2.381948">
      </trkpt>
      <trkpt lat="48.8756366" lon="2.3819742">
      </trkpt>
      <trkpt lat="48.8756277" lon="2.381984">
      </trkpt>
      <trkpt lat="48.8755866" lon="2.3820199">
      </trkpt>
      <trkpt lat="48.8753087" lon="2.3823652">
      </trkpt>
      <trkpt lat="48.8757024" lon="2.3830053">
      </trkpt>
      <trkpt lat="48.8756879" lon="2.3831263">
      </trkpt>
      <trkpt lat="48.8756309" lon="2.3832052">
      </trkpt>
      <trkpt lat="48.8756348" lon="2.383214">
      </trkpt>
      <trkpt lat="48.8757563" lon="2.3835134">
      </trkpt>
      <trkpt lat="48.87577" lon="2.3835471">
      </trkpt>
      <trkpt lat="48.8757755" lon="2.3835607">
      </trkpt>
      <trkpt lat="48.8757849" lon="2.3835857">
      </trkpt>
      <trkpt lat="48.8757755" lon="2.3835607">
      </trkpt>
      <trkpt lat="48.87577" lon="2.3835471">
      </trkpt>
      <trkpt lat="48.8757563" lon="2.3835134">
      </trkpt>
      <trkpt lat="48.8756348" lon="2.383214">
      </trkpt>
      <trkpt lat="48.8756309" lon="2.3832052">
      </trkpt>
      <trkpt lat="48.8755423" lon="2.3832601">
      </trkpt>
      <trkpt lat="48.8754826" lon="2.3832329">
      </trkpt>
      <trkpt lat="48.8752632" lon="2.3824226">
      </trkpt>
      <trkpt lat="48.8752153" lon="2.3824712">
      </trkpt>
      <trkpt lat="48.8751923" lon="2.3824246">
      </trkpt>
      <trkpt lat="48.8751692" lon="2.3823811">
      </trkpt>
      <trkpt lat="48.8751474" lon="2.3823402">
      </trkpt>
      <trkpt lat="48.8751313" lon="2.3823079">
      </trkpt>
      <trkpt lat="48.8749473" lon="2.3825356">
      </trkpt>
      <trkpt lat="48.8749367" lon="2.3825075">
      </trkpt>
      <trkpt lat="48.8749156" lon="2.3824168">
      </trkpt>
      <trkpt lat="48.8749113" lon="2.382407">
      </trkpt>
      <trkpt lat="48.8743696" lon="2.3826699">
      </trkpt>
      <trkpt lat="48.8741696" lon="2.3829191">
      </trkpt>
      <trkpt lat="48.8741328" lon="2.3829563">
      </trkpt>
      <trkpt lat="48.8740916" lon="2.3829868">
      </trkpt>
      <trkpt lat="48.8740636" lon="2.3829969">
      </trkpt>
      <trkpt lat="48.8740321" lon="2.3830012">
      </trkpt>
      <trkpt lat="48.8740009" lon="2.3829999">
      </trkpt>
      <trkpt lat="48.8739656" lon="2.3829844">
      </trkpt>
      <trkpt lat="48.873851" lon="2.3828819">
      </trkpt>
      <trkpt lat="48.8738414" lon="2.3828852">
      </trkpt>
      <trkpt lat="48.8737865" lon="2.3829328">
      </trkpt>
      <trkpt lat="48.8735473" lon="2.3830385">
      </trkpt>
      <trkpt lat="48.8735434" lon="2.38301">
      </trkpt>
      <trkpt lat="48.8735395" lon="2.3829856">
      </trkpt>
      <trkpt lat="48.8735349" lon="2.3829564">
      </trkpt>
      <trkpt lat="48.8735324" lon="2.3829445">
      </trkpt>
      <trkpt lat="48.8735114" lon="2.3829404">
      </trkpt>
      <trkpt lat="48.8735052" lon="2.3829379">
      </trkpt>
      <trkpt lat="48.8734969" lon="2.3829409">
      </trkpt>
      <trkpt lat="48.8734598" lon="2.3829558">
      </trkpt>
      <trkpt lat="48.8734245" lon="2.38297">
      </trkpt>
      <trkpt lat="48.8734124" lon="2.3829737">
      </trkpt>
      <trkpt lat="48.8733714" lon="2.3827142">
      </trkpt>
      <trkpt lat="48.8733562" lon="2.3826984">
      </trkpt>
      <trkpt lat="48.873346" lon="2.3826874">
      </trkpt>
      <trkpt lat="48.8733394" lon="2.3826476">
      </trkpt>
      <trkpt lat="48.8733352" lon="2.3826219">
      </trkpt>
      <trkpt lat="48.8733299" lon="2.3825895">
      </trkpt>
      <trkpt lat="48.8733246" lon="2.3825557">
      </trkpt>
      <trkpt lat="48.8733325" lon="2.3825461">
      </trkpt>
      <trkpt lat="48.8733416" lon="2.3825342">
      </trkpt>
      <trkpt lat="48.8732591" lon="2.3820963">
      </trkpt>
      <trkpt lat="48.873246" lon="2.3820299">
      </trkpt>
      <trkpt lat="48.873223" lon="2.3820137">
      </trkpt>
      <trkpt lat="48.8732005" lon="2.3819997">
      </trkpt>
      <trkpt lat="48.8731927" lon="2.3819676">
      </trkpt>
      <trkpt lat="48.8731881" lon="2.3819486">
      </trkpt>
      <trkpt lat="48.8731805" lon="2.3819169">
      </trkpt>
      <trkpt lat="48.8731746" lon="2.3818888">
      </trkpt>
      <trkpt lat="48.8731739" lon="2.3818267">
      </trkpt>
      <trkpt lat="48.8731466" lon="2.3816822">
      </trkpt>
      <trkpt lat="48.8731429" lon="2.3815357">
      </trkpt>
      <trkpt lat="48.8730814" lon="2.3812326">
      </trkpt>
      <trkpt lat="48.8728152" lon="2.3799513">
      </trkpt>
      <trkpt lat="48.8728087" lon="2.3799195">
      </trkpt>
      <trkpt lat="48.8728031" lon="2.3798922">
      </trkpt>
      <trkpt lat="48.8727959" lon="2.3798571">
      </trkpt>
      <trkpt lat="48.8727895" lon="2.3798262">
      </trkpt>
      <trkpt lat="48.8727815" lon="2.3797871">
      </trkpt>
      <trkpt lat="48.8727728" lon="2.3797446">
      </trkpt>
      <trkpt lat="48.8725012" lon="2.3787104">
      </trkpt>
      <trkpt lat="48.8723501" lon="2.3781709">
      </trkpt>
      <trkpt lat="48.8723486" lon="2.3781638">
      </trkpt>
      <trkpt lat="48.8723389" lon="2.378125">
      </trkpt>
      <trkpt lat="48.8723323" lon="2.3780927">
      </trkpt>
      <trkpt lat="48.8716852" lon="2.3784549">
      </trkpt>
      <trkpt lat="48.8716331" lon="2.3784879">
      </trkpt>
      <trkpt lat="48.8709835" lon="2.3788538">
      </trkpt>
      <trkpt lat="48.870972" lon="2.3788472">
      </trkpt>
      <trkpt lat="48.8709037" lon="2.3785971">
      </trkpt>
      <trkpt lat="48.870883" lon="2.3785226">
      </trkpt>
      <trkpt lat="48.8709372" lon="2.3784508">
      </trkpt>
      <trkpt lat="48.87091" lon="2.3783965">
      </trkpt>
      <trkpt lat="48.8709035" lon="2.3783841">
      </trkpt>
      <trkpt lat="48.8708763" lon="2.3783319">
      </trkpt>
      <trkpt lat="48.8708541" lon="2.3782893">
      </trkpt>
      <trkpt lat="48.8708242" lon="2.3782335">
      </trkpt>
      <trkpt lat="48.8707962" lon="2.378161">
      </trkpt>
      <trkpt lat="48.8707817" lon="2.3781099">
      </trkpt>
      <trkpt lat="48.8707706" lon="2.3780706">
      </trkpt>
      <trkpt lat="48.870768" lon="2.3780616">
      </trkpt>
      <trkpt lat="48.8707644" lon="2.3780456">
      </trkpt>
      <trkpt lat="48.8707442" lon="2.3780486">
      </trkpt>
      <trkpt lat="48.870628" lon="2.3776589">
      </trkpt>
      <trkpt lat="48.8706186" lon="2.3776663">
      </trkpt>
      <trkpt lat="48.8706033" lon="2.3776756">
      </trkpt>
      <trkpt lat="48.8705892" lon="2.3776842">
      </trkpt>
      <trkpt lat="48.8705695" lon="2.3776975">
      </trkpt>
      <trkpt lat="48.8705466" lon="2.377674">
      </trkpt>
      <trkpt lat="48.8700974" lon="2.3780666">
      </trkpt>
      <trkpt lat="48.8698073" lon="2.3783167">
      </trkpt>
      <trkpt lat="48.8697293" lon="2.3783851">
      </trkpt>
      <trkpt lat="48.8697225" lon="2.3783697">
      </trkpt>
      <trkpt lat="48.8697087" lon="2.3783328">
      </trkpt>
      <trkpt lat="48.8696973" lon="2.3782973">
      </trkpt>
      <trkpt lat="48.8696894" lon="2.3782674">
      </trkpt>
      <trkpt lat="48.8696416" lon="2.3782286">
      </trkpt>
      <trkpt lat="48.8696257" lon="2.3782384">
      </trkpt>
      <trkpt lat="48.8696139" lon="2.3782516">
      </trkpt>
      <trkpt lat="48.8695989" lon="2.3782684">
      </trkpt>
      <trkpt lat="48.8695792" lon="2.3782849">
      </trkpt>
      <trkpt lat="48.8692364" lon="2.3775897">
      </trkpt>
      <trkpt lat="48.8691758" lon="2.37754">
      </trkpt>
      <trkpt lat="48.869172" lon="2.3775292">
      </trkpt>
      <trkpt lat="48.8691641" lon="2.3775035">
      </trkpt>
      <trkpt lat="48.8691572" lon="2.3774815">
      </trkpt>
      <trkpt lat="48.8691551" lon="2.3774747">
      </trkpt>
      <trkpt lat="48.8691432" lon="2.3774842">
      </trkpt>
      <trkpt lat="48.8684249" lon="2.3780296">
      </trkpt>
      <trkpt lat="48.86808" lon="2.3783168">
      </trkpt>
      <trkpt lat="48.8680691" lon="2.3783249">
      </trkpt>
      <trkpt lat="48.8680698" lon="2.3783293">
      </trkpt>
      <trkpt lat="48.8680747" lon="2.3783586">
      </trkpt>
      <trkpt lat="48.8680782" lon="2.3783796">
      </trkpt>
      <trkpt lat="48.8680811" lon="2.3783929">
      </trkpt>
      <trkpt lat="48.868105" lon="2.3785294">
      </trkpt>
      <trkpt lat="48.8681523" lon="2.3788065">
      </trkpt>
      <trkpt lat="48.868268" lon="2.3791951">
      </trkpt>
      <trkpt lat="48.8684118" lon="2.3794607">
      </trkpt>
      <trkpt lat="48.8684217" lon="2.37945">
      </trkpt>
      <trkpt lat="48.8684409" lon="2.3794878">
      </trkpt>
      <trkpt lat="48.8684518" lon="2.3795093">
      </trkpt>
      <trkpt lat="48.8684626" lon="2.3795306">
      </trkpt>
      <trkpt lat="48.8684677" lon="2.3795405">
      </trkpt>
      <trkpt lat="48.8689188" lon="2.3803492">
      </trkpt>
      <trkpt lat="48.8689028" lon="2.3803675">
      </trkpt>
      <trkpt lat="48.8688854" lon="2.3803886">
      </trkpt>
      <trkpt lat="48.8688541" lon="2.3804267">
      </trkpt>
      <trkpt lat="48.8688467" lon="2.3804357">
      </trkpt>
      <trkpt lat="48.86884" lon="2.3804443">
      </trkpt>
      <trkpt lat="48.8688395" lon="2.3804669">
      </trkpt>
      <trkpt lat="48.8688303" lon="2.380494">
      </trkpt>
      <trkpt lat="48.8688061" lon="2.3805261">
      </trkpt>
      <trkpt lat="48.8682627" lon="2.3812593">
      </trkpt>
      <trkpt lat="48.8682285" lon="2.3813041">
      </trkpt>
      <trkpt lat="48.8682236" lon="2.3813106">
      </trkpt>
      <trkpt lat="48.8682197" lon="2.3813156">
      </trkpt>
      <trkpt lat="48.8681858" lon="2.3813585">
      </trkpt>
      <trkpt lat="48.8679001" lon="2.3817414">
      </trkpt>
      <trkpt lat="48.8677553" lon="2.3819417">
      </trkpt>
      <trkpt lat="48.8672197" lon="2.3826603">
      </trkpt>
      <trkpt lat="48.8670765" lon="2.3827444">
      </trkpt>
      <trkpt lat="48.8670815" lon="2.3827605">
      </trkpt>
      <trkpt lat="48.8670924" lon="2.3828067">
      </trkpt>
      <trkpt lat="48.8671008" lon="2.3828418">
      </trkpt>
      <trkpt lat="48.867168" lon="2.3831019">
      </trkpt>
      <trkpt lat="48.8671742" lon="2.3831267">
      </trkpt>
      <trkpt lat="48.8671907" lon="2.3831891">
      </trkpt>
      <trkpt lat="48.8672041" lon="2.3832399">
      </trkpt>
      <trkpt lat="48.8672228" lon="2.3833117">
      </trkpt>
      <trkpt lat="48.867426" lon="2.3830317">
      </trkpt>
      <trkpt lat="48.8674478" lon="2.3830089">
      </trkpt>
      <trkpt lat="48.867468" lon="2.3829874">
      </trkpt>
      <trkpt lat="48.867484" lon="2.3829704">
      </trkpt>
      <trkpt lat="48.8675087" lon="2.3829435">
      </trkpt>
      <trkpt lat="48.8676955" lon="2.3826673">
      </trkpt>
      <trkpt lat="48.8677018" lon="2.3826587">
      </trkpt>
      <trkpt lat="48.8677232" lon="2.3826291">
      </trkpt>
      <trkpt lat="48.8677455" lon="2.3825983">
      </trkpt>
      <trkpt lat="48.8677646" lon="2.3825723">
      </trkpt>
      <trkpt lat="48.8678029" lon="2.3826509">
      </trkpt>
      <trkpt lat="48.8678158" lon="2.3826797">
      </trkpt>
      <trkpt lat="48.8678241" lon="2.3826981">
      </trkpt>
      <trkpt lat="48.8678514" lon="2.3827584">
      </trkpt>
      <trkpt lat="48.8678685" lon="2.3828824">
      </trkpt>
      <trkpt lat="48.8682071" lon="2.3837476">
      </trkpt>
      <trkpt lat="48.8682337" lon="2.3838135">
      </trkpt>
      <trkpt lat="48.8682591" lon="2.3838484">
      </trkpt>
      <trkpt lat="48.8682638" lon="2.3838608">
      </trkpt>
      <trkpt lat="48.8682955" lon="2.3839378">
      </trkpt>
      <trkpt lat="48.8683227" lon="2.3840037">
      </trkpt>
      <trkpt lat="48.8683415" lon="2.3840133">
      </trkpt>
      <trkpt lat="48.8683355" lon="2.3840734">
      </trkpt>
      <trkpt lat="48.8684331" lon="2.3843241">
      </trkpt>
      <trkpt lat="48.8684853" lon="2.3844512">
      </trkpt>
      <trkpt lat="48.8685898" lon="2.3847192">
      </trkpt>
      <trkpt lat="48.8687252" lon="2.3850581">
      </trkpt>
      <trkpt lat="48.8687947" lon="2.3852338">
      </trkpt>
      <trkpt lat="48.8687866" lon="2.3852422">
      </trkpt>
      <trkpt lat="48.8687664" lon="2.385261">
      </trkpt>
      <trkpt lat="48.8687505" lon="2.3852758">
      </trkpt>
      <trkpt lat="48.8687382" lon="2.3852886">
      </trkpt>
      <trkpt lat="48.8687416" lon="2.3852986">
      </trkpt>
      <trkpt lat="48.8684466" lon="2.3859521">
      </trkpt>
      <trkpt lat="48.868378" lon="2.3860786">
      </trkpt>
      <trkpt lat="48.8683298" lon="2.3861747">
      </trkpt>
      <trkpt lat="48.8683065" lon="2.3861889">
      </trkpt>
      <trkpt lat="48.8682921" lon="2.3861978">
      </trkpt>
      <trkpt lat="48.8682774" lon="2.386207">
      </trkpt>
      <trkpt lat="48.868254" lon="2.3862225">
      </trkpt>
      <trkpt lat="48.8682414" lon="2.3863044">
      </trkpt>
      <trkpt lat="48.8682369" lon="2.3863254">
      </trkpt>
      <trkpt lat="48.8679642" lon="2.3865317">
      </trkpt>
      <trkpt lat="48.8679681" lon="2.3865438">
      </trkpt>
      <trkpt lat="48.8679799" lon="2.3865823">
      </trkpt>
      <trkpt lat="48.8679913" lon="2.3866196">
      </trkpt>
      <trkpt lat="48.8679949" lon="2.3866322">
      </trkpt>
      <trkpt lat="48.8679915" lon="2.3866731">
      </trkpt>
      <trkpt lat="48.8681002" lon="2.387113">
      </trkpt>
      <trkpt lat="48.8680818" lon="2.3871239">
      </trkpt>
      <trkpt lat="48.8680512" lon="2.3871403">
      </trkpt>
      <trkpt lat="48.8680231" lon="2.3871554">
      </trkpt>
      <trkpt lat="48.8680089" lon="2.3871637">
      </trkpt>
      <trkpt lat="48.868231" lon="2.3880719">
      </trkpt>
      <trkpt lat="48.8682455" lon="2.3880623">
      </trkpt>
      <trkpt lat="48.868275" lon="2.3880447">
      </trkpt>
      <trkpt lat="48.8683044" lon="2.3880272">
      </trkpt>
      <trkpt lat="48.8683247" lon="2.388015">
      </trkpt>
      <trkpt lat="48.8683523" lon="2.3881236">
      </trkpt>
      <trkpt lat="48.8683611" lon="2.3881581">
      </trkpt>
      <trkpt lat="48.8683694" lon="2.3881901">
      </trkpt>
      <trkpt lat="48.8683732" lon="2.3882064">
      </trkpt>
      <trkpt lat="48.8683984" lon="2.3883158">
      </trkpt>
      <trkpt lat="48.8683732" lon="2.3882064">
      </trkpt>
      <trkpt lat="48.8683858" lon="2.3881999">
      </trkpt>
      <trkpt lat="48.8683979" lon="2.388199">
      </trkpt>
      <trkpt lat="48.8684608" lon="2.3884337">
      </trkpt>
      <trkpt lat="48.868557" lon="2.3884518">
      </trkpt>
      <trkpt lat="48.8687031" lon="2.3884108">
      </trkpt>
      <trkpt lat="48.8689626" lon="2.3883299">
      </trkpt>
      <trkpt lat="48.8689816" lon="2.3883267">
      </trkpt>
      <trkpt lat="48.8691085" lon="2.3883069">
      </trkpt>
      <trkpt lat="48.8692151" lon="2.3883541">
      </trkpt>
      <trkpt lat="48.8694053" lon="2.388538">
      </trkpt>
      <trkpt lat="48.8693742" lon="2.3885691">
      </trkpt>
      <trkpt lat="48.8692982" lon="2.3886456">
      </trkpt>
      <trkpt lat="48.868969" lon="2.3889661">
      </trkpt>
      <trkpt lat="48.868785" lon="2.3891485">
      </trkpt>
      <trkpt lat="48.8688092" lon="2.3892216">
      </trkpt>
      <trkpt lat="48.8688258" lon="2.3892684">
      </trkpt>
      <trkpt lat="48.8686855" lon="2.3894084">
      </trkpt>
      <trkpt lat="48.8688258" lon="2.3892684">
      </trkpt>
      <trkpt lat="48.8689726" lon="2.389123">
      </trkpt>
      <trkpt lat="48.8692113" lon="2.3889187">
      </trkpt>
      <trkpt lat="48.8693519" lon="2.3888107">
      </trkpt>
      <trkpt lat="48.8696835" lon="2.3885807">
      </trkpt>
      <trkpt lat="48.8696964" lon="2.3886242">
      </trkpt>
      <trkpt lat="48.8697247" lon="2.3887304">
      </trkpt>
      <trkpt lat="48.8697164" lon="2.3887695">
      </trkpt>
      <trkpt lat="48.8697133" lon="2.3887844">
      </trkpt>
      <trkpt lat="48.8701894" lon="2.3890646">
      </trkpt>
      <trkpt lat="48.8702421" lon="2.3890306">
      </trkpt>
      <trkpt lat="48.8704956" lon="2.3883286">
      </trkpt>
      <trkpt lat="48.8704929" lon="2.3882698">
      </trkpt>
      <trkpt lat="48.87048" lon="2.3881136">
      </trkpt>
      <trkpt lat="48.8704948" lon="2.3881138">
      </trkpt>
      <trkpt lat="48.8705085" lon="2.3881158">
      </trkpt>
      <trkpt lat="48.8705487" lon="2.3881167">
      </trkpt>
      <trkpt lat="48.870564" lon="2.3881195">
      </trkpt>
      <trkpt lat="48.8704635" lon="2.3869141">
      </trkpt>
      <trkpt lat="48.8704755" lon="2.3869118">
      </trkpt>
      <trkpt lat="48.8704807" lon="2.3869112">
      </trkpt>
      <trkpt lat="48.8704709" lon="2.3867844">
      </trkpt>
      <trkpt lat="48.87047" lon="2.3867728">
      </trkpt>
      <trkpt lat="48.8706887" lon="2.3867258">
      </trkpt>
      <trkpt lat="48.8707071" lon="2.3867213">
      </trkpt>
      <trkpt lat="48.8707255" lon="2.386699">
      </trkpt>
      <trkpt lat="48.8707445" lon="2.386675">
      </trkpt>
      <trkpt lat="48.8707599" lon="2.3866551">
      </trkpt>
      <trkpt lat="48.8709614" lon="2.3864563">
      </trkpt>
      <trkpt lat="48.8709719" lon="2.3863659">
      </trkpt>
      <trkpt lat="48.8709774" lon="2.3863315">
      </trkpt>
      <trkpt lat="48.8709823" lon="2.3862977">
      </trkpt>
      <trkpt lat="48.8710056" lon="2.3862494">
      </trkpt>
      <trkpt lat="48.8710652" lon="2.3861798">
      </trkpt>
      <trkpt lat="48.8711511" lon="2.3860339">
      </trkpt>
      <trkpt lat="48.8712138" lon="2.3858886">
      </trkpt>
      <trkpt lat="48.8712646" lon="2.3857241">
      </trkpt>
      <trkpt lat="48.8712836" lon="2.385672">
      </trkpt>
      <trkpt lat="48.8713013" lon="2.3856301">
      </trkpt>
      <trkpt lat="48.8713182" lon="2.385593">
      </trkpt>
      <trkpt lat="48.8713372" lon="2.3855634">
      </trkpt>
      <trkpt lat="48.8713804" lon="2.3855248">
      </trkpt>
      <trkpt lat="48.8714146" lon="2.3854963">
      </trkpt>
      <trkpt lat="48.871444" lon="2.3854623">
      </trkpt>
      <trkpt lat="48.8714539" lon="2.3854145">
      </trkpt>
      <trkpt lat="48.8714487" lon="2.385356">
      </trkpt>
      <trkpt lat="48.871447" lon="2.3852835">
      </trkpt>
      <trkpt lat="48.8714595" lon="2.3852246">
      </trkpt>
      <trkpt lat="48.8714779" lon="2.3851859">
      </trkpt>
      <trkpt lat="48.8714971" lon="2.3851451">
      </trkpt>
      <trkpt lat="48.8715063" lon="2.3850862">
      </trkpt>
      <trkpt lat="48.871511" lon="2.3849894">
      </trkpt>
      <trkpt lat="48.8715278" lon="2.3849357">
      </trkpt>
      <trkpt lat="48.8715567" lon="2.3849071">
      </trkpt>
      <trkpt lat="48.8716169" lon="2.3848487">
      </trkpt>
      <trkpt lat="48.8716274" lon="2.3847906">
      </trkpt>
      <trkpt lat="48.8716383" lon="2.3847544">
      </trkpt>
      <trkpt lat="48.8716782" lon="2.3846347">
      </trkpt>
      <trkpt lat="48.8716895" lon="2.3845964">
      </trkpt>
      <trkpt lat="48.8717409" lon="2.384656">
      </trkpt>
      <trkpt lat="48.8717675" lon="2.3847069">
      </trkpt>
      <trkpt lat="48.8717871" lon="2.384752">
      </trkpt>
      <trkpt lat="48.8718144" lon="2.3848425">
      </trkpt>
      <trkpt lat="48.8718313" lon="2.3849212">
      </trkpt>
      <trkpt lat="48.8718556" lon="2.3850306">
      </trkpt>
      <trkpt lat="48.8718646" lon="2.3850419">
      </trkpt>
      <trkpt lat="48.8718761" lon="2.3850599">
      </trkpt>
      <trkpt lat="48.8718863" lon="2.3850757">
      </trkpt>
      <trkpt lat="48.8719" lon="2.385094">
      </trkpt>
      <trkpt lat="48.8721142" lon="2.3848322">
      </trkpt>
      <trkpt lat="48.8722541" lon="2.3847321">
      </trkpt>
      <trkpt lat="48.872899" lon="2.3839702">
      </trkpt>
      <trkpt lat="48.8729263" lon="2.3838904">
      </trkpt>
      <trkpt lat="48.8734137" lon="2.383247">
      </trkpt>
      <trkpt lat="48.8734361" lon="2.3832502">
      </trkpt>
      <trkpt lat="48.8734569" lon="2.3832531">
      </trkpt>
      <trkpt lat="48.8736194" lon="2.3845499">
      </trkpt>
      <trkpt lat="48.8736924" lon="2.3849089">
      </trkpt>
      <trkpt lat="48.8736922" lon="2.3849505">
      </trkpt>
      <trkpt lat="48.8737421" lon="2.3851087">
      </trkpt>
      <trkpt lat="48.8737614" lon="2.3851208">
      </trkpt>
      <trkpt lat="48.8738271" lon="2.3852613">
      </trkpt>
      <trkpt lat="48.8738492" lon="2.3853133">
      </trkpt>
      <trkpt lat="48.8738495" lon="2.3853711">
      </trkpt>
      <trkpt lat="48.8738468" lon="2.3854474">
      </trkpt>
      <trkpt lat="48.8738596" lon="2.3854544">
      </trkpt>
      <trkpt lat="48.8738574" lon="2.3855077">
      </trkpt>
      <trkpt lat="48.8738548" lon="2.38557">
      </trkpt>
      <trkpt lat="48.8738574" lon="2.3855077">
      </trkpt>
      <trkpt lat="48.8738596" lon="2.3854544">
      </trkpt>
      <trkpt lat="48.8738468" lon="2.3854474">
      </trkpt>
      <trkpt lat="48.8738378" lon="2.3856817">
      </trkpt>
      <trkpt lat="48.8738697" lon="2.3856881">
      </trkpt>
      <trkpt lat="48.8739234" lon="2.3856985">
      </trkpt>
      <trkpt lat="48.8739579" lon="2.3857052">
      </trkpt>
      <trkpt lat="48.8739917" lon="2.3857061">
      </trkpt>
      <trkpt lat="48.8739958" lon="2.3856107">
      </trkpt>
      <trkpt lat="48.8740004" lon="2.3855247">
      </trkpt>
      <trkpt lat="48.8740047" lon="2.3854425">
      </trkpt>
      <trkpt lat="48.8740053" lon="2.3853928">
      </trkpt>
      <trkpt lat="48.874111" lon="2.3856016">
      </trkpt>
      <trkpt lat="48.8741283" lon="2.3856022">
      </trkpt>
      <trkpt lat="48.8741342" lon="2.3856176">
      </trkpt>
      <trkpt lat="48.8741435" lon="2.38564">
      </trkpt>
      <trkpt lat="48.874153" lon="2.3856626">
      </trkpt>
      <trkpt lat="48.8741572" lon="2.3856714">
      </trkpt>
      <trkpt lat="48.8741696" lon="2.3856985">
      </trkpt>
      <trkpt lat="48.8744136" lon="2.38618">
      </trkpt>
      <trkpt lat="48.8744285" lon="2.3861859">
      </trkpt>
      <trkpt lat="48.87444" lon="2.3862117">
      </trkpt>
      <trkpt lat="48.8744548" lon="2.386247">
      </trkpt>
      <trkpt lat="48.8744664" lon="2.3862747">
      </trkpt>
      <trkpt lat="48.874473" lon="2.3862987">
      </trkpt>
      <trkpt lat="48.8744795" lon="2.3863266">
      </trkpt>
      <trkpt lat="48.8744576" lon="2.3863453">
      </trkpt>
      <trkpt lat="48.8744368" lon="2.3863646">
      </trkpt>
      <trkpt lat="48.8744051" lon="2.386394">
      </trkpt>
      <trkpt lat="48.8743959" lon="2.3864044">
      </trkpt>
      <trkpt lat="48.8745308" lon="2.3867463">
      </trkpt>
      <trkpt lat="48.8745926" lon="2.3869728">
      </trkpt>
      <trkpt lat="48.8746214" lon="2.3873674">
      </trkpt>
      <trkpt lat="48.8746371" lon="2.3877028">
      </trkpt>
      <trkpt lat="48.8746315" lon="2.3877352">
      </trkpt>
      <trkpt lat="48.8746323" lon="2.3877448">
      </trkpt>
      <trkpt lat="48.8746355" lon="2.387776">
      </trkpt>
      <trkpt lat="48.8746371" lon="2.3877994">
      </trkpt>
      <trkpt lat="48.874638" lon="2.3878121">
      </trkpt>
      <trkpt lat="48.8744382" lon="2.3878724">
      </trkpt>
      <trkpt lat="48.8744056" lon="2.3878899">
      </trkpt>
      <trkpt lat="48.8742146" lon="2.3879459">
      </trkpt>
      <trkpt lat="48.8740219" lon="2.3879985">
      </trkpt>
      <trkpt lat="48.8739791" lon="2.3880307">
      </trkpt>
      <trkpt lat="48.8738836" lon="2.3880605">
      </trkpt>
      <trkpt lat="48.8738719" lon="2.3880863">
      </trkpt>
      <trkpt lat="48.8738472" lon="2.3880973">
      </trkpt>
      <trkpt lat="48.8737996" lon="2.3881159">
      </trkpt>
      <trkpt lat="48.8737554" lon="2.3881333">
      </trkpt>
      <trkpt lat="48.8737321" lon="2.3881427">
      </trkpt>
      <trkpt lat="48.8737125" lon="2.3882581">
      </trkpt>
      <trkpt lat="48.8737103" lon="2.3883129">
      </trkpt>
      <trkpt lat="48.8737084" lon="2.3883658">
      </trkpt>
      <trkpt lat="48.8737128" lon="2.3884062">
      </trkpt>
      <trkpt lat="48.8736471" lon="2.3883895">
      </trkpt>
      <trkpt lat="48.8731777" lon="2.389055">
      </trkpt>
      <trkpt lat="48.8731182" lon="2.3891441">
      </trkpt>
      <trkpt lat="48.8729753" lon="2.3893802">
      </trkpt>
      <trkpt lat="48.8729385" lon="2.3894453">
      </trkpt>
      <trkpt lat="48.8728977" lon="2.3895147">
      </trkpt>
      <trkpt lat="48.8728623" lon="2.389575">
      </trkpt>
      <trkpt lat="48.8727717" lon="2.3897597">
      </trkpt>
      <trkpt lat="48.8727621" lon="2.3897507">
      </trkpt>
      <trkpt lat="48.8727495" lon="2.3897376">
      </trkpt>
      <trkpt lat="48.8727378" lon="2.3897255">
      </trkpt>
      <trkpt lat="48.8727346" lon="2.3897223">
      </trkpt>
      <trkpt lat="48.872622" lon="2.389867">
      </trkpt>
      <trkpt lat="48.8723362" lon="2.3902348">
      </trkpt>
      <trkpt lat="48.8721553" lon="2.3904661">
      </trkpt>
      <trkpt lat="48.8718486" lon="2.3911139">
      </trkpt>
      <trkpt lat="48.8718122" lon="2.3911739">
      </trkpt>
      <trkpt lat="48.8716153" lon="2.3913847">
      </trkpt>
      <trkpt lat="48.8716033" lon="2.3913983">
      </trkpt>
      <trkpt lat="48.8715353" lon="2.3913674">
      </trkpt>
      <trkpt lat="48.8715236" lon="2.3913464">
      </trkpt>
      <trkpt lat="48.8715195" lon="2.3913462">
      </trkpt>
      <trkpt lat="48.871495" lon="2.3913456">
      </trkpt>
      <trkpt lat="48.8714769" lon="2.3913426">
      </trkpt>
      <trkpt lat="48.8714704" lon="2.3913432">
      </trkpt>
      <trkpt lat="48.8714626" lon="2.3913837">
      </trkpt>
      <trkpt lat="48.8714598" lon="2.3913832">
      </trkpt>
      <trkpt lat="48.8713744" lon="2.3913695">
      </trkpt>
      <trkpt lat="48.8713633" lon="2.3913627">
      </trkpt>
      <trkpt lat="48.871361" lon="2.3913693">
      </trkpt>
      <trkpt lat="48.8713536" lon="2.3913924">
      </trkpt>
      <trkpt lat="48.8713472" lon="2.3914125">
      </trkpt>
      <trkpt lat="48.8713456" lon="2.391418">
      </trkpt>
      <trkpt lat="48.8713385" lon="2.3914233">
      </trkpt>
      <trkpt lat="48.8712531" lon="2.39168">
      </trkpt>
      <trkpt lat="48.8712153" lon="2.3917959">
      </trkpt>
      <trkpt lat="48.8716272" lon="2.3921767">
      </trkpt>
      <trkpt lat="48.8716239" lon="2.3921827">
      </trkpt>
      <trkpt lat="48.8716054" lon="2.3922103">
      </trkpt>
      <trkpt lat="48.871589" lon="2.3922349">
      </trkpt>
      <trkpt lat="48.8715741" lon="2.3922592">
      </trkpt>
      <trkpt lat="48.8713884" lon="2.3925043">
      </trkpt>
      <trkpt lat="48.8710682" lon="2.392914">
      </trkpt>
      <trkpt lat="48.8708734" lon="2.3931866">
      </trkpt>
      <trkpt lat="48.8708257" lon="2.3932445">
      </trkpt>
      <trkpt lat="48.8700489" lon="2.3942715">
      </trkpt>
      <trkpt lat="48.8700184" lon="2.3942907">
      </trkpt>
      <trkpt lat="48.8700138" lon="2.3942957">
      </trkpt>
      <trkpt lat="48.869963" lon="2.3943498">
      </trkpt>
      <trkpt lat="48.8699146" lon="2.3944014">
      </trkpt>
      <trkpt lat="48.8699101" lon="2.3944005">
      </trkpt>
      <trkpt lat="48.8698654" lon="2.3944814">
      </trkpt>
      <trkpt lat="48.8698661" lon="2.3945176">
      </trkpt>
      <trkpt lat="48.8698689" lon="2.3945914">
      </trkpt>
      <trkpt lat="48.8698716" lon="2.3946629">
      </trkpt>
      <trkpt lat="48.8698746" lon="2.3947017">
      </trkpt>
      <trkpt lat="48.86992" lon="2.3946717">
      </trkpt>
      <trkpt lat="48.8699314" lon="2.3946639">
      </trkpt>
      <trkpt lat="48.8699688" lon="2.394632">
      </trkpt>
      <trkpt lat="48.8700008" lon="2.3946048">
      </trkpt>
      <trkpt lat="48.8700369" lon="2.3945783">
      </trkpt>
      <trkpt lat="48.8701472" lon="2.3955707">
      </trkpt>
      <trkpt lat="48.8701598" lon="2.3955805">
      </trkpt>
      <trkpt lat="48.8706889" lon="2.3952616">
      </trkpt>
      <trkpt lat="48.8708019" lon="2.3953038">
      </trkpt>
      <trkpt lat="48.8708481" lon="2.3953217">
      </trkpt>
      <trkpt lat="48.8708609" lon="2.3953267">
      </trkpt>
      <trkpt lat="48.8708901" lon="2.3953343">
      </trkpt>
      <trkpt lat="48.8709058" lon="2.3953384">
      </trkpt>
      <trkpt lat="48.8709158" lon="2.3953418">
      </trkpt>
      <trkpt lat="48.8709165" lon="2.3953756">
      </trkpt>
      <trkpt lat="48.8709321" lon="2.3953843">
      </trkpt>
      <trkpt lat="48.8709165" lon="2.3953756">
      </trkpt>
      <trkpt lat="48.8709158" lon="2.3953418">
      </trkpt>
      <trkpt lat="48.8711172" lon="2.3931909">
      </trkpt>
      <trkpt lat="48.8711475" lon="2.393146">
      </trkpt>
      <trkpt lat="48.871171" lon="2.3931038">
      </trkpt>
      <trkpt lat="48.8711817" lon="2.3930849">
      </trkpt>
      <trkpt lat="48.8711921" lon="2.3930665">
      </trkpt>
      <trkpt lat="48.8711965" lon="2.3930515">
      </trkpt>
      <trkpt lat="48.8712168" lon="2.3929971">
      </trkpt>
      <trkpt lat="48.8714788" lon="2.3926539">
      </trkpt>
      <trkpt lat="48.8716469" lon="2.3924245">
      </trkpt>
      <trkpt lat="48.8716861" lon="2.3924151">
      </trkpt>
      <trkpt lat="48.8716956" lon="2.3924004">
      </trkpt>
      <trkpt lat="48.8717255" lon="2.39236">
      </trkpt>
      <trkpt lat="48.871748" lon="2.3923296">
      </trkpt>
      <trkpt lat="48.8717569" lon="2.3923192">
      </trkpt>
      <trkpt lat="48.8717717" lon="2.3923034">
      </trkpt>
      <trkpt lat="48.8719604" lon="2.3920597">
      </trkpt>
      <trkpt lat="48.8719897" lon="2.3920081">
      </trkpt>
      <trkpt lat="48.8719994" lon="2.3919906">
      </trkpt>
      <trkpt lat="48.8720225" lon="2.391962">
      </trkpt>
      <trkpt lat="48.87205" lon="2.3919278">
      </trkpt>
      <trkpt lat="48.8720574" lon="2.3919186">
      </trkpt>
      <trkpt lat="48.8720822" lon="2.3918649">
      </trkpt>
      <trkpt lat="48.8727781" lon="2.3909463">
      </trkpt>
      <trkpt lat="48.8727624" lon="2.3909171">
      </trkpt>
      <trkpt lat="48.8727378" lon="2.3908701">
      </trkpt>
      <trkpt lat="48.8727076" lon="2.3908126">
      </trkpt>
      <trkpt lat="48.8726957" lon="2.3907904">
      </trkpt>
      <trkpt lat="48.8727927" lon="2.3906569">
      </trkpt>
      <trkpt lat="48.8730891" lon="2.3902579">
      </trkpt>
      <trkpt lat="48.87328" lon="2.3900159">
      </trkpt>
      <trkpt lat="48.873294" lon="2.3900397">
      </trkpt>
      <trkpt lat="48.8733271" lon="2.3900893">
      </trkpt>
      <trkpt lat="48.8733464" lon="2.3901183">
      </trkpt>
      <trkpt lat="48.8733661" lon="2.3901567">
      </trkpt>
      <trkpt lat="48.8733953" lon="2.3901413">
      </trkpt>
      <trkpt lat="48.873554" lon="2.3903521">
      </trkpt>
      <trkpt lat="48.873554" lon="2.3903984">
      </trkpt>
      <trkpt lat="48.8733764" lon="2.3908336">
      </trkpt>
      <trkpt lat="48.87332" lon="2.3909593">
      </trkpt>
      <trkpt lat="48.8733255" lon="2.3909664">
      </trkpt>
      <trkpt lat="48.8733413" lon="2.39099">
      </trkpt>
      <trkpt lat="48.873357" lon="2.3910136">
      </trkpt>
      <trkpt lat="48.8733681" lon="2.3910264">
      </trkpt>
      <trkpt lat="48.873398" lon="2.3910603">
      </trkpt>
      <trkpt lat="48.8734192" lon="2.3910819">
      </trkpt>
      <trkpt lat="48.8735595" lon="2.3912869">
      </trkpt>
      <trkpt lat="48.8737118" lon="2.3915089">
      </trkpt>
      <trkpt lat="48.8739967" lon="2.3921797">
      </trkpt>
      <trkpt lat="48.874397" lon="2.3928718">
      </trkpt>
      <trkpt lat="48.8743934" lon="2.392895">
      </trkpt>
      <trkpt lat="48.8743956" lon="2.3928985">
      </trkpt>
      <trkpt lat="48.874412" lon="2.3929336">
      </trkpt>
      <trkpt lat="48.8744375" lon="2.3929885">
      </trkpt>
      <trkpt lat="48.8744486" lon="2.3930122">
      </trkpt>
      <trkpt lat="48.8733043" lon="2.3938024">
      </trkpt>
      <trkpt lat="48.8731904" lon="2.3939275">
      </trkpt>
      <trkpt lat="48.8731239" lon="2.3940432">
      </trkpt>
      <trkpt lat="48.8728268" lon="2.394244">
      </trkpt>
      <trkpt lat="48.8727459" lon="2.3943322">
      </trkpt>
      <trkpt lat="48.8726948" lon="2.3951349">
      </trkpt>
      <trkpt lat="48.872654" lon="2.3960499">
      </trkpt>
      <trkpt lat="48.8726954" lon="2.396083">
      </trkpt>
      <trkpt lat="48.8727459" lon="2.3961045">
      </trkpt>
      <trkpt lat="48.8728507" lon="2.3960975">
      </trkpt>
      <trkpt lat="48.8731367" lon="2.3960032">
      </trkpt>
      <trkpt lat="48.8733899" lon="2.3959043">
      </trkpt>
      <trkpt lat="48.8735958" lon="2.395841">
      </trkpt>
      <trkpt lat="48.8739471" lon="2.3958349">
      </trkpt>
      <trkpt lat="48.873983" lon="2.3958319">
      </trkpt>
      <trkpt lat="48.8738777" lon="2.3952414">
      </trkpt>
      <trkpt lat="48.8739304" lon="2.3951255">
      </trkpt>
      <trkpt lat="48.8745269" lon="2.3945703">
      </trkpt>
      <trkpt lat="48.8745703" lon="2.3945756">
      </trkpt>
      <trkpt lat="48.8752447" lon="2.3939461">
      </trkpt>
      <trkpt lat="48.8752601" lon="2.3939121">
      </trkpt>
      <trkpt lat="48.8752689" lon="2.3936853">
      </trkpt>
      <trkpt lat="48.8752635" lon="2.3936325">
      </trkpt>
      <trkpt lat="48.8752644" lon="2.3936186">
      </trkpt>
      <trkpt lat="48.8752667" lon="2.3935704">
      </trkpt>
      <trkpt lat="48.8752691" lon="2.3935172">
      </trkpt>
      <trkpt lat="48.8752693" lon="2.3935021">
      </trkpt>
      <trkpt lat="48.8752801" lon="2.393442">
      </trkpt>
      <trkpt lat="48.8752889" lon="2.3931815">
      </trkpt>
      <trkpt lat="48.8753511" lon="2.3926066">
      </trkpt>
      <trkpt lat="48.8753493" lon="2.392474">
      </trkpt>
      <trkpt lat="48.8753501" lon="2.3923987">
      </trkpt>
      <trkpt lat="48.8753686" lon="2.3923557">
      </trkpt>
      <trkpt lat="48.8753681" lon="2.3923262">
      </trkpt>
      <trkpt lat="48.8753672" lon="2.3922767">
      </trkpt>
      <trkpt lat="48.875366" lon="2.3922046">
      </trkpt>
      <trkpt lat="48.8753655" lon="2.3921777">
      </trkpt>
      <trkpt lat="48.8753919" lon="2.392108">
      </trkpt>
      <trkpt lat="48.8753988" lon="2.3920342">
      </trkpt>
      <trkpt lat="48.8754177" lon="2.3917828">
      </trkpt>
      <trkpt lat="48.8753999" lon="2.390613">
      </trkpt>
      <trkpt lat="48.8753719" lon="2.3902821">
      </trkpt>
      <trkpt lat="48.8752742" lon="2.3897255">
      </trkpt>
      <trkpt lat="48.875287" lon="2.3897229">
      </trkpt>
      <trkpt lat="48.8753104" lon="2.3897184">
      </trkpt>
      <trkpt lat="48.8753471" lon="2.3897114">
      </trkpt>
      <trkpt lat="48.8753766" lon="2.3897059">
      </trkpt>
      <trkpt lat="48.8753704" lon="2.3896729">
      </trkpt>
      <trkpt lat="48.8753691" lon="2.3896625">
      </trkpt>
      <trkpt lat="48.8753611" lon="2.3896272">
      </trkpt>
      <trkpt lat="48.875355" lon="2.3895991">
      </trkpt>
      <trkpt lat="48.8753484" lon="2.3895684">
      </trkpt>
      <trkpt lat="48.8753288" lon="2.3895612">
      </trkpt>
      <trkpt lat="48.8753121" lon="2.389165">
      </trkpt>
      <trkpt lat="48.8753427" lon="2.3891406">
      </trkpt>
      <trkpt lat="48.8760312" lon="2.3890549">
      </trkpt>
      <trkpt lat="48.8760301" lon="2.3890466">
      </trkpt>
      <trkpt lat="48.8760289" lon="2.3890158">
      </trkpt>
      <trkpt lat="48.8760279" lon="2.3889667">
      </trkpt>
      <trkpt lat="48.8760275" lon="2.3889537">
      </trkpt>
      <trkpt lat="48.8760479" lon="2.3889405">
      </trkpt>
      <trkpt lat="48.8761336" lon="2.3883588">
      </trkpt>
      <trkpt lat="48.8761221" lon="2.3882942">
      </trkpt>
      <trkpt lat="48.8762169" lon="2.3876379">
      </trkpt>
      <trkpt lat="48.8762027" lon="2.3876308">
      </trkpt>
      <trkpt lat="48.8762133" lon="2.3875895">
      </trkpt>
      <trkpt lat="48.8762181" lon="2.3875691">
      </trkpt>
      <trkpt lat="48.8762243" lon="2.3875427">
      </trkpt>
      <trkpt lat="48.876228" lon="2.3875276">
      </trkpt>
      <trkpt lat="48.8762936" lon="2.3875548">
      </trkpt>
      <trkpt lat="48.8763099" lon="2.3875463">
      </trkpt>
      <trkpt lat="48.8763132" lon="2.3875484">
      </trkpt>
      <trkpt lat="48.8763358" lon="2.3875584">
      </trkpt>
      <trkpt lat="48.87636" lon="2.387569">
      </trkpt>
      <trkpt lat="48.8763655" lon="2.387572">
      </trkpt>
      <trkpt lat="48.8763816" lon="2.3875898">
      </trkpt>
      <trkpt lat="48.8768387" lon="2.3877849">
      </trkpt>
      <trkpt lat="48.8769502" lon="2.387792">
      </trkpt>
      <trkpt lat="48.8770964" lon="2.3877872">
      </trkpt>
      <trkpt lat="48.8771267" lon="2.3877541">
      </trkpt>
      <trkpt lat="48.8771407" lon="2.3877738">
      </trkpt>
      <trkpt lat="48.8771571" lon="2.3877983">
      </trkpt>
      <trkpt lat="48.8771678" lon="2.3878143">
      </trkpt>
      <trkpt lat="48.8771765" lon="2.3878279">
      </trkpt>
      <trkpt lat="48.8771946" lon="2.387828">
      </trkpt>
      <trkpt lat="48.8772127" lon="2.3878292">
      </trkpt>
      <trkpt lat="48.8772378" lon="2.3878309">
      </trkpt>
      <trkpt lat="48.877247" lon="2.3878314">
      </trkpt>
      <trkpt lat="48.8772504" lon="2.3878036">
      </trkpt>
      <trkpt lat="48.8772654" lon="2.3876802">
      </trkpt>
      <trkpt lat="48.8773132" lon="2.3872502">
      </trkpt>
      <trkpt lat="48.8774402" lon="2.386679">
      </trkpt>
      <trkpt lat="48.8775399" lon="2.3860817">
      </trkpt>
      <trkpt lat="48.877564" lon="2.385943">
      </trkpt>
      <trkpt lat="48.8776232" lon="2.3855956">
      </trkpt>
      <trkpt lat="48.8778061" lon="2.3856168">
      </trkpt>
      <trkpt lat="48.877847" lon="2.3856271">
      </trkpt>
      <trkpt lat="48.8780951" lon="2.3856647">
      </trkpt>
      <trkpt lat="48.8781877" lon="2.385668">
      </trkpt>
      <trkpt lat="48.8782243" lon="2.3856757">
      </trkpt>
      <trkpt lat="48.8782403" lon="2.3856793">
      </trkpt>
      <trkpt lat="48.8782642" lon="2.3856847">
      </trkpt>
      <trkpt lat="48.8782881" lon="2.3856887">
      </trkpt>
      <trkpt lat="48.8783242" lon="2.3856724">
      </trkpt>
      <trkpt lat="48.8786311" lon="2.3857471">
      </trkpt>
      <trkpt lat="48.8786336" lon="2.3857113">
      </trkpt>
      <trkpt lat="48.8786364" lon="2.3856852">
      </trkpt>
      <trkpt lat="48.8786386" lon="2.38566">
      </trkpt>
      <trkpt lat="48.8786426" lon="2.3856281">
      </trkpt>
      <trkpt lat="48.8787537" lon="2.3856559">
      </trkpt>
      <trkpt lat="48.8787885" lon="2.3855752">
      </trkpt>
      <trkpt lat="48.8788589" lon="2.3854115">
      </trkpt>
      <trkpt lat="48.8789737" lon="2.38511">
      </trkpt>
      <trkpt lat="48.8790126" lon="2.3850047">
      </trkpt>
      <trkpt lat="48.8791788" lon="2.384571">
      </trkpt>
      <trkpt lat="48.8792439" lon="2.3844697">
      </trkpt>
      <trkpt lat="48.8792478" lon="2.3844976">
      </trkpt>
      <trkpt lat="48.8792575" lon="2.384552">
      </trkpt>
      <trkpt lat="48.8792688" lon="2.3846156">
      </trkpt>
      <trkpt lat="48.8792706" lon="2.3846249">
      </trkpt>
      <trkpt lat="48.8792838" lon="2.3846411">
      </trkpt>
      <trkpt lat="48.8792952" lon="2.3847266">
      </trkpt>
      <trkpt lat="48.8793528" lon="2.3851869">
      </trkpt>
      <trkpt lat="48.8793969" lon="2.3856781">
      </trkpt>
      <trkpt lat="48.8794002" lon="2.3857427">
      </trkpt>
      <trkpt lat="48.8794011" lon="2.3857549">
      </trkpt>
      <trkpt lat="48.8794041" lon="2.3857961">
      </trkpt>
      <trkpt lat="48.8794062" lon="2.3858259">
      </trkpt>
      <trkpt lat="48.8794108" lon="2.3858662">
      </trkpt>
      <trkpt lat="48.8794176" lon="2.3859167">
      </trkpt>
      <trkpt lat="48.8794511" lon="2.3865491">
      </trkpt>
      <trkpt lat="48.8794718" lon="2.3873693">
      </trkpt>
      <trkpt lat="48.8794727" lon="2.3881969">
      </trkpt>
      <trkpt lat="48.8794677" lon="2.3882777">
      </trkpt>
      <trkpt lat="48.8792739" lon="2.3882483">
      </trkpt>
      <trkpt lat="48.8791356" lon="2.3882409">
      </trkpt>
      <trkpt lat="48.879134" lon="2.3882595">
      </trkpt>
      <trkpt lat="48.8791312" lon="2.3882954">
      </trkpt>
      <trkpt lat="48.8791284" lon="2.3883299">
      </trkpt>
      <trkpt lat="48.8791274" lon="2.3883425">
      </trkpt>
      <trkpt lat="48.8791414" lon="2.3883578">
      </trkpt>
      <trkpt lat="48.8791497" lon="2.388369">
      </trkpt>
      <trkpt lat="48.8791704" lon="2.3883726">
      </trkpt>
      <trkpt lat="48.8791931" lon="2.3883758">
      </trkpt>
      <trkpt lat="48.8792165" lon="2.3883791">
      </trkpt>
      <trkpt lat="48.8792249" lon="2.3883797">
      </trkpt>
      <trkpt lat="48.879111" lon="2.3897005">
      </trkpt>
      <trkpt lat="48.8790932" lon="2.3897614">
      </trkpt>
      <trkpt lat="48.8791027" lon="2.3897832">
      </trkpt>
      <trkpt lat="48.8790864" lon="2.3898264">
      </trkpt>
      <trkpt lat="48.8790702" lon="2.3898506">
      </trkpt>
      <trkpt lat="48.8791044" lon="2.3899164">
      </trkpt>
      <trkpt lat="48.8791107" lon="2.3899285">
      </trkpt>
      <trkpt lat="48.8794578" lon="2.3895297">
      </trkpt>
      <trkpt lat="48.8794797" lon="2.3893979">
      </trkpt>
      <trkpt lat="48.8794578" lon="2.3895297">
      </trkpt>
      <trkpt lat="48.8794693" lon="2.3895574">
      </trkpt>
      <trkpt lat="48.8794856" lon="2.3895968">
      </trkpt>
      <trkpt lat="48.8794893" lon="2.3896059">
      </trkpt>
      <trkpt lat="48.8794937" lon="2.3896165">
      </trkpt>
      <trkpt lat="48.8795236" lon="2.3896887">
      </trkpt>
      <trkpt lat="48.8795347" lon="2.3897178">
      </trkpt>
      <trkpt lat="48.8792769" lon="2.3900507">
      </trkpt>
      <trkpt lat="48.8791428" lon="2.3900568">
      </trkpt>
      <trkpt lat="48.879082" lon="2.3901247">
      </trkpt>
      <trkpt lat="48.8791428" lon="2.3900568">
      </trkpt>
      <trkpt lat="48.8792769" lon="2.3900507">
      </trkpt>
      <trkpt lat="48.8795347" lon="2.3897178">
      </trkpt>
      <trkpt lat="48.8796034" lon="2.3897269">
      </trkpt>
      <trkpt lat="48.8798956" lon="2.3901527">
      </trkpt>
      <trkpt lat="48.8799152" lon="2.3901237">
      </trkpt>
      <trkpt lat="48.8799538" lon="2.3900627">
      </trkpt>
      <trkpt lat="48.8799964" lon="2.3899956">
      </trkpt>
      <trkpt lat="48.8800164" lon="2.3899647">
      </trkpt>
      <trkpt lat="48.8800585" lon="2.3900302">
      </trkpt>
      <trkpt lat="48.8800623" lon="2.3900354">
      </trkpt>
      <trkpt lat="48.8800821" lon="2.3900627">
      </trkpt>
      <trkpt lat="48.8800996" lon="2.3900867">
      </trkpt>
      <trkpt lat="48.880109" lon="2.3900998">
      </trkpt>
      <trkpt lat="48.8801439" lon="2.3901476">
      </trkpt>
      <trkpt lat="48.8803498" lon="2.3904383">
      </trkpt>
      <trkpt lat="48.8806219" lon="2.3908291">
      </trkpt>
      <trkpt lat="48.8808217" lon="2.391131">
      </trkpt>
      <trkpt lat="48.8811" lon="2.3915474">
      </trkpt>
      <trkpt lat="48.88118" lon="2.3916583">
      </trkpt>
      <trkpt lat="48.8818918" lon="2.3926979">
      </trkpt>
      <trkpt lat="48.8819401" lon="2.3926968">
      </trkpt>
      <trkpt lat="48.8819475" lon="2.392692">
      </trkpt>
      <trkpt lat="48.881974" lon="2.3926763">
      </trkpt>
      <trkpt lat="48.8820071" lon="2.3926566">
      </trkpt>
      <trkpt lat="48.8820124" lon="2.3926525">
      </trkpt>
      <trkpt lat="48.8820445" lon="2.3926236">
      </trkpt>
      <trkpt lat="48.8820743" lon="2.3926399">
      </trkpt>
      <trkpt lat="48.8821098" lon="2.392659">
      </trkpt>
      <trkpt lat="48.8821351" lon="2.3926727">
      </trkpt>
      <trkpt lat="48.8821804" lon="2.3926992">
      </trkpt>
      <trkpt lat="48.8824569" lon="2.3914257">
      </trkpt>
      <trkpt lat="48.8824696" lon="2.3913626">
      </trkpt>
      <trkpt lat="48.8824765" lon="2.3913331">
      </trkpt>
      <trkpt lat="48.8824876" lon="2.3912849">
      </trkpt>
      <trkpt lat="48.882496" lon="2.3912475">
      </trkpt>
      <trkpt lat="48.8827402" lon="2.3901292">
      </trkpt>
      <trkpt lat="48.8827454" lon="2.3901071">
      </trkpt>
      <trkpt lat="48.8827474" lon="2.3900984">
      </trkpt>
      <trkpt lat="48.8827637" lon="2.390025">
      </trkpt>
      <trkpt lat="48.882782" lon="2.3899424">
      </trkpt>
      <trkpt lat="48.8827887" lon="2.3899209">
      </trkpt>
      <trkpt lat="48.8828695" lon="2.3895572">
      </trkpt>
      <trkpt lat="48.8828802" lon="2.389515">
      </trkpt>
      <trkpt lat="48.8828832" lon="2.3895036">
      </trkpt>
      <trkpt lat="48.8828919" lon="2.3894564">
      </trkpt>
      <trkpt lat="48.8829018" lon="2.3894429">
      </trkpt>
      <trkpt lat="48.8829271" lon="2.3893497">
      </trkpt>
      <trkpt lat="48.8829194" lon="2.3893312">
      </trkpt>
      <trkpt lat="48.8831385" lon="2.3883253">
      </trkpt>
      <trkpt lat="48.8831484" lon="2.3882146">
      </trkpt>
      <trkpt lat="48.8831409" lon="2.3881588">
      </trkpt>
      <trkpt lat="48.8831339" lon="2.3881064">
      </trkpt>
      <trkpt lat="48.883132" lon="2.3880566">
      </trkpt>
      <trkpt lat="48.8831375" lon="2.3878902">
      </trkpt>
      <trkpt lat="48.8831385" lon="2.38786">
      </trkpt>
      <trkpt lat="48.8831294" lon="2.3877062">
      </trkpt>
      <trkpt lat="48.8829607" lon="2.3857152">
      </trkpt>
      <trkpt lat="48.88298" lon="2.3857054">
      </trkpt>
      <trkpt lat="48.8830203" lon="2.3856899">
      </trkpt>
      <trkpt lat="48.8830648" lon="2.3856728">
      </trkpt>
      <trkpt lat="48.8830951" lon="2.3856587">
      </trkpt>
      <trkpt lat="48.8831784" lon="2.3855866">
      </trkpt>
      <trkpt lat="48.8832441" lon="2.385698">
      </trkpt>
      <trkpt lat="48.8832544" lon="2.3857101">
      </trkpt>
      <trkpt lat="48.8833473" lon="2.3858072">
      </trkpt>
      <trkpt lat="48.88336" lon="2.3858204">
      </trkpt>
      <trkpt lat="48.8834538" lon="2.3859157">
      </trkpt>
      <trkpt lat="48.8834675" lon="2.3859298">
      </trkpt>
      <trkpt lat="48.8835583" lon="2.386024">
      </trkpt>
      <trkpt lat="48.8835726" lon="2.3860388">
      </trkpt>
      <trkpt lat="48.883663" lon="2.3861381">
      </trkpt>
      <trkpt lat="48.8836808" lon="2.3861565">
      </trkpt>
      <trkpt lat="48.8836996" lon="2.3861758">
      </trkpt>
      <trkpt lat="48.8837139" lon="2.3861907">
      </trkpt>
      <trkpt lat="48.8837316" lon="2.3862089">
      </trkpt>
      <trkpt lat="48.8837461" lon="2.386224">
      </trkpt>
      <trkpt lat="48.8838683" lon="2.3863526">
      </trkpt>
      <trkpt lat="48.8838847" lon="2.3863674">
      </trkpt>
      <trkpt lat="48.8838926" lon="2.3863745">
      </trkpt>
      <trkpt lat="48.8838981" lon="2.3863191">
      </trkpt>
      <trkpt lat="48.8839144" lon="2.3862651">
      </trkpt>
      <trkpt lat="48.8839373" lon="2.3862172">
      </trkpt>
      <trkpt lat="48.8839651" lon="2.386188">
      </trkpt>
      <trkpt lat="48.8839973" lon="2.3861709">
      </trkpt>
      <trkpt lat="48.8840292" lon="2.3861692">
      </trkpt>
      <trkpt lat="48.8840678" lon="2.3861793">
      </trkpt>
      <trkpt lat="48.8840945" lon="2.3862018">
      </trkpt>
      <trkpt lat="48.8841192" lon="2.3862323">
      </trkpt>
      <trkpt lat="48.8841399" lon="2.3862739">
      </trkpt>
      <trkpt lat="48.8841452" lon="2.3863023">
      </trkpt>
      <trkpt lat="48.8848123" lon="2.3861461">
      </trkpt>
      <trkpt lat="48.8848664" lon="2.386134">
      </trkpt>
      <trkpt lat="48.8848853" lon="2.3861124">
      </trkpt>
      <trkpt lat="48.8849173" lon="2.386056">
      </trkpt>
      <trkpt lat="48.885158" lon="2.38538">
      </trkpt>
      <trkpt lat="48.8851872" lon="2.3853327">
      </trkpt>
      <trkpt lat="48.8852013" lon="2.3853421">
      </trkpt>
      <trkpt lat="48.8852129" lon="2.3853513">
      </trkpt>
      <trkpt lat="48.8852368" lon="2.3853703">
      </trkpt>
      <trkpt lat="48.8852789" lon="2.3854032">
      </trkpt>
      <trkpt lat="48.8852368" lon="2.3853703">
      </trkpt>
      <trkpt lat="48.8852129" lon="2.3853513">
      </trkpt>
      <trkpt lat="48.8852013" lon="2.3853421">
      </trkpt>
      <trkpt lat="48.8851872" lon="2.3853327">
      </trkpt>
      <trkpt lat="48.8852683" lon="2.3851048">
      </trkpt>
      <trkpt lat="48.8852052" lon="2.3847299">
      </trkpt>
      <trkpt lat="48.8852337" lon="2.384728">
      </trkpt>
      <trkpt lat="48.8852623" lon="2.3847269">
      </trkpt>
      <trkpt lat="48.8852926" lon="2.3847258">
      </trkpt>
      <trkpt lat="48.8853086" lon="2.3847222">
      </trkpt>
      <trkpt lat="48.8853232" lon="2.3846684">
      </trkpt>
      <trkpt lat="48.8853607" lon="2.3846524">
      </trkpt>
      <trkpt lat="48.8864154" lon="2.3846982">
      </trkpt>
      <trkpt lat="48.8864631" lon="2.3847003">
      </trkpt>
      <trkpt lat="48.8864975" lon="2.3848302">
      </trkpt>
      <trkpt lat="48.8865805" lon="2.3851438">
      </trkpt>
      <trkpt lat="48.8866182" lon="2.3851183">
      </trkpt>
      <trkpt lat="48.8866224" lon="2.3851155">
      </trkpt>
      <trkpt lat="48.8866517" lon="2.3850957">
      </trkpt>
      <trkpt lat="48.8866861" lon="2.3850725">
      </trkpt>
      <trkpt lat="48.8866907" lon="2.3850694">
      </trkpt>
      <trkpt lat="48.8867096" lon="2.3850567">
      </trkpt>
      <trkpt lat="48.8867383" lon="2.3850373">
      </trkpt>
      <trkpt lat="48.8867436" lon="2.3850337">
      </trkpt>
      <trkpt lat="48.8867819" lon="2.3850075">
      </trkpt>
      <trkpt lat="48.8867392" lon="2.3848459">
      </trkpt>
      <trkpt lat="48.8872031" lon="2.3847403">
      </trkpt>
      <trkpt lat="48.8872015" lon="2.3847188">
      </trkpt>
      <trkpt lat="48.8871993" lon="2.3846964">
      </trkpt>
      <trkpt lat="48.8871972" lon="2.3846746">
      </trkpt>
      <trkpt lat="48.8871933" lon="2.3846344">
      </trkpt>
      <trkpt lat="48.8871916" lon="2.3846223">
      </trkpt>
      <trkpt lat="48.8872515" lon="2.3845634">
      </trkpt>
      <trkpt lat="48.8872749" lon="2.3845415">
      </trkpt>
      <trkpt lat="48.8880443" lon="2.3843531">
      </trkpt>
      <trkpt lat="48.8880686" lon="2.3843387">
      </trkpt>
      <trkpt lat="48.8881814" lon="2.384275">
      </trkpt>
      <trkpt lat="48.8882266" lon="2.3842401">
      </trkpt>
      <trkpt lat="48.888232" lon="2.3842371">
      </trkpt>
      <trkpt lat="48.8882584" lon="2.3842219">
      </trkpt>
      <trkpt lat="48.8882718" lon="2.3842143">
      </trkpt>
      <trkpt lat="48.8883014" lon="2.3841988">
      </trkpt>
      <trkpt lat="48.8883494" lon="2.3841854">
      </trkpt>
      <trkpt lat="48.8892553" lon="2.3836902">
      </trkpt>
      <trkpt lat="48.8892411" lon="2.3835773">
      </trkpt>
      <trkpt lat="48.8892537" lon="2.3835464">
      </trkpt>
      <trkpt lat="48.8892688" lon="2.3835066">
      </trkpt>
      <trkpt lat="48.8892804" lon="2.383476">
      </trkpt>
      <trkpt lat="48.8892885" lon="2.3834599">
      </trkpt>
      <trkpt lat="48.889321" lon="2.383416">
      </trkpt>
      <trkpt lat="48.8896007" lon="2.3826126">
      </trkpt>
      <trkpt lat="48.8895871" lon="2.3825855">
      </trkpt>
      <trkpt lat="48.8896042" lon="2.3825684">
      </trkpt>
      <trkpt lat="48.8896312" lon="2.3825404">
      </trkpt>
      <trkpt lat="48.889659" lon="2.3825957">
      </trkpt>
      <trkpt lat="48.8898497" lon="2.3829897">
      </trkpt>
      <trkpt lat="48.889659" lon="2.3825957">
      </trkpt>
      <trkpt lat="48.8896312" lon="2.3825404">
      </trkpt>
      <trkpt lat="48.8896042" lon="2.3825684">
      </trkpt>
      <trkpt lat="48.8895871" lon="2.3825855">
      </trkpt>
      <trkpt lat="48.8893931" lon="2.3822247">
      </trkpt>
      <trkpt lat="48.889151" lon="2.3817413">
      </trkpt>
      <trkpt lat="48.8890245" lon="2.3814945">
      </trkpt>
      <trkpt lat="48.8887529" lon="2.3809342">
      </trkpt>
      <trkpt lat="48.8887458" lon="2.3809232">
      </trkpt>
      <trkpt lat="48.8887231" lon="2.3808795">
      </trkpt>
      <trkpt lat="48.8887039" lon="2.3808419">
      </trkpt>
      <trkpt lat="48.8886988" lon="2.380832">
      </trkpt>
      <trkpt lat="48.888677" lon="2.3807847">
      </trkpt>
      <trkpt lat="48.8884016" lon="2.3802373">
      </trkpt>
      <trkpt lat="48.8881765" lon="2.3797641">
      </trkpt>
      <trkpt lat="48.8881488" lon="2.3797564">
      </trkpt>
      <trkpt lat="48.8879972" lon="2.3799284">
      </trkpt>
      <trkpt lat="48.8879882" lon="2.3799081">
      </trkpt>
      <trkpt lat="48.8879866" lon="2.3799047">
      </trkpt>
      <trkpt lat="48.8879684" lon="2.3798647">
      </trkpt>
      <trkpt lat="48.8879542" lon="2.3798337">
      </trkpt>
      <trkpt lat="48.8879512" lon="2.3798272">
      </trkpt>
      <trkpt lat="48.8879331" lon="2.3797896">
      </trkpt>
      <trkpt lat="48.887552" lon="2.3789681">
      </trkpt>
      <trkpt lat="48.8875214" lon="2.3790025">
      </trkpt>
      <trkpt lat="48.8875091" lon="2.3790162">
      </trkpt>
      <trkpt lat="48.8874996" lon="2.3790269">
      </trkpt>
      <trkpt lat="48.8874745" lon="2.3790551">
      </trkpt>
      <trkpt lat="48.8874456" lon="2.3790876">
      </trkpt>
      <trkpt lat="48.8874368" lon="2.3790975">
      </trkpt>
      <trkpt lat="48.8873148" lon="2.3788504">
      </trkpt>
      <trkpt lat="48.8872352" lon="2.3787989">
      </trkpt>
      <trkpt lat="48.8866526" lon="2.3776207">
      </trkpt>
      <trkpt lat="48.8866117" lon="2.3774375">
      </trkpt>
      <trkpt lat="48.8864852" lon="2.377183">
      </trkpt>
      <trkpt lat="48.8864647" lon="2.3771547">
      </trkpt>
      <trkpt lat="48.8864603" lon="2.3771486">
      </trkpt>
      <trkpt lat="48.8864412" lon="2.3771088">
      </trkpt>
      <trkpt lat="48.886418" lon="2.3770601">
      </trkpt>
      <trkpt lat="48.886411" lon="2.3770283">
      </trkpt>
      <trkpt lat="48.8861803" lon="2.3765568">
      </trkpt>
      <trkpt lat="48.8861477" lon="2.3764905">
      </trkpt>
      <trkpt lat="48.8857549" lon="2.3756875">
      </trkpt>
      <trkpt lat="48.8857103" lon="2.3756784">
      </trkpt>
      <trkpt lat="48.8856904" lon="2.3757006">
      </trkpt>
      <trkpt lat="48.8856746" lon="2.3756684">
      </trkpt>
      <trkpt lat="48.8856671" lon="2.3756524">
      </trkpt>
      <trkpt lat="48.8856545" lon="2.3756258">
      </trkpt>
      <trkpt lat="48.8856449" lon="2.3756084">
      </trkpt>
      <trkpt lat="48.8856021" lon="2.3755219">
      </trkpt>
      <trkpt lat="48.8856444" lon="2.3754729">
      </trkpt>
      <trkpt lat="48.8856753" lon="2.3754368">
      </trkpt>
      <trkpt lat="48.8856823" lon="2.3754287">
      </trkpt>
      <trkpt lat="48.8856978" lon="2.3754107">
      </trkpt>
      <trkpt lat="48.8857091" lon="2.3753974">
      </trkpt>
      <trkpt lat="48.8857271" lon="2.375376">
      </trkpt>
      <trkpt lat="48.8857536" lon="2.3754322">
      </trkpt>
      <trkpt lat="48.8857931" lon="2.3755165">
      </trkpt>
      <trkpt lat="48.8865338" lon="2.3746678">
      </trkpt>
      <trkpt lat="48.8865946" lon="2.3746014">
      </trkpt>
      <trkpt lat="48.8866522" lon="2.3747172">
      </trkpt>
      <trkpt lat="48.8865583" lon="2.3748148">
      </trkpt>
      <trkpt lat="48.8866522" lon="2.3747172">
      </trkpt>
      <trkpt lat="48.8866746" lon="2.3746938">
      </trkpt>
      <trkpt lat="48.8866677" lon="2.3746799">
      </trkpt>
      <trkpt lat="48.8866793" lon="2.3746668">
      </trkpt>
      <trkpt lat="48.8866872" lon="2.3746579">
      </trkpt>
      <trkpt lat="48.886715" lon="2.3746265">
      </trkpt>
      <trkpt lat="48.8867306" lon="2.3746089">
      </trkpt>
      <trkpt lat="48.8867529" lon="2.3745836">
      </trkpt>
      <trkpt lat="48.8867432" lon="2.3744688">
      </trkpt>
      <trkpt lat="48.887215" lon="2.3732675">
      </trkpt>
      <trkpt lat="48.8872939" lon="2.373061">
      </trkpt>
      <trkpt lat="48.8873083" lon="2.3730333">
      </trkpt>
      <trkpt lat="48.8873212" lon="2.373008">
      </trkpt>
      <trkpt lat="48.8873389" lon="2.3730033">
      </trkpt>
      <trkpt lat="48.8874055" lon="2.373063">
      </trkpt>
      <trkpt lat="48.8874672" lon="2.3731414">
      </trkpt>
      <trkpt lat="48.8877525" lon="2.3734798">
      </trkpt>
      <trkpt lat="48.8877676" lon="2.3734502">
      </trkpt>
      <trkpt lat="48.8877708" lon="2.3734438">
      </trkpt>
      <trkpt lat="48.8877917" lon="2.3734027">
      </trkpt>
      <trkpt lat="48.887814" lon="2.3733585">
      </trkpt>
      <trkpt lat="48.88782" lon="2.3733464">
      </trkpt>
      <trkpt lat="48.8878482" lon="2.3732928">
      </trkpt>
      <trkpt lat="48.8883087" lon="2.3738463">
      </trkpt>
      <trkpt lat="48.8883322" lon="2.3738009">
      </trkpt>
      <trkpt lat="48.8883387" lon="2.3737893">
      </trkpt>
      <trkpt lat="48.8883578" lon="2.3737549">
      </trkpt>
      <trkpt lat="48.8883843" lon="2.3737074">
      </trkpt>
      <trkpt lat="48.8884134" lon="2.373653">
      </trkpt>
      <trkpt lat="48.8884552" lon="2.3736974">
      </trkpt>
      <trkpt lat="48.8886128" lon="2.3732938">
      </trkpt>
      <trkpt lat="48.8886501" lon="2.3731984">
      </trkpt>
      <trkpt lat="48.888651" lon="2.3731635">
      </trkpt>
      <trkpt lat="48.8886616" lon="2.3731206">
      </trkpt>
      <trkpt lat="48.8888494" lon="2.3725171">
      </trkpt>
      <trkpt lat="48.8888797" lon="2.3724143">
      </trkpt>
      <trkpt lat="48.8890335" lon="2.3718936">
      </trkpt>
      <trkpt lat="48.8890902" lon="2.3717017">
      </trkpt>
      <trkpt lat="48.8891263" lon="2.3715515">
      </trkpt>
      <trkpt lat="48.8891457" lon="2.3715596">
      </trkpt>
      <trkpt lat="48.8891534" lon="2.3715652">
      </trkpt>
      <trkpt lat="48.8891845" lon="2.3715879">
      </trkpt>
      <trkpt lat="48.8892133" lon="2.3716089">
      </trkpt>
      <trkpt lat="48.8892449" lon="2.371632">
      </trkpt>
      <trkpt lat="48.8892612" lon="2.3716401">
      </trkpt>
      <trkpt lat="48.8893" lon="2.3716146">
      </trkpt>
      <trkpt lat="48.8893785" lon="2.3716427">
      </trkpt>
      <trkpt lat="48.8893882" lon="2.3716226">
      </trkpt>
      <trkpt lat="48.889405" lon="2.3715844">
      </trkpt>
      <trkpt lat="48.8894208" lon="2.3715502">
      </trkpt>
      <trkpt lat="48.8894579" lon="2.3715006">
      </trkpt>
      <trkpt lat="48.8894473" lon="2.3714134">
      </trkpt>
      <trkpt lat="48.8894567" lon="2.3713787">
      </trkpt>
      <trkpt lat="48.8894676" lon="2.3713383">
      </trkpt>
      <trkpt lat="48.889472" lon="2.3713115">
      </trkpt>
      <trkpt lat="48.8894676" lon="2.3713383">
      </trkpt>
      <trkpt lat="48.8894567" lon="2.3713787">
      </trkpt>
      <trkpt lat="48.8894473" lon="2.3714134">
      </trkpt>
      <trkpt lat="48.8894579" lon="2.3715006">
      </trkpt>
      <trkpt lat="48.8896175" lon="2.3716696">
      </trkpt>
      <trkpt lat="48.8896607" lon="2.3717272">
      </trkpt>
      <trkpt lat="48.8899208" lon="2.3720813">
      </trkpt>
      <trkpt lat="48.8904349" lon="2.3727518">
      </trkpt>
      <trkpt lat="48.8905601" lon="2.3729141">
      </trkpt>
      <trkpt lat="48.8909498" lon="2.3734237">
      </trkpt>
      <trkpt lat="48.8910089" lon="2.3734881">
      </trkpt>
      <trkpt lat="48.8910513" lon="2.3734613">
      </trkpt>
      <trkpt lat="48.8910742" lon="2.3735082">
      </trkpt>
      <trkpt lat="48.8911104" lon="2.3735593">
      </trkpt>
      <trkpt lat="48.8911456" lon="2.3736001">
      </trkpt>
      <trkpt lat="48.8911659" lon="2.3736115">
      </trkpt>
      <trkpt lat="48.8911628" lon="2.3736973">
      </trkpt>
      <trkpt lat="48.8911844" lon="2.3737295">
      </trkpt>
      <trkpt lat="48.8911769" lon="2.3737516">
      </trkpt>
      <trkpt lat="48.8911587" lon="2.3738228">
      </trkpt>
      <trkpt lat="48.8911403" lon="2.3738945">
      </trkpt>
      <trkpt lat="48.891135" lon="2.3739454">
      </trkpt>
      <trkpt lat="48.89112" lon="2.3739521">
      </trkpt>
      <trkpt lat="48.8910936" lon="2.37405">
      </trkpt>
      <trkpt lat="48.8908564" lon="2.3753496">
      </trkpt>
      <trkpt lat="48.8908267" lon="2.3755182">
      </trkpt>
      <trkpt lat="48.8906787" lon="2.3763593">
      </trkpt>
      <trkpt lat="48.8906738" lon="2.3763877">
      </trkpt>
      <trkpt lat="48.890658" lon="2.3764928">
      </trkpt>
      <trkpt lat="48.8906681" lon="2.376525">
      </trkpt>
      <trkpt lat="48.8907009" lon="2.3765563">
      </trkpt>
      <trkpt lat="48.8907331" lon="2.3765481">
      </trkpt>
      <trkpt lat="48.8907584" lon="2.3765198">
      </trkpt>
      <trkpt lat="48.8909591" lon="2.3762997">
      </trkpt>
      <trkpt lat="48.8912342" lon="2.3759986">
      </trkpt>
      <trkpt lat="48.8912867" lon="2.3759343">
      </trkpt>
      <trkpt lat="48.8916253" lon="2.3755601">
      </trkpt>
      <trkpt lat="48.8919348" lon="2.3752168">
      </trkpt>
      <trkpt lat="48.8920168" lon="2.3751095">
      </trkpt>
      <trkpt lat="48.8920203" lon="2.3750585">
      </trkpt>
      <trkpt lat="48.8920468" lon="2.3750491">
      </trkpt>
      <trkpt lat="48.8920917" lon="2.3749949">
      </trkpt>
      <trkpt lat="48.8921345" lon="2.3749432">
      </trkpt>
      <trkpt lat="48.892146" lon="2.3749211">
      </trkpt>
      <trkpt lat="48.8921892" lon="2.3749137">
      </trkpt>
      <trkpt lat="48.8922222" lon="2.3749023">
      </trkpt>
      <trkpt lat="48.8925123" lon="2.3745737">
      </trkpt>
      <trkpt lat="48.8925286" lon="2.3745395">
      </trkpt>
      <trkpt lat="48.8925401" lon="2.3745368">
      </trkpt>
      <trkpt lat="48.8925535" lon="2.3745226">
      </trkpt>
      <trkpt lat="48.892571" lon="2.374504">
      </trkpt>
      <trkpt lat="48.8925747" lon="2.3744919">
      </trkpt>
      <trkpt lat="48.8926009" lon="2.3744832">
      </trkpt>
      <trkpt lat="48.8927751" lon="2.3742887">
      </trkpt>
      <trkpt lat="48.8928302" lon="2.3741486">
      </trkpt>
      <trkpt lat="48.8928641" lon="2.3741499">
      </trkpt>
      <trkpt lat="48.8928803" lon="2.3741403">
      </trkpt>
      <trkpt lat="48.8929012" lon="2.3741297">
      </trkpt>
      <trkpt lat="48.8929434" lon="2.3741057">
      </trkpt>
      <trkpt lat="48.8930378" lon="2.3740017">
      </trkpt>
      <trkpt lat="48.8932658" lon="2.3737429">
      </trkpt>
      <trkpt lat="48.8934738" lon="2.3735028">
      </trkpt>
      <trkpt lat="48.8935717" lon="2.373411">
      </trkpt>
      <trkpt lat="48.8936017" lon="2.3733895">
      </trkpt>
      <trkpt lat="48.8936017" lon="2.3733547">
      </trkpt>
      <trkpt lat="48.893614" lon="2.3733412">
      </trkpt>
      <trkpt lat="48.8936417" lon="2.3732749">
      </trkpt>
      <trkpt lat="48.8936625" lon="2.3732252">
      </trkpt>
      <trkpt lat="48.8936722" lon="2.3732024">
      </trkpt>
      <trkpt lat="48.8937075" lon="2.3732045">
      </trkpt>
      <trkpt lat="48.8937401" lon="2.3731595">
      </trkpt>
      <trkpt lat="48.8937489" lon="2.3731602">
      </trkpt>
      <trkpt lat="48.8938075" lon="2.3731277">
      </trkpt>
      <trkpt lat="48.8938737" lon="2.3730911">
      </trkpt>
      <trkpt lat="48.8938885" lon="2.3730454">
      </trkpt>
      <trkpt lat="48.8939015" lon="2.3730516">
      </trkpt>
      <trkpt lat="48.8939191" lon="2.3730522">
      </trkpt>
      <trkpt lat="48.8939575" lon="2.3730167">
      </trkpt>
      <trkpt lat="48.8943639" lon="2.3726244">
      </trkpt>
      <trkpt lat="48.8947047" lon="2.3722952">
      </trkpt>
      <trkpt lat="48.8949313" lon="2.3720793">
      </trkpt>
      <trkpt lat="48.8951346" lon="2.3719096">
      </trkpt>
      <trkpt lat="48.8951597" lon="2.3718768">
      </trkpt>
      <trkpt lat="48.8951808" lon="2.3718432">
      </trkpt>
      <trkpt lat="48.895225" lon="2.3717861">
      </trkpt>
      <trkpt lat="48.8952434" lon="2.3717622">
      </trkpt>
      <trkpt lat="48.8952565" lon="2.3717432">
      </trkpt>
      <trkpt lat="48.8952633" lon="2.3717313">
      </trkpt>
      <trkpt lat="48.895269" lon="2.3717212">
      </trkpt>
      <trkpt lat="48.8952853" lon="2.3716937">
      </trkpt>
      <trkpt lat="48.8953424" lon="2.3717443">
      </trkpt>
      <trkpt lat="48.8954019" lon="2.3717004">
      </trkpt>
      <trkpt lat="48.8956918" lon="2.371349">
      </trkpt>
      <trkpt lat="48.8957041" lon="2.3713142">
      </trkpt>
      <trkpt lat="48.8956962" lon="2.3712941">
      </trkpt>
      <trkpt lat="48.895705" lon="2.3712813">
      </trkpt>
      <trkpt lat="48.8957316" lon="2.3712299">
      </trkpt>
      <trkpt lat="48.8957773" lon="2.3711418">
      </trkpt>
      <trkpt lat="48.8957821" lon="2.3711291">
      </trkpt>
      <trkpt lat="48.8958033" lon="2.3711251">
      </trkpt>
      <trkpt lat="48.8958469" lon="2.3710781">
      </trkpt>
      <trkpt lat="48.8960196" lon="2.3708712">
      </trkpt>
      <trkpt lat="48.8965867" lon="2.3701917">
      </trkpt>
      <trkpt lat="48.8967044" lon="2.3701891">
      </trkpt>
      <trkpt lat="48.8972156" lon="2.3701757">
      </trkpt>
      <trkpt lat="48.8976102" lon="2.3701653">
      </trkpt>
      <trkpt lat="48.8976288" lon="2.3701648">
      </trkpt>
      <trkpt lat="48.8977266" lon="2.3701536">
      </trkpt>
      <trkpt lat="48.8984117" lon="2.3701018">
      </trkpt>
      <trkpt lat="48.8984364" lon="2.3700857">
      </trkpt>
      <trkpt lat="48.8984655" lon="2.3700495">
      </trkpt>
      <trkpt lat="48.8984855" lon="2.3700245">
      </trkpt>
      <trkpt lat="48.8985096" lon="2.3699871">
      </trkpt>
      <trkpt lat="48.8985229" lon="2.369928">
      </trkpt>
      <trkpt lat="48.8985116" lon="2.3694826">
      </trkpt>
      <trkpt lat="48.8985096" lon="2.3694018">
      </trkpt>
      <trkpt lat="48.8984982" lon="2.3685878">
      </trkpt>
      <trkpt lat="48.8985193" lon="2.3685857">
      </trkpt>
      <trkpt lat="48.8985386" lon="2.3685837">
      </trkpt>
      <trkpt lat="48.898573" lon="2.368583">
      </trkpt>
      <trkpt lat="48.898602" lon="2.3685817">
      </trkpt>
      <trkpt lat="48.8986356" lon="2.3685804">
      </trkpt>
      <trkpt lat="48.8986349" lon="2.3685196">
      </trkpt>
      <trkpt lat="48.8986485" lon="2.368519">
      </trkpt>
      <trkpt lat="48.8986988" lon="2.368516">
      </trkpt>
      <trkpt lat="48.8987494" lon="2.3685141">
      </trkpt>
      <trkpt lat="48.8987996" lon="2.3685123">
      </trkpt>
      <trkpt lat="48.8987993" lon="2.3684917">
      </trkpt>
      <trkpt lat="48.8989665" lon="2.3684812">
      </trkpt>
      <trkpt lat="48.8989795" lon="2.368441">
      </trkpt>
      <trkpt lat="48.8990063" lon="2.3684225">
      </trkpt>
      <trkpt lat="48.8990326" lon="2.3684043">
      </trkpt>
      <trkpt lat="48.8990508" lon="2.368388">
      </trkpt>
      <trkpt lat="48.8990485" lon="2.3683257">
      </trkpt>
      <trkpt lat="48.8994118" lon="2.3677303">
      </trkpt>
      <trkpt lat="48.8995181" lon="2.3675559">
      </trkpt>
      <trkpt lat="48.8995473" lon="2.367485">
      </trkpt>
      <trkpt lat="48.8995512" lon="2.3673966">
      </trkpt>
      <trkpt lat="48.8995782" lon="2.3673952">
      </trkpt>
      <trkpt lat="48.8997247" lon="2.3673876">
      </trkpt>
      <trkpt lat="48.8997404" lon="2.3673868">
      </trkpt>
      <trkpt lat="48.8997286" lon="2.3667311">
      </trkpt>
      <trkpt lat="48.8997222" lon="2.3667006">
      </trkpt>
      <trkpt lat="48.8997491" lon="2.3666813">
      </trkpt>
      <trkpt lat="48.8997682" lon="2.3666701">
      </trkpt>
      <trkpt lat="48.8997892" lon="2.3666583">
      </trkpt>
      <trkpt lat="48.8998118" lon="2.3666437">
      </trkpt>
      <trkpt lat="48.8998039" lon="2.3666162">
      </trkpt>
      <trkpt lat="48.8997729" lon="2.3665446">
      </trkpt>
      <trkpt lat="48.8997973" lon="2.366533">
      </trkpt>
      <trkpt lat="48.8998373" lon="2.3665117">
      </trkpt>
      <trkpt lat="48.8999422" lon="2.3665184">
      </trkpt>
      <trkpt lat="48.9000242" lon="2.3664835">
      </trkpt>
      <trkpt lat="48.9001265" lon="2.3663816">
      </trkpt>
      <trkpt lat="48.900182" lon="2.3664218">
      </trkpt>
      <trkpt lat="48.9002358" lon="2.3664621">
      </trkpt>
      <trkpt lat="48.9002693" lon="2.3665197">
      </trkpt>
      <trkpt lat="48.900286" lon="2.3665794">
      </trkpt>
      <trkpt lat="48.9002918" lon="2.366625">
      </trkpt>
      <trkpt lat="48.9002873" lon="2.3666713">
      </trkpt>
      <trkpt lat="48.9002371" lon="2.3668463">
      </trkpt>
      <trkpt lat="48.9002657" lon="2.3668765">
      </trkpt>
      <trkpt lat="48.9002371" lon="2.3668463">
      </trkpt>
      <trkpt lat="48.9002873" lon="2.3666713">
      </trkpt>
      <trkpt lat="48.9002918" lon="2.366625">
      </trkpt>
      <trkpt lat="48.900286" lon="2.3665794">
      </trkpt>
      <trkpt lat="48.9002693" lon="2.3665197">
      </trkpt>
      <trkpt lat="48.9002358" lon="2.3664621">
      </trkpt>
      <trkpt lat="48.900182" lon="2.3664218">
      </trkpt>
      <trkpt lat="48.9001265" lon="2.3663816">
      </trkpt>
      <trkpt lat="48.9000242" lon="2.3664835">
      </trkpt>
      <trkpt lat="48.8999422" lon="2.3665184">
      </trkpt>
      <trkpt lat="48.8998373" lon="2.3665117">
      </trkpt>
      <trkpt lat="48.8997973" lon="2.366533">
      </trkpt>
      <trkpt lat="48.8997729" lon="2.3665446">
      </trkpt>
      <trkpt lat="48.8993832" lon="2.3656423">
      </trkpt>
      <trkpt lat="48.899335" lon="2.3655322">
      </trkpt>
      <trkpt lat="48.8993257" lon="2.365511">
      </trkpt>
      <trkpt lat="48.8993145" lon="2.3654852">
      </trkpt>
      <trkpt lat="48.8992676" lon="2.365376">
      </trkpt>
      <trkpt lat="48.8990348" lon="2.3648332">
      </trkpt>
      <trkpt lat="48.8987444" lon="2.3641563">
      </trkpt>
      <trkpt lat="48.8987406" lon="2.3641474">
      </trkpt>
      <trkpt lat="48.8987413" lon="2.3640767">
      </trkpt>
      <trkpt lat="48.8987429" lon="2.3639237">
      </trkpt>
      <trkpt lat="48.8987414" lon="2.3638206">
      </trkpt>
      <trkpt lat="48.8987231" lon="2.362595">
      </trkpt>
      <trkpt lat="48.8987339" lon="2.362308">
      </trkpt>
      <trkpt lat="48.8987337" lon="2.3622755">
      </trkpt>
      <trkpt lat="48.8986997" lon="2.3617494">
      </trkpt>
      <trkpt lat="48.898754" lon="2.3608593">
      </trkpt>
      <trkpt lat="48.8987979" lon="2.3601682">
      </trkpt>
      <trkpt lat="48.8987833" lon="2.3595855">
      </trkpt>
      <trkpt lat="48.8988336" lon="2.3595831">
      </trkpt>
      <trkpt lat="48.898835" lon="2.359499">
      </trkpt>
      <trkpt lat="48.8988348" lon="2.3594479">
      </trkpt>
      <trkpt lat="48.8988348" lon="2.3594139">
      </trkpt>
      <trkpt lat="48.8988347" lon="2.3593924">
      </trkpt>
      <trkpt lat="48.8988345" lon="2.3593279">
      </trkpt>
      <trkpt lat="48.8988343" lon="2.3592546">
      </trkpt>
      <trkpt lat="48.8988342" lon="2.3592124">
      </trkpt>
      <trkpt lat="48.8988341" lon="2.3591519">
      </trkpt>
      <trkpt lat="48.8988339" lon="2.3590892">
      </trkpt>
      <trkpt lat="48.8988337" lon="2.3590026">
      </trkpt>
      <trkpt lat="48.8988335" lon="2.3589324">
      </trkpt>
      <trkpt lat="48.8988333" lon="2.3588687">
      </trkpt>
      <trkpt lat="48.8988333" lon="2.3588604">
      </trkpt>
      <trkpt lat="48.8988333" lon="2.3588463">
      </trkpt>
      <trkpt lat="48.8988332" lon="2.358803">
      </trkpt>
      <trkpt lat="48.898833" lon="2.3587405">
      </trkpt>
      <trkpt lat="48.8988329" lon="2.3586969">
      </trkpt>
      <trkpt lat="48.8988328" lon="2.3586494">
      </trkpt>
      <trkpt lat="48.8988325" lon="2.3586328">
      </trkpt>
      <trkpt lat="48.8988314" lon="2.3585827">
      </trkpt>
      <trkpt lat="48.8987927" lon="2.3585836">
      </trkpt>
      <trkpt lat="48.8987711" lon="2.3580009">
      </trkpt>
      <trkpt lat="48.8987294" lon="2.3580004">
      </trkpt>
      <trkpt lat="48.8986843" lon="2.3580026">
      </trkpt>
      <trkpt lat="48.8986294" lon="2.3580048">
      </trkpt>
      <trkpt lat="48.8985465" lon="2.3580061">
      </trkpt>
      <trkpt lat="48.89852" lon="2.358006">
      </trkpt>
      <trkpt lat="48.8984904" lon="2.3580075">
      </trkpt>
      <trkpt lat="48.8984712" lon="2.3580076">
      </trkpt>
      <trkpt lat="48.8984302" lon="2.3580078">
      </trkpt>
      <trkpt lat="48.8984292" lon="2.3579409">
      </trkpt>
      <trkpt lat="48.898408" lon="2.3579424">
      </trkpt>
      <trkpt lat="48.8983928" lon="2.3579428">
      </trkpt>
      <trkpt lat="48.8983635" lon="2.3579444">
      </trkpt>
      <trkpt lat="48.8983482" lon="2.3579453">
      </trkpt>
      <trkpt lat="48.8983329" lon="2.3579462">
      </trkpt>
      <trkpt lat="48.8983063" lon="2.357947">
      </trkpt>
      <trkpt lat="48.8983067" lon="2.3578684">
      </trkpt>
      <trkpt lat="48.898307" lon="2.3578203">
      </trkpt>
      <trkpt lat="48.8982736" lon="2.3559257">
      </trkpt>
      <trkpt lat="48.8982631" lon="2.3558838">
      </trkpt>
      <trkpt lat="48.8982497" lon="2.3558351">
      </trkpt>
      <trkpt lat="48.8982345" lon="2.3552759">
      </trkpt>
      <trkpt lat="48.8982076" lon="2.3536579">
      </trkpt>
      <trkpt lat="48.898205" lon="2.3534663">
      </trkpt>
      <trkpt lat="48.898201" lon="2.353169">
      </trkpt>
      <trkpt lat="48.8981897" lon="2.3527092">
      </trkpt>
      <trkpt lat="48.8982146" lon="2.352708">
      </trkpt>
      <trkpt lat="48.8982299" lon="2.3527073">
      </trkpt>
      <trkpt lat="48.8982655" lon="2.3527055">
      </trkpt>
      <trkpt lat="48.8982859" lon="2.3527045">
      </trkpt>
      <trkpt lat="48.8983223" lon="2.3527027">
      </trkpt>
      <trkpt lat="48.8983337" lon="2.3527021">
      </trkpt>
      <trkpt lat="48.8983652" lon="2.3527006">
      </trkpt>
      <trkpt lat="48.8983815" lon="2.3526998">
      </trkpt>
      <trkpt lat="48.898414" lon="2.3526982">
      </trkpt>
      <trkpt lat="48.8984477" lon="2.3526965">
      </trkpt>
      <trkpt lat="48.8984782" lon="2.352695">
      </trkpt>
      <trkpt lat="48.8984908" lon="2.3526945">
      </trkpt>
      <trkpt lat="48.8985156" lon="2.3526933">
      </trkpt>
      <trkpt lat="48.8985173" lon="2.3526093">
      </trkpt>
      <trkpt lat="48.898557" lon="2.3525851">
      </trkpt>
      <trkpt lat="48.8986791" lon="2.352573">
      </trkpt>
      <trkpt lat="48.8995583" lon="2.3524703">
      </trkpt>
      <trkpt lat="48.8995556" lon="2.352416">
      </trkpt>
      <trkpt lat="48.8995537" lon="2.3523616">
      </trkpt>
      <trkpt lat="48.8995511" lon="2.352286">
      </trkpt>
      <trkpt lat="48.8995497" lon="2.3522461">
      </trkpt>
      <trkpt lat="48.8995497" lon="2.3522176">
      </trkpt>
      <trkpt lat="48.8995723" lon="2.3522169">
      </trkpt>
      <trkpt lat="48.8996268" lon="2.3522089">
      </trkpt>
      <trkpt lat="48.8996715" lon="2.3522023">
      </trkpt>
      <trkpt lat="48.8996819" lon="2.3521962">
      </trkpt>
      <trkpt lat="48.8996714" lon="2.3521635">
      </trkpt>
      <trkpt lat="48.8995769" lon="2.3475282">
      </trkpt>
      <trkpt lat="48.8995605" lon="2.3466358">
      </trkpt>
      <trkpt lat="48.899549" lon="2.346209">
      </trkpt>
      <trkpt lat="48.8995464" lon="2.3460105">
      </trkpt>
      <trkpt lat="48.8995397" lon="2.345738">
      </trkpt>
      <trkpt lat="48.8995419" lon="2.3456253">
      </trkpt>
      <trkpt lat="48.8995578" lon="2.3456092">
      </trkpt>
      <trkpt lat="48.8995578" lon="2.3455857">
      </trkpt>
      <trkpt lat="48.8995587" lon="2.3455629">
      </trkpt>
      <trkpt lat="48.89956" lon="2.3455301">
      </trkpt>
      <trkpt lat="48.89956" lon="2.3454966">
      </trkpt>
      <trkpt lat="48.8996111" lon="2.3454872">
      </trkpt>
      <trkpt lat="48.8996706" lon="2.3454835">
      </trkpt>
      <trkpt lat="48.8996718" lon="2.3454668">
      </trkpt>
      <trkpt lat="48.899675" lon="2.3454222">
      </trkpt>
      <trkpt lat="48.8997412" lon="2.3454168">
      </trkpt>
      <trkpt lat="48.8997664" lon="2.3454102">
      </trkpt>
      <trkpt lat="48.899776" lon="2.3454235">
      </trkpt>
      <trkpt lat="48.8998152" lon="2.3454302">
      </trkpt>
      <trkpt lat="48.8998571" lon="2.3454201">
      </trkpt>
      <trkpt lat="48.8998814" lon="2.3454121">
      </trkpt>
      <trkpt lat="48.8999338" lon="2.3453625">
      </trkpt>
      <trkpt lat="48.9000123" lon="2.34528">
      </trkpt>
      <trkpt lat="48.9001234" lon="2.345159">
      </trkpt>
      <trkpt lat="48.9001432" lon="2.3451588">
      </trkpt>
      <trkpt lat="48.9001754" lon="2.3451585">
      </trkpt>
      <trkpt lat="48.9003997" lon="2.3451563">
      </trkpt>
      <trkpt lat="48.9004379" lon="2.3451559">
      </trkpt>
      <trkpt lat="48.9004644" lon="2.3451556">
      </trkpt>
      <trkpt lat="48.9004571" lon="2.3445645">
      </trkpt>
      <trkpt lat="48.9004491" lon="2.3445256">
      </trkpt>
      <trkpt lat="48.9004941" lon="2.3445015">
      </trkpt>
      <trkpt lat="48.9005121" lon="2.3444945">
      </trkpt>
      <trkpt lat="48.9005369" lon="2.3444907">
      </trkpt>
      <trkpt lat="48.900544" lon="2.34449">
      </trkpt>
      <trkpt lat="48.9005763" lon="2.3444868">
      </trkpt>
      <trkpt lat="48.9005747" lon="2.344408">
      </trkpt>
      <trkpt lat="48.9005739" lon="2.3443715">
      </trkpt>
      <trkpt lat="48.9005729" lon="2.3443401">
      </trkpt>
      <trkpt lat="48.9005717" lon="2.3443023">
      </trkpt>
      <trkpt lat="48.9004773" lon="2.3443058">
      </trkpt>
      <trkpt lat="48.9004771" lon="2.3442756">
      </trkpt>
      <trkpt lat="48.9004769" lon="2.3442568">
      </trkpt>
      <trkpt lat="48.9004759" lon="2.3441249">
      </trkpt>
      <trkpt lat="48.9004749" lon="2.3440017">
      </trkpt>
      <trkpt lat="48.9004748" lon="2.343984">
      </trkpt>
      <trkpt lat="48.9004746" lon="2.3439608">
      </trkpt>
      <trkpt lat="48.9004744" lon="2.3439402">
      </trkpt>
      <trkpt lat="48.9004742" lon="2.3439106">
      </trkpt>
      <trkpt lat="48.9004739" lon="2.3438774">
      </trkpt>
      <trkpt lat="48.9004737" lon="2.3438515">
      </trkpt>
      <trkpt lat="48.9006201" lon="2.3438349">
      </trkpt>
      <trkpt lat="48.9006541" lon="2.3437893">
      </trkpt>
      <trkpt lat="48.9006594" lon="2.3437793">
      </trkpt>
      <trkpt lat="48.9006541" lon="2.3437893">
      </trkpt>
      <trkpt lat="48.9006201" lon="2.3438349">
      </trkpt>
      <trkpt lat="48.9004737" lon="2.3438515">
      </trkpt>
      <trkpt lat="48.89981" lon="2.343839">
      </trkpt>
      <trkpt lat="48.8994705" lon="2.3438416">
      </trkpt>
      <trkpt lat="48.8994106" lon="2.3438457">
      </trkpt>
      <trkpt lat="48.899377" lon="2.3438423">
      </trkpt>
      <trkpt lat="48.8993445" lon="2.343839">
      </trkpt>
      <trkpt lat="48.8993152" lon="2.3438368">
      </trkpt>
      <trkpt lat="48.8992907" lon="2.3438349">
      </trkpt>
      <trkpt lat="48.8992563" lon="2.3438336">
      </trkpt>
      <trkpt lat="48.8992554" lon="2.3438926">
      </trkpt>
      <trkpt lat="48.899236" lon="2.3439261">
      </trkpt>
      <trkpt lat="48.8992319" lon="2.3440035">
      </trkpt>
      <trkpt lat="48.8992323" lon="2.3440205">
      </trkpt>
      <trkpt lat="48.8992359" lon="2.344158">
      </trkpt>
      <trkpt lat="48.8992368" lon="2.3441666">
      </trkpt>
      <trkpt lat="48.8992373" lon="2.3441822">
      </trkpt>
      <trkpt lat="48.899239" lon="2.3442855">
      </trkpt>
      <trkpt lat="48.8992402" lon="2.3443084">
      </trkpt>
      <trkpt lat="48.8992455" lon="2.3443637">
      </trkpt>
      <trkpt lat="48.8991414" lon="2.3443726">
      </trkpt>
      <trkpt lat="48.8990764" lon="2.3443767">
      </trkpt>
      <trkpt lat="48.8983568" lon="2.3444038">
      </trkpt>
      <trkpt lat="48.8981991" lon="2.3444299">
      </trkpt>
      <trkpt lat="48.8981818" lon="2.3444983">
      </trkpt>
      <trkpt lat="48.8981653" lon="2.3445128">
      </trkpt>
      <trkpt lat="48.8981451" lon="2.3445306">
      </trkpt>
      <trkpt lat="48.8981019" lon="2.3445653">
      </trkpt>
      <trkpt lat="48.8980844" lon="2.3445793">
      </trkpt>
      <trkpt lat="48.8980562" lon="2.344602">
      </trkpt>
      <trkpt lat="48.8980364" lon="2.3446179">
      </trkpt>
      <trkpt lat="48.8980197" lon="2.3446313">
      </trkpt>
      <trkpt lat="48.8979867" lon="2.3446578">
      </trkpt>
      <trkpt lat="48.8979757" lon="2.3446666">
      </trkpt>
      <trkpt lat="48.8979644" lon="2.3446757">
      </trkpt>
      <trkpt lat="48.8979228" lon="2.3447091">
      </trkpt>
      <trkpt lat="48.8978983" lon="2.3447288">
      </trkpt>
      <trkpt lat="48.8978618" lon="2.3447581">
      </trkpt>
      <trkpt lat="48.8978113" lon="2.3447668">
      </trkpt>
      <trkpt lat="48.8976753" lon="2.3448724">
      </trkpt>
      <trkpt lat="48.8976224" lon="2.3449258">
      </trkpt>
      <trkpt lat="48.8976028" lon="2.3449456">
      </trkpt>
      <trkpt lat="48.8975851" lon="2.3449554">
      </trkpt>
      <trkpt lat="48.8975581" lon="2.3449703">
      </trkpt>
      <trkpt lat="48.8975505" lon="2.3449733">
      </trkpt>
      <trkpt lat="48.8975422" lon="2.3449434">
      </trkpt>
      <trkpt lat="48.8975088" lon="2.3449059">
      </trkpt>
      <trkpt lat="48.8974806" lon="2.3449351">
      </trkpt>
      <trkpt lat="48.8974583" lon="2.3449598">
      </trkpt>
      <trkpt lat="48.8974332" lon="2.3449847">
      </trkpt>
      <trkpt lat="48.8973601" lon="2.3450287">
      </trkpt>
      <trkpt lat="48.897319" lon="2.3450717">
      </trkpt>
      <trkpt lat="48.8973026" lon="2.3451197">
      </trkpt>
      <trkpt lat="48.8970615" lon="2.3453216">
      </trkpt>
      <trkpt lat="48.8966286" lon="2.3456796">
      </trkpt>
      <trkpt lat="48.8963222" lon="2.3459432">
      </trkpt>
      <trkpt lat="48.8961313" lon="2.3460773">
      </trkpt>
      <trkpt lat="48.8961101" lon="2.3461014">
      </trkpt>
      <trkpt lat="48.8961" lon="2.3461235">
      </trkpt>
      <trkpt lat="48.8960956" lon="2.3462281">
      </trkpt>
      <trkpt lat="48.8961031" lon="2.3462536">
      </trkpt>
      <trkpt lat="48.8960943" lon="2.346267">
      </trkpt>
      <trkpt lat="48.8960848" lon="2.3463074">
      </trkpt>
      <trkpt lat="48.8960727" lon="2.3463589">
      </trkpt>
      <trkpt lat="48.8960687" lon="2.346377">
      </trkpt>
      <trkpt lat="48.8960581" lon="2.3463783">
      </trkpt>
      <trkpt lat="48.8960321" lon="2.3464293">
      </trkpt>
      <trkpt lat="48.8960334" lon="2.34644">
      </trkpt>
      <trkpt lat="48.8960184" lon="2.3464521">
      </trkpt>
      <trkpt lat="48.896" lon="2.3464736">
      </trkpt>
      <trkpt lat="48.8959669" lon="2.3465125">
      </trkpt>
      <trkpt lat="48.895958" lon="2.3465272">
      </trkpt>
      <trkpt lat="48.8959466" lon="2.3465285">
      </trkpt>
      <trkpt lat="48.8958597" lon="2.3465715">
      </trkpt>
      <trkpt lat="48.8958452" lon="2.3465802">
      </trkpt>
      <trkpt lat="48.8958417" lon="2.3465963">
      </trkpt>
      <trkpt lat="48.8958267" lon="2.3465943">
      </trkpt>
      <trkpt lat="48.8958012" lon="2.3465884">
      </trkpt>
      <trkpt lat="48.8957544" lon="2.3465775">
      </trkpt>
      <trkpt lat="48.8957389" lon="2.3465788">
      </trkpt>
      <trkpt lat="48.8957363" lon="2.3465681">
      </trkpt>
      <trkpt lat="48.8957257" lon="2.34655">
      </trkpt>
      <trkpt lat="48.8956768" lon="2.3465125">
      </trkpt>
      <trkpt lat="48.8956539" lon="2.3464997">
      </trkpt>
      <trkpt lat="48.8956393" lon="2.3465011">
      </trkpt>
      <trkpt lat="48.8956261" lon="2.3465104">
      </trkpt>
      <trkpt lat="48.8956215" lon="2.3464913">
      </trkpt>
      <trkpt lat="48.8956141" lon="2.3464696">
      </trkpt>
      <trkpt lat="48.8956125" lon="2.3464648">
      </trkpt>
      <trkpt lat="48.8956084" lon="2.3464528">
      </trkpt>
      <trkpt lat="48.8955778" lon="2.3463631">
      </trkpt>
      <trkpt lat="48.8955407" lon="2.346249">
      </trkpt>
      <trkpt lat="48.8955361" lon="2.3462349">
      </trkpt>
      <trkpt lat="48.895528" lon="2.3462101">
      </trkpt>
      <trkpt lat="48.8955229" lon="2.3461913">
      </trkpt>
      <trkpt lat="48.8955498" lon="2.3461711">
      </trkpt>
      <trkpt lat="48.8955564" lon="2.3461557">
      </trkpt>
      <trkpt lat="48.8955503" lon="2.3461175">
      </trkpt>
      <trkpt lat="48.8955441" lon="2.3460927">
      </trkpt>
      <trkpt lat="48.8950653" lon="2.3458359">
      </trkpt>
      <trkpt lat="48.8950406" lon="2.3458285">
      </trkpt>
      <trkpt lat="48.8950653" lon="2.3458359">
      </trkpt>
      <trkpt lat="48.8955441" lon="2.3460927">
      </trkpt>
      <trkpt lat="48.8955494" lon="2.3460746">
      </trkpt>
      <trkpt lat="48.895564" lon="2.3460245">
      </trkpt>
      <trkpt lat="48.8955763" lon="2.3459827">
      </trkpt>
      <trkpt lat="48.8955763" lon="2.3459546">
      </trkpt>
      <trkpt lat="48.8955869" lon="2.3459364">
      </trkpt>
      <trkpt lat="48.8955842" lon="2.3459136">
      </trkpt>
      <trkpt lat="48.8955789" lon="2.3458989">
      </trkpt>
      <trkpt lat="48.8955974" lon="2.3458781">
      </trkpt>
      <trkpt lat="48.8956084" lon="2.3458592">
      </trkpt>
      <trkpt lat="48.8956208" lon="2.3458379">
      </trkpt>
      <trkpt lat="48.8956301" lon="2.3458211">
      </trkpt>
      <trkpt lat="48.8956411" lon="2.3458298">
      </trkpt>
      <trkpt lat="48.8956658" lon="2.3458325">
      </trkpt>
      <trkpt lat="48.8957076" lon="2.3458043">
      </trkpt>
      <trkpt lat="48.8957636" lon="2.3457648">
      </trkpt>
      <trkpt lat="48.8957777" lon="2.3457413">
      </trkpt>
      <trkpt lat="48.8958073" lon="2.3457427">
      </trkpt>
      <trkpt lat="48.89582" lon="2.3457442">
      </trkpt>
      <trkpt lat="48.8958699" lon="2.34575">
      </trkpt>
      <trkpt lat="48.8958805" lon="2.3457474">
      </trkpt>
      <trkpt lat="48.8958703" lon="2.3450024">
      </trkpt>
      <trkpt lat="48.8958655" lon="2.3447576">
      </trkpt>
      <trkpt lat="48.8958536" lon="2.3435473">
      </trkpt>
      <trkpt lat="48.8958629" lon="2.3435067">
      </trkpt>
      <trkpt lat="48.895871" lon="2.3434923">
      </trkpt>
      <trkpt lat="48.8958703" lon="2.3434407">
      </trkpt>
      <trkpt lat="48.8958699" lon="2.3434121">
      </trkpt>
      <trkpt lat="48.895869" lon="2.3433819">
      </trkpt>
      <trkpt lat="48.8958692" lon="2.3433448">
      </trkpt>
      <trkpt lat="48.8958593" lon="2.3433347">
      </trkpt>
      <trkpt lat="48.8958516" lon="2.3433228">
      </trkpt>
      <trkpt lat="48.8958451" lon="2.3431398">
      </trkpt>
      <trkpt lat="48.895843" lon="2.3428405">
      </trkpt>
      <trkpt lat="48.8958342" lon="2.342296">
      </trkpt>
      <trkpt lat="48.8958264" lon="2.3415631">
      </trkpt>
      <trkpt lat="48.8958269" lon="2.3415239">
      </trkpt>
      <trkpt lat="48.8958333" lon="2.3415058">
      </trkpt>
      <trkpt lat="48.8958392" lon="2.341493">
      </trkpt>
      <trkpt lat="48.8958489" lon="2.3414883">
      </trkpt>
      <trkpt lat="48.8958469" lon="2.3414729">
      </trkpt>
      <trkpt lat="48.8958426" lon="2.3414117">
      </trkpt>
      <trkpt lat="48.8958381" lon="2.3413499">
      </trkpt>
      <trkpt lat="48.8958395" lon="2.3413244">
      </trkpt>
      <trkpt lat="48.8958342" lon="2.341307">
      </trkpt>
      <trkpt lat="48.895832" lon="2.3412761">
      </trkpt>
      <trkpt lat="48.8958253" lon="2.3411836">
      </trkpt>
      <trkpt lat="48.8958095" lon="2.3397151">
      </trkpt>
      <trkpt lat="48.8958112" lon="2.3396762">
      </trkpt>
      <trkpt lat="48.8958276" lon="2.3396225">
      </trkpt>
      <trkpt lat="48.895869" lon="2.3395206">
      </trkpt>
      <trkpt lat="48.8958575" lon="2.3395012">
      </trkpt>
      <trkpt lat="48.8958372" lon="2.3394523">
      </trkpt>
      <trkpt lat="48.8958152" lon="2.3393996">
      </trkpt>
      <trkpt lat="48.8958134" lon="2.3393704">
      </trkpt>
      <trkpt lat="48.8958002" lon="2.3393677">
      </trkpt>
      <trkpt lat="48.8957799" lon="2.3393597">
      </trkpt>
      <trkpt lat="48.8957561" lon="2.3393302">
      </trkpt>
      <trkpt lat="48.8956979" lon="2.339066">
      </trkpt>
      <trkpt lat="48.8956633" lon="2.3389067">
      </trkpt>
      <trkpt lat="48.8956087" lon="2.3388903">
      </trkpt>
      <trkpt lat="48.8955462" lon="2.3388682">
      </trkpt>
      <trkpt lat="48.895653" lon="2.3393067">
      </trkpt>
      <trkpt lat="48.8956821" lon="2.3394381">
      </trkpt>
      <trkpt lat="48.8956852" lon="2.3394696">
      </trkpt>
      <trkpt lat="48.8956785" lon="2.3395126">
      </trkpt>
      <trkpt lat="48.8956688" lon="2.3395535">
      </trkpt>
      <trkpt lat="48.8956609" lon="2.3395776">
      </trkpt>
      <trkpt lat="48.8956323" lon="2.3396131">
      </trkpt>
      <trkpt lat="48.8955917" lon="2.3396641">
      </trkpt>
      <trkpt lat="48.8955525" lon="2.3397151">
      </trkpt>
      <trkpt lat="48.8954287" lon="2.3398663">
      </trkpt>
      <trkpt lat="48.8950525" lon="2.3403615">
      </trkpt>
      <trkpt lat="48.8949154" lon="2.3405385">
      </trkpt>
      <trkpt lat="48.8948564" lon="2.340623">
      </trkpt>
      <trkpt lat="48.8948352" lon="2.3406619">
      </trkpt>
      <trkpt lat="48.8948229" lon="2.34068">
      </trkpt>
      <trkpt lat="48.8948021" lon="2.340684">
      </trkpt>
      <trkpt lat="48.8947356" lon="2.3406626">
      </trkpt>
      <trkpt lat="48.894643" lon="2.340623">
      </trkpt>
      <trkpt lat="48.8946183" lon="2.3406136">
      </trkpt>
      <trkpt lat="48.8946024" lon="2.3405821">
      </trkpt>
      <trkpt lat="48.8945879" lon="2.3405821">
      </trkpt>
      <trkpt lat="48.8945335" lon="2.3405642">
      </trkpt>
      <trkpt lat="48.8944614" lon="2.3405405">
      </trkpt>
      <trkpt lat="48.8944468" lon="2.3405365">
      </trkpt>
      <trkpt lat="48.8944349" lon="2.3405506">
      </trkpt>
      <trkpt lat="48.8944261" lon="2.3405533">
      </trkpt>
      <trkpt lat="48.894248" lon="2.3405016">
      </trkpt>
      <trkpt lat="48.893849" lon="2.3403789">
      </trkpt>
      <trkpt lat="48.8935153" lon="2.3402763">
      </trkpt>
      <trkpt lat="48.8935025" lon="2.3402689">
      </trkpt>
      <trkpt lat="48.8934941" lon="2.3402401">
      </trkpt>
      <trkpt lat="48.8934791" lon="2.3402394">
      </trkpt>
      <trkpt lat="48.8934363" lon="2.3402322">
      </trkpt>
      <trkpt lat="48.8934077" lon="2.3402274">
      </trkpt>
      <trkpt lat="48.8933971" lon="2.3402193">
      </trkpt>
      <trkpt lat="48.8933857" lon="2.340228">
      </trkpt>
      <trkpt lat="48.8933623" lon="2.3402274">
      </trkpt>
      <trkpt lat="48.8931789" lon="2.3401771">
      </trkpt>
      <trkpt lat="48.893167" lon="2.3401382">
      </trkpt>
      <trkpt lat="48.8931406" lon="2.3401301">
      </trkpt>
      <trkpt lat="48.8931087" lon="2.3401202">
      </trkpt>
      <trkpt lat="48.8930696" lon="2.340108">
      </trkpt>
      <trkpt lat="48.8930449" lon="2.3400933">
      </trkpt>
      <trkpt lat="48.8930356" lon="2.3401187">
      </trkpt>
      <trkpt lat="48.8930079" lon="2.3401241">
      </trkpt>
      <trkpt lat="48.8927715" lon="2.3400497">
      </trkpt>
      <trkpt lat="48.8927535" lon="2.3400336">
      </trkpt>
      <trkpt lat="48.8927411" lon="2.3400108">
      </trkpt>
      <trkpt lat="48.8927292" lon="2.3400081">
      </trkpt>
      <trkpt lat="48.8926988" lon="2.3399958">
      </trkpt>
      <trkpt lat="48.8926644" lon="2.3399819">
      </trkpt>
      <trkpt lat="48.8926512" lon="2.3399793">
      </trkpt>
      <trkpt lat="48.8926362" lon="2.3400047">
      </trkpt>
      <trkpt lat="48.8926353" lon="2.3400289">
      </trkpt>
      <trkpt lat="48.8926274" lon="2.3400679">
      </trkpt>
      <trkpt lat="48.8926168" lon="2.3401201">
      </trkpt>
      <trkpt lat="48.8926124" lon="2.3401389">
      </trkpt>
      <trkpt lat="48.8926186" lon="2.3401523">
      </trkpt>
      <trkpt lat="48.8926208" lon="2.3401717">
      </trkpt>
      <trkpt lat="48.8926203" lon="2.3401925">
      </trkpt>
      <trkpt lat="48.8925485" lon="2.3408107">
      </trkpt>
      <trkpt lat="48.8925079" lon="2.3411527">
      </trkpt>
      <trkpt lat="48.8924938" lon="2.3412359">
      </trkpt>
      <trkpt lat="48.8924731" lon="2.3412774">
      </trkpt>
      <trkpt lat="48.8924942" lon="2.341319">
      </trkpt>
      <trkpt lat="48.8925247" lon="2.3413651">
      </trkpt>
      <trkpt lat="48.8925546" lon="2.3414102">
      </trkpt>
      <trkpt lat="48.8925657" lon="2.341423">
      </trkpt>
      <trkpt lat="48.8925643" lon="2.3414498">
      </trkpt>
      <trkpt lat="48.892571" lon="2.3414699">
      </trkpt>
      <trkpt lat="48.892567" lon="2.3414981">
      </trkpt>
      <trkpt lat="48.8925601" lon="2.341543">
      </trkpt>
      <trkpt lat="48.8925476" lon="2.3416241">
      </trkpt>
      <trkpt lat="48.8925485" lon="2.3416496">
      </trkpt>
      <trkpt lat="48.8925136" lon="2.3416623">
      </trkpt>
      <trkpt lat="48.8923465" lon="2.3422437">
      </trkpt>
      <trkpt lat="48.892336" lon="2.3423047">
      </trkpt>
      <trkpt lat="48.8923461" lon="2.342343">
      </trkpt>
      <trkpt lat="48.8923391" lon="2.3423544">
      </trkpt>
      <trkpt lat="48.8923233" lon="2.342401">
      </trkpt>
      <trkpt lat="48.8923073" lon="2.3424482">
      </trkpt>
      <trkpt lat="48.8923069" lon="2.3424643">
      </trkpt>
      <trkpt lat="48.8922809" lon="2.3424804">
      </trkpt>
      <trkpt lat="48.8922619" lon="2.3425522">
      </trkpt>
      <trkpt lat="48.892179" lon="2.3428412">
      </trkpt>
      <trkpt lat="48.892153" lon="2.3429451">
      </trkpt>
      <trkpt lat="48.8921526" lon="2.3429713">
      </trkpt>
      <trkpt lat="48.8921587" lon="2.3429974">
      </trkpt>
      <trkpt lat="48.892149" lon="2.3430122">
      </trkpt>
      <trkpt lat="48.892136" lon="2.3430551">
      </trkpt>
      <trkpt lat="48.8921199" lon="2.3431081">
      </trkpt>
      <trkpt lat="48.8921204" lon="2.3431235">
      </trkpt>
      <trkpt lat="48.8920979" lon="2.3431449">
      </trkpt>
      <trkpt lat="48.8920617" lon="2.3432509">
      </trkpt>
      <trkpt lat="48.8918995" lon="2.3438651">
      </trkpt>
      <trkpt lat="48.8919127" lon="2.3439007">
      </trkpt>
      <trkpt lat="48.8918964" lon="2.3439201">
      </trkpt>
      <trkpt lat="48.8918827" lon="2.343954">
      </trkpt>
      <trkpt lat="48.8918682" lon="2.3439898">
      </trkpt>
      <trkpt lat="48.8918576" lon="2.3440247">
      </trkpt>
      <trkpt lat="48.8918409" lon="2.3440361">
      </trkpt>
      <trkpt lat="48.8918201" lon="2.344026">
      </trkpt>
      <trkpt lat="48.8918004" lon="2.3440178">
      </trkpt>
      <trkpt lat="48.891773" lon="2.3440063">
      </trkpt>
      <trkpt lat="48.8917628" lon="2.3440019">
      </trkpt>
      <trkpt lat="48.8917086" lon="2.3442513">
      </trkpt>
      <trkpt lat="48.8916451" lon="2.3445082">
      </trkpt>
      <trkpt lat="48.8916345" lon="2.3445169">
      </trkpt>
      <trkpt lat="48.8916341" lon="2.3445363">
      </trkpt>
      <trkpt lat="48.8916259" lon="2.3445763">
      </trkpt>
      <trkpt lat="48.8916187" lon="2.3446118">
      </trkpt>
      <trkpt lat="48.8916061" lon="2.3446507">
      </trkpt>
      <trkpt lat="48.8916107" lon="2.3446668">
      </trkpt>
      <trkpt lat="48.8916109" lon="2.3446875">
      </trkpt>
      <trkpt lat="48.8915966" lon="2.3447201">
      </trkpt>
      <trkpt lat="48.8915393" lon="2.3447637">
      </trkpt>
      <trkpt lat="48.8909529" lon="2.3451532">
      </trkpt>
      <trkpt lat="48.89093" lon="2.345162">
      </trkpt>
      <trkpt lat="48.8909269" lon="2.3451874">
      </trkpt>
      <trkpt lat="48.8909157" lon="2.3452402">
      </trkpt>
      <trkpt lat="48.8908943" lon="2.3453403">
      </trkpt>
      <trkpt lat="48.8908908" lon="2.3453604">
      </trkpt>
      <trkpt lat="48.8908759" lon="2.3454438">
      </trkpt>
      <trkpt lat="48.8908908" lon="2.3453604">
      </trkpt>
      <trkpt lat="48.8908943" lon="2.3453403">
      </trkpt>
      <trkpt lat="48.8909157" lon="2.3452402">
      </trkpt>
      <trkpt lat="48.8909269" lon="2.3451874">
      </trkpt>
      <trkpt lat="48.89093" lon="2.345162">
      </trkpt>
      <trkpt lat="48.8909106" lon="2.3451479">
      </trkpt>
      <trkpt lat="48.8909053" lon="2.3451271">
      </trkpt>
      <trkpt lat="48.8911055" lon="2.3444733">
      </trkpt>
      <trkpt lat="48.8911253" lon="2.3443962">
      </trkpt>
      <trkpt lat="48.8911346" lon="2.3443841">
      </trkpt>
      <trkpt lat="48.8911346" lon="2.3443566">
      </trkpt>
      <trkpt lat="48.8911437" lon="2.3443163">
      </trkpt>
      <trkpt lat="48.8911518" lon="2.3442802">
      </trkpt>
      <trkpt lat="48.8911553" lon="2.3442607">
      </trkpt>
      <trkpt lat="48.8911438" lon="2.3442332">
      </trkpt>
      <trkpt lat="48.8912161" lon="2.3438182">
      </trkpt>
      <trkpt lat="48.8912228" lon="2.3437498">
      </trkpt>
      <trkpt lat="48.8912056" lon="2.3437377">
      </trkpt>
      <trkpt lat="48.8911823" lon="2.3437309">
      </trkpt>
      <trkpt lat="48.891169" lon="2.343727">
      </trkpt>
      <trkpt lat="48.8911403" lon="2.3437344">
      </trkpt>
      <trkpt lat="48.8911218" lon="2.3436874">
      </trkpt>
      <trkpt lat="48.891143" lon="2.3436606">
      </trkpt>
      <trkpt lat="48.8911521" lon="2.3436167">
      </trkpt>
      <trkpt lat="48.8911601" lon="2.3435781">
      </trkpt>
      <trkpt lat="48.8911575" lon="2.3435607">
      </trkpt>
      <trkpt lat="48.891169" lon="2.3435567">
      </trkpt>
      <trkpt lat="48.8911769" lon="2.3435446">
      </trkpt>
      <trkpt lat="48.8911778" lon="2.3435164">
      </trkpt>
      <trkpt lat="48.8911972" lon="2.3428499">
      </trkpt>
      <trkpt lat="48.8911989" lon="2.3427788">
      </trkpt>
      <trkpt lat="48.8912042" lon="2.3426051">
      </trkpt>
      <trkpt lat="48.8912146" lon="2.3423094">
      </trkpt>
      <trkpt lat="48.8912067" lon="2.3422819">
      </trkpt>
      <trkpt lat="48.8912097" lon="2.3422544">
      </trkpt>
      <trkpt lat="48.8912106" lon="2.3422002">
      </trkpt>
      <trkpt lat="48.8912113" lon="2.3421545">
      </trkpt>
      <trkpt lat="48.89121" lon="2.3421297">
      </trkpt>
      <trkpt lat="48.8912166" lon="2.3421103">
      </trkpt>
      <trkpt lat="48.891228" lon="2.3419668">
      </trkpt>
      <trkpt lat="48.8912355" lon="2.3416952">
      </trkpt>
      <trkpt lat="48.891238" lon="2.3416463">
      </trkpt>
      <trkpt lat="48.8912269" lon="2.3416248">
      </trkpt>
      <trkpt lat="48.891228" lon="2.3416114">
      </trkpt>
      <trkpt lat="48.8912272" lon="2.3415788">
      </trkpt>
      <trkpt lat="48.8912254" lon="2.3415095">
      </trkpt>
      <trkpt lat="48.8912236" lon="2.3414947">
      </trkpt>
      <trkpt lat="48.8912373" lon="2.3414716">
      </trkpt>
      <trkpt lat="48.8912457" lon="2.3412412">
      </trkpt>
      <trkpt lat="48.8912607" lon="2.3409623">
      </trkpt>
      <trkpt lat="48.8912351" lon="2.3407196">
      </trkpt>
      <trkpt lat="48.8912221" lon="2.3406988">
      </trkpt>
      <trkpt lat="48.8912236" lon="2.3406797">
      </trkpt>
      <trkpt lat="48.8912162" lon="2.3406397">
      </trkpt>
      <trkpt lat="48.8912064" lon="2.3405875">
      </trkpt>
      <trkpt lat="48.8911967" lon="2.3405633">
      </trkpt>
      <trkpt lat="48.8911403" lon="2.340562">
      </trkpt>
      <trkpt lat="48.8909371" lon="2.3405036">
      </trkpt>
      <trkpt lat="48.8909225" lon="2.3404929">
      </trkpt>
      <trkpt lat="48.8909177" lon="2.3404594">
      </trkpt>
      <trkpt lat="48.8909036" lon="2.3404547">
      </trkpt>
      <trkpt lat="48.8908623" lon="2.3404472">
      </trkpt>
      <trkpt lat="48.8908295" lon="2.3404413">
      </trkpt>
      <trkpt lat="48.8908158" lon="2.3404372">
      </trkpt>
      <trkpt lat="48.8908105" lon="2.3404486">
      </trkpt>
      <trkpt lat="48.8907964" lon="2.3404527">
      </trkpt>
      <trkpt lat="48.8907457" lon="2.340446">
      </trkpt>
      <trkpt lat="48.890494" lon="2.3403722">
      </trkpt>
      <trkpt lat="48.8901368" lon="2.3402636">
      </trkpt>
      <trkpt lat="48.8901232" lon="2.3402515">
      </trkpt>
      <trkpt lat="48.8901197" lon="2.3402354">
      </trkpt>
      <trkpt lat="48.8901192" lon="2.3402207">
      </trkpt>
      <trkpt lat="48.8901527" lon="2.3399886">
      </trkpt>
      <trkpt lat="48.8902788" lon="2.3391578">
      </trkpt>
      <trkpt lat="48.8902881" lon="2.3391096">
      </trkpt>
      <trkpt lat="48.8902779" lon="2.3390988">
      </trkpt>
      <trkpt lat="48.8902442" lon="2.3390692">
      </trkpt>
      <trkpt lat="48.8902184" lon="2.3390465">
      </trkpt>
      <trkpt lat="48.890203" lon="2.3390365">
      </trkpt>
      <trkpt lat="48.8901969" lon="2.3389483">
      </trkpt>
      <trkpt lat="48.8899839" lon="2.3387823">
      </trkpt>
      <trkpt lat="48.8899432" lon="2.3387506">
      </trkpt>
      <trkpt lat="48.8899285" lon="2.3387392">
      </trkpt>
      <trkpt lat="48.8899031" lon="2.3387195">
      </trkpt>
      <trkpt lat="48.889908" lon="2.3386734">
      </trkpt>
      <trkpt lat="48.8898984" lon="2.3386649">
      </trkpt>
      <trkpt lat="48.8897941" lon="2.3385889">
      </trkpt>
      <trkpt lat="48.8897844" lon="2.3386267">
      </trkpt>
      <trkpt lat="48.8896931" lon="2.3385522">
      </trkpt>
      <trkpt lat="48.8896779" lon="2.3382157">
      </trkpt>
      <trkpt lat="48.8896267" lon="2.3371945">
      </trkpt>
      <trkpt lat="48.8896263" lon="2.3371804">
      </trkpt>
      <trkpt lat="48.8896241" lon="2.336884">
      </trkpt>
      <trkpt lat="48.8895963" lon="2.3368853">
      </trkpt>
      <trkpt lat="48.8895453" lon="2.3368853">
      </trkpt>
      <trkpt lat="48.8895086" lon="2.3368853">
      </trkpt>
      <trkpt lat="48.8894852" lon="2.3368847">
      </trkpt>
      <trkpt lat="48.8894724" lon="2.3369309">
      </trkpt>
      <trkpt lat="48.8893834" lon="2.3369236">
      </trkpt>
      <trkpt lat="48.8893441" lon="2.3369584">
      </trkpt>
      <trkpt lat="48.8893242" lon="2.3369761">
      </trkpt>
      <trkpt lat="48.8892824" lon="2.3370134">
      </trkpt>
      <trkpt lat="48.8892498" lon="2.3370349">
      </trkpt>
      <trkpt lat="48.8893732" lon="2.3377597">
      </trkpt>
      <trkpt lat="48.8893794" lon="2.3378147">
      </trkpt>
      <trkpt lat="48.8893476" lon="2.3378697">
      </trkpt>
      <trkpt lat="48.8890326" lon="2.3379464">
      </trkpt>
      <trkpt lat="48.8889333" lon="2.3379677">
      </trkpt>
      <trkpt lat="48.8888962" lon="2.3380328">
      </trkpt>
      <trkpt lat="48.8888918" lon="2.3380521">
      </trkpt>
      <trkpt lat="48.8888984" lon="2.3381145">
      </trkpt>
      <trkpt lat="48.88889" lon="2.3381635">
      </trkpt>
      <trkpt lat="48.8888777" lon="2.3381993">
      </trkpt>
      <trkpt lat="48.8888053" lon="2.3384102">
      </trkpt>
      <trkpt lat="48.8887864" lon="2.3385208">
      </trkpt>
      <trkpt lat="48.8888058" lon="2.3385584">
      </trkpt>
      <trkpt lat="48.8886669" lon="2.3389956">
      </trkpt>
      <trkpt lat="48.8886325" lon="2.3391357">
      </trkpt>
      <trkpt lat="48.8886122" lon="2.3392564">
      </trkpt>
      <trkpt lat="48.8885523" lon="2.3395897">
      </trkpt>
      <trkpt lat="48.8885165" lon="2.3396856">
      </trkpt>
      <trkpt lat="48.8884897" lon="2.339703">
      </trkpt>
      <trkpt lat="48.8884866" lon="2.3397305">
      </trkpt>
      <trkpt lat="48.8884809" lon="2.3397666">
      </trkpt>
      <trkpt lat="48.8884738" lon="2.3398116">
      </trkpt>
      <trkpt lat="48.888468" lon="2.3398411">
      </trkpt>
      <trkpt lat="48.8884742" lon="2.3398907">
      </trkpt>
      <trkpt lat="48.88844" lon="2.3412645">
      </trkpt>
      <trkpt lat="48.8883829" lon="2.3414958">
      </trkpt>
      <trkpt lat="48.8883102" lon="2.3417902">
      </trkpt>
      <trkpt lat="48.8882872" lon="2.3418835">
      </trkpt>
      <trkpt lat="48.888045" lon="2.3417664">
      </trkpt>
      <trkpt lat="48.8879941" lon="2.3417456">
      </trkpt>
      <trkpt lat="48.8879784" lon="2.3417392">
      </trkpt>
      <trkpt lat="48.8879249" lon="2.3417174">
      </trkpt>
      <trkpt lat="48.8879102" lon="2.3417113">
      </trkpt>
      <trkpt lat="48.8878577" lon="2.3416899">
      </trkpt>
      <trkpt lat="48.8878414" lon="2.3416833">
      </trkpt>
      <trkpt lat="48.8877869" lon="2.341661">
      </trkpt>
      <trkpt lat="48.8876517" lon="2.3416095">
      </trkpt>
      <trkpt lat="48.8876392" lon="2.3415898">
      </trkpt>
      <trkpt lat="48.8876561" lon="2.3415245">
      </trkpt>
      <trkpt lat="48.8876524" lon="2.3413827">
      </trkpt>
      <trkpt lat="48.8876508" lon="2.3413214">
      </trkpt>
      <trkpt lat="48.8876431" lon="2.3413009">
      </trkpt>
      <trkpt lat="48.8876374" lon="2.3411461">
      </trkpt>
      <trkpt lat="48.8876403" lon="2.3409934">
      </trkpt>
      <trkpt lat="48.8876479" lon="2.3408752">
      </trkpt>
      <trkpt lat="48.8876793" lon="2.3406681">
      </trkpt>
      <trkpt lat="48.8877007" lon="2.3405455">
      </trkpt>
      <trkpt lat="48.8877895" lon="2.3398572">
      </trkpt>
      <trkpt lat="48.8878045" lon="2.3398197">
      </trkpt>
      <trkpt lat="48.8878199" lon="2.3397955">
      </trkpt>
      <trkpt lat="48.8879187" lon="2.3398022">
      </trkpt>
      <trkpt lat="48.8879222" lon="2.3397801">
      </trkpt>
      <trkpt lat="48.8879244" lon="2.3397527">
      </trkpt>
      <trkpt lat="48.8879279" lon="2.3397087">
      </trkpt>
      <trkpt lat="48.8879332" lon="2.3396983">
      </trkpt>
      <trkpt lat="48.8879279" lon="2.3396809">
      </trkpt>
      <trkpt lat="48.8879127" lon="2.3396775">
      </trkpt>
      <trkpt lat="48.8878846" lon="2.3396764">
      </trkpt>
      <trkpt lat="48.8878636" lon="2.3396755">
      </trkpt>
      <trkpt lat="48.8878431" lon="2.3396585">
      </trkpt>
      <trkpt lat="48.8878062" lon="2.3396896">
      </trkpt>
      <trkpt lat="48.8877357" lon="2.339703">
      </trkpt>
      <trkpt lat="48.8873971" lon="2.3396869">
      </trkpt>
      <trkpt lat="48.8870964" lon="2.3396681">
      </trkpt>
      <trkpt lat="48.8870695" lon="2.3396554">
      </trkpt>
      <trkpt lat="48.8870589" lon="2.3395964">
      </trkpt>
      <trkpt lat="48.8870479" lon="2.3395984">
      </trkpt>
      <trkpt lat="48.8870314" lon="2.3395988">
      </trkpt>
      <trkpt lat="48.8870152" lon="2.3395991">
      </trkpt>
      <trkpt lat="48.8870064" lon="2.3395997">
      </trkpt>
      <trkpt lat="48.8870117" lon="2.3395514">
      </trkpt>
      <trkpt lat="48.8870025" lon="2.3394998">
      </trkpt>
      <trkpt lat="48.8869835" lon="2.3394656">
      </trkpt>
      <trkpt lat="48.8868089" lon="2.3392712">
      </trkpt>
      <trkpt lat="48.8867994" lon="2.3392316">
      </trkpt>
      <trkpt lat="48.8867952" lon="2.3392034">
      </trkpt>
      <trkpt lat="48.8867739" lon="2.3391665">
      </trkpt>
      <trkpt lat="48.886784" lon="2.3391586">
      </trkpt>
      <trkpt lat="48.8867507" lon="2.3390841">
      </trkpt>
      <trkpt lat="48.8867264" lon="2.3389734">
      </trkpt>
      <trkpt lat="48.886711" lon="2.3388682">
      </trkpt>
      <trkpt lat="48.886704" lon="2.3387394">
      </trkpt>
      <trkpt lat="48.8867026" lon="2.3387039">
      </trkpt>
      <trkpt lat="48.8867048" lon="2.3386791">
      </trkpt>
      <trkpt lat="48.8867076" lon="2.338596">
      </trkpt>
      <trkpt lat="48.8867099" lon="2.3385279">
      </trkpt>
      <trkpt lat="48.8867059" lon="2.3385201">
      </trkpt>
      <trkpt lat="48.8867143" lon="2.3384976">
      </trkpt>
      <trkpt lat="48.8871628" lon="2.3375477">
      </trkpt>
      <trkpt lat="48.8871989" lon="2.3374367">
      </trkpt>
      <trkpt lat="48.8872185" lon="2.337324">
      </trkpt>
      <trkpt lat="48.8872178" lon="2.337294">
      </trkpt>
      <trkpt lat="48.8872189" lon="2.3372912">
      </trkpt>
      <trkpt lat="48.8872209" lon="2.3372799">
      </trkpt>
      <trkpt lat="48.8872239" lon="2.3372632">
      </trkpt>
      <trkpt lat="48.8872242" lon="2.3372598">
      </trkpt>
      <trkpt lat="48.8872304" lon="2.3372535">
      </trkpt>
      <trkpt lat="48.8872419" lon="2.3371579">
      </trkpt>
      <trkpt lat="48.8873193" lon="2.3361937">
      </trkpt>
      <trkpt lat="48.8873206" lon="2.3361269">
      </trkpt>
      <trkpt lat="48.8873296" lon="2.3360458">
      </trkpt>
      <trkpt lat="48.8873093" lon="2.336075">
      </trkpt>
      <trkpt lat="48.8866352" lon="2.3355855">
      </trkpt>
      <trkpt lat="48.8866297" lon="2.3355751">
      </trkpt>
      <trkpt lat="48.8866314" lon="2.3355627">
      </trkpt>
      <trkpt lat="48.8866259" lon="2.3355593">
      </trkpt>
      <trkpt lat="48.8866068" lon="2.3355469">
      </trkpt>
      <trkpt lat="48.8865966" lon="2.3355402">
      </trkpt>
      <trkpt lat="48.8865911" lon="2.3355365">
      </trkpt>
      <trkpt lat="48.8865827" lon="2.3355439">
      </trkpt>
      <trkpt lat="48.8865745" lon="2.3355379">
      </trkpt>
      <trkpt lat="48.885847" lon="2.3350048">
      </trkpt>
      <trkpt lat="48.8858318" lon="2.3349847">
      </trkpt>
      <trkpt lat="48.8858303" lon="2.3349494">
      </trkpt>
      <trkpt lat="48.8858541" lon="2.3348965">
      </trkpt>
      <trkpt lat="48.885843" lon="2.3348878">
      </trkpt>
      <trkpt lat="48.8858059" lon="2.334861">
      </trkpt>
      <trkpt lat="48.8857844" lon="2.3348455">
      </trkpt>
      <trkpt lat="48.8857617" lon="2.3348367">
      </trkpt>
      <trkpt lat="48.8856962" lon="2.3350694">
      </trkpt>
      <trkpt lat="48.8856259" lon="2.3353195">
      </trkpt>
      <trkpt lat="48.8855985" lon="2.3353523">
      </trkpt>
      <trkpt lat="48.8855971" lon="2.3353588">
      </trkpt>
      <trkpt lat="48.8855785" lon="2.3354027">
      </trkpt>
      <trkpt lat="48.8855605" lon="2.3354449">
      </trkpt>
      <trkpt lat="48.8855544" lon="2.3354495">
      </trkpt>
      <trkpt lat="48.8855636" lon="2.3355088">
      </trkpt>
      <trkpt lat="48.8854167" lon="2.3360307">
      </trkpt>
      <trkpt lat="48.8853843" lon="2.336036">
      </trkpt>
      <trkpt lat="48.8853803" lon="2.336052">
      </trkpt>
      <trkpt lat="48.8853671" lon="2.3360872">
      </trkpt>
      <trkpt lat="48.8853565" lon="2.3361152">
      </trkpt>
      <trkpt lat="48.8853507" lon="2.3361289">
      </trkpt>
      <trkpt lat="48.8853529" lon="2.3361561">
      </trkpt>
      <trkpt lat="48.8853386" lon="2.3361973">
      </trkpt>
      <trkpt lat="48.8849497" lon="2.3371415">
      </trkpt>
      <trkpt lat="48.884923" lon="2.3371495">
      </trkpt>
      <trkpt lat="48.8847484" lon="2.3370778">
      </trkpt>
      <trkpt lat="48.8846606" lon="2.3370405">
      </trkpt>
      <trkpt lat="48.8844055" lon="2.3369404">
      </trkpt>
      <trkpt lat="48.8844037" lon="2.3369457">
      </trkpt>
      <trkpt lat="48.8843936" lon="2.336966">
      </trkpt>
      <trkpt lat="48.8843836" lon="2.3369862">
      </trkpt>
      <trkpt lat="48.8843862" lon="2.3370018">
      </trkpt>
      <trkpt lat="48.8843625" lon="2.3370111">
      </trkpt>
      <trkpt lat="48.8843552" lon="2.3370049">
      </trkpt>
      <trkpt lat="48.8843407" lon="2.3369996">
      </trkpt>
      <trkpt lat="48.8843195" lon="2.336992">
      </trkpt>
      <trkpt lat="48.8843113" lon="2.3369929">
      </trkpt>
      <trkpt lat="48.8843067" lon="2.3369734">
      </trkpt>
      <trkpt lat="48.8842916" lon="2.3369601">
      </trkpt>
      <trkpt lat="48.8838863" lon="2.3367956">
      </trkpt>
      <trkpt lat="48.8838735" lon="2.3367949">
      </trkpt>
      <trkpt lat="48.8829113" lon="2.3362603">
      </trkpt>
      <trkpt lat="48.8828962" lon="2.3362582">
      </trkpt>
      <trkpt lat="48.8827091" lon="2.3368862">
      </trkpt>
      <trkpt lat="48.8827" lon="2.3369002">
      </trkpt>
      <trkpt lat="48.8826935" lon="2.3369261">
      </trkpt>
      <trkpt lat="48.8826857" lon="2.3369574">
      </trkpt>
      <trkpt lat="48.882687" lon="2.3369659">
      </trkpt>
      <trkpt lat="48.8826597" lon="2.3370388">
      </trkpt>
      <trkpt lat="48.8826449" lon="2.3370256">
      </trkpt>
      <trkpt lat="48.8826212" lon="2.3370119">
      </trkpt>
      <trkpt lat="48.8825809" lon="2.3369885">
      </trkpt>
      <trkpt lat="48.8825558" lon="2.336974">
      </trkpt>
      <trkpt lat="48.8825475" lon="2.3369669">
      </trkpt>
      <trkpt lat="48.8824979" lon="2.3369248">
      </trkpt>
      <trkpt lat="48.882481" lon="2.3369546">
      </trkpt>
      <trkpt lat="48.8824587" lon="2.3370484">
      </trkpt>
      <trkpt lat="48.882444" lon="2.3371101">
      </trkpt>
      <trkpt lat="48.8824347" lon="2.3371521">
      </trkpt>
      <trkpt lat="48.8824194" lon="2.3371655">
      </trkpt>
      <trkpt lat="48.8823915" lon="2.3371537">
      </trkpt>
      <trkpt lat="48.8823847" lon="2.3371485">
      </trkpt>
      <trkpt lat="48.8823632" lon="2.3371386">
      </trkpt>
      <trkpt lat="48.8823505" lon="2.3371341">
      </trkpt>
      <trkpt lat="48.8823401" lon="2.3371286">
      </trkpt>
      <trkpt lat="48.8823286" lon="2.3371225">
      </trkpt>
      <trkpt lat="48.8823117" lon="2.3371173">
      </trkpt>
      <trkpt lat="48.8822522" lon="2.3374102">
      </trkpt>
      <trkpt lat="48.8822268" lon="2.3375362">
      </trkpt>
      <trkpt lat="48.8822084" lon="2.3375259">
      </trkpt>
      <trkpt lat="48.882181" lon="2.3375318">
      </trkpt>
      <trkpt lat="48.8821767" lon="2.3375713">
      </trkpt>
      <trkpt lat="48.8821702" lon="2.3376122">
      </trkpt>
      <trkpt lat="48.8821623" lon="2.3376613">
      </trkpt>
      <trkpt lat="48.8821502" lon="2.3377496">
      </trkpt>
      <trkpt lat="48.8821451" lon="2.3377842">
      </trkpt>
      <trkpt lat="48.8820087" lon="2.3387134">
      </trkpt>
      <trkpt lat="48.8819028" lon="2.3394619">
      </trkpt>
      <trkpt lat="48.8818776" lon="2.339607">
      </trkpt>
      <trkpt lat="48.8818687" lon="2.3396118">
      </trkpt>
      <trkpt lat="48.8818269" lon="2.3396295">
      </trkpt>
      <trkpt lat="48.8816206" lon="2.3397314">
      </trkpt>
      <trkpt lat="48.8816054" lon="2.3397233">
      </trkpt>
      <trkpt lat="48.8815985" lon="2.3397275">
      </trkpt>
      <trkpt lat="48.88154" lon="2.3397597">
      </trkpt>
      <trkpt lat="48.8815263" lon="2.3398421">
      </trkpt>
      <trkpt lat="48.88154" lon="2.3397597">
      </trkpt>
      <trkpt lat="48.8815985" lon="2.3397275">
      </trkpt>
      <trkpt lat="48.8816054" lon="2.3397233">
      </trkpt>
      <trkpt lat="48.8816206" lon="2.3397314">
      </trkpt>
      <trkpt lat="48.8818269" lon="2.3396295">
      </trkpt>
      <trkpt lat="48.8818687" lon="2.3396118">
      </trkpt>
      <trkpt lat="48.8818621" lon="2.3396415">
      </trkpt>
      <trkpt lat="48.8818477" lon="2.3396937">
      </trkpt>
      <trkpt lat="48.8818246" lon="2.3397771">
      </trkpt>
      <trkpt lat="48.8818187" lon="2.3398411">
      </trkpt>
      <trkpt lat="48.8818598" lon="2.3399511">
      </trkpt>
      <trkpt lat="48.8819387" lon="2.3403554">
      </trkpt>
      <trkpt lat="48.8819417" lon="2.3403676">
      </trkpt>
      <trkpt lat="48.8819555" lon="2.3404237">
      </trkpt>
      <trkpt lat="48.8819668" lon="2.3404693">
      </trkpt>
      <trkpt lat="48.8819721" lon="2.340491">
      </trkpt>
      <trkpt lat="48.8819894" lon="2.3405814">
      </trkpt>
      <trkpt lat="48.881991" lon="2.3405894">
      </trkpt>
      <trkpt lat="48.8820236" lon="2.3407552">
      </trkpt>
      <trkpt lat="48.8820348" lon="2.3408121">
      </trkpt>
      <trkpt lat="48.8820657" lon="2.3409435">
      </trkpt>
      <trkpt lat="48.8820767" lon="2.3409978">
      </trkpt>
      <trkpt lat="48.8820873" lon="2.3410481">
      </trkpt>
      <trkpt lat="48.8820802" lon="2.3410669">
      </trkpt>
      <trkpt lat="48.8820851" lon="2.341087">
      </trkpt>
      <trkpt lat="48.8820965" lon="2.3411487">
      </trkpt>
      <trkpt lat="48.8821071" lon="2.3412057">
      </trkpt>
      <trkpt lat="48.8821107" lon="2.3412238">
      </trkpt>
      <trkpt lat="48.8822428" lon="2.3418747">
      </trkpt>
      <trkpt lat="48.8822509" lon="2.3419525">
      </trkpt>
      <trkpt lat="48.8822543" lon="2.3419711">
      </trkpt>
      <trkpt lat="48.8822637" lon="2.3420222">
      </trkpt>
      <trkpt lat="48.8822687" lon="2.3420493">
      </trkpt>
      <trkpt lat="48.8822721" lon="2.3420679">
      </trkpt>
      <trkpt lat="48.8822813" lon="2.3420788">
      </trkpt>
      <trkpt lat="48.8822967" lon="2.3421539">
      </trkpt>
      <trkpt lat="48.8826416" lon="2.3439047">
      </trkpt>
      <trkpt lat="48.8826554" lon="2.3438973">
      </trkpt>
      <trkpt lat="48.8826725" lon="2.3438881">
      </trkpt>
      <trkpt lat="48.8827188" lon="2.3438631">
      </trkpt>
      <trkpt lat="48.8827326" lon="2.3438557">
      </trkpt>
      <trkpt lat="48.8827409" lon="2.3438512">
      </trkpt>
      <trkpt lat="48.8827467" lon="2.3438481">
      </trkpt>
      <trkpt lat="48.8827653" lon="2.3438381">
      </trkpt>
      <trkpt lat="48.8828014" lon="2.3438252">
      </trkpt>
      <trkpt lat="48.8828423" lon="2.3438144">
      </trkpt>
      <trkpt lat="48.8828677" lon="2.3438025">
      </trkpt>
      <trkpt lat="48.8828735" lon="2.3437998">
      </trkpt>
      <trkpt lat="48.8828798" lon="2.3437969">
      </trkpt>
      <trkpt lat="48.8828915" lon="2.3437914">
      </trkpt>
      <trkpt lat="48.8829413" lon="2.3437684">
      </trkpt>
      <trkpt lat="48.8829603" lon="2.3437593">
      </trkpt>
      <trkpt lat="48.8829749" lon="2.3437525">
      </trkpt>
      <trkpt lat="48.8829875" lon="2.3437835">
      </trkpt>
      <trkpt lat="48.8830195" lon="2.343786">
      </trkpt>
      <trkpt lat="48.8836886" lon="2.3435302">
      </trkpt>
      <trkpt lat="48.8836937" lon="2.3435091">
      </trkpt>
      <trkpt lat="48.8837029" lon="2.343505">
      </trkpt>
      <trkpt lat="48.8837366" lon="2.3434889">
      </trkpt>
      <trkpt lat="48.8837585" lon="2.3434786">
      </trkpt>
      <trkpt lat="48.8837675" lon="2.3434745">
      </trkpt>
      <trkpt lat="48.8837819" lon="2.3434936">
      </trkpt>
      <trkpt lat="48.8838743" lon="2.3434601">
      </trkpt>
      <trkpt lat="48.8839605" lon="2.3434266">
      </trkpt>
      <trkpt lat="48.8840822" lon="2.3433796">
      </trkpt>
      <trkpt lat="48.8841648" lon="2.3433488">
      </trkpt>
      <trkpt lat="48.8842779" lon="2.3433032">
      </trkpt>
      <trkpt lat="48.8842982" lon="2.3432951">
      </trkpt>
      <trkpt lat="48.8843079" lon="2.3432871">
      </trkpt>
      <trkpt lat="48.8843154" lon="2.3432475">
      </trkpt>
      <trkpt lat="48.8843079" lon="2.3430832">
      </trkpt>
      <trkpt lat="48.8842987" lon="2.3428935">
      </trkpt>
      <trkpt lat="48.884289" lon="2.3427439">
      </trkpt>
      <trkpt lat="48.8843009" lon="2.3427446">
      </trkpt>
      <trkpt lat="48.8843312" lon="2.3427389">
      </trkpt>
      <trkpt lat="48.8843538" lon="2.3427346">
      </trkpt>
      <trkpt lat="48.8843724" lon="2.3427276">
      </trkpt>
      <trkpt lat="48.8843261" lon="2.3425278">
      </trkpt>
      <trkpt lat="48.8843012" lon="2.3424283">
      </trkpt>
      <trkpt lat="48.8842885" lon="2.3423778">
      </trkpt>
      <trkpt lat="48.8842881" lon="2.3423336">
      </trkpt>
      <trkpt lat="48.8842466" lon="2.3421492">
      </trkpt>
      <trkpt lat="48.8841602" lon="2.3417757">
      </trkpt>
      <trkpt lat="48.8841333" lon="2.3417267">
      </trkpt>
      <trkpt lat="48.8841166" lon="2.341657">
      </trkpt>
      <trkpt lat="48.8841169" lon="2.341631">
      </trkpt>
      <trkpt lat="48.8841039" lon="2.3416375">
      </trkpt>
      <trkpt lat="48.8840826" lon="2.3416481">
      </trkpt>
      <trkpt lat="48.8840641" lon="2.3416573">
      </trkpt>
      <trkpt lat="48.8840551" lon="2.3416618">
      </trkpt>
      <trkpt lat="48.884027" lon="2.3415584">
      </trkpt>
      <trkpt lat="48.8840081" lon="2.3415403">
      </trkpt>
      <trkpt lat="48.8839673" lon="2.3415308">
      </trkpt>
      <trkpt lat="48.8839314" lon="2.3415376">
      </trkpt>
      <trkpt lat="48.8838917" lon="2.3415611">
      </trkpt>
      <trkpt lat="48.8837876" lon="2.3416188">
      </trkpt>
      <trkpt lat="48.8836774" lon="2.3416791">
      </trkpt>
      <trkpt lat="48.8835504" lon="2.3417458">
      </trkpt>
      <trkpt lat="48.8835171" lon="2.3417747">
      </trkpt>
      <trkpt lat="48.8834998" lon="2.3418106">
      </trkpt>
      <trkpt lat="48.8835171" lon="2.3417747">
      </trkpt>
      <trkpt lat="48.8835145" lon="2.3417636">
      </trkpt>
      <trkpt lat="48.8835103" lon="2.3417011">
      </trkpt>
      <trkpt lat="48.8835072" lon="2.341656">
      </trkpt>
      <trkpt lat="48.8835065" lon="2.3416503">
      </trkpt>
      <trkpt lat="48.8836756" lon="2.3415577">
      </trkpt>
      <trkpt lat="48.8837978" lon="2.3414927">
      </trkpt>
      <trkpt lat="48.8839396" lon="2.341414">
      </trkpt>
      <trkpt lat="48.8839565" lon="2.3413968">
      </trkpt>
      <trkpt lat="48.8839649" lon="2.3413485">
      </trkpt>
      <trkpt lat="48.8839728" lon="2.3412909">
      </trkpt>
      <trkpt lat="48.8839658" lon="2.3412634">
      </trkpt>
      <trkpt lat="48.8840253" lon="2.3407739">
      </trkpt>
      <trkpt lat="48.884042" lon="2.3407517">
      </trkpt>
      <trkpt lat="48.8840919" lon="2.34034">
      </trkpt>
      <trkpt lat="48.8840813" lon="2.3403139">
      </trkpt>
      <trkpt lat="48.884132" lon="2.3398907">
      </trkpt>
      <trkpt lat="48.8841479" lon="2.3398633">
      </trkpt>
      <trkpt lat="48.8841514" lon="2.339823">
      </trkpt>
      <trkpt lat="48.8841355" lon="2.3398016">
      </trkpt>
      <trkpt lat="48.8841351" lon="2.3397848">
      </trkpt>
      <trkpt lat="48.8841365" lon="2.3397476">
      </trkpt>
      <trkpt lat="48.8841399" lon="2.3397063">
      </trkpt>
      <trkpt lat="48.8841351" lon="2.3396903">
      </trkpt>
      <trkpt lat="48.8841483" lon="2.3396795">
      </trkpt>
      <trkpt lat="48.8841576" lon="2.3396628">
      </trkpt>
      <trkpt lat="48.884162" lon="2.3396346">
      </trkpt>
      <trkpt lat="48.8842555" lon="2.3388769">
      </trkpt>
      <trkpt lat="48.8842541" lon="2.338791">
      </trkpt>
      <trkpt lat="48.8842025" lon="2.338777">
      </trkpt>
      <trkpt lat="48.8841677" lon="2.3387736">
      </trkpt>
      <trkpt lat="48.8841399" lon="2.3387796">
      </trkpt>
      <trkpt lat="48.8841289" lon="2.3387904">
      </trkpt>
      <trkpt lat="48.8841148" lon="2.3387743">
      </trkpt>
      <trkpt lat="48.8840943" lon="2.3387536">
      </trkpt>
      <trkpt lat="48.8840668" lon="2.338726">
      </trkpt>
      <trkpt lat="48.8840406" lon="2.338695">
      </trkpt>
      <trkpt lat="48.88417" lon="2.3384464">
      </trkpt>
      <trkpt lat="48.8843819" lon="2.338153">
      </trkpt>
      <trkpt lat="48.8845985" lon="2.3378532">
      </trkpt>
      <trkpt lat="48.8846211" lon="2.3378315">
      </trkpt>
      <trkpt lat="48.8846838" lon="2.3377504">
      </trkpt>
      <trkpt lat="48.8846984" lon="2.3377835">
      </trkpt>
      <trkpt lat="48.8847145" lon="2.3378136">
      </trkpt>
      <trkpt lat="48.8847362" lon="2.3378542">
      </trkpt>
      <trkpt lat="48.8847511" lon="2.3378828">
      </trkpt>
      <trkpt lat="48.8848329" lon="2.3377943">
      </trkpt>
      <trkpt lat="48.8849453" lon="2.3376845">
      </trkpt>
      <trkpt lat="48.8850073" lon="2.3376239">
      </trkpt>
      <trkpt lat="48.8850289" lon="2.3376317">
      </trkpt>
      <trkpt lat="48.885636" lon="2.3380313">
      </trkpt>
      <trkpt lat="48.8856459" lon="2.3380531">
      </trkpt>
      <trkpt lat="48.8856521" lon="2.3380565">
      </trkpt>
      <trkpt lat="48.8856687" lon="2.3380651">
      </trkpt>
      <trkpt lat="48.885681" lon="2.3380715">
      </trkpt>
      <trkpt lat="48.8856942" lon="2.3380803">
      </trkpt>
      <trkpt lat="48.885725" lon="2.3379489">
      </trkpt>
      <trkpt lat="48.8857662" lon="2.3379123">
      </trkpt>
      <trkpt lat="48.8858036" lon="2.3378791">
      </trkpt>
      <trkpt lat="48.8858671" lon="2.337867">
      </trkpt>
      <trkpt lat="48.8861023" lon="2.3379613">
      </trkpt>
      <trkpt lat="48.886143" lon="2.3378452">
      </trkpt>
      <trkpt lat="48.8862315" lon="2.3379381">
      </trkpt>
      <trkpt lat="48.886143" lon="2.3378452">
      </trkpt>
      <trkpt lat="48.8861023" lon="2.3379613">
      </trkpt>
      <trkpt lat="48.8860646" lon="2.3380844">
      </trkpt>
      <trkpt lat="48.8860595" lon="2.338101">
      </trkpt>
      <trkpt lat="48.8859602" lon="2.3384349">
      </trkpt>
      <trkpt lat="48.8859323" lon="2.3384712">
      </trkpt>
      <trkpt lat="48.8859241" lon="2.3384989">
      </trkpt>
      <trkpt lat="48.8859141" lon="2.3385327">
      </trkpt>
      <trkpt lat="48.885954" lon="2.3385431">
      </trkpt>
      <trkpt lat="48.8859141" lon="2.3385327">
      </trkpt>
      <trkpt lat="48.8858986" lon="2.3385853">
      </trkpt>
      <trkpt lat="48.8858947" lon="2.3385985">
      </trkpt>
      <trkpt lat="48.8858928" lon="2.3386485">
      </trkpt>
      <trkpt lat="48.8859054" lon="2.3386572">
      </trkpt>
      <trkpt lat="48.8859181" lon="2.3386659">
      </trkpt>
      <trkpt lat="48.8859346" lon="2.3386773">
      </trkpt>
      <trkpt lat="48.8859432" lon="2.3386831">
      </trkpt>
      <trkpt lat="48.8855496" lon="2.3400215">
      </trkpt>
      <trkpt lat="48.885427" lon="2.3404379">
      </trkpt>
      <trkpt lat="48.8854275" lon="2.3404714">
      </trkpt>
      <trkpt lat="48.885438" lon="2.3405036">
      </trkpt>
      <trkpt lat="48.8854299" lon="2.3405217">
      </trkpt>
      <trkpt lat="48.8854049" lon="2.3405713">
      </trkpt>
      <trkpt lat="48.88539" lon="2.3405989">
      </trkpt>
      <trkpt lat="48.8853856" lon="2.340621">
      </trkpt>
      <trkpt lat="48.8854522" lon="2.3406357">
      </trkpt>
      <trkpt lat="48.8854636" lon="2.3406552">
      </trkpt>
      <trkpt lat="48.8856682" lon="2.3407169">
      </trkpt>
      <trkpt lat="48.8856907" lon="2.3407162">
      </trkpt>
      <trkpt lat="48.8856925" lon="2.340747">
      </trkpt>
      <trkpt lat="48.8857022" lon="2.3407531">
      </trkpt>
      <trkpt lat="48.8857318" lon="2.3407734">
      </trkpt>
      <trkpt lat="48.8857529" lon="2.3407879">
      </trkpt>
      <trkpt lat="48.8857617" lon="2.340794">
      </trkpt>
      <trkpt lat="48.8857952" lon="2.34068">
      </trkpt>
      <trkpt lat="48.8858018" lon="2.3406351">
      </trkpt>
      <trkpt lat="48.8858059" lon="2.340621">
      </trkpt>
      <trkpt lat="48.8858797" lon="2.3403658">
      </trkpt>
      <trkpt lat="48.8858876" lon="2.3403357">
      </trkpt>
      <trkpt lat="48.8858985" lon="2.3403409">
      </trkpt>
      <trkpt lat="48.8861682" lon="2.3404685">
      </trkpt>
      <trkpt lat="48.886222" lon="2.3404832">
      </trkpt>
      <trkpt lat="48.8862916" lon="2.3405022">
      </trkpt>
      <trkpt lat="48.8863267" lon="2.3405134">
      </trkpt>
      <trkpt lat="48.8863667" lon="2.3405281">
      </trkpt>
      <trkpt lat="48.8863915" lon="2.3405548">
      </trkpt>
      <trkpt lat="48.8864061" lon="2.3406029">
      </trkpt>
      <trkpt lat="48.8864386" lon="2.3405953">
      </trkpt>
      <trkpt lat="48.8867189" lon="2.3406979">
      </trkpt>
      <trkpt lat="48.8866485" lon="2.3410213">
      </trkpt>
      <trkpt lat="48.8866351" lon="2.341103">
      </trkpt>
      <trkpt lat="48.8866304" lon="2.3411371">
      </trkpt>
      <trkpt lat="48.8866603" lon="2.3413714">
      </trkpt>
      <trkpt lat="48.8865927" lon="2.3414065">
      </trkpt>
      <trkpt lat="48.8865415" lon="2.341406">
      </trkpt>
      <trkpt lat="48.8865355" lon="2.3414055">
      </trkpt>
      <trkpt lat="48.8862891" lon="2.3413865">
      </trkpt>
      <trkpt lat="48.8862847" lon="2.3414183">
      </trkpt>
      <trkpt lat="48.8862798" lon="2.3414364">
      </trkpt>
      <trkpt lat="48.8862456" lon="2.3414384">
      </trkpt>
      <trkpt lat="48.8862282" lon="2.3414551">
      </trkpt>
      <trkpt lat="48.8861233" lon="2.34194">
      </trkpt>
      <trkpt lat="48.8860778" lon="2.342172">
      </trkpt>
      <trkpt lat="48.8860611" lon="2.3422397">
      </trkpt>
      <trkpt lat="48.8860545" lon="2.3422799">
      </trkpt>
      <trkpt lat="48.8860548" lon="2.342318">
      </trkpt>
      <trkpt lat="48.8860042" lon="2.3423256">
      </trkpt>
      <trkpt lat="48.8859596" lon="2.3423328">
      </trkpt>
      <trkpt lat="48.8859465" lon="2.3423349">
      </trkpt>
      <trkpt lat="48.8858692" lon="2.3423453">
      </trkpt>
      <trkpt lat="48.8857921" lon="2.3423558">
      </trkpt>
      <trkpt lat="48.8857824" lon="2.3423563">
      </trkpt>
      <trkpt lat="48.8857864" lon="2.3424167">
      </trkpt>
      <trkpt lat="48.8858053" lon="2.342579">
      </trkpt>
      <trkpt lat="48.8858384" lon="2.3426709">
      </trkpt>
      <trkpt lat="48.8858763" lon="2.3427661">
      </trkpt>
      <trkpt lat="48.8859001" lon="2.3428526">
      </trkpt>
      <trkpt lat="48.885924" lon="2.3429894">
      </trkpt>
      <trkpt lat="48.8859364" lon="2.3431617">
      </trkpt>
      <trkpt lat="48.8859403" lon="2.3432837">
      </trkpt>
      <trkpt lat="48.8859434" lon="2.3433971">
      </trkpt>
      <trkpt lat="48.8859403" lon="2.3435325">
      </trkpt>
      <trkpt lat="48.8859606" lon="2.3436653">
      </trkpt>
      <trkpt lat="48.8860051" lon="2.3437565">
      </trkpt>
      <trkpt lat="48.8860717" lon="2.3438262">
      </trkpt>
      <trkpt lat="48.8861624" lon="2.3438826">
      </trkpt>
      <trkpt lat="48.8861521" lon="2.3438944">
      </trkpt>
      <trkpt lat="48.8861403" lon="2.3439415">
      </trkpt>
      <trkpt lat="48.8861287" lon="2.3439873">
      </trkpt>
      <trkpt lat="48.8861238" lon="2.3440061">
      </trkpt>
      <trkpt lat="48.8861287" lon="2.3439873">
      </trkpt>
      <trkpt lat="48.8861403" lon="2.3439415">
      </trkpt>
      <trkpt lat="48.8861521" lon="2.3438944">
      </trkpt>
      <trkpt lat="48.8861624" lon="2.3438826">
      </trkpt>
      <trkpt lat="48.8862348" lon="2.3439281">
      </trkpt>
      <trkpt lat="48.886353" lon="2.3440073">
      </trkpt>
      <trkpt lat="48.8864566" lon="2.3440804">
      </trkpt>
      <trkpt lat="48.8866753" lon="2.3442225">
      </trkpt>
      <trkpt lat="48.8868794" lon="2.3443606">
      </trkpt>
      <trkpt lat="48.8869742" lon="2.3444237">
      </trkpt>
      <trkpt lat="48.8870924" lon="2.3444398">
      </trkpt>
      <trkpt lat="48.8874249" lon="2.3444834">
      </trkpt>
      <trkpt lat="48.8874896" lon="2.3444567">
      </trkpt>
      <trkpt lat="48.8874891" lon="2.3444741">
      </trkpt>
      <trkpt lat="48.8874888" lon="2.3444834">
      </trkpt>
      <trkpt lat="48.8874927" lon="2.3445506">
      </trkpt>
      <trkpt lat="48.887495" lon="2.3445906">
      </trkpt>
      <trkpt lat="48.8874958" lon="2.3446101">
      </trkpt>
      <trkpt lat="48.8875091" lon="2.3446316">
      </trkpt>
      <trkpt lat="48.887517" lon="2.3446604">
      </trkpt>
      <trkpt lat="48.8875783" lon="2.345005">
      </trkpt>
      <trkpt lat="48.8875893" lon="2.3450728">
      </trkpt>
      <trkpt lat="48.8875823" lon="2.3451036">
      </trkpt>
      <trkpt lat="48.8875964" lon="2.3451083">
      </trkpt>
      <trkpt lat="48.8876358" lon="2.3451253">
      </trkpt>
      <trkpt lat="48.8876646" lon="2.3452051">
      </trkpt>
      <trkpt lat="48.8876848" lon="2.3452576">
      </trkpt>
      <trkpt lat="48.8877549" lon="2.345856">
      </trkpt>
      <trkpt lat="48.8877638" lon="2.3459357">
      </trkpt>
      <trkpt lat="48.8877849" lon="2.3461261">
      </trkpt>
      <trkpt lat="48.8878181" lon="2.3461517">
      </trkpt>
      <trkpt lat="48.8878345" lon="2.3462838">
      </trkpt>
      <trkpt lat="48.8878301" lon="2.3463039">
      </trkpt>
      <trkpt lat="48.8878666" lon="2.3466231">
      </trkpt>
      <trkpt lat="48.8879028" lon="2.3469443">
      </trkpt>
      <trkpt lat="48.8879169" lon="2.3469718">
      </trkpt>
      <trkpt lat="48.8879416" lon="2.3469818">
      </trkpt>
      <trkpt lat="48.8881162" lon="2.3468792">
      </trkpt>
      <trkpt lat="48.8881731" lon="2.346842">
      </trkpt>
      <trkpt lat="48.888195" lon="2.3468209">
      </trkpt>
      <trkpt lat="48.8882035" lon="2.3468182">
      </trkpt>
      <trkpt lat="48.8882371" lon="2.3467997">
      </trkpt>
      <trkpt lat="48.8882657" lon="2.346784">
      </trkpt>
      <trkpt lat="48.8882771" lon="2.346774">
      </trkpt>
      <trkpt lat="48.8883078" lon="2.346774">
      </trkpt>
      <trkpt lat="48.8886285" lon="2.3465926">
      </trkpt>
      <trkpt lat="48.8887249" lon="2.3465383">
      </trkpt>
      <trkpt lat="48.8886285" lon="2.3465926">
      </trkpt>
      <trkpt lat="48.8883078" lon="2.346774">
      </trkpt>
      <trkpt lat="48.8882771" lon="2.346774">
      </trkpt>
      <trkpt lat="48.8882657" lon="2.346784">
      </trkpt>
      <trkpt lat="48.8882371" lon="2.3467997">
      </trkpt>
      <trkpt lat="48.8882035" lon="2.3468182">
      </trkpt>
      <trkpt lat="48.888195" lon="2.3468209">
      </trkpt>
      <trkpt lat="48.8881731" lon="2.346842">
      </trkpt>
      <trkpt lat="48.8881162" lon="2.3468792">
      </trkpt>
      <trkpt lat="48.8879416" lon="2.3469818">
      </trkpt>
      <trkpt lat="48.8879169" lon="2.3469718">
      </trkpt>
      <trkpt lat="48.8879085" lon="2.3469859">
      </trkpt>
      <trkpt lat="48.8878883" lon="2.346996">
      </trkpt>
      <trkpt lat="48.8878644" lon="2.347008">
      </trkpt>
      <trkpt lat="48.8878477" lon="2.3470113">
      </trkpt>
      <trkpt lat="48.8878353" lon="2.3470355">
      </trkpt>
      <trkpt lat="48.8878236" lon="2.3470422">
      </trkpt>
      <trkpt lat="48.8874586" lon="2.3472505">
      </trkpt>
      <trkpt lat="48.8870946" lon="2.3474596">
      </trkpt>
      <trkpt lat="48.8869661" lon="2.3475276">
      </trkpt>
      <trkpt lat="48.8869441" lon="2.3475372">
      </trkpt>
      <trkpt lat="48.886937" lon="2.347543">
      </trkpt>
      <trkpt lat="48.8869106" lon="2.3475556">
      </trkpt>
      <trkpt lat="48.8868912" lon="2.3475651">
      </trkpt>
      <trkpt lat="48.8868729" lon="2.3475726">
      </trkpt>
      <trkpt lat="48.8868699" lon="2.3475747">
      </trkpt>
      <trkpt lat="48.8864525" lon="2.3474894">
      </trkpt>
      <trkpt lat="48.8864517" lon="2.3475038">
      </trkpt>
      <trkpt lat="48.886445" lon="2.3475578">
      </trkpt>
      <trkpt lat="48.88644" lon="2.3476101">
      </trkpt>
      <trkpt lat="48.8864383" lon="2.3476302">
      </trkpt>
      <trkpt lat="48.8864345" lon="2.3476645">
      </trkpt>
      <trkpt lat="48.886448" lon="2.3477248">
      </trkpt>
      <trkpt lat="48.8864728" lon="2.3477745">
      </trkpt>
      <trkpt lat="48.8864562" lon="2.3477969">
      </trkpt>
      <trkpt lat="48.8864444" lon="2.3478143">
      </trkpt>
      <trkpt lat="48.88642" lon="2.3478504">
      </trkpt>
      <trkpt lat="48.8864141" lon="2.3478595">
      </trkpt>
      <trkpt lat="48.8863857" lon="2.3479086">
      </trkpt>
      <trkpt lat="48.8863614" lon="2.3479275">
      </trkpt>
      <trkpt lat="48.8863434" lon="2.3479409">
      </trkpt>
      <trkpt lat="48.8863168" lon="2.3479608">
      </trkpt>
      <trkpt lat="48.8863085" lon="2.3479664">
      </trkpt>
      <trkpt lat="48.8862736" lon="2.3479608">
      </trkpt>
      <trkpt lat="48.8860474" lon="2.3484745">
      </trkpt>
      <trkpt lat="48.8860218" lon="2.348502">
      </trkpt>
      <trkpt lat="48.8858781" lon="2.3488232">
      </trkpt>
      <trkpt lat="48.8858807" lon="2.348848">
      </trkpt>
      <trkpt lat="48.8857441" lon="2.3491484">
      </trkpt>
      <trkpt lat="48.8856859" lon="2.3492825">
      </trkpt>
      <trkpt lat="48.8856717" lon="2.3493429">
      </trkpt>
      <trkpt lat="48.8856634" lon="2.3493886">
      </trkpt>
      <trkpt lat="48.8856614" lon="2.3493998">
      </trkpt>
      <trkpt lat="48.8856604" lon="2.3494154">
      </trkpt>
      <trkpt lat="48.8856594" lon="2.349431">
      </trkpt>
      <trkpt lat="48.8856564" lon="2.3495217">
      </trkpt>
      <trkpt lat="48.8856563" lon="2.3495258">
      </trkpt>
      <trkpt lat="48.8856556" lon="2.3495457">
      </trkpt>
      <trkpt lat="48.885652" lon="2.3496571">
      </trkpt>
      <trkpt lat="48.8856516" lon="2.3496682">
      </trkpt>
      <trkpt lat="48.88565" lon="2.3496989">
      </trkpt>
      <trkpt lat="48.8856107" lon="2.3497053">
      </trkpt>
      <trkpt lat="48.8855812" lon="2.3497051">
      </trkpt>
      <trkpt lat="48.8855616" lon="2.349705">
      </trkpt>
      <trkpt lat="48.8855042" lon="2.3497331">
      </trkpt>
      <trkpt lat="48.8854663" lon="2.3496996">
      </trkpt>
      <trkpt lat="48.8852869" lon="2.3496972">
      </trkpt>
      <trkpt lat="48.8852784" lon="2.3496969">
      </trkpt>
      <trkpt lat="48.8852579" lon="2.3496937">
      </trkpt>
      <trkpt lat="48.8852401" lon="2.3496909">
      </trkpt>
      <trkpt lat="48.885214" lon="2.3496889">
      </trkpt>
      <trkpt lat="48.8852118" lon="2.3497398">
      </trkpt>
      <trkpt lat="48.8851907" lon="2.3499081">
      </trkpt>
      <trkpt lat="48.8851087" lon="2.3507014">
      </trkpt>
      <trkpt lat="48.8850822" lon="2.3507309">
      </trkpt>
      <trkpt lat="48.8850672" lon="2.3507356">
      </trkpt>
      <trkpt lat="48.8850668" lon="2.3507597">
      </trkpt>
      <trkpt lat="48.8850654" lon="2.3507854">
      </trkpt>
      <trkpt lat="48.8850641" lon="2.35081">
      </trkpt>
      <trkpt lat="48.8850597" lon="2.3508482">
      </trkpt>
      <trkpt lat="48.884998" lon="2.3508348">
      </trkpt>
      <trkpt lat="48.8847246" lon="2.3508214">
      </trkpt>
      <trkpt lat="48.8840482" lon="2.3508194">
      </trkpt>
      <trkpt lat="48.8840182" lon="2.3508321">
      </trkpt>
      <trkpt lat="48.8840094" lon="2.3508368">
      </trkpt>
      <trkpt lat="48.8840288" lon="2.3511507">
      </trkpt>
      <trkpt lat="48.8840187" lon="2.3511533">
      </trkpt>
      <trkpt lat="48.8840137" lon="2.3511553">
      </trkpt>
      <trkpt lat="48.8839734" lon="2.3511708">
      </trkpt>
      <trkpt lat="48.8839519" lon="2.3511792">
      </trkpt>
      <trkpt lat="48.8839362" lon="2.3511882">
      </trkpt>
      <trkpt lat="48.8839124" lon="2.3512291">
      </trkpt>
      <trkpt lat="48.8838639" lon="2.3512259">
      </trkpt>
      <trkpt lat="48.8838627" lon="2.3511963">
      </trkpt>
      <trkpt lat="48.8838596" lon="2.351145">
      </trkpt>
      <trkpt lat="48.8838226" lon="2.3506728">
      </trkpt>
      <trkpt lat="48.8838596" lon="2.351145">
      </trkpt>
      <trkpt lat="48.8838627" lon="2.3511963">
      </trkpt>
      <trkpt lat="48.8838639" lon="2.3512259">
      </trkpt>
      <trkpt lat="48.8838008" lon="2.3512217">
      </trkpt>
      <trkpt lat="48.883766" lon="2.3511701">
      </trkpt>
      <trkpt lat="48.8837559" lon="2.3511681">
      </trkpt>
      <trkpt lat="48.8837303" lon="2.351166">
      </trkpt>
      <trkpt lat="48.883699" lon="2.3511651">
      </trkpt>
      <trkpt lat="48.8836752" lon="2.3511614">
      </trkpt>
      <trkpt lat="48.8836648" lon="2.3511604">
      </trkpt>
      <trkpt lat="48.883673" lon="2.3511124">
      </trkpt>
      <trkpt lat="48.8835861" lon="2.3498813">
      </trkpt>
      <trkpt lat="48.883583" lon="2.3498329">
      </trkpt>
      <trkpt lat="48.8835482" lon="2.3497455">
      </trkpt>
      <trkpt lat="48.883537" lon="2.3496996">
      </trkpt>
      <trkpt lat="48.8835311" lon="2.3496751">
      </trkpt>
      <trkpt lat="48.8835119" lon="2.3495966">
      </trkpt>
      <trkpt lat="48.8835075" lon="2.3495785">
      </trkpt>
      <trkpt lat="48.883504" lon="2.3495639">
      </trkpt>
      <trkpt lat="48.8834866" lon="2.3494927">
      </trkpt>
      <trkpt lat="48.8834799" lon="2.3494651">
      </trkpt>
      <trkpt lat="48.883479" lon="2.3494612">
      </trkpt>
      <trkpt lat="48.883476" lon="2.3494479">
      </trkpt>
      <trkpt lat="48.8834714" lon="2.3494273">
      </trkpt>
      <trkpt lat="48.8832557" lon="2.3495957">
      </trkpt>
      <trkpt lat="48.8831566" lon="2.3496969">
      </trkpt>
      <trkpt lat="48.8831447" lon="2.3497078">
      </trkpt>
      <trkpt lat="48.8831326" lon="2.3497189">
      </trkpt>
      <trkpt lat="48.8831073" lon="2.3497422">
      </trkpt>
      <trkpt lat="48.8830912" lon="2.349757">
      </trkpt>
      <trkpt lat="48.8830219" lon="2.3496823">
      </trkpt>
      <trkpt lat="48.8830465" lon="2.3497891">
      </trkpt>
      <trkpt lat="48.8829336" lon="2.3498857">
      </trkpt>
      <trkpt lat="48.8825533" lon="2.350224">
      </trkpt>
      <trkpt lat="48.8822786" lon="2.3504733">
      </trkpt>
      <trkpt lat="48.8821033" lon="2.3506277">
      </trkpt>
      <trkpt lat="48.8819643" lon="2.3507561">
      </trkpt>
      <trkpt lat="48.8818271" lon="2.3508669">
      </trkpt>
      <trkpt lat="48.8816552" lon="2.351034">
      </trkpt>
      <trkpt lat="48.8814874" lon="2.3511802">
      </trkpt>
      <trkpt lat="48.8815018" lon="2.3512184">
      </trkpt>
      <trkpt lat="48.881507" lon="2.3512322">
      </trkpt>
      <trkpt lat="48.8815101" lon="2.3512404">
      </trkpt>
      <trkpt lat="48.881516" lon="2.3512563">
      </trkpt>
      <trkpt lat="48.8815457" lon="2.3513352">
      </trkpt>
      <trkpt lat="48.8815499" lon="2.3513465">
      </trkpt>
      <trkpt lat="48.8815539" lon="2.3513571">
      </trkpt>
      <trkpt lat="48.8815787" lon="2.351423">
      </trkpt>
      <trkpt lat="48.8815849" lon="2.3514396">
      </trkpt>
      <trkpt lat="48.8815882" lon="2.3514483">
      </trkpt>
      <trkpt lat="48.8815934" lon="2.3514623">
      </trkpt>
      <trkpt lat="48.8816022" lon="2.3514857">
      </trkpt>
      <trkpt lat="48.8815134" lon="2.3515695">
      </trkpt>
      <trkpt lat="48.881307" lon="2.3517636">
      </trkpt>
      <trkpt lat="48.8809159" lon="2.3521141">
      </trkpt>
      <trkpt lat="48.8807566" lon="2.3522508">
      </trkpt>
      <trkpt lat="48.8807085" lon="2.3523519">
      </trkpt>
      <trkpt lat="48.8807039" lon="2.3523755">
      </trkpt>
      <trkpt lat="48.8806999" lon="2.3523956">
      </trkpt>
      <trkpt lat="48.8806949" lon="2.3524211">
      </trkpt>
      <trkpt lat="48.8806903" lon="2.3524449">
      </trkpt>
      <trkpt lat="48.8806604" lon="2.3524901">
      </trkpt>
      <trkpt lat="48.8806389" lon="2.3525103">
      </trkpt>
      <trkpt lat="48.8806191" lon="2.3525297">
      </trkpt>
      <trkpt lat="48.8805942" lon="2.3525539">
      </trkpt>
      <trkpt lat="48.8805459" lon="2.3525595">
      </trkpt>
      <trkpt lat="48.8805462" lon="2.3525774">
      </trkpt>
      <trkpt lat="48.8805468" lon="2.352596">
      </trkpt>
      <trkpt lat="48.880547" lon="2.3526113">
      </trkpt>
      <trkpt lat="48.880547" lon="2.3526366">
      </trkpt>
      <trkpt lat="48.8805186" lon="2.3526704">
      </trkpt>
      <trkpt lat="48.8803464" lon="2.3535297">
      </trkpt>
      <trkpt lat="48.8803347" lon="2.3535907">
      </trkpt>
      <trkpt lat="48.8803331" lon="2.3535987">
      </trkpt>
      <trkpt lat="48.8803286" lon="2.3536225">
      </trkpt>
      <trkpt lat="48.8803107" lon="2.3537165">
      </trkpt>
      <trkpt lat="48.8803067" lon="2.3537375">
      </trkpt>
      <trkpt lat="48.8802782" lon="2.3538691">
      </trkpt>
      <trkpt lat="48.8800961" lon="2.3544967">
      </trkpt>
      <trkpt lat="48.8800822" lon="2.3545568">
      </trkpt>
      <trkpt lat="48.8800263" lon="2.3547681">
      </trkpt>
      <trkpt lat="48.8799884" lon="2.3550036">
      </trkpt>
      <trkpt lat="48.8799601" lon="2.3552009">
      </trkpt>
      <trkpt lat="48.8798676" lon="2.3557922">
      </trkpt>
      <trkpt lat="48.8798158" lon="2.3561024">
      </trkpt>
      <trkpt lat="48.8798085" lon="2.3561406">
      </trkpt>
      <trkpt lat="48.8797296" lon="2.356538">
      </trkpt>
      <trkpt lat="48.8797224" lon="2.3565745">
      </trkpt>
      <trkpt lat="48.8797141" lon="2.356616">
      </trkpt>
      <trkpt lat="48.8797061" lon="2.3566596">
      </trkpt>
      <trkpt lat="48.8796179" lon="2.3570734">
      </trkpt>
      <trkpt lat="48.8796266" lon="2.3571088">
      </trkpt>
      <trkpt lat="48.879634" lon="2.357139">
      </trkpt>
      <trkpt lat="48.8796297" lon="2.3571606">
      </trkpt>
      <trkpt lat="48.8796133" lon="2.3572361">
      </trkpt>
      <trkpt lat="48.8795983" lon="2.3573051">
      </trkpt>
      <trkpt lat="48.8795954" lon="2.3573174">
      </trkpt>
      <trkpt lat="48.8795694" lon="2.3573118">
      </trkpt>
      <trkpt lat="48.8795587" lon="2.357353">
      </trkpt>
      <trkpt lat="48.8795227" lon="2.3575426">
      </trkpt>
      <trkpt lat="48.8795174" lon="2.357567">
      </trkpt>
      <trkpt lat="48.8795048" lon="2.3575984">
      </trkpt>
      <trkpt lat="48.879483" lon="2.3576526">
      </trkpt>
      <trkpt lat="48.8794737" lon="2.3576759">
      </trkpt>
      <trkpt lat="48.8794629" lon="2.3577028">
      </trkpt>
      <trkpt lat="48.8794553" lon="2.3577218">
      </trkpt>
      <trkpt lat="48.8794339" lon="2.3577751">
      </trkpt>
      <trkpt lat="48.8794244" lon="2.3578039">
      </trkpt>
      <trkpt lat="48.8794367" lon="2.357851">
      </trkpt>
      <trkpt lat="48.879446" lon="2.3578878">
      </trkpt>
      <trkpt lat="48.8794685" lon="2.3579706">
      </trkpt>
      <trkpt lat="48.8794742" lon="2.357993">
      </trkpt>
      <trkpt lat="48.8796357" lon="2.3585748">
      </trkpt>
      <trkpt lat="48.8796539" lon="2.3586406">
      </trkpt>
      <trkpt lat="48.8796608" lon="2.3586686">
      </trkpt>
      <trkpt lat="48.8796783" lon="2.3587308">
      </trkpt>
      <trkpt lat="48.8796969" lon="2.358797">
      </trkpt>
      <trkpt lat="48.8796999" lon="2.3588089">
      </trkpt>
      <trkpt lat="48.8797085" lon="2.3588404">
      </trkpt>
      <trkpt lat="48.8797233" lon="2.3588305">
      </trkpt>
      <trkpt lat="48.8797587" lon="2.3588067">
      </trkpt>
      <trkpt lat="48.8797993" lon="2.3587794">
      </trkpt>
      <trkpt lat="48.8798213" lon="2.3587646">
      </trkpt>
      <trkpt lat="48.879843" lon="2.3587518">
      </trkpt>
      <trkpt lat="48.8799062" lon="2.3587752">
      </trkpt>
      <trkpt lat="48.8802361" lon="2.3594675">
      </trkpt>
      <trkpt lat="48.8806615" lon="2.3603863">
      </trkpt>
      <trkpt lat="48.8806759" lon="2.3604216">
      </trkpt>
      <trkpt lat="48.8809126" lon="2.3609216">
      </trkpt>
      <trkpt lat="48.8811891" lon="2.3615065">
      </trkpt>
      <trkpt lat="48.8812921" lon="2.3617226">
      </trkpt>
      <trkpt lat="48.8813218" lon="2.3617858">
      </trkpt>
      <trkpt lat="48.8813099" lon="2.3618172">
      </trkpt>
      <trkpt lat="48.8813218" lon="2.3617858">
      </trkpt>
      <trkpt lat="48.88133" lon="2.3617803">
      </trkpt>
      <trkpt lat="48.8813792" lon="2.3617717">
      </trkpt>
      <trkpt lat="48.8814294" lon="2.3617629">
      </trkpt>
      <trkpt lat="48.8814434" lon="2.3617636">
      </trkpt>
      <trkpt lat="48.8814568" lon="2.3617907">
      </trkpt>
      <trkpt lat="48.881522" lon="2.3617846">
      </trkpt>
      <trkpt lat="48.8816594" lon="2.3617649">
      </trkpt>
      <trkpt lat="48.8819919" lon="2.3617122">
      </trkpt>
      <trkpt lat="48.8823276" lon="2.3619097">
      </trkpt>
      <trkpt lat="48.882447" lon="2.3619717">
      </trkpt>
      <trkpt lat="48.8825423" lon="2.3617096">
      </trkpt>
      <trkpt lat="48.8825521" lon="2.3616797">
      </trkpt>
      <trkpt lat="48.8825585" lon="2.3616535">
      </trkpt>
      <trkpt lat="48.8825683" lon="2.3616155">
      </trkpt>
      <trkpt lat="48.8825753" lon="2.3615938">
      </trkpt>
      <trkpt lat="48.8825873" lon="2.3615845">
      </trkpt>
      <trkpt lat="48.8826067" lon="2.3615643">
      </trkpt>
      <trkpt lat="48.8826355" lon="2.3615685">
      </trkpt>
      <trkpt lat="48.8826693" lon="2.3615739">
      </trkpt>
      <trkpt lat="48.882687" lon="2.3615763">
      </trkpt>
      <trkpt lat="48.8827055" lon="2.3615791">
      </trkpt>
      <trkpt lat="48.8827187" lon="2.3616207">
      </trkpt>
      <trkpt lat="48.882851" lon="2.3616193">
      </trkpt>
      <trkpt lat="48.8828904" lon="2.361595">
      </trkpt>
      <trkpt lat="48.8828985" lon="2.36159">
      </trkpt>
      <trkpt lat="48.8829533" lon="2.3615563">
      </trkpt>
      <trkpt lat="48.8829578" lon="2.3615497">
      </trkpt>
      <trkpt lat="48.8830305" lon="2.3614436">
      </trkpt>
      <trkpt lat="48.8830536" lon="2.3614543">
      </trkpt>
      <trkpt lat="48.8831074" lon="2.3614653">
      </trkpt>
      <trkpt lat="48.8831834" lon="2.3614808">
      </trkpt>
      <trkpt lat="48.8831961" lon="2.3614836">
      </trkpt>
      <trkpt lat="48.88321" lon="2.361426">
      </trkpt>
      <trkpt lat="48.8836247" lon="2.3606614">
      </trkpt>
      <trkpt lat="48.8836452" lon="2.3606685">
      </trkpt>
      <trkpt lat="48.8836514" lon="2.3606574">
      </trkpt>
      <trkpt lat="48.8836703" lon="2.3606291">
      </trkpt>
      <trkpt lat="48.8836976" lon="2.3605881">
      </trkpt>
      <trkpt lat="48.8837045" lon="2.360576">
      </trkpt>
      <trkpt lat="48.8837005" lon="2.3605249">
      </trkpt>
      <trkpt lat="48.883714" lon="2.3604992">
      </trkpt>
      <trkpt lat="48.8840147" lon="2.3599262">
      </trkpt>
      <trkpt lat="48.8841684" lon="2.3596332">
      </trkpt>
      <trkpt lat="48.8842137" lon="2.3596352">
      </trkpt>
      <trkpt lat="48.8842351" lon="2.3596355">
      </trkpt>
      <trkpt lat="48.8842137" lon="2.3596352">
      </trkpt>
      <trkpt lat="48.8842146" lon="2.3594722">
      </trkpt>
      <trkpt lat="48.8842167" lon="2.3593825">
      </trkpt>
      <trkpt lat="48.8842177" lon="2.3593371">
      </trkpt>
      <trkpt lat="48.8842187" lon="2.359296">
      </trkpt>
      <trkpt lat="48.8842191" lon="2.3592609">
      </trkpt>
      <trkpt lat="48.884221" lon="2.3591959">
      </trkpt>
      <trkpt lat="48.8842215" lon="2.3591737">
      </trkpt>
      <trkpt lat="48.8842229" lon="2.3591027">
      </trkpt>
      <trkpt lat="48.8842189" lon="2.3589465">
      </trkpt>
      <trkpt lat="48.8841793" lon="2.3583083">
      </trkpt>
      <trkpt lat="48.8841777" lon="2.3582864">
      </trkpt>
      <trkpt lat="48.8841289" lon="2.3575713">
      </trkpt>
      <trkpt lat="48.884052" lon="2.3564478">
      </trkpt>
      <trkpt lat="48.8840337" lon="2.3561798">
      </trkpt>
      <trkpt lat="48.8840295" lon="2.3560262">
      </trkpt>
      <trkpt lat="48.8840354" lon="2.3560256">
      </trkpt>
      <trkpt lat="48.8840581" lon="2.356024">
      </trkpt>
      <trkpt lat="48.8840896" lon="2.3560126">
      </trkpt>
      <trkpt lat="48.8841194" lon="2.3560054">
      </trkpt>
      <trkpt lat="48.8841249" lon="2.3560041">
      </trkpt>
      <trkpt lat="48.8842778" lon="2.3561317">
      </trkpt>
      <trkpt lat="48.884291" lon="2.3563194">
      </trkpt>
      <trkpt lat="48.8842944" lon="2.3563183">
      </trkpt>
      <trkpt lat="48.8843375" lon="2.3563131">
      </trkpt>
      <trkpt lat="48.8843771" lon="2.3563084">
      </trkpt>
      <trkpt lat="48.88439" lon="2.3563068">
      </trkpt>
      <trkpt lat="48.8843961" lon="2.3563079">
      </trkpt>
      <trkpt lat="48.8844074" lon="2.3562868">
      </trkpt>
      <trkpt lat="48.8844056" lon="2.3562804">
      </trkpt>
      <trkpt lat="48.884399" lon="2.3561435">
      </trkpt>
      <trkpt lat="48.8843959" lon="2.3560775">
      </trkpt>
      <trkpt lat="48.8843958" lon="2.3560563">
      </trkpt>
      <trkpt lat="48.8844786" lon="2.3561624">
      </trkpt>
      <trkpt lat="48.8846695" lon="2.3564085">
      </trkpt>
      <trkpt lat="48.8847969" lon="2.3565741">
      </trkpt>
      <trkpt lat="48.8848388" lon="2.3566224">
      </trkpt>
      <trkpt lat="48.8848609" lon="2.356621">
      </trkpt>
      <trkpt lat="48.8848697" lon="2.3566183">
      </trkpt>
      <trkpt lat="48.8848842" lon="2.356609">
      </trkpt>
      <trkpt lat="48.8849136" lon="2.3560031">
      </trkpt>
      <trkpt lat="48.8849263" lon="2.3559347">
      </trkpt>
      <trkpt lat="48.8849471" lon="2.3559394">
      </trkpt>
      <trkpt lat="48.884964" lon="2.355945">
      </trkpt>
      <trkpt lat="48.8849848" lon="2.3559518">
      </trkpt>
      <trkpt lat="48.884998" lon="2.3559619">
      </trkpt>
      <trkpt lat="48.885013" lon="2.355927">
      </trkpt>
      <trkpt lat="48.8850324" lon="2.3558962">
      </trkpt>
      <trkpt lat="48.8850293" lon="2.3558841">
      </trkpt>
      <trkpt lat="48.8850256" lon="2.3558263">
      </trkpt>
      <trkpt lat="48.8850238" lon="2.3557973">
      </trkpt>
      <trkpt lat="48.8850235" lon="2.3557902">
      </trkpt>
      <trkpt lat="48.8850168" lon="2.3557694">
      </trkpt>
      <trkpt lat="48.8850421" lon="2.3555025">
      </trkpt>
      <trkpt lat="48.8850403" lon="2.3552759">
      </trkpt>
      <trkpt lat="48.8850179" lon="2.3552655">
      </trkpt>
      <trkpt lat="48.885015" lon="2.3552165">
      </trkpt>
      <trkpt lat="48.8850102" lon="2.3551324">
      </trkpt>
      <trkpt lat="48.8850086" lon="2.3550881">
      </trkpt>
      <trkpt lat="48.8850059" lon="2.3550107">
      </trkpt>
      <trkpt lat="48.8850086" lon="2.3550881">
      </trkpt>
      <trkpt lat="48.8850902" lon="2.3550211">
      </trkpt>
      <trkpt lat="48.8850946" lon="2.3550244">
      </trkpt>
      <trkpt lat="48.8851092" lon="2.3550339">
      </trkpt>
      <trkpt lat="48.8851256" lon="2.3550446">
      </trkpt>
      <trkpt lat="48.8851352" lon="2.3550516">
      </trkpt>
      <trkpt lat="48.8851329" lon="2.3550812">
      </trkpt>
      <trkpt lat="48.8857793" lon="2.3549809">
      </trkpt>
      <trkpt lat="48.8857904" lon="2.3549487">
      </trkpt>
      <trkpt lat="48.8857683" lon="2.3546302">
      </trkpt>
      <trkpt lat="48.8858199" lon="2.3546201">
      </trkpt>
      <trkpt lat="48.8858378" lon="2.354615">
      </trkpt>
      <trkpt lat="48.8858574" lon="2.3546094">
      </trkpt>
      <trkpt lat="48.8858803" lon="2.3546121">
      </trkpt>
      <trkpt lat="48.8859015" lon="2.3545571">
      </trkpt>
      <trkpt lat="48.8859394" lon="2.3544954">
      </trkpt>
      <trkpt lat="48.8860267" lon="2.3544712">
      </trkpt>
      <trkpt lat="48.8860937" lon="2.354482">
      </trkpt>
      <trkpt lat="48.8861431" lon="2.3545168">
      </trkpt>
      <trkpt lat="48.8861687" lon="2.3545584">
      </trkpt>
      <trkpt lat="48.8861845" lon="2.3545477">
      </trkpt>
      <trkpt lat="48.8862093" lon="2.354536">
      </trkpt>
      <trkpt lat="48.8862286" lon="2.3545269">
      </trkpt>
      <trkpt lat="48.8862692" lon="2.3545188">
      </trkpt>
      <trkpt lat="48.8862754" lon="2.3544545">
      </trkpt>
      <trkpt lat="48.8862855" lon="2.3544189">
      </trkpt>
      <trkpt lat="48.8864628" lon="2.3540729">
      </trkpt>
      <trkpt lat="48.8866535" lon="2.3536877">
      </trkpt>
      <trkpt lat="48.8866724" lon="2.3536867">
      </trkpt>
      <trkpt lat="48.8866819" lon="2.3536713">
      </trkpt>
      <trkpt lat="48.8867239" lon="2.3536136">
      </trkpt>
      <trkpt lat="48.8867639" lon="2.3535586">
      </trkpt>
      <trkpt lat="48.8867714" lon="2.3535492">
      </trkpt>
      <trkpt lat="48.8867719" lon="2.3535197">
      </trkpt>
      <trkpt lat="48.8867816" lon="2.3534949">
      </trkpt>
      <trkpt lat="48.8868001" lon="2.3534788">
      </trkpt>
      <trkpt lat="48.886834" lon="2.3534781">
      </trkpt>
      <trkpt lat="48.8870126" lon="2.3534857">
      </trkpt>
      <trkpt lat="48.8870598" lon="2.3534983">
      </trkpt>
      <trkpt lat="48.8870874" lon="2.3535579">
      </trkpt>
      <trkpt lat="48.887097" lon="2.3535569">
      </trkpt>
      <trkpt lat="48.8871146" lon="2.3535546">
      </trkpt>
      <trkpt lat="48.8871329" lon="2.3535522">
      </trkpt>
      <trkpt lat="48.8871539" lon="2.3535492">
      </trkpt>
      <trkpt lat="48.8871839" lon="2.3534976">
      </trkpt>
      <trkpt lat="48.8871998" lon="2.3534992">
      </trkpt>
      <trkpt lat="48.887256" lon="2.353505">
      </trkpt>
      <trkpt lat="48.8873129" lon="2.3535164">
      </trkpt>
      <trkpt lat="48.8875593" lon="2.3535351">
      </trkpt>
      <trkpt lat="48.8876912" lon="2.3535419">
      </trkpt>
      <trkpt lat="48.8877339" lon="2.3535459">
      </trkpt>
      <trkpt lat="48.887748" lon="2.3535539">
      </trkpt>
      <trkpt lat="48.8877547" lon="2.3535653">
      </trkpt>
      <trkpt lat="48.8877599" lon="2.353562">
      </trkpt>
      <trkpt lat="48.8877799" lon="2.3535644">
      </trkpt>
      <trkpt lat="48.8878036" lon="2.3535673">
      </trkpt>
      <trkpt lat="48.8878274" lon="2.3535774">
      </trkpt>
      <trkpt lat="48.887838" lon="2.3535519">
      </trkpt>
      <trkpt lat="48.8878561" lon="2.3535479">
      </trkpt>
      <trkpt lat="48.8878561" lon="2.3535251">
      </trkpt>
      <trkpt lat="48.8878572" lon="2.3535086">
      </trkpt>
      <trkpt lat="48.8878596" lon="2.3534748">
      </trkpt>
      <trkpt lat="48.8878596" lon="2.3534661">
      </trkpt>
      <trkpt lat="48.8880201" lon="2.3534781">
      </trkpt>
      <trkpt lat="48.8882798" lon="2.3534996">
      </trkpt>
      <trkpt lat="48.8884097" lon="2.3535066">
      </trkpt>
      <trkpt lat="48.8884222" lon="2.3534691">
      </trkpt>
      <trkpt lat="48.8884355" lon="2.3534665">
      </trkpt>
      <trkpt lat="48.8884683" lon="2.3534631">
      </trkpt>
      <trkpt lat="48.8884867" lon="2.3534612">
      </trkpt>
      <trkpt lat="48.8885201" lon="2.353459">
      </trkpt>
      <trkpt lat="48.8885421" lon="2.3535217">
      </trkpt>
      <trkpt lat="48.8888649" lon="2.3535459">
      </trkpt>
      <trkpt lat="48.8889041" lon="2.3535432">
      </trkpt>
      <trkpt lat="48.8889134" lon="2.3535392">
      </trkpt>
      <trkpt lat="48.8889266" lon="2.353517">
      </trkpt>
      <trkpt lat="48.8889372" lon="2.3535164">
      </trkpt>
      <trkpt lat="48.8889611" lon="2.3535105">
      </trkpt>
      <trkpt lat="48.8890002" lon="2.3535009">
      </trkpt>
      <trkpt lat="48.8890134" lon="2.3534929">
      </trkpt>
      <trkpt lat="48.8890174" lon="2.3535056">
      </trkpt>
      <trkpt lat="48.8890298" lon="2.3535117">
      </trkpt>
      <trkpt lat="48.8891254" lon="2.3534929">
      </trkpt>
      <trkpt lat="48.8892846" lon="2.3534507">
      </trkpt>
      <trkpt lat="48.8896801" lon="2.3533548">
      </trkpt>
      <trkpt lat="48.8897087" lon="2.3533474">
      </trkpt>
      <trkpt lat="48.8897264" lon="2.3533246">
      </trkpt>
      <trkpt lat="48.8897252" lon="2.3532959">
      </trkpt>
      <trkpt lat="48.8897374" lon="2.3532964">
      </trkpt>
      <trkpt lat="48.889755" lon="2.3532888">
      </trkpt>
      <trkpt lat="48.8897683" lon="2.353283">
      </trkpt>
      <trkpt lat="48.8897781" lon="2.3532777">
      </trkpt>
      <trkpt lat="48.8897837" lon="2.3533005">
      </trkpt>
      <trkpt lat="48.8898053" lon="2.3533045">
      </trkpt>
      <trkpt lat="48.8898538" lon="2.3532964">
      </trkpt>
      <trkpt lat="48.8902105" lon="2.353277">
      </trkpt>
      <trkpt lat="48.8903092" lon="2.3532783">
      </trkpt>
      <trkpt lat="48.8903269" lon="2.3532709">
      </trkpt>
      <trkpt lat="48.8903304" lon="2.3532441">
      </trkpt>
      <trkpt lat="48.8903586" lon="2.3532448">
      </trkpt>
      <trkpt lat="48.8903679" lon="2.3532419">
      </trkpt>
      <trkpt lat="48.8903974" lon="2.3532327">
      </trkpt>
      <trkpt lat="48.8904142" lon="2.3532267">
      </trkpt>
      <trkpt lat="48.8904248" lon="2.3532468">
      </trkpt>
      <trkpt lat="48.8904322" lon="2.3532542">
      </trkpt>
      <trkpt lat="48.8904287" lon="2.3532797">
      </trkpt>
      <trkpt lat="48.8904245" lon="2.3533252">
      </trkpt>
      <trkpt lat="48.8904199" lon="2.3533742">
      </trkpt>
      <trkpt lat="48.8904243" lon="2.3533963">
      </trkpt>
      <trkpt lat="48.8904076" lon="2.3534272">
      </trkpt>
      <trkpt lat="48.890382" lon="2.3537631">
      </trkpt>
      <trkpt lat="48.8903926" lon="2.3542386">
      </trkpt>
      <trkpt lat="48.8904014" lon="2.3544458">
      </trkpt>
      <trkpt lat="48.8904045" lon="2.3544598">
      </trkpt>
      <trkpt lat="48.8904115" lon="2.3544753">
      </trkpt>
      <trkpt lat="48.8904071" lon="2.3544853">
      </trkpt>
      <trkpt lat="48.8904105" lon="2.354534">
      </trkpt>
      <trkpt lat="48.8904143" lon="2.3545809">
      </trkpt>
      <trkpt lat="48.8904155" lon="2.3546255">
      </trkpt>
      <trkpt lat="48.8904472" lon="2.355115">
      </trkpt>
      <trkpt lat="48.8904878" lon="2.3551307">
      </trkpt>
      <trkpt lat="48.8905346" lon="2.3551501">
      </trkpt>
      <trkpt lat="48.890576" lon="2.3551673">
      </trkpt>
      <trkpt lat="48.8905958" lon="2.355174">
      </trkpt>
      <trkpt lat="48.8904829" lon="2.3557916">
      </trkpt>
      <trkpt lat="48.8904613" lon="2.3559827">
      </trkpt>
      <trkpt lat="48.8904294" lon="2.3563017">
      </trkpt>
      <trkpt lat="48.8904217" lon="2.3563783">
      </trkpt>
      <trkpt lat="48.8903765" lon="2.3579012">
      </trkpt>
      <trkpt lat="48.8903685" lon="2.3581713">
      </trkpt>
      <trkpt lat="48.89036" lon="2.3584784">
      </trkpt>
      <trkpt lat="48.8903498" lon="2.3590075">
      </trkpt>
      <trkpt lat="48.8903692" lon="2.3597106">
      </trkpt>
      <trkpt lat="48.8903917" lon="2.3597428">
      </trkpt>
      <trkpt lat="48.8906439" lon="2.3597351">
      </trkpt>
      <trkpt lat="48.8907451" lon="2.3597399">
      </trkpt>
      <trkpt lat="48.8907458" lon="2.3597669">
      </trkpt>
      <trkpt lat="48.8907467" lon="2.3598041">
      </trkpt>
      <trkpt lat="48.8907475" lon="2.3598382">
      </trkpt>
      <trkpt lat="48.8907484" lon="2.3598755">
      </trkpt>
      <trkpt lat="48.8907502" lon="2.3599478">
      </trkpt>
      <trkpt lat="48.8907517" lon="2.360009">
      </trkpt>
      <trkpt lat="48.8907537" lon="2.3600911">
      </trkpt>
      <trkpt lat="48.8908204" lon="2.3600826">
      </trkpt>
      <trkpt lat="48.8908432" lon="2.3600804">
      </trkpt>
      <trkpt lat="48.8908726" lon="2.3600781">
      </trkpt>
      <trkpt lat="48.8909022" lon="2.3600757">
      </trkpt>
      <trkpt lat="48.8909207" lon="2.360069">
      </trkpt>
      <trkpt lat="48.8911387" lon="2.3608318">
      </trkpt>
      <trkpt lat="48.8911756" lon="2.3609112">
      </trkpt>
      <trkpt lat="48.8912624" lon="2.3611312">
      </trkpt>
      <trkpt lat="48.8913422" lon="2.3611245">
      </trkpt>
      <trkpt lat="48.8913482" lon="2.3611968">
      </trkpt>
      <trkpt lat="48.8913469" lon="2.3612525">
      </trkpt>
      <trkpt lat="48.8913471" lon="2.3613008">
      </trkpt>
      <trkpt lat="48.8913572" lon="2.3613196">
      </trkpt>
      <trkpt lat="48.8913471" lon="2.3613008">
      </trkpt>
      <trkpt lat="48.8913469" lon="2.3612525">
      </trkpt>
      <trkpt lat="48.8913482" lon="2.3611968">
      </trkpt>
      <trkpt lat="48.8913422" lon="2.3611245">
      </trkpt>
      <trkpt lat="48.8912624" lon="2.3611312">
      </trkpt>
      <trkpt lat="48.8911756" lon="2.3609112">
      </trkpt>
      <trkpt lat="48.8911387" lon="2.3608318">
      </trkpt>
      <trkpt lat="48.8909207" lon="2.360069">
      </trkpt>
      <trkpt lat="48.8909022" lon="2.3600757">
      </trkpt>
      <trkpt lat="48.8908726" lon="2.3600781">
      </trkpt>
      <trkpt lat="48.8908432" lon="2.3600804">
      </trkpt>
      <trkpt lat="48.8908204" lon="2.3600826">
      </trkpt>
      <trkpt lat="48.8907537" lon="2.3600911">
      </trkpt>
      <trkpt lat="48.8905427" lon="2.3601146">
      </trkpt>
      <trkpt lat="48.8904631" lon="2.3601221">
      </trkpt>
      <trkpt lat="48.8903899" lon="2.3601296">
      </trkpt>
      <trkpt lat="48.8902585" lon="2.3601454">
      </trkpt>
      <trkpt lat="48.8902255" lon="2.3601345">
      </trkpt>
      <trkpt lat="48.890194" lon="2.3601305">
      </trkpt>
      <trkpt lat="48.8901353" lon="2.3601267">
      </trkpt>
      <trkpt lat="48.890122" lon="2.3601258">
      </trkpt>
      <trkpt lat="48.890096" lon="2.3601179">
      </trkpt>
      <trkpt lat="48.8900399" lon="2.3600992">
      </trkpt>
      <trkpt lat="48.8899398" lon="2.3600925">
      </trkpt>
      <trkpt lat="48.8899545" lon="2.360235">
      </trkpt>
      <trkpt lat="48.8899365" lon="2.3602526">
      </trkpt>
      <trkpt lat="48.8896113" lon="2.3603506">
      </trkpt>
      <trkpt lat="48.8890187" lon="2.3604841">
      </trkpt>
      <trkpt lat="48.8889923" lon="2.3604566">
      </trkpt>
      <trkpt lat="48.8886426" lon="2.3605277">
      </trkpt>
      <trkpt lat="48.8886343" lon="2.3605639">
      </trkpt>
      <trkpt lat="48.8882833" lon="2.3606457">
      </trkpt>
      <trkpt lat="48.8882182" lon="2.3606591">
      </trkpt>
      <trkpt lat="48.8877348" lon="2.360753">
      </trkpt>
      <trkpt lat="48.8869919" lon="2.3609032">
      </trkpt>
      <trkpt lat="48.8868371" lon="2.3609293">
      </trkpt>
      <trkpt lat="48.886819" lon="2.3609105">
      </trkpt>
      <trkpt lat="48.8868084" lon="2.3609173">
      </trkpt>
      <trkpt lat="48.8867729" lon="2.3609299">
      </trkpt>
      <trkpt lat="48.8867463" lon="2.3609408">
      </trkpt>
      <trkpt lat="48.8867375" lon="2.3609407">
      </trkpt>
      <trkpt lat="48.8867282" lon="2.3609622">
      </trkpt>
      <trkpt lat="48.8866765" lon="2.3609737">
      </trkpt>
      <trkpt lat="48.8866774" lon="2.3609883">
      </trkpt>
      <trkpt lat="48.8866788" lon="2.3610105">
      </trkpt>
      <trkpt lat="48.886464" lon="2.3610503">
      </trkpt>
      <trkpt lat="48.8862531" lon="2.3609332">
      </trkpt>
      <trkpt lat="48.8861618" lon="2.3609">
      </trkpt>
      <trkpt lat="48.8861222" lon="2.3609101">
      </trkpt>
      <trkpt lat="48.8861156" lon="2.360853">
      </trkpt>
      <trkpt lat="48.8860785" lon="2.3608303">
      </trkpt>
      <trkpt lat="48.8859081" lon="2.3607624">
      </trkpt>
      <trkpt lat="48.8854896" lon="2.3606155">
      </trkpt>
      <trkpt lat="48.8853772" lon="2.3605719">
      </trkpt>
      <trkpt lat="48.8850156" lon="2.3604432">
      </trkpt>
      <trkpt lat="48.8849614" lon="2.3604137">
      </trkpt>
      <trkpt lat="48.8849443" lon="2.3603853">
      </trkpt>
      <trkpt lat="48.8849321" lon="2.3603484">
      </trkpt>
      <trkpt lat="48.8849464" lon="2.3595561">
      </trkpt>
      <trkpt lat="48.8849711" lon="2.3595018">
      </trkpt>
      <trkpt lat="48.8851814" lon="2.3595095">
      </trkpt>
      <trkpt lat="48.8849711" lon="2.3595018">
      </trkpt>
      <trkpt lat="48.8849464" lon="2.3595561">
      </trkpt>
      <trkpt lat="48.8849321" lon="2.3603484">
      </trkpt>
      <trkpt lat="48.8849443" lon="2.3603853">
      </trkpt>
      <trkpt lat="48.8849109" lon="2.3604126">
      </trkpt>
      <trkpt lat="48.8848901" lon="2.3604329">
      </trkpt>
      <trkpt lat="48.8848753" lon="2.3604467">
      </trkpt>
      <trkpt lat="48.8848423" lon="2.3604748">
      </trkpt>
      <trkpt lat="48.8845908" lon="2.3607029">
      </trkpt>
      <trkpt lat="48.8845916" lon="2.3606583">
      </trkpt>
      <trkpt lat="48.8845722" lon="2.3606612">
      </trkpt>
      <trkpt lat="48.8845643" lon="2.3606615">
      </trkpt>
      <trkpt lat="48.8845164" lon="2.3606633">
      </trkpt>
      <trkpt lat="48.8844848" lon="2.3606644">
      </trkpt>
      <trkpt lat="48.8844807" lon="2.3606643">
      </trkpt>
      <trkpt lat="48.8844848" lon="2.3606644">
      </trkpt>
      <trkpt lat="48.8845164" lon="2.3606633">
      </trkpt>
      <trkpt lat="48.8845643" lon="2.3606615">
      </trkpt>
      <trkpt lat="48.8845722" lon="2.3606612">
      </trkpt>
      <trkpt lat="48.8845916" lon="2.3606583">
      </trkpt>
      <trkpt lat="48.8845908" lon="2.3607029">
      </trkpt>
      <trkpt lat="48.884588" lon="2.360867">
      </trkpt>
      <trkpt lat="48.8845844" lon="2.3613491">
      </trkpt>
      <trkpt lat="48.884595" lon="2.3613803">
      </trkpt>
      <trkpt lat="48.8845954" lon="2.3614041">
      </trkpt>
      <trkpt lat="48.8845947" lon="2.3614267">
      </trkpt>
      <trkpt lat="48.8845937" lon="2.3614557">
      </trkpt>
      <trkpt lat="48.8845937" lon="2.3614766">
      </trkpt>
      <trkpt lat="48.8845835" lon="2.3615181">
      </trkpt>
      <trkpt lat="48.8845761" lon="2.3626653">
      </trkpt>
      <trkpt lat="48.8845758" lon="2.3627157">
      </trkpt>
      <trkpt lat="48.8845715" lon="2.3634231">
      </trkpt>
      <trkpt lat="48.884571" lon="2.3635316">
      </trkpt>
    </trkseg>
  </trk>
</gpx>